verdict,text,part,label,title_results,text_results,text_and_title_results,whole_case_results
ME-16-11-63255-338,"הנאשמת הורשעה על פי הודאתה, במסגרת הסדר טיעון, בעובדות כתב אישום המתוקן.",nothing,עובדות המקרה,מידע אחר,עובדות המקרה,עובדות המקרה,עובדות המקרה
ME-16-11-63255-338,"בין הנאשמת לבין מאהר שחאדה (להלן: ""מאהר"") ויותם בצר( להלן: ""יותם"") היכרות מוקדמת.",כתב האישום המתוקן,עובדות המקרה,עובדות המקרה,עובדות המקרה,עובדות המקרה,עובדות המקרה
ME-16-11-63255-338,"במועד לא ידוע עובר ליום 17.10.16, קשרה הנאשמת עם השניים (להלן: ""הקושרים"") להחזיק בסמים בדירה שמאהר ישכור עבורה ולסחור בהם.",כתב האישום המתוקן,עובדות המקרה,עובדות המקרה,עובדות המקרה,עובדות המקרה,עובדות המקרה
ME-16-11-63255-338,"במסגרת הקשר ולשם קידומו, העביר מאהר לנאשמת סכום של 4,500 ₪ במזומן, אשר נועד לכסות את תשלום שכר הדירה.",כתב האישום המתוקן,עובדות המקרה,עובדות המקרה,עובדות המקרה,עובדות המקרה,עובדות המקרה
ME-16-11-63255-338,"החל מיום 17.10.16 ,במסגרת הקשר ומימושו, התגוררה הנאשמת בדירה שנשכרה, בה החזיקו הקושרים סמים מסוכנים.",כתב האישום המתוקן,עובדות המקרה,עובדות המקרה,עובדות המקרה,עובדות המקרה,עובדות המקרה
ME-16-11-63255-338,"ביום 14.11.16, בשעה 14:30 או בסמוך לכך, החזיקו הקושרים, שלא כדין וללא היתר, סמים מסוכנים כדלקמן: קוקאין במשקל 52.616 גרם נטו, MDMA בצורה של 1,651 טבליות ובצורה של אבקה במשקל 30.11 גרם נטו, Lsd בצורה של 154 בולים וכן בנוזל במשקל של 1.75 מ""ל, קנבוס במשקל של 1,255.48 גרם נטו, וחשיש במשקל 689.77 גרם נטו.",כתב האישום המתוקן,עובדות המקרה,עובדות המקרה,עובדות המקרה,עובדות המקרה,עובדות המקרה
ME-16-11-63255-338,"כמו כן, במסגרת הקשר ולשם קידומו, החזיקו הנאשמת והקושרים משקל אלקטרוני אשר הינו כלי המשמש להכנת הסמים המסוכנים או לצריכתם.",כתב האישום המתוקן,עובדות המקרה,עובדות המקרה,עובדות המקרה,עובדות המקרה,עובדות המקרה
ME-16-11-63255-338,מכאן ואילך מונה כתב האישום 2 עסקאות:,כתב האישום המתוקן,עובדות המקרה,עובדות המקרה,עובדות המקרה,עובדות המקרה,עובדות המקרה
ME-16-11-63255-338,"ביום 13.11.16 מכרה הנאשמת, במסגרת הקשר, אקסטזי, קוקאין ו-MDMA לעמיר רחמים בתמורה ל 1,400 ₪.",כתב האישום המתוקן,עובדות המקרה,עובדות המקרה,עובדות המקרה,עובדות המקרה,עובדות המקרה
ME-16-11-63255-338,ביום 14.11.16 מכרה הנאשמת לחנן כהן גרם אחד של קנאביס בתמורה ל 100 ₪.,כתב האישום המתוקן,עובדות המקרה,עובדות המקרה,עובדות המקרה,עובדות המקרה,עובדות המקרה
ME-16-11-63255-338,"קשירת קשר לביצוע פשע, עבירה לפי סעיף 499 (א)(1) לחוק העונשין התשל""ז-1977 (להלן: ""החוק"").",על אלה יוחסו לה העבירות הבאות:,עובדות המקרה,עובדות המקרה,עובדות המקרה,עובדות המקרה,עובדות המקרה
ME-16-11-63255-338,"סחר בסם מסוכן, עבירה לפי סעיף 13 לפקודת הסמים המסוכנים (נוסח חדש), התשל""ג -1973 (להלן: ""הפקודה"").",על אלה יוחסו לה העבירות הבאות:,עובדות המקרה,עובדות המקרה,עובדות המקרה,עובדות המקרה,עובדות המקרה
ME-16-11-63255-338,"החזקת סם שלא לצריכה עצמית, עבירה לפי סעיף 7(א)+(ג) לפקודה.",על אלה יוחסו לה העבירות הבאות:,עובדות המקרה,עובדות המקרה,עובדות המקרה,עובדות המקרה,עובדות המקרה
ME-16-11-63255-338,"החזקת כלים המשמשים להכנת סם מסוכן או לצריכתו, עבירה לפי סעיף 10 לפקודה.",על אלה יוחסו לה העבירות הבאות:,עובדות המקרה,עובדות המקרה,עובדות המקרה,עובדות המקרה,עובדות המקרה
ME-16-11-63255-338,"ביום 13.3.17 הודתה הנאשמת, במסגרת הסדר טיעון, בכתב האישום המתוקן, והורשעה על פי הודאתה.",על אלה יוחסו לה העבירות הבאות:,עובדות המקרה,עובדות המקרה,עובדות המקרה,עובדות המקרה,עובדות המקרה
ME-16-11-63255-338,"ההסדר לא כלל הסכמה לעניין העונש. עם זאת, הוסכם בין הצדדים כי יוגש תסקיר ביחס לנאשמת.",הסדר הטיעון,עובדות המקרה,עובדות המקרה,תסקיר שירות מבחן,עובדות המקרה,עובדות המקרה
ME-16-11-63255-338,מטעם שירות המבחן הוגשו 3 תסקירים אודות הנאשמת:,תסקירי שירות המבחן,תסקיר שירות מבחן,תסקיר שירות מבחן,תסקיר שירות מבחן,תסקיר שירות מבחן,תסקיר שירות מבחן
ME-16-11-63255-338,"תסקיר ראשון, מיום 5.7.17 – התייחס לנסיבותיה האישיות , בת 36, גרושה, מתגוררת בבית אמה, בעלת 12 שנות לימוד, שירות צבאי מלא לרבות שירות מילואים , תואר ראשון בניהול מלונאות ותיירות, עבודה במשרה ניהולית, ועוד. כן צוין כי לאחר שסבלה שנים רבות מבעיה רפואית מסוימת, עברה בשנים האחרונות 2 ניתוחים, וסבלה עקב כך מסיבוכים שונים, נמצאה במעקב רפואי, וטופלה במרפאת כאב . באשר לנישואיה בעבר, נטען מפי הנאשמת כי מערכת היחסים בינה לבין בעלה לשעבר אופיינה באלימות מילולית ופיזית קשה מצד בעלה כלפיה, אשר הובילה בסופו של דבר לגירושין. עוד ציינה הנאשמת כי עזבה את מקום עבודתה בשל תכנית לעבוד בחו""ל, אך תכנית זו לא יצאה אל הפועל, ובהמשך סייעה לאשתו של אביה בהתמודדות עם מחלת הסרטן. שירות המבחן התרשם כי לעניין זה הייתה השפעה על מצבה הרגשי, כאשר בד בבד התפרנסה הנאשמת מספר חודשים מעבודות מזדמנות וקצבת אבטלה. הנאשמת מסרה כי בתקופה זו ובהיותה בת 32 החלה משתמשת בסמים קנבואידים בעקבות השימוש של בעלה אותה עת בסמים מסוג זה. לאחר גירושיה, חלה נסיגה נוספת במצבה הרגשי, היא החלה משתמשת גם בקוקאין ויצרה קשר עם גורמים שוליים.",תסקירי שירות המבחן,תסקיר שירות מבחן,תסקיר שירות מבחן,תסקיר שירות מבחן,תסקיר שירות מבחן,תסקיר שירות מבחן
ME-16-11-63255-338,"שירות המבחן ציין כי הנאשמת הופנתה לשירות עוד במסגרת הליך המעצר, וכי התרשם מתפקוד נורמטיבי במשך השנים, עד לנסיגה לשימוש בסמים ולמעורבות בקשרים שוליים בתחום הסמים, זאת כמענה לצרכים רגשיים וכלכליים. עוד התרשם שירות המבחן כי הנאשמת מבינה את הבעייתיות בהתנהלותה ומעוניינת להשתלב בתהליך טיפולי. באותה עת החלה ביוזמתה בטיפול במסגרת פרטית – ""התחלה חדשה"". לפיכך, המליץ שירות המבחן, במסגרת הליך המעצר, על הטלת צו פיקוח מעצר ושילוב הנאשמת במסלול של מרכז יום לנשים ביחידה לטיפול בנפגעי סמים – ""בית חוסן"" בנתניה. בית המשפט קיבל את ההמלצה והחל מיום 06.12.16 השתלבה הנאשמת במסגרת זו .",תסקירי שירות המבחן,תסקיר שירות מבחן,תסקיר שירות מבחן,תסקיר שירות מבחן,תסקיר שירות מבחן,תסקיר שירות מבחן
ME-16-11-63255-338,"משיחה עם גורמי הטיפול בבית חוסן עלה כי הנאשמת מתמידה בתהליך הטיפולי, מגלה רצינות, מסירות, ואחריות רבה, לצד מוטיבציה משמעותית לשיקום ולטיפול. עוד צוין כי במסגרת אפיק התעסוקה ביחידה להתמכרויות החלה הנאשמת קורס תעסוקה טכני, וכי חזרה לתפקד בתחום התעסוקתי והכלכלי.",תסקירי שירות המבחן,תסקיר שירות מבחן,תסקיר שירות מבחן,תסקיר שירות מבחן,תסקיר שירות מבחן,תסקיר שירות מבחן
ME-16-11-63255-338,"לבסוף, לאחר שעמד על גורמי הסיכון מחד, ועל הגורמים המגבירים את הסיכוי לשיקום מאידך, ציין שירות המבחן כי הוא מתרשם לחיוב ממצבה של הנאשמת, והמליץ על דחיית הדיון בשלושה חודשים לצורך בחינת המשך התקדמותה באפיק השיקומי.",תסקירי שירות המבחן,תסקיר שירות מבחן,תסקיר שירות מבחן,תסקיר שירות מבחן,תסקיר שירות מבחן,תסקיר שירות מבחן
ME-16-11-63255-338,"תסקיר שני, מיום 25.10.17 – סוקר את ההליך הטיפולי, לצד שילוב הנאשמת באפיק תעסוקתי. התסקיר נחתם בהמלצה לדחות הדיון ב 3 חודשים נוספים לשם השלמת הטיפול ב""בית חוסן"".",תסקירי שירות המבחן,תסקיר שירות מבחן,תסקיר שירות מבחן,תסקיר שירות מבחן,תסקיר שירות מבחן,תסקיר שירות מבחן
ME-16-11-63255-338,"תסקיר שלישי ואחרון, מיום 4.2.17 – מסכם את ההליך הטיפולי במילים הבאות: ""נוכח התרשמותנו החיובית ממנה, כשהגיעה להישגים משמעותיים, בין היתר, כאשר מסיימת את התהליך הטיפולי במסגרת מרכז היום ביחידה הטיפולית, ועתידה להמשיך הטיפול הפרטני ולא נפתחו כנגדה תיקי מב""ד חדשים מאז שהחלה בהליך השיקום, אנו סבורים כי יש לראות בה כמי שעברה תהליך שיקומי משמעותי"".",תסקירי שירות המבחן,תסקיר שירות מבחן,תסקיר שירות מבחן,תסקיר שירות מבחן,תסקיר שירות מבחן,תסקיר שירות מבחן
ME-16-11-63255-338,"משכך, המליצה קצינת המבחן על העמדת הנאשמת בצו מבחן למשך שנה וחצי, לצד ביצוע של""צ בהיקף של 400 שעות.",תסקירי שירות המבחן,תסקיר שירות מבחן,תסקיר שירות מבחן,תסקיר שירות מבחן,תסקיר שירות מבחן,תסקיר שירות מבחן
ME-16-11-63255-338,"מטעם הנאשמת הוגשה שורה ארוכה של מסמכים המעידים על תפקוד נורמטיבי במסלולים שונים של חייה: פעילות והדרכה בתנועת נוער, שירות צבאי מלא ובכלל זה שירות מילואים, חונכות ילדים מרבדי אוכלוסייה מעוטת יכולת, אישורי השכלה (תואר אקדמי), מסמכים רפואיים משנת 2012 אודות ניתוח, לרבות סיבוך אשר הצריך ניתוח נוסף, ואישור אודות הרשעת בעלה לשעבר בתקיפתה בחודש ינואר 2014 ואף חיובו בפיצוי.",ראיות לעונש,ראיות לעונש,ראיות לעונש,תסקיר שירות מבחן,ראיות לעונש,ראיות לעונש
ME-16-11-63255-338,"מטעם הנאשמת העידה אחותה. בדברים נרגשים היוצאים מן הלב הסבירה האחות את הרקע לביצוע העבירות, רקע אשר מצא ביטויו גם בתסקירי שירות המבחן. מפאת חשיבות הדברים אייחד להם פרק במסגרת הדיון וההכרעה.",ראיות לעונש,ראיות לעונש,ראיות לעונש,ראיות לעונש,ראיות לעונש,ראיות לעונש
ME-16-11-63255-338,"בפתח דבריה עמדה התובעת, ברוב הגינותה, על נתון עובדתי ולפיו הסמים הוחזקו על-ידי הנאשמת עבור מאהר.", טיעוני הצדדים לעונש בתמצית,טיעוני הצדדים,טיעוני הצדדים,טיעוני הצדדים,טיעוני הצדדים,טיעוני הצדדים
ME-16-11-63255-338,"במסגרת הטיעונים התייחסה התובעת להיות הנאשמת חוליה משמעותית בשרשרת הסם, אשר ניהלה וסחרה בסמים תמורת מגורים חינם. כן התייחסה לערך החברתי שנפגע ולמתחם הענישה אותו ביקשה לקבוע, בין 3 ל – 6 שנות מאסר בפועל, תוך מיקום הנאשמת בחלקו התחתון נוכח היעדר עבר פלילי ובהתחשב בהליך הטיפולי אותו עברה.", טיעוני הצדדים לעונש בתמצית,טיעוני הצדדים,טיעוני הצדדים,טיעוני הצדדים,טיעוני הצדדים,טיעוני הצדדים
ME-16-11-63255-338,"הסניגור ייחד רוב דבריו לנסיבות ולהליך השיקומי. לדבריו, שני הקושרים האחרים אשר רכשו את הסם לשם מכירתו לציבור, ניצלו אישה מבולבלת אשר בסופו של יום הרוויחה בחינם את שכר הדירה בה התגוררה, בסך כ-4,500 ₪. עוד התייחס לתקופות מעצר של ממש, מעצר בית מלא ומעצר בית עם ""חלונות איוורור"", הכל מיום 14.11.16. הנאשמת שיתפה פעולה בחקירתה במשטרה, אך בשל תקלה היא פגשה במאהר בהליך מעצר הימים והוא איים עליה בנוכחות השוטרים אשר דיווחו על כך והוא נחקר באזהרה. לעת הזאת, היא חוששת לחייה. הסניגור ציין כי מאהר, הדמות הדומיננטית בפרשה, נדון במסגרת הסדר טיעון ל – 3 שנות מאסר בפועל. את דבריו סיכם הסניגור בהפניה לפסיקה המעדיפה את השיקום על פני מתחם הענישה.", טיעוני הצדדים לעונש בתמצית,טיעוני הצדדים,טיעוני הצדדים,טיעוני הצדדים,טיעוני הצדדים,טיעוני הצדדים
ME-16-11-63255-338,"את מסכת הראיות לעונש חתמה הנאשמת. בבכי, בהתרגשות ובקול רועד, הביעה הנאשמת חרטה על מעשיה, וביקשה לאפשר לה להשלים את המהלך השיקומי.", טיעוני הצדדים לעונש בתמצית,טיעוני הצדדים,טיעוני הצדדים,ראיות לעונש,טיעוני הצדדים,טיעוני הצדדים
ME-16-11-63255-338,"הנאשמת הורשעה, בעקבות הודאתה, בביצוען של מספר עבירות סמים קשות, וזאת לאחר שקשרה קשר עם אחרים לבצע עבירות סמים, החזיקה בדירתה משקל אלקטרוני וסמים מסוכנים מסוגים שונים ובהיקפים משמעותיים, וסחרה בהם.",דיון והכרעה,דיון והכרעה,דיון והכרעה,עובדות המקרה,דיון והכרעה,דיון והכרעה
ME-16-11-63255-338,"עבירות אלה פגעו פגיעה משמעותית בערכים אשר עליהם ביקש המחוקק להגן, ובהם שמירה על שלום הציבור, והגנה עליו מפני הנזקים החברתיים הישירים והעקיפים הנגרמים כתוצאה משימוש בסמים מסוכנים. וכך נאמר מפי בית המשפט העליון ביחס לחומרתן הרבה של עבירות הסמים, ולנזק החברתי הטמון בהן:",דיון והכרעה,דיון והכרעה,דיון והכרעה,דיון והכרעה,דיון והכרעה,דיון והכרעה
ME-16-11-63255-338,"""בית משפט זה עמד לא אחת על החומרה הרבה הטמונה בעבירות סחר והפצה של סמים, לא כל שכן סמים מסוכנים המוגדרים 'קשים' (ראו למשל: ע""פ 6747/11 מדינת ישראל נ' אבו רקיק (3.1.2013)), ועל הצורך להיאבק בהן באמצעות ענישה משמעותית ומרתיעה (ע""פ 9482/09 ביטון נ' מדינת ישראל, פסקה 24 (24.7.2011)). זאת, לאור הנזק הרב שהן מסבות לא אך למשתמשים הישירים בסם, אלא לחברה כולה, הסובלת מעבירות רכוש ואלימות מצד העוסקים בסחר ומלקוחותיהם"" (ע""פ 7952/15 מדינת ישראל נ' שץ (15.02.16)).",דיון והכרעה,דיון והכרעה,דיון והכרעה,דיון והכרעה,דיון והכרעה,דיון והכרעה
ME-16-11-63255-338,"אשר לפסיקה הנוהגת, הצדדים הפנו לשורה ארוכה של פסקי דין, אשר יש בהם כדי לתמוך בענישה המוצעת על ידם. מבין אלו ואחרים, ראיתי להתייחס לפסקי הדין הבאים:",דיון והכרעה,דיון והכרעה,דיון והכרעה,דיון והכרעה,דיון והכרעה,דיון והכרעה
ME-16-11-63255-338,"ע""פ 6277/14 משלטי נ' מדינת ישראל (02.02.15) – באותו עניין דובר במערער אשר הורשע, לאחר שהודה בתום שמיעת הראיות, בעבירות של החזקת סם שלא לצריכה עצמית, והחזקת כלים. זאת, לאחר שבדירתו נמצא סם מסוכן מסוג קוקאין במשקל של 51.36 גרם, לצד שקיות ניילון קטנות גזורות ומשקל אלקטרוני. בית המשפט המחוזי קבע כי המתחם נע בין 3 – 5 שנות מאסר, ובהתחשב בין היתר בעברו הפלילי של המערער, גזר עליו 4 שנות מאסר בפועל, לצד הפעלה במצטבר של שנת מאסר נוספת. בית המשפט העליון דחה את הערעור על העונש.",דיון והכרעה,דיון והכרעה,דיון והכרעה,דיון והכרעה,דיון והכרעה,דיון והכרעה
ME-16-11-63255-338,"ע""פ 2279/15 בורוחוב נ' מדינת ישראל (31.01.16) – באותו עניין דובר במערער אשר הורשע בשני אישומים. במסגרת האישום הראשון הורשע המערער בעבירה של החזקת סמים לצריכה עצמית. במסגרת האישום השני הורשע המערער בעבירה של החזקת כלים לצריכה עצמית, והחזקת סמים שלא לצריכה עצמית, וזאת לאחר שבביתו ובחצרו נמצאו 293 טבליות MDMA, מעל 50 גרם קוקאין, 17.60 גרם חשיש, ומשקל אלקטרוני. בית המשפט המחוזי קבע ביחס לאישום השני מתחם של 24 – 48 חודשי מאסר בפועל, ולבסוף, ביחס לשני האישומים ובהתחשב בין היתר בעברו הפלילי של המערער, גזר עליו 28 חודשי מאסר בפועל. בית המשפט העליון קבע כי העונש שנגזר הוא ראוי ומאוזן, ודחה את הערעור.",דיון והכרעה,דיון והכרעה,דיון והכרעה,דיון והכרעה,דיון והכרעה,דיון והכרעה
ME-16-11-63255-338,"ע""פ 1932/15 בן סעדון נ' מדינת ישראל (17.04.16) – באותו עניין דובר במערער אשר הורשע, על פי הודאתו, בעבירות של החזקת סם שלא לצריכה עצמית, השמדת ראיה, והפרעה לשוטר במילוי תפקידו. המערער החזיק בביתו סם מסוכן מסוג MDMA בכמות של 446 כדורים, סם מסוכן מסוג חשיש במשקל של 406.71 גרם, סם מסוכן מסוג קוקאין במשקל של 26.4 גרם, ושני משקלים אלקטרוניים. כשהגיעו שוטרים לבצע חיפוש בביתו, סירב לפתוח את הדלת, והשליך סמים לאסלה. בית המשפט המחוזי קבע כי מתחם העונש ההולם למעשי המערער נע בין 16 – 60 חודשי מאסר בפועל, ולבסוף גזר על המערער 42 חודשי מאסר בפועל, וזאת לאור עברו הפלילי והעובדה שבחר לעזוב מיוזמתו הליך טיפולי. בית המשפט העליון דחה את הערעור.",דיון והכרעה,דיון והכרעה,דיון והכרעה,דיון והכרעה,דיון והכרעה,דיון והכרעה
ME-16-11-63255-338,"באשר לנסיבות הקשורות בביצוע העבירה, נתתי דעתי לנסיבות הבאות:",דיון והכרעה,דיון והכרעה,דיון והכרעה,דיון והכרעה,דיון והכרעה,דיון והכרעה
ME-16-11-63255-338,"מגוון הסמים, ומשקלם – בחזקתה של הנאשמת נמצאו סמים מסוכנים מ-5 סוגים שונים, ובמשקלים משמעותיים ביותר. כך למשל נתפסו בביתה של הנאשמת 1651 טבליות של סם מסוכן מסוג MDMA (לעניין הסכנות הכרוכות בסם זה ראו ת""פ (ב""ש) 8113/08 מדינת ישראל נ' בודרם (19.11.08)); 52.616 גרם קוקאין; 1,255.48 גרם קנבוס; 154 בולי LSD; 689.77 גרם חשיש, ועוד. אם כן, המדובר בכמות גדולה של מנות סם מסוכן מסוגים שונים אשר היו אמורים למצוא דרכם לרחובות ולסכן בצורה משמעותית ביותר את הציבור, כאשר בחלקם אף סחרה הנאשמת, כמתואר בכתב האישום (וראו לעניין זה סעיף 40ט(3) )לחוק, בעניין הנזק הצפוי מביצוע העבירה).",דיון והכרעה,דיון והכרעה,דיון והכרעה,דיון והכרעה,דיון והכרעה,דיון והכרעה
ME-16-11-63255-338,"יחד עם זאת, נתתי דעתי גם לכך שבסופו של יום, נתפסה הכמות העיקרית של הסמים האמורים על ידי המשטרה, ואלו לא הגיעו ליעדם (וראו לעניין זה סעיף 40ט(4) לחוק, ביחס לנזק שאירע בפועל נוכח מעשה העבירה).",דיון והכרעה,דיון והכרעה,דיון והכרעה,דיון והכרעה,דיון והכרעה,דיון והכרעה
ME-16-11-63255-338,"יצוין כי שתי עבירות הסחר בוצעו בתוך 24 שעות והניבו תמורה כוללת של סך 1,500 ₪.",דיון והכרעה,דיון והכרעה,דיון והכרעה,דיון והכרעה,דיון והכרעה,דיון והכרעה
ME-16-11-63255-338,"כמו כן יודגש, כמאמר התובעת, כי הסמים לא היו שייכים לנאשמת, אלא הוחזקו על ידה עבור מאהר.",דיון והכרעה,דיון והכרעה,דיון והכרעה,דיון והכרעה,דיון והכרעה,דיון והכרעה
ME-16-11-63255-338,"לאור האמור, אני סבור כי מתחם העונש ההולם נע בין 3 – 6 שנות מאסר, כפי שהציעה התביעה. יצוין כי בא כוח הנאשמת לא נדרש לשאלת המתחם, והסכים כי ברגיל ראויה הייתה הנאשמת למאסר בפועל, הגם שנמוך משמעותית מזה המבוקש על-ידי התביעה, במיוחד בהשוואה לעונש אותו קיבל המחולל והיוזם – מאהר.",דיון והכרעה,דיון והכרעה,דיון והכרעה,דיון והכרעה,דיון והכרעה,דיון והכרעה
ME-16-11-63255-338,"יחד עם זאת, בנסיבות המקרה עומד לזכותה של הנאשמת הליך השיקום המשמעותי אותו עברה, ומשכך, על המדוכה ניצבת בכל תוקפה השאלה האם הליך השיקום שעברה הנאשמת מטה את הכף לטובת חריגה ממתחם העונש ההולם.",דיון והכרעה,דיון והכרעה,דיון והכרעה,דיון והכרעה,דיון והכרעה,דיון והכרעה
ME-16-11-63255-338,"בין השיקולים הנשקלים בגדר שיקולי הענישה, נמנים מהותה של העבירה וחומרתה, וכן קיום מדיניות ענישה אחידה. לצד אלה, קיים קו מנחה בסוגיית הענישה, כי הענישה היא לעולם אינדיבידואלית (וראו לעניין זה ע""פ 1307/15 פלוני נ' מדינת ישראל (01/04/2015); ע""פ 8355/13 פלוני נ' מדינת ישראל (18/11/2014)).",דיון והכרעה,דיון והכרעה,דיון והכרעה,דיון והכרעה,דיון והכרעה,דיון והכרעה
ME-16-11-63255-338,"סעיף 40ג(ב) לחוק קובע כי בית המשפט רשאי לחרוג ממתחם העונש ההולם, וזאת בשל שיקולי שיקום או הגנה על שלום הציבור לפי הוראת סעיפים 40ד' ו-40ה' לחוק .על פי סעיף 40ד(א) לחוק, לאחר קביעת מתחם העונש ההולם וככל שבית המשפט מצא כי הנאשם השתקם או כי יש סיכוי של ממש שישתקם, רשאי הוא לחרוג ממתחם העונש ההולם ולקבוע את עונשו בהתאם לשיקולי שיקומו, תוך מתן הוראות בדבר נקיטת אמצעים שיקומיים כלפי הנאשם, לרבות העמדתו בפיקוח שירות המבחן, לפי פקודת המבחן [נוסח חדש], התשכ""ט-1969.",דיון והכרעה,דיון והכרעה,דיון והכרעה,דיון והכרעה,דיון והכרעה,דיון והכרעה
ME-16-11-63255-338,"הנאשמת נעדרת עבר פלילי כלשהו, ותפקדה בכל רובד אפשרי באורח נורמטיבי ואף למעלה מכך, כמפורט בתסקירים ובמסמכים אשר הוגשו כראיות מטעם ההגנה. נסיבות ייחודיות ויוצאות דופן הוליכו אותה לתקופה משברית בחייה, בשלוש השנים שקדמו לביצוע העבירות, עד כי הייתה לטרף קל לשני האחרים שהפעילו אותה. קצינת המבחן עמדה בתסקיריה על הרקע למעורבות הנאשמת בחברה שולית וכפועל יוצא בביצוע העבירות, וכך גם אחותה של הנאשמת אשר סיפרה אודותיה: דימוי עצמי נמוך, מצב רפואי מורכב ,נישואין כושלים מלווים באלימות רצופה – האחות העידה כי הבחינה לא אחת בסימני חניקה על צוואר הנאשמת זאת לבד מהרשעת הבעל בתקיפתה – והתמכרות לסמים בהשראת הבעל עד אשר העתיקה מקום מגוריה לתל אביב לאחר גירושיה. מכאן, העמיקה התמכרותה לסמים קשים, מצבה הכלכלי התדרדר, ונסללה הדרך לניצולה על ידי אחרים. האחות לא הסתירה  דבר ועל כך יעידו המילים הבאות : ""המעצר הציל לה את החיים...עצרו את זה בזמן. אני פוחדת לחשוב איזה טלפון הייתי מקבלת מאבו כביר האחר (המכון לרפואה משפטית –צ.ק)"". המעצר, כדברי האחות, גדע את ההתדרדרות.",דיון והכרעה,דיון והכרעה,דיון והכרעה,דיון והכרעה,דיון והכרעה,דיון והכרעה
ME-16-11-63255-338,"שתי עבירות הסחר בוצעו, כאמור לעיל, בפרק זמן של 24 שעות, וכנגד תמורה כוללת של 1,500 ₪ אשר הועברו למפעיליה.",דיון והכרעה,דיון והכרעה,דיון והכרעה,דיון והכרעה,דיון והכרעה,דיון והכרעה
ME-16-11-63255-338,"לא נעלמו מעיניי הוראות סעיף 40ד(ב) לחוק, מהן עולה כי עיקרון השיקום נסוג במקרים בהם מעשה העבירה ומידת אשמו של הנאשם הינם בעלי חומרה יתרה אלא אם כן קיימות נסיבות מיוחדות ויוצאות דופן. העבירות והנסיבות החריגות לא הוגדרו על-ידי המחוקק. ראו לעניין זה ע""פ 5936/13 פלוני נ' מדינת ישראל (14/01/2015), שם נפסק כי ""ככל שהעבירה ונסיבותיה חמורות יותר – גובר הנטל על הטוען להקלה בשל שיקולי שיקום"".",דיון והכרעה,דיון והכרעה,דיון והכרעה,דיון והכרעה,דיון והכרעה,דיון והכרעה
ME-16-11-63255-338,"מעשי הנאשמת, הגם שחמורים הם, לא נושאים אופי של ""חומרה יתרה"" וגם לא נטען כך מצד התביעה. מן העבר השני, נסיבות המקרה מיוחדות ויוצאות דופן: חלקה של הנאשמת ומקומה בהתארגנות הפלילית, גילה ונסיבותיה האישיות, כמפורט לעיל, וההליך השיקומי המשמעותי אותו עברה ובו מתעתדת להמשיך. לפיכך, אני סבור כי יש מקום להקל בעונש מטעמי שיקום, מבלי להקל ראש בחומרת העבירות.",דיון והכרעה,דיון והכרעה,דיון והכרעה,דיון והכרעה,דיון והכרעה,דיון והכרעה
ME-16-11-63255-338,"הנאשמת עשתה כברת דרך משמעותית בתוואי השיקומי שהחל ביוזמתה שלה. לא בכדי המליץ שירות המבחן על הטלת צו של""צ לצד תקופת מבחן. תפקודה הנורמטיבי, נסיבות חייה הקשות, וההליך השיקומי שעברה במשך תקופה ארוכה מאז שחרורה מן המעצר מפחיתים את הסיכון להישנות ביצוע עבירות דומות (על השיקולים אשר יצדיקו סטייה ממתחם העונש ההולם והעדפת הפן השיקומי ראו ע""פ 1903/13 חמודה עיאשה נ' מדינת ישראל (14/07/2013); ע""פ 5146/14 עדי אורן נ' מדינת ישראל (05/02/2015)) .לטעמי, הנאשמת עמדה באמות המידה שהתווה בית המשפט העליון לעניין חריגה ממתחם העונש בשל שיקולי שיקום.",דיון והכרעה,דיון והכרעה,דיון והכרעה,דיון והכרעה,דיון והכרעה,דיון והכרעה
ME-16-11-63255-338,"צו המבחן יעמיד התנהגות הנאשמת במבחן הזמן. ככל שהנאשמת תתמיד בדרכה החדשה, ייצאו הכל –היא והציבור – נשכרים. אם חלילה תמעד, ניתן יהיה לשוב ולגזור דינה בשנית, כאשר זאת הפעם יושת עליה מאסר בפועל משמעותי. גורלה ועתידה מצויים אפוא בידיה.",דיון והכרעה,דיון והכרעה,דיון והכרעה,דיון והכרעה,דיון והכרעה,דיון והכרעה
ME-16-11-63255-338,"קצינת המבחן סבורה כי יש להימנע מהטלת עונש מאסר ולו בדרך של עבודות שירות, לפי שענישה מסוג זה תביא לנסיגה במצב הנאשמת, היא תתקשה לפרנס עצמה, וכפועל יוצא ייפגע ההליך השיקומי. אינני סבור כי מלאכת הענישה נושאת אופי טכני של התוויות מחייבות. קרי, כי יש לגזור על הנאשמת בכל מקרה עונש שכותרתו מאסר בפועל , גם אם בדרך של עבודות שירות. סעיף 40ד(א) לחוק קובע כי בית המשפט ""רשאי לחרוג ממתחם העונש ההולם ולקבוע את עונשו של הנאשם לפי שיקולי שיקומו"" (ההדגשה הוספה – צ.ק).",דיון והכרעה,דיון והכרעה,דיון והכרעה,דיון והכרעה,דיון והכרעה,דיון והכרעה
ME-16-11-63255-338,מה טעם אפוא לקבוע תוואי עונשי-שיקומי ובה בעת לסכל אותו על-ידי גזירת עונש אשר לא יעלה בקנה אחד עם תוואי זה.,דיון והכרעה,דיון והכרעה,דיון והכרעה,דיון והכרעה,דיון והכרעה,דיון והכרעה
ME-16-11-63255-338,"אשר על כן, ומתוך שראיתי לאמץ את המלצות שירות המבחן, אני גוזר על הנאשמת את העונשים הבאים:",דיון והכרעה,דיון והכרעה,דיון והכרעה,דיון והכרעה,דיון והכרעה,דיון והכרעה
ME-16-11-63255-338,"של""צ בהיקף של 400 שעות כמדריכה ב""חצר נשית"";",דיון והכרעה,דיון והכרעה,דיון והכרעה,דיון והכרעה,דיון והכרעה,דיון והכרעה
ME-16-11-63255-338,מאסר על תנאי של 18 ח' למשך 3 שנים והתנאי הוא שלא תעבור עבירה של קשירת קשר לביצוע פשע לפי סעיף 499 (א)(1) לחוק העונשין או עבירה מסוג פשע על פקודת הסמים המסוכנים;,דיון והכרעה,דיון והכרעה,דיון והכרעה,דיון והכרעה,דיון והכרעה,דיון והכרעה
ME-16-11-63255-338,מאסר על תנאי של 9 ח' למשך 3 שנים והתנאי שלא תעבור עבירה של קשירת קשר לביצוע עוון לפי סעיף 499 (א)(2) לחוק העונשין או עבירה מסוג עוון על פקודת הסמים המסוכנים;,דיון והכרעה,דיון והכרעה,דיון והכרעה,דיון והכרעה,דיון והכרעה,דיון והכרעה
ME-16-11-63255-338,"בהסכמת הצדדים אני מורה על חילוט סך 3,140 ₪ אשר נתפס ברשות הנאשמת, לטובת אוצר המדינה.",דיון והכרעה,דיון והכרעה,דיון והכרעה,דיון והכרעה,דיון והכרעה,דיון והכרעה
ME-16-11-63255-338,"כמו כן, אני מעמיד הנאשמת בתקופת מבחן של שנה וחצי מהיום.",דיון והכרעה,דיון והכרעה,דיון והכרעה,דיון והכרעה,דיון והכרעה,דיון והכרעה
ME-16-11-63255-338,"הנאשמת מוזהרת בכל לשון של אזהרה כי אם לא תבצע השל""צ או אם לא תעמוד בתנאי מתנאי המבחן –  אהיה רשאי לשוב ולגזור את דינה לרבות כליאתה מאחורי סורג ובריח.",דיון והכרעה,דיון והכרעה,דיון והכרעה,דיון והכרעה,דיון והכרעה,דיון והכרעה
ME-16-12-26620-433,"ת""פ 26620-12-16 מדינת ישראל נ' עמיאל ואח'",בית המשפט המחוזי בירושלים,מידע אחר,מידע אחר,מידע אחר,מידע אחר,מידע אחר
ME-16-12-26620-433,"פקודת הסמים המסוכנים [נוסח חדש], תשל""ג-1973: סע'  7(ג), 13, 19א",בית המשפט המחוזי בירושלים,מידע אחר,מידע אחר,מידע אחר,מידע אחר,מידע אחר
ME-16-12-26620-433,"חוק העונשין, תשל""ז-1977: סע'  40ג(א), 40ד(א), 40ד(ב), 40ט(6), (9), 40ט(א)(1), 40ט(א)(2), 40ט(א)(3), 40ט(א)(4), 40ט(א)(5), 40י(א), 40י(ב)(2)",בית המשפט המחוזי בירושלים,מידע אחר,מידע אחר,מידע אחר,מידע אחר,מידע אחר
ME-16-12-26620-433,"הנאשם 2 (להלן גם: הנאשם) הועמד לדין ביחד עם נאשם 1 במסגרת אותו כתב-אישום. בסופו של הליך גישור שהתקיים לפני כב' השופטת לומפ, באו הצדדים להסדר טיעון בעקבותיו תוקנו עובדות כתב-האישום. בהמשך לכך, שני הנאשמים הורשעו לפי הודאתם בעבירה של יבוא סם מסוכן לפי סעיף 13 בצירוף סעיף 19א לפקודת הסמים המסוכנים [נוסח חדש], התשל""ג-1973 (להלן: פקודת הסמים או הפקודה). (הנאשם 1 בלבד הורשע לפי הודאתו גם בעבירה של החזקת סם לשימוש עצמי לפי סעיף 7(ג) סיפא לפקודה).",רקע,עובדות המקרה,עובדות המקרה,עובדות המקרה,עובדות המקרה,עובדות המקרה
ME-16-12-26620-433,"בהתאם לעובדות כתב-האישום המתוקן בהן הודו שני הנאשמים, בשבועות שקדמו ליום 2.12.2016, אדם אחר שזהותו אינה ידועה למאשימה הציע לנאשמים לייבא סם מסוכן לישראל בתמורה לרווח כספי. בהמשך, מספר ימים לפני יום 2.12.2016, קשרו ביניהם שני הנאשמים קשר להבאת סם מסוכן מוינה לארץ. הנאשם שלפניי אמר לנאשם 1 כי האחרון יוכל לקבל תמורת הבאת הסם סכום של 54,000 ₪, בעוד הנאשם שלפניי יקבל סכום של 10,000 ₪ עד 25,000 ₪. הנאשם 1 רכש עבורו ועבור הנאשם שלפניי כרטיס טיסה לוינה ליום 2.12.2016, כאשר התשלום בוצע באמצעות כרטיס האשראי של הנאשם 1.",רקע,עובדות המקרה,עובדות המקרה,עובדות המקרה,עובדות המקרה,עובדות המקרה
ME-16-12-26620-433,"ביום 2.12.2016 הגיעו שני הנאשמים לוינה. כעבור יומיים, ביום 4.12.2016, הגיע למלון בו שהו שני הנאשמים בוינה, אדם אחר שזהותו אינה ידועה למאשימה. אותו אחר הביא עמו מזוודה (להלן: המזוודה), בה הוטמנו סמים מסוכנים שהיו מחולקים לארבע חבילות: חבילה אחת שבה כ- 888 גרם קוקאין, וכן שלוש חבילות שבהן MDMA במשקלים של כ- 977 גרם, כ- 415 גרם, וכ- 428 גרם. חבילות הסם הוסתרו בדופן המזוודה. המזוודה נמסרה לידי הנאשמים בחדרם במלון. מוסכם כי הנאשמים ידעו שהמזוודה מכילה סמים מסוכנים המוגדרים כ""קשים"", אך לא ידעו מהי כמות הסם ומהו סוגו. נאשם 1 העביר את חפציו למזוודה האמורה, ונשא אותה עמו מאוסטריה לישראל. ביום 5.12.2016 נעצרו שני הנאשמים עם המזוודה בשדה התעופה בישראל.",רקע,עובדות המקרה,עובדות המקרה,עובדות המקרה,עובדות המקרה,עובדות המקרה
ME-16-12-26620-433,"הסדר-טיעון אליו באו הצדדים לא כלל הסכמה לעניין העונש, וכל צד נותר חופשי בטיעוניו לאחר קבלת תסקירי שירות מבחן.",רקע,עובדות המקרה,עובדות המקרה,עובדות המקרה,עובדות המקרה,עובדות המקרה
ME-16-12-26620-433,"בדיון שהתקיים לפניי ביום 13.1.2019 נעניתי לבקשת ב""כ הנאשם 1 והוריתי על קבלת תסקיר משלים בעניין מרשו. אשר לנאשם שלפניי – בהתאם לבקשת ב""כ הצדדים, נשמעו הראיות והטיעונים לעונש בעניינו. לפיכך, גזר-הדין מתייחס לנאשם זה בלבד.",רקע,עובדות המקרה,עובדות המקרה,טיעוני הצדדים,עובדות המקרה,עובדות המקרה
ME-16-12-26620-433,"מהתסקיר מיום 28.10.2018 עולה כי הנאשם הנו בן 27, רווק, שירת שירות צבאי מלא בתפקידי לחימה בחטיבת ""גבעתי"", ולחם במבצע ""עמוד ענן"" ובמבצע ""צוק איתן"" במסגרת שירות מילואים. כיום הנאשם עובד כנהג. התסקיר מפרט משברים שהנאשם חווה בשנות ילדותו על רקע מצבה הרפואי של אמו ומצבו של אביו (אינני רואה לפרט מעבר לכך משיקולי צנעת הפרט של ההורים).",תסקיר שירות מבחן,תסקיר שירות מבחן,תסקיר שירות מבחן,תסקיר שירות מבחן,תסקיר שירות מבחן,תסקיר שירות מבחן
ME-16-12-26620-433,"באשר לשימוש בסמים, הנאשם תיאר לשירות מבחן כי עשה שימוש מזדמן בסמים החל מגיל 21, לרוב בנסיבות חברתיות, וזאת כדרך להתמודד עם התחושות הקשות סביב המורכבות במצב המשפחתי, וכן סביב החוויות הקשות והטראומטיות מהשירות הצבאי.",תסקיר שירות מבחן,תסקיר שירות מבחן,תסקיר שירות מבחן,תסקיר שירות מבחן,תסקיר שירות מבחן,תסקיר שירות מבחן
ME-16-12-26620-433,"שירות המבחן התרשם כי הנאשם דיבר בפתיחות, וקיבל אחריות מלאה על המעשים בגינם הורשע. לדברי הנאשם, בתקופה הרלוונטית הוא חבר לחברה שולית בעיקר סביב השימוש בסמים, וזאת על רקע ניתוק רגשי ותחושות של בלבול וחוסר צלילות מאז השחרור מהמסגרת הצבאית (שירות המבחן ציין בתסקיר כי מדובר בסימפטומים מוכרים של תסמונת פוסט-טראומטית). לדברי הנאשם, הוא שיתף פעולה עם הרעיון לייבא סמים במטרה להרוויח ""כסף קל"", בלא לחשוב בשעת אמת על השלכות מעשיו.",תסקיר שירות מבחן,תסקיר שירות מבחן,תסקיר שירות מבחן,תסקיר שירות מבחן,תסקיר שירות מבחן,תסקיר שירות מבחן
ME-16-12-26620-433,"בשנתיים מאז מעצרו בתיק הנוכחי, הנאשם משולב בטיפול פרטני אותו החל מיוזמתו. משיחה של שירות המבחן עם הקרימינולוג המטפל, פרופ' אדלשטיין, עלה כי בבדיקות פתע שנערכו אצלו בקליניקה לאורך תקופה של מספר חודשים, נמצא הנאשם נקי מסמים. כך גם בבדיקות שנערכו אצל שירות המבחן. בתסקיר צוין כי לפי התרשמותו של פרופ' אדלשטיין, הנאשם מגלה בטיפול תובנות משמעותיות ביחס לעבירה בה הורשע, ובגורמים שהובילו אותו לביצועה. נמסר כי מדובר בצעיר בעל מוטיבציה להתנהגות נורמטיבית ומתפקדת, שעבר תהליך שיקומי משמעותי בשנתיים האחרונות (תהליך המתמשך גם כיום) ומתבטא בלימוד מקצוע, בניית קשר זוגי יציב עם בת-זוג, יצירת מסגרת מלווה תומכת, ושילוב בתחום התעסוקתי. לפי הערכת פרופ' אדלשטיין, הוא אינו רואה מסוכנות מצד הנאשם להישנות עבירות, וזאת בשל התהליך השיקומי האמור.",תסקיר שירות מבחן,תסקיר שירות מבחן,תסקיר שירות מבחן,תסקיר שירות מבחן,תסקיר שירות מבחן,תסקיר שירות מבחן
ME-16-12-26620-433,"עוד צוין בתסקיר כי הנאשם פנה ביום 8.3.2017 להערכה פסיכיאטרית אצל הפסיכיאטר ד""ר צודיקר. מדיווחיו של ד""ר צודיקר לשירות המבחן עלתה התרשמות מבחור אמין, שסובל מהפרעה פוסט-טראומטית על רקע חוויות שחווה במהלך שירותו הצבאי ובמהלך השתתפותו בלחימה. בהעדר טיפול, הובילה הפרעה זו להתדרדרות בכל מישורי החיים, תוך חיפוש ""שלווה"" בעזרת שימוש בחומרים פסיכואקטיביים ואלכוהול. ד""ר צודיקר המליץ על הפניית הנאשם למסגרת טיפולית מותאמת לפוסט-טראומה, בשילוב עם טיפול ביולוגי-תרופתי. ביום 23.10.2018 נפגש ד""ר צודיקר שוב עם הנאשם לצורך עדכון בנוגע למצבו. מדיווחיו של ד""ר צודיקר לשירות המבחן עלה כי ניכרת עבודה של הנאשם להקל על התסמינים שחווה על-ידי טיפול תרופתי, ובעיקר בפן השיקומי. עם זאת, עלה כי הנאשם עדיין סובל מתסמינים פוסט טראומטיים ברמה גבוהה, וכי הוא חווה תחושות קשות ופלשבקים מעברו. ד""ר צודיקר התרשם כי אין מדובר בבחור עם דפוסים עברייניים באישיותו, והמליץ כי הנאשם ימשיך בטיפול פסיכיאטרי, לרבות טיפול תרופתי. לדעתו של ד""ר צודיקר, יש לשים דגש על חשיבות הטיפול בנאשם עבור שיקומו, ועל כך שעונש מאסר יהווה פגיעה בתהליך השיקומי של הנאשם ויתכן שאף יגרום להתדרדרות במצבו הנפשי.",תסקיר שירות מבחן,תסקיר שירות מבחן,תסקיר שירות מבחן,תסקיר שירות מבחן,תסקיר שירות מבחן,תסקיר שירות מבחן
ME-16-12-26620-433,"שירות המבחן ציין כי השימוש בסמים בעבר, המורכבות המשפחתית, התרשמות גורמי הטיפול כי התסמונת הפוסט-טראומטית פעילה גם כיום, וכן חומרת העבירה – כל אלה מהווים גורמי סיכון להישנות התנהגות עוברת חוק מצד הנאשם. לצד זאת, שירות המבחן ציין בתסקירו כי הנאשם נעדר עבר פלילי, קיבל אחריות מלאה על מעשיו, והביע צער וחרטה כנים בגינם. שירות המבחן התרשם כי למרות הקשיים והטראומות שהנאשם עבר בחייו, הוא הראה יציבות לאורך חייו הן בבית הספר והן בשירותו הצבאי, וגם כיום הוא מבטא רצון להמשיך לנהל אורח חיים יציב ונורמטיבי בכל מישורי החיים, לרבות ניהול מערכת יחסים זוגית ארוכה ומיטיבה. שירות המבחן הדגיש כי הנאשם בחר מיוזמתו לטפל באופן מיטיב עם בעיותיו מאז מעצרו, והוא משולב באופן עקבי מדי שבוע בטיפול פרטני, כאשר ניכר כי הוא משתף פעולה עם הטיפול באופן מלא, מגלה תובנות מעמיקות בנוגע לנסיבות ביצוע העבירה, מזהה מצבים מסוכנים עבורו, וכן נוטל טיפול תרופתי בהתאם להמלצות שקיבל. מאז מעצרו של הנאשם, הוא נקי מסמים, בעל מערכות תמיכה רחבות ויציבות, תוך שהוא מגלה מודעות מעמיקה כלפי חשיבות השיקום בחייו. כל אלה מהווים לדעת שירות המבחן גורמי סיכוי לשיקום. בהתחשב בכך, המליץ שירות המבחן להמשיך את תהליך השיקום שהנאשם משולב בו, ולהימנע מעונש מאסר בפועל מאחורי סורג ובריח שלדעת גורמי הטיפול עלול לגרום להתדרדרות במצבו. בהתאם לכך, המליץ שירות המבחן להטיל על הנאשם עונש של עבודות שירות, מאסר מותנה שיהווה ענישה הרתעתית, וכן צו מבחן פיקוחי למשך שנה.",תסקיר שירות מבחן,תסקיר שירות מבחן,תסקיר שירות מבחן,תסקיר שירות מבחן,תסקיר שירות מבחן,תסקיר שירות מבחן
ME-16-12-26620-433,"המאשימה לא הגישה ראיות לעונש מטעמה (מאחר שהנאשם נעדר עבר פלילי, לא הוגש גיליון הרשעות קודמות).",ראיות לעונש,ראיות לעונש,ראיות לעונש,ראיות לעונש,ראיות לעונש,ראיות לעונש
ME-16-12-26620-433,"הנאשם הגיש כראיות לעונש מטעמו את המסמכים הבאים: ראשית, חוות-דעת פסיכיאטרית של ד""ר משה צודיקר מיום 24.10.2018. שנית, חוות-דעת ראשונה של הקרימינולוג פרופ' ארנון אדלשטיין מיום 5.4.2017; חוות-דעת עדכנית של פרופ' אדלשטיין מיום 18.11.2018; וכן דיווחים בכתב שמסר פרופ' אדלשטיין לפרקליטות לאורך תקופת שהייתו של הנאשם בתנאים מגבילים (מדובר בשלושה דיווחים בכתב מימים 27.4.2017, 15.11.2017, 16.12.2017). שלישית, העתקי מרשמים של תרופות מטפלות חרדה שנרשמו לנאשם על-ידי רופא משפחה, וכן קבלות על רכישתן.",ראיות לעונש,ראיות לעונש,ראיות לעונש,ראיות לעונש,ראיות לעונש,ראיות לעונש
ME-16-12-26620-433,"טרם הטיעונים לעונש, נשמעו מטעם ההגנה דבריהם של הפסיכיאטר המאבחן ד""ר צודיקר, וכן הקרימינולוג המטפל פרופ' אדלשטיין. בדבריהם לפניי, הדגישו השניים את הדברים שנכתבו בחווֹת-דעתם הכתובות. יוער כי עיקרי הדברים מצאו ביטוי גם בתסקיר לעונש, שכן קצינת המבחן שוחחה בעצמה עם ד""ר צודיקר ועם פרופ' אדלשטיין, והביאה מדבריהם במסגרת התסקיר כמפורט בפס' 5 לדבריי לעיל.",ראיות לעונש,ראיות לעונש,ראיות לעונש,טיעוני הצדדים,ראיות לעונש,ראיות לעונש
ME-16-12-26620-433,"הפסיכיאטר מטעם ההגנה, ד""ר צודיקר, הבהיר בדבריו כי הנאשם הגיע אליו לאבחון פסיכיאטרי. הוא לא טיפל בנאשם במישור הפסיכיאטרי-קליני. למעשה, הנאשם טרם החל טיפול במישור זה, שכן הטיפול בנאשם עד היום התמקד במישור השיקומי בהנחייתו של הקרימינולוג פרופ' אדלשטיין. האבחנה של ד""ר צודיקר היא כי הנאשם סובל מהפרעה פוסט-טראומטית בעקבות שירותו הצבאי בחטיבת גבעתי, במסגרתו שירת שירות קרבי-מבצעי בעזה, ביו""ש ובהר דוב; וכן בעקבות לחימתו של הנאשם ב""עמוד ענן"" וב""צוק איתן"" במסגרת שירות מילואים. לפי חוות-דעתו של ד""ר צודיקר, הנאשם חווה רצף של אירועים טראומטיים עם סכנה ממשית לחייו, כאשר האירועים הטראומטיים שחווה מלווים אותו עד היום, ומשפיעים על יכולת התפקוד שלו. לפי חוות-הדעת, ההפרעה הפוסט-טראומטית של הנאשם היא בדרגת חומרה הנעה בין בינונית לחמורה. ד""ר צודיקר ציין כי על רקע זה, המליץ לנאשם להגיש בקשה מתאימה למשרד הביטחון.  עוד ציין בחוות-הדעת: ""נראה כי רצף האירועים שהביאו להסתבכות עם החוק אינה אורח חיים, ואני מעריך כי קיימת מצוקה שלא טופלה, ולאור מצבו הנפשי תום (הנאשם) זקוק להמשך טיפול פסיכיאטרי בתרופות ובפסיכותרפיה"". בדבריו לפניי ציין ד""ר צודיקר כי: ""כליאה פה תכלא את תהליך העבודה הן השיקומי והן הפסיכיאטרי בניסיון לעזור לתום (הנאשם)"" (פרוטוקול דיון מיום 13.1.2019, עמ' 35, ש' 26). עוד ציין לפניי ד""ר צודיקר כי חוות-דעתו אינו נוגעת לכשירות מהותית או דיונית, שכן: ""אין פה שאלה כזאת"" (שם, עמ' 33, ש' 23-24).",ראיות לעונש,ראיות לעונש,ראיות לעונש,טיעוני הצדדים,ראיות לעונש,ראיות לעונש
ME-16-12-26620-433,"הקרימינולוג מטעם ההגנה, פרופ' אדלשטיין, הוא מי שליווה את הנאשם בתהליך שיקומי אותו יזמו הנאשם ובני משפחתו במהלך השנתיים האחרונות. פרופ' אדלשטיין הדגיש כי הוא אינו פסיכיאטר, וכי התבסס על האבחון של ד""ר צודיקר לגבי הפוסט-טראומה ממנה לפי הנטען סובל הנאשם (שם, עמ' 64). לשיטת פרופ' אדלשטיין, הנאשם ביצע את מעשה העבירה בגינה הורשע, על רקע ההפרעה הפוסט-טראומטית שיתכן שגרמה לו לניתוק, להתנהגות מסוג של ""הליכה על הקצה"", ולרצון להיתפס כדי להקל על רגשות אשם הנובעים מהישארותו בחיים בעוד אחרים נהרגו; וכן על רקע מורכבות ביחסים המשפחתיים ומצוקה רגשית בעקבות כך, שהובילו לזעקה לא מודעת לעזרה. בעקבות התיק הנוכחי, בני משפחתו של הנאשם (הוריו ודודו) התלכדו סביבו, והוא זוכה לתמיכה ולעזרה שלא זכה להן קודם.",ראיות לעונש,ראיות לעונש,ראיות לעונש,טיעוני הצדדים,ראיות לעונש,ראיות לעונש
ME-16-12-26620-433,"פרופ' אדלשטיין תיאר בהרחבה את השיקום שעבר הנאשם בהנחייתו, במישור הטיפול הקרימינולוגי. לדבריו של פרופ' אדלשטיין, הנאשם מעולם לא היה מכור לסמים. הוא עשה שימוש אפיזודי בלבד בסמים ובאלכוהול, בלא שהתקיים קשר בין אותו שימוש לבין ביצוע העבירה בה הורשע. שיקומו של הנאשם לא נגע, אפוא, לגמילה מסמים, אלא בא לידי ביטוי במישורים הבאים: הנאשם הקפיד להגיע לפגישות השבועיות עם פרופ' אדלשטיין, התמיד בהן, ובמהלך הזמן הצליח לשתף מעולמו הפנימי בצורה גלויה וכנה; בניגוד לנקודת ההתחלה בה הנאשם התקשה ליטול אחריות מלאה על מעשיו וכן לא גילה הבנה לחומרת המעשה, הרי בעקבות התהליך הטיפולי הנאשם לוקח כיום אחריות מלאה על המעשה בגינו הורשע, מחזיק בתובנה מעמיקה לגבי הפסול שבכך, ומכה על חטא בגין מעשיו; הנאשם ניתק את קשריו עם סביבת החברים הקודמת; בשנתיים האחרונות הנאשם השקיע את מרצו בלימודים במסגרת קורסים מקצועיים, והשתלב בעבודה בין היתר כדי לתמוך כלכלית במשפחתו; הנאשם מצא זוגיות בוגרת ויציבה עם בת-גילו; כל בדיקות הסמים לאורך השנתיים האחרונות היו נקיות; כמו כן, הנאשם לא הפר ולו פעם אחת את תנאי השחרור המגבילים ממעצר. לדעת פרופ' אדלשטיין, הנאשם חסר דפוסים עברייניים ואין בו סיכון לחברה. לגישתו, כניסת הנאשם לכלא עלולה לדרדר את מצבו הנפשי והפיזי, וכן לחבל בתהליך השיקומי המצוי בעיצומו, אשר הותאם למידותיו ולצרכיו של הנאשם. לשאלת בית-המשפט מה מייחד את הנאשם שלפניי מנאשמים אחרים שהורשעו בעבירה של ייבוא סמים, השיב פרופ' אדלשטיין: ""מה שמבדיל את תום מאחרים שהוא נטל אחריות מלאה...במשך שנתיים לא הפסיד פגישה אחת, קיץ, חורף, חולה, בריא...הוא השקיע שנתיים בתהליך שיקומי כדי לתקן את דרכיו להבדיל מצעירים אחרים...הוא עשה את תהליך השיקום או עשה את מרביתו בעוד שאחרים עוד לא עשו כלום. זה הבדל גדול בעיני"" (שם, עמ' 70-71).",ראיות לעונש,ראיות לעונש,ראיות לעונש,טיעוני הצדדים,ראיות לעונש,ראיות לעונש
ME-16-12-26620-433,"דודו של הנאשם, דיבר אף הוא לפי בקשתו. הדוד עמד על עברו הצבאי כמח""ט בצבא, וכן על נסיבות משפחתיות-אישיות הקשורות אליו. הוא סיפר על התגייסותו על-מנת לסייע בשיקומו של הנאשם, ואת החשיבות הרבה שהוא רואה בכך עבור הנאשם ועבור המשפחה בכללותה.",ראיות לעונש,ראיות לעונש,ראיות לעונש,טיעוני הצדדים,ראיות לעונש,ראיות לעונש
ME-16-12-26620-433,"אביו של הנאשם נשא גם הוא דברים בבכי ובהתרגשות. הוא עמד על כך שהנאשם חוּנך לאהבת המולדת,  ולא בכדי שירת כלוחם בגבעתי. האב עמד על הטלטלות שידעה המשפחה מאז שהנאשם היה בגיל צעיר, והשפעתן על בנו. האב הדגיש כי כיום המשפחה עושה את המירב כדי לתמוך בבן ולסייע בשיקומו.",ראיות לעונש,ראיות לעונש,ראיות לעונש,טיעוני הצדדים,ראיות לעונש,ראיות לעונש
ME-16-12-26620-433,"ב""כ המאשימה טענה כי לשיטת המדינה, חלקם של שני הנאשמים בביצוע העבירה של ייבוא סם דומה, ואין מקום להבחין ביניהם. לפי הנטען, מתחם העונש ההולם בעניינו של הנאשם נע מ- 5 עד 8 שנות מאסר בפועל, לצד מאסר על-תנאי וקנס משמעותי. לגישת המאשימה, חומרת העבירה ונסיבות המקרה אינן מצדיקות חריגה מהמתחם מטעמי שיקום. לצד זאת, נטען כי נוכח הנסיבות האישיות והתהליך השיקומי, ראוי למקם את עונשו של הנאשם בתחתית המתחם.",טיעוני הצדדים לעונש,טיעוני הצדדים,טיעוני הצדדים,טיעוני הצדדים,טיעוני הצדדים,טיעוני הצדדים
ME-16-12-26620-433,"ב""כ הנאשם טען כי מתחם העונש ההולם נע מ- 18 עד 30 חודשי מאסר בפועל. הסנגור טען כי נוכח התהליך השיקומי המוצלח שעבר מרשו, ונוכח מכלול הנסיבות לקולא אותן פירט בהרחבה בטיעוניו, יש מקום לחרוג מהמתחם לקולא ולאמץ את המלצת שירות המבחן לעונש, באופן שיוטל על מרשו עונש מאסר בפועל שירוצה בדרך של עבודות שירות, מאסר על תנאי וצו מבחן טיפולי.",טיעוני הצדדים לעונש,טיעוני הצדדים,טיעוני הצדדים,טיעוני הצדדים,טיעוני הצדדים,טיעוני הצדדים
ME-16-12-26620-433,אציין כי כל אחד מבאי-כוח הצדדים הפנה לאסמכתאות מן הפסיקה בתמיכה לטיעוניו במישור העונשי.,טיעוני הצדדים לעונש,טיעוני הצדדים,טיעוני הצדדים,טיעוני הצדדים,טיעוני הצדדים,טיעוני הצדדים
ME-16-12-26620-433,"הנאשם בדבריו לפניי נטל אחריות מלאה על מעשיו, והביע בגינם צער וחרטה שהתרשמתי כי הם כנים. עוד ציין כי: ""...היום אחרי שנתיים אני הגעתי לתובנות גם עם ארנון (פרופ' אדלשטיין) וגם עם עצמי שזה היה דבר לא נכון לעשות והיום אני מבהיר את זה מה שאז לא הבנתי, הייתי בתקופה מאד רעה נפשית, מבולבלת, אני לא מאחל לאף אחד לעבור את מה שעברתי בנפש, ואני רק מבקש ממך שתתחשבי בזה ותקלי עליי בעונש וכל עונש שייגזר עליי אני אקבל"" (שם, עמ' 85).",טיעוני הצדדים לעונש,טיעוני הצדדים,טיעוני הצדדים,טיעוני הצדדים,טיעוני הצדדים,טיעוני הצדדים
ME-16-12-26620-433,"בהתאם לסעיף 40ג(א) לחוק העונשין, יש לקבוע את מתחם הענישה ההולמת בהתאם לעקרון ההלימה, תוך התחשבות בערך החברתי שנפגע, במידת הפגיעה בו, בנסיבות הקשורות בביצוע העבירה ובמדיניות הענישה הנהוגה.",קביעת מתחם העונש ההולם,דיון והכרעה,דיון והכרעה,דיון והכרעה,דיון והכרעה,דיון והכרעה
ME-16-12-26620-433,"הערך החברתי שנפגע כתוצאה מביצוע העבירה של ייבוא סם מסוכן, היא ההגנה על הציבור מפני הנזקים הנלווים לשימוש בסמים מסוכנים, הכוללים הן נזקים ישירים למכורים לסמים שפעמים רבות נופלים כנטל על החברה, והן נזקים עקיפים שנגרמים עקב ביצוע עבירות על-ידי המכורים לסמים לצורך מימון רכישתם. בית-המשפט העליון עמד על החומרה שיש לנקוט כלפי מי שמעורב בשרשרת הפצת הסם, בקובעו כדלקמן:",קביעת מתחם העונש ההולם,דיון והכרעה,דיון והכרעה,דיון והכרעה,דיון והכרעה,דיון והכרעה
ME-16-12-26620-433,"(ע""פ 7044/11 עבד נ' מדינת ישראל (17.6.2012), פס' 8-9).",קביעת מתחם העונש ההולם,דיון והכרעה,דיון והכרעה,דיון והכרעה,דיון והכרעה,דיון והכרעה
ME-16-12-26620-433,"במקרה דנן, מידת הפגיעה בערך המוגן היא משמעותית, בשים לב לכך שעסקינן בייבוא של שני סוגי סמים שונים שנהוג לסווגם כסמים קשים (קוקאין ו- MDMA), בכמות כוללת של כ- 2.7 ק""ג ממנה ניתן להפיק מנות סם רבות. אציין כי בית-המשפט העליון סקר בפסיקותיו בעבר את ההשפעות ההרסניות שיש לקוקאין על גופו ועל נפשו של המשתמש, וציין כי מבין סוגי הסמים השונים, לסם הקוקאין בו עסקינן נודעת השפעה הרסנית במיוחד (ראו: ע""פ 6029/03 מדינת ישראל נ' שמאי, פ""ד נח(2) 734, 738 (2004) מפי כב' השופט מ' חשין).",קביעת מתחם העונש ההולם,דיון והכרעה,דיון והכרעה,דיון והכרעה,דיון והכרעה,דיון והכרעה
ME-16-12-26620-433,"בחינת נסיבות ביצוע העבירה מעלה כי הנאשם שלפניי, ביחד עם נאשם 1, קשר קשר להבאת הסם המסוכן מוינה לישראל דרך שדה-התעופה. הנאשם טס ביחד עם הנאשם 1 לוינה לצורך כך, והשניים קיבלו מאדם אחר בוינה את המזוודה אשר בדופן שלה הוסתרו הסמים. הנאשם נעצר ברשות שדות התעופה בעת שנכנס לארץ עם הנאשם 1, כשהאחרון נושא עמו את המזוודה לישראל.",קביעת מתחם העונש ההולם,דיון והכרעה,דיון והכרעה,דיון והכרעה,דיון והכרעה,דיון והכרעה
ME-16-12-26620-433,"בכל הנוגע לחלק היחסי של הנאשם בביצוע העבירה (סעיף 40ט(א)(2) לחוק העונשין) – מעובדות כתב-האישום המתוקן עולה כי הנאשם 1 אמור היה לקבל תמורה כספית גבוהה יותר ביחס לנאשם שלפניי. הנאשם 1 היה גם זה שרכש באמצעות כרטיס האשראי שלו את כרטיסי הטיסה עבור שני הנאשמים, והוא אשר סחב את המזוודה בה הוטמנו הסמים. לצד זאת, מעובדות כתב-האישום המתוקן עולה כי הנאשם שלפניי הוא אשר יזם את סיכום חלוקת התמורה הכספית עם הנאשם 1. כמו כן, הנאשם שלפניי נטל חלק בתכנון העבירה, ופעל לצדו של הנאשם 1 לאורך כל הדרך. באיזון הכולל, אני סבורה כי אין לומר שחלקו של הנאשם שלפניי היה פחוּת, שכן הוא בגדר מבצע בצוותא שפעל במשותף להגשמת העבירה. יוער כי הן המאשימה והן ההגנה לא טענו כי חלקו של הנאשם שלפניי שונה מהותית מחלקו של נאשם 1.",קביעת מתחם העונש ההולם,דיון והכרעה,דיון והכרעה,דיון והכרעה,דיון והכרעה,דיון והכרעה
ME-16-12-26620-433,"לעניין התכנון שקדם לביצוע עבירת ייבוא הסם (סעיף 40ט(א)(1) לחוק העונשין) – מדובר בעבירה מתוכננת, שאינה פרי גחמה רגעית. הנאשם, ביחד עם הנאשם 1, תכנן את העבירה מבעוד מועד, והשניים תיאמו את הביצוע עם אדם אחר שזהותו אינה ידועה למאשימה. הם רכשו כרטיסי טיסה מתאימים, וכן שוחחו מראש על חלוקת התמורה הכספית ביניהם.",קביעת מתחם העונש ההולם,דיון והכרעה,דיון והכרעה,דיון והכרעה,דיון והכרעה,דיון והכרעה
ME-16-12-26620-433,"הנזק שהיה צפוי מביצוע העבירה (סעיף 40ט(א)(3) לחוק העונשין) הוא משמעותי, בשים לב לכך שמדובר בייבוא של שני סוגים של סמים קשים, בכמות כוללת נכבדה. יצוין כי הנאשמים הכניסו את המזוודה לישראל ביודעם שהיא מכילה סמים קשים, בלא לברר את סוג הסמים וכמותם באופן שיכול להצביע על אדישות מצדם לסוגיה זו. הסיכון הטמון בהתנהלות הנדונה הוא ברור, שכן באופן פוטנציאלי עלולה הייתה המזוודה להכיל כמות סם גדולה אף יותר מכפי שהוטמנה בפועל.",קביעת מתחם העונש ההולם,דיון והכרעה,דיון והכרעה,דיון והכרעה,דיון והכרעה,דיון והכרעה
ME-16-12-26620-433,"לקוּלא, אציין כי אין חולק שהנאשם אינו המקור לסם. הוא אינו מי שעמד בראש שרשרת הפצת הסם, אלא קיבל את הסמים מאדם אחר, ושימש כבלדר לצורך הכנסתם מאירופה לישראל. הסמים הועברו לנאשם ולחברו במזוודה כפולת דופן שהם התבקשו להכניסה לארץ. מדובר באמצעי שנועד להסתיר את הסם ולהקשות על גילויו, אולם יש לציין כי אין מדובר בבליעת הסמים או בהחדרתם לגוף בדרך אחרת. זאת ועוד; במסגרת עובדות כתב-האישום המתוקן בהן הודה הנאשם, אין טענה כי הוא קיבל לידיו בפועל חלק כלשהו מן התמורה הכספית שתוכננה מלכתחילה. כמו כן, אין חולק ששני הנאשמים לא ידעו מהי כמות הסם שהוחבאה במזוודה וכן לא ידעו את סוגם המדויק של הסמים, הגם שידעו כי במזוודה הוטמנו סמים המוגדרים כ""קשים"" (לעניין זה התייחסתי לעיל). למרבה המזל, הנזק הפוטנציאלי לא התממש והסם לא הופץ ברבים, אך זאת בזכות פעילות ברוכה של רשויות האכיפה בארץ, ולא על רקע צעדים שנקט מי מהנאשמים (סעיף 40ט(א)(4) לחוק העונשין).",קביעת מתחם העונש ההולם,דיון והכרעה,דיון והכרעה,דיון והכרעה,דיון והכרעה,דיון והכרעה
ME-16-12-26620-433,"בכל הנוגע לסיבה שהובילה לביצוע העבירה (סעיף 40ט(א)(5) לחוק העונשין) - עובדות כתב-האישום המתוקן מתייחסות במפורש לתכנון מצד הנאשמים לחלוקת התמורה הכספית שהייתה צפויה להיות משולמת לידיהם בגין ייבוא הסם לישראל. מכתב-האישום המתוקן עולה, אפוא, כי הסיבה הישירה שהובילה את הנאשם לביצוע העבירה הייתה בצע-כסף. למען שלמות התמונה, אציין כי מתסקיר שירות המבחן וכן מהראיות והטיעונים לעונש, עלו סיבות והסברים נטענים נוספים לביצוע העבירה על-ידי הנאשם. כפי שפורט בהרחבה לעיל, נטען על-ידי ההגנה כי קיימת אפשרות לכך שהעבירה בוצעה על רקע תסמינים של פוסט-טראומה ממנה סובל הנאשם כתוצאה מלחימה מסכנת חיים בה הוא נטל חלק; וכן על רקע קריאה לא מודעת מצד הנאשם לעזרה, בשים לב למורכבות משפחתית ולמצוקה רגשית בה הוא היה נתון בעת הרלוונטית לכתב-האישום. אדון בטיעונים אלה ובמשמעותם בהמשך הדרך. בכל הנוגע לקביעת מתחם העונש ההולם, אומר כי בשום שלב לא עלתה לפניי טענה לפיה לנאשם לא הייתה יכולת להבין את אשר הוא עושה או את הפסול שבמעשהו, ואף לא הועלתה לפניי בשום שלב טענה של קירבה לסייג לאחריות פלילית (סעיפים 40ט(6) ו- (9) לחוק). כפי שצוין לעיל, ד""ר צודיקר אישר בדבריו לפניי כי חוות-דעתו אינו נוגעת לכשירות מהותית או דיונית, שכן: ""אין פה שאלה כזאת"" (פרוטוקול דיון מיום 13.1.2019, עמ' 33, ש' 23-24). גם פרופ' אדלשטיין היה זהיר בדבריו, והתייחס לסיבות אפשריות לביצוע העבירה תוך שהדגיש כי מדובר בהערכה (שם, עמ' 65, ש' 18). בכל מקרה, אזכיר כי לפי סעיף 40י(א) לחוק העונשין, הכלל הוא כי בית-המשפט קובע את נסיבות ביצוע העבירה על-בסיס הראיות שהובאו בשלב בירור האשמה. בשלב הטיעונים לעונש הנאשם רשאי להביא ראיות מטעמו ""ובלבד שאינן סותרות את הנטען על ידו בשלב בירור האשמה"". כך, אלא אם כן התבקש במפורש אחרת, ובית-המשפט התיר זאת בהתאם לתנאים הקבועים בסעיף 40י(ב)(2) לחוק העונשין – דבר שלא התבקש וממילא לא נדון במקרה שלפניי.",קביעת מתחם העונש ההולם,דיון והכרעה,דיון והכרעה,דיון והכרעה,דיון והכרעה,דיון והכרעה
ME-16-12-26620-433,"בכל הנוגע לענישה הנוהגת – העונש המרבי הקבוע לעבירת ייבוא סם מסוכן הוא מאסר 20 שנים. בית-המשפט העליון הדגיש בפסיקתו את הצורך בענישה משמעותית ומרתיעה בגין עבירות סמים באופן כללי, ואת המשקל הפחוּת שיש לייחס לנסיבותיו האישיות של מבצע העבירה בתחום הסמים. כבר נקבע כי: ""...נגע הסמים הפוגע קשות בחברתנו מחייב מלחמת חורמה והעונשים שיגזרו על ידי בתי המשפט בשל עבירות סמים צריכים להשתלב במאבק הכולל להדברת הנגע. על כן, יש ליתן משקל ממשי לשיקול ההרתעתי אל מול השיקולים האישיים, אשר משקלם יהיה נמוך יותר במקרים כגון אלה"" (ע""פ 9482/09 ביטון נ' מדינת ישראל (24.7.2011), פס' 24).",קביעת מתחם העונש ההולם,דיון והכרעה,דיון והכרעה,דיון והכרעה,דיון והכרעה,דיון והכרעה
ME-16-12-26620-433,"בית-המשפט העליון הוסיף ופסק כי אין מקום להפחית בענישתם של בלדרים. נקבע כי יש להטיל על בלדרי סמים עונשי מאסר בפועל לתקופות משמעותיות כדי להרתיעם מלהתפתות להבאת הסמים ארצה, וכדי לשבור את שרשרת הפצתו של הסם הנשענת על הבלדרים (ראו והשוו למשל: ע""פ 3931/13 באום נ' מדינת ישראל (10.6.2014), פס' 14).",קביעת מתחם העונש ההולם,דיון והכרעה,דיון והכרעה,דיון והכרעה,דיון והכרעה,דיון והכרעה
ME-16-12-26620-433,"ב""כ המאשימה הפנתה בטיעוניה לפסקי-דין בהם נקבעו עונשים חמורים של מעל 50 חודשי מאסר בפועל בגין הרשעה בעבירה של ייבוא סם. עם זאת, באותם מקרים היה מדובר באזרחים זרים שהוצג בעניינם הסדר-טיעון סגור לעונש, ו/או העבירה של ייבוא סם מסוכן התבצעה באמצעות בליעת הסם, כך שהנאשמים באותן פרשות שימשו כלי קיבול חי לייבוא הסמים ארצה, ו/או היה מדובר בייבוא קוקאין במשקל של מעל 3 ק""ג. נתונים אלה אינם מתקיימים בנסיבות המקרה שלפניי.",קביעת מתחם העונש ההולם,דיון והכרעה,דיון והכרעה,דיון והכרעה,דיון והכרעה,דיון והכרעה
ME-16-12-26620-433,"ב""כ הנאשם טען מצדו כי מתחם העונש ההולם במקרה דנן מתחיל מ- 18 חודשי מאסר בפועל, וזאת בהתבסס על המתחם שנקבע על-ידי כב' השופט קובו בת""פ 6788-06-16 מדינת ישראל נ' בנעטייה (14.6.2018), פס' 20. באותו מקרה, הנאשמת הורשעה בייבוא של 2.5 ק""ג קוקאין, ונקבע כי מתחם העונש ההולם מתחיל מ- 18 חודשי מאסר בפועל. עם זאת, מנימוקי גזר-הדין עולה כי באותה פרשה היה מדובר בייבוא באמצעות איסוף חבילת סמים מסניף דואר בישראל. נקבע במפורש כי חלקה של הנאשמת בביצוע עבירת ייבוא הסם לא היה מרכזי. צוין כי הנאשמת לא הייתה הגורם הדומיננטי בביצוע העבירה, היא לא הייתה אמורה להרוויח כסף ממנה, וחלקה היה הנמוך במדרג המעורבים בפרשה. עוד נקבע כי הנאשמת ביצעה את העבירה בהיותה כבת 20, כשהיא מצויה בקשר רומנטי-תלותי עם גבר שהיה מבוגר ממנה באופן משמעותי, כאשר הנאשמת הייתה נתונה להשפעתו ולניצולו של אותו גבר, וביצעה את העבירה למענו. בניגוד לאותה פרשה, במקרה דנן לנאשם היה חלק ממשי בתכנון ובביצוע העבירה של ייבוא הסם לישראל, והוא אף היה אמור להרוויח כסף ממנה. לפיכך, אני סבורה כי אין לגזור את מתחם העונש ההולם משם לכאן.",קביעת מתחם העונש ההולם,דיון והכרעה,דיון והכרעה,דיון והכרעה,דיון והכרעה,דיון והכרעה
ME-16-12-26620-433,"בחינת פסיקתם של בתי המשפט מעלה כי בגין עבירה של ייבוא סם מסוכן לישראל, מוטלים עונשי מאסר בפועל מאחורי סורג ובריח לתקופות משמעותיות. כך למשל, בגין ייבוא מבלגיה לישראל של כ- 3 ק""ג MDMA מוחבאים במזוודה, קבע בית-המשפט המחוזי מרכז (כב' השופטת ברנט) מתחם ענישה הולמת שנע מ- 30 עד 60 חודשי מאסר בפועל. על הנאשם, בעל עבר פלילי שאינו משמעותי ונסיבות חיים קשות, נגזרו 36 חודשי מאסר בפועל (ראו: ת""פ (מרכז) 55287-02-17 מדינת ישראל נ' אזולאי (16.1.2018)).",קביעת מתחם העונש ההולם,דיון והכרעה,דיון והכרעה,דיון והכרעה,דיון והכרעה,דיון והכרעה
ME-16-12-26620-433,"בגין החזקת סם שלא לצריכה עצמית וייבוא מברזיל לישראל של 1.9 ק""ג קוקאין שהוחבא בתוך שני פסלים, קבע בית-המשפט המחוזי מרכז (כב' השופטת ברנט) מתחם ענישה הולמת שנע מ- 45 עד 85 חודשי מאסר בפועל. על הנאשם נעדר עבר פלילי, נגזרו 45 חודשי מאסר בפועל (ראו: ת""פ (מרכז) 9160-02-15 מדינת ישראל נ' מזרחי (4.2.2016)).",קביעת מתחם העונש ההולם,דיון והכרעה,דיון והכרעה,דיון והכרעה,דיון והכרעה,דיון והכרעה
ME-16-12-26620-433,"בגין ייבוא מאירופה לישראל של קוקאין במשקל של כ- 104 גרם ו- 1337 ריבועי LSD (חלק מהסמים הוחבאו בתחתונים וחלק מהסמים הוחדרו לגופו של הנאשם), קבע בית-המשפט המחוזי מרכז (כב' השופט קובו) מתחם ענישה הולמת שנע מ-30 עד 60 חודשי מאסר בפועל. על הנאשם חסר עבר פלילי התומך באמו הנכה, הושת עונש של 36 חודשי מאסר בפועל (ראו: ת""פ 22080-10-16 מדינת ישראל נ' לבדב (6.7.2017)). ערעור על גזר-הדין האמור נדחה על-ידי בית-המשפט העליון בע""פ 6548/17 לבדב נ' מדינת ישראל (30.1.2018).",קביעת מתחם העונש ההולם,דיון והכרעה,דיון והכרעה,דיון והכרעה,דיון והכרעה,דיון והכרעה
ME-16-12-26620-433,"בגין ייבוא מהולנד לישראל של MDMA נוזלי בכמוּת שוות-ערך ל- 2.1 ק""ג, קבע בית-המשפט המחוזי מרכז (כב' השופט קובו) מתחם ענישה הולמת שנע מ- 36 עד 60 חודשי מאסר בפועל. זאת לגבי נאשם מס' 1 באותה פרשה, שנקבע כי הוא בעל החלק הדומיננטי בביצוע העבירה. על אותו נאשם נגזרו 42 חודשי מאסר בפועל (ראו: ת""פ (מרכז) 28005-09-17 מדינת ישראל נ' גושביץ (26.4.2018), ומכלול ההפניות שם). יוער כי לגבי נאשם מס' 2 באותה פרשה, נקבע מתחם עונש הולם מקל יותר, שהתחיל מ- 24 חודשי מאסר בפועל. דא עקא, מנימוקי גזר-הדין עולה כי בנסיבות אותו מקרה, הצדדים הסכימו כי התקיים שוני בין שני הנאשמים מבחינת מידת הדומיננטיות שלהם בביצוע העבירה, וכי נאשם מס' 2 באותו מקרה היה פחות דומיננטי ביחס לנאשם מס' 1. אין הסכמה מסוג זה במקרה שלפניי.",קביעת מתחם העונש ההולם,דיון והכרעה,דיון והכרעה,דיון והכרעה,דיון והכרעה,דיון והכרעה
ME-16-12-26620-433,"בשים לב לעקרון ההלימה כעקרון מנחה בענישה, לעוצמת הפגיעה בערכים המוגנים, לנסיבות ביצוע העבירה ולענישה הנוהגת כמפורט לעיל – אני סבורה כי מתחם הענישה ההולמת נע מ- 30 ל- 60 חודשי מאסר בפועל.",קביעת מתחם העונש ההולם,דיון והכרעה,דיון והכרעה,דיון והכרעה,דיון והכרעה,דיון והכרעה
ME-16-12-26620-433,"הטענה העיקרית של ההגנה במקרה שלפניי היא כי בעניינו של הנאשם מוצדק לחרוג מהמתחם משיקולי שיקום, ולהטיל עליו עונש מאסר בפועל לריצוי בדרך של עבודות שירות לפי המלצת שירות המבחן. המאשימה התנגדה לכך, וטענה כי מן הראוי שהשיקולים לקולא יובילו להעמדת עונשו של הנאשם בתחתית המתחם, ללא חריגה מעבר לכך.",סוגית החריגה ממתחם הענישה ההולמת וקביעת העונש המתאים,דיון והכרעה,דיון והכרעה,דיון והכרעה,דיון והכרעה,דיון והכרעה
ME-16-12-26620-433,"הדילמה המונחת לפתחי כמותב הגוזר את עונשו של הנאשם, היא ברורה:",סוגית החריגה ממתחם הענישה ההולמת וקביעת העונש המתאים,דיון והכרעה,דיון והכרעה,דיון והכרעה,דיון והכרעה,דיון והכרעה
ME-16-12-26620-433,"מחד גיסא, במקרים רבים העבירה של ייבוא סם מסוכן מתבצעת על-ידי נאשמים שנבחרו לשמש כבלדרים מחמת היותם חסרי עבר פלילי, או בעלי עבר פלילי שאינו ניכר. העדרו של עבר פלילי, כשלעצמו, ואף הודאה ונטילת אחריות אין די בהם כדי להצדיק חריגה ממתחם העונש ההולם. זאת ועוד; שיקולי שיקום, אף כאשר הם מתקיימים, לא בהכרח יהוו את חזות הכל שכן בעבירות של ייבוא סם מסוכן לישראל, חובה ליתן משקל לצורך בהעברת מסר עונשי חד וברור שיהיה בו כדי להרתיע לא רק את היחיד אלא גם את הרבים מפני הישנות עבירות מסוג זה - עבירות אשר חומרתן משמעותית, מלאכת חשיפתן מורכבת, ופגיעתן בציבור רבה. בחינת הפסיקה מעלה כי בתי-המשפט דחו לא פעם בקשות לחריגה ממתחמי ענישה הולמת לגבי מי שהורשעו בעבירות של ייבוא סם מסוכן לישראל. זאת, גם כאשר היה מדובר בנאשמים נעדרי עבר פלילי, שהודו במעשים והביעו חרטה עליהם, ותסקיר שירות המבחן בעניינם היה חיובי והמליץ על עונש שיקומי בדמוּת עבודות שירות (ראו למשל: ת""פ (ת""א) 31971-05-13 מדינת ישראל נ' שויחט (8.1.2014) מפי כב' השופט מודריק).",סוגית החריגה ממתחם הענישה ההולמת וקביעת העונש המתאים,דיון והכרעה,דיון והכרעה,דיון והכרעה,דיון והכרעה,דיון והכרעה
ME-16-12-26620-433,"מאידך גיסא, חובה על בית-המשפט לבחון כל מקרה לגופו. למעשה, זו היא מצוותו המפורשת של המחוקק, שקבע כי אפילו כאשר עסקינן במעשה עבירה ובמידת אשם בעלי חומרה יתרה (דרישה שהנה מצטברת), קיימת לבית-המשפט סמכות שבשיקול-דעת לחרוג ממתחם העונש ההולם. זאת, אם הנאשם השתקם או יש סיכוי של ממש שישתקם, ואם מתקיימות נסיבות מיוחדות ויוצאות דופן המצדיקות חריגה כאמור (ראו: סעיף 40ד(ב) לחוק העונשין).",סוגית החריגה ממתחם הענישה ההולמת וקביעת העונש המתאים,דיון והכרעה,דיון והכרעה,דיון והכרעה,דיון והכרעה,דיון והכרעה
ME-16-12-26620-433,"במקרה דנן, אינני נזקקת להכריע בשאלה האם חל על המקרה סעיף 40ד(א) או סעיף 40ד(ב) לחוק העונשין. גם אם אלך לפי ההסדר המחמיר יותר הקבוע בסעיף 40ד(ב) לחוק, אני סבורה כי התקיימו נסיבות מיוחדות ויוצאות דופן המצדיקות חריגה מהמתחם. לצד זאת, אני סבורה כי החריגה מן המתחם צריכה לקבל ביטוי במשך תקופת המאסר בפועל שתיגזר על הנאשם מאחורי סורג ובריח, וכי לא ניתן להסתפק בעונש של עבודות שירות. להלן אבהיר את עמדתי האמורה, ואפתח בטעמים המצדיקים חריגה מן המתחם בעניינו של הנאשם.",סוגית החריגה ממתחם הענישה ההולמת וקביעת העונש המתאים,דיון והכרעה,דיון והכרעה,דיון והכרעה,דיון והכרעה,דיון והכרעה
ME-16-12-26620-433,"ראשית, מבחינת הנתונים האישיים - הנאשם הנו בחור צעיר כבן 27, חסר עבר פלילי קודם, כך שהרשעתו בפלילים היא בגדר מעידה חד-פעמית בחייו. הנאשם ניהל אורח חיים יציב ומתפקד לאורך חייו, במסגרת בית הספר ובשירות הצבאי. מדובר במי ששירת שירות צבאי מלא בחטיבת גבעתי בתפקיד קרבי. כמו כן, הנאשם לחם במבצע ""עמוד ענן"" וכן במבצע ""צוק איתן"" במסגרת שירות מילואים. עסקינן, אפוא, במי שלחם למען המדינה, נחשף לסיכון חיים, וכפי הנראה חווה כתוצאה מכך חוויות לא פשוטות המלוות אותו עד היום. אף שאינני רואה בטענה לפוסט-טראומה משום הצדקה כלשהי למעשה העבירה החמור בו נכשל הנאשם, אני סבורה כי במסגרת מלאכת גזירת הדין, לא ניתן להתעלם מכך שהנאשם כבחור צעיר תרם למדינה ונלחם עבורה.",סוגית החריגה ממתחם הענישה ההולמת וקביעת העונש המתאים,דיון והכרעה,דיון והכרעה,דיון והכרעה,דיון והכרעה,דיון והכרעה
ME-16-12-26620-433,"שנית, הנאשם שהה במעצר מאחורי סורג ובריח קרוב לחודשיים. לאחר מכן, הנאשם שהה כשלושה חודשים וחצי בפיקוח אלקטרוני, ולאחר מכן שהה בתנאי שחרור מגבילים – הכל, ללא הפרה כלשהי של התנאים שהוטלו עליו.",סוגית החריגה ממתחם הענישה ההולמת וקביעת העונש המתאים,דיון והכרעה,דיון והכרעה,דיון והכרעה,דיון והכרעה,דיון והכרעה
ME-16-12-26620-433,"שלישית, הן מתסקיר שירות המבחן, הן מחוות-הדעת שהוגשו לעיוני, והן מדבריהם של ד""ר צודיקר ופרופ' אדלשטיין, עלה כי לא מדובר בבחור עם דפוסים עברייניים או עם אישיות אנטי-סוציאלית. לפי הערכת גורמי המקצוע, מעשה העבירה בוצע על-רקע מצוקה רגשית ונפשית בה היה שרוי הנאשם. כתוצאה מהטיפול המוצלח בו משולב הנאשם, עמדת גורמי המקצוע (לרבות שירות המבחן) היא כי הסיכון להישנות עבירות מצד הנאשם נמוך ביותר.",סוגית החריגה ממתחם הענישה ההולמת וקביעת העונש המתאים,דיון והכרעה,דיון והכרעה,דיון והכרעה,דיון והכרעה,דיון והכרעה
ME-16-12-26620-433,"רביעית, ולא פחות חשוב - בסמוך לאחר חשיפת העבירה בה הורשע הנאשם, השתלב הנאשם מיוזמתו (בתמיכה ובליווי של משפחתו הקרובה) בתהליך טיפול פרטני. תהליך זה נמשך כשנתיים. מתסקיר שירות המבחן, מחווֹת-הדעת הכתובות, ומדבריו של פרופ' אדלשטיין הקרימינולוג המטפל בנאשם, עלה כי הנאשם השקיע את כל-כולו בתהליך הטיפולי והוא חווה במסגרתו שינוי משמעותי. ההירתמות והמוטיבציה של הנאשם להצליח בתהליך השיקומי הייתה גבוהה. הוא שמר על ניקיון מוחלט מסמים, התמיד באופן עקבי בטיפול, ובהדרגה החל להיפתח ולגלות מעולמו הפנימי, תוך עיבוד המניעים שהובילו אותו לביצוע העבירה, הפנמת הפסול שבה, הבעת חרטה כנה ואמיתית בגינה, ורכישת כלים להתמודדות אדפטיבית עם קשייו. בין היתר, הנאשם החל ליטול תרופות כדי להתמודד עם תסמיני החרדה שהנם חלק מהפוסט-טראומה הנטענת. כפי שפורט בפס' 10 לדבריי לעיל, קיימות אינדיקציות משמעותיות לכך שהתרחש בנאשם שינוי עמוק בהתנהגות ובדרך החשיבה. אף שהנאשם טרם סיים את התהליך השיקומי-הטיפולי, ניתן לומר לדעתי כי מדובר במי שלכל הפחות יש סיכוי ממשי לשיקומו (ראו: ע""פ 6637/17 קרנדל נ' מדינת ישראל (18.4.2018), פס' 24-25).",סוגית החריגה ממתחם הענישה ההולמת וקביעת העונש המתאים,דיון והכרעה,דיון והכרעה,דיון והכרעה,דיון והכרעה,דיון והכרעה
ME-16-12-26620-433,"המשקל המצטבר של מכלול הנתונים שפורטו לעיל, מוביל למסקנה כי יש מקום לחרוג ממתחם הענישה ההולמת בעניינו של הנאשם. לצד זאת, ובשונה מהמלצת התסקיר וגורמי המקצוע מטעם ההגנה, אני סבורה כי היקף החריגה מהמתחם אינו יכול להוביל לעונש של עבודות שירות. גם כאשר בית-המשפט חורג ממתחם הענישה ההולמת משיקולי שיקום, על החריגה להיות מידתית בשים לב לעקרונות ענישתיים נוספים מלבד העיקרון השיקומי, ובהם עקרונות של הלימה ושל הרתעת הרבים. כאמור, במקרה דנן עסקינן בעבירה של ייבוא דרך שדה-התעופה של שני סוגי סמים קשים במשקל כולל של כ- 2.7 ק""ג, כאשר מתחם הענישה ההולמת בגין כך מתחיל ב- 30 חודשי מאסר בפועל. חוששני כי עונש של עבודות שירות בגין מעשים אלה, יוביל לכרסום בלתי מידתי בעקרונות ההלימה וההרתעה כאשר מדובר בייבוא סמים קשים לישראל בכמות נכבדה. לפיכך, אני סבורה כי לא ניתן להימנע מהטלת עונש מאסר בפועל לריצוי מאחורי סורג ובריח, וכי על החריגה לקולא ממתחם הענישה ההולמת להתבטא באורך תקופת המאסר בפועל שתוטל על הנאשם. בהקשר זה, אני בדעה כי עונש מאסר בפועל ממושך עלול לפגוע בתהליך שיקומו של הנאשם. עם זאת, אינני סבורה כי הטלת עונש מאסר בפועל מאחורי סורג ובריח, כשלעצמו, יכשיל את תהליכי השיקום אותם הוא עובר. הנאשם מוקף כיום במשפחה תומכת ובאנשי טיפול ומקצוע, והוא רכש כלים להתמודדות עם קשייו (אף כי מלאכה זו טרם באה אל קצה). ברי כי השהות בכלא מציבה אתגרים לא פשוטים בפני כלל השוהים בו. עם זאת, ניתן לצפות כי אותו שינוי עמוק שחל בנאשם, אשר מצדיק הקלה משמעותית בעונשו, יסייע לו בהתייצבותו בפני קשיים אלה.",סוגית החריגה ממתחם הענישה ההולמת וקביעת העונש המתאים,דיון והכרעה,דיון והכרעה,דיון והכרעה,דיון והכרעה,דיון והכרעה
ME-16-12-26620-433,"מאחר שלפי עובדות כתב-האישום המתוקן, העבירה של ייבוא סם מסוכן בוצעה גם ממניע כלכלי, אני רואה להטיל על הנאשם קנס כספי. נוכח ההקלה באורך תקופת המאסר בפועל שתיגזר על הנאשם, לא ראיתי להקל בשיעור הקנס שיושת עליו.",סוגית החריגה ממתחם הענישה ההולמת וקביעת העונש המתאים,דיון והכרעה,דיון והכרעה,דיון והכרעה,דיון והכרעה,דיון והכרעה
ME-16-12-26620-433,"נוכח מכלול הטעמים שפורטו, אני גוזרת על הנאשם 2 כדלקמן:",סוף דבר,דיון והכרעה,דיון והכרעה,דיון והכרעה,דיון והכרעה,דיון והכרעה
ME-16-12-26620-433,"(א)	15 חודשי מאסר בפועל, בניכוי ימי מעצרו מאחורי סורג ובריח. הנאשם יתייצב לריצוי עונשו עד יום 28.4.2019 בשעה 10:00 במגרש הרוסים בירושלים.",סוף דבר,דיון והכרעה,דיון והכרעה,דיון והכרעה,דיון והכרעה,דיון והכרעה
ME-16-12-26620-433,"(ב)	מאסר על-תנאי של 12 חודשים למשך 3 שנים מיום השחרור ממאסר, לא לבצע עבירת סמים מסוג פשע.",סוף דבר,דיון והכרעה,דיון והכרעה,דיון והכרעה,דיון והכרעה,דיון והכרעה
ME-16-12-26620-433,"(ג)	מאסר על-תנאי של 30 ימים למשך 3 שנים מיום השחרור ממאסר, לא לבצע עבירת סמים מסוג עוון.",סוף דבר,דיון והכרעה,דיון והכרעה,דיון והכרעה,דיון והכרעה,דיון והכרעה
ME-16-12-26620-433,"(ד)	קנס כספי של 15,000 ₪, או 150 ימי מאסר תמורתו. הקנס ישולם עד יום 3.11.2019.",סוף דבר,דיון והכרעה,דיון והכרעה,דיון והכרעה,דיון והכרעה,דיון והכרעה
ME-16-12-26620-433,"רשויות שב""ס מתבקשות ליתן דעתן לטענת ההגנה לפיה לנאשם תסמינים פוסט-טראומטיים, וכי הוא נזקק לתרופות.",סוף דבר,דיון והכרעה,דיון והכרעה,דיון והכרעה,דיון והכרעה,מידע אחר
ME-18-04-16826-842,"חוק העונשין, תשל""ז-1977: סע'  40 ד', 40 ט', 40 יא', 40 יג', 499(א)(1)","פקודת הסמים המסוכנים [נוסח חדש], תשל""ג-1973: סע'  13",מידע אחר,מידע אחר,מידע אחר,מידע אחר,מידע אחר
ME-18-04-16826-842,הנאשם הורשע בהתאם להודאתו בעובדות כתב האישום המתוקן בעבירות כדלקמן:,רקע,עובדות המקרה,עובדות המקרה,עובדות המקרה,עובדות המקרה,עובדות המקרה
ME-18-04-16826-842,"ייבוא סם מסוכן, עבירה לפי סעיף 13 לפקודת הסמים המסוכנים [נוסח חדש], תשל""ג-1973.",רקע,עובדות המקרה,עובדות המקרה,עובדות המקרה,עובדות המקרה,עובדות המקרה
ME-18-04-16826-842,"קשר לפשע, עבירה לפי סעיף 499(א)(1) בחוק העונשין, תשל""ז- 1977.",רקע,עובדות המקרה,עובדות המקרה,עובדות המקרה,עובדות המקרה,עובדות המקרה
ME-18-04-16826-842,"על-פי המתואר בעובדות כתב האישום המתוקן, עובר ליום 25.3.18, קשר יאיר קוצר (להלן: ""קוצר"") קשר עם הנאשם כך שהנאשם יבריח מגרמניה לישראל מזוודה ובה סמים. במסגרת הקשר, ביום 25.3.18 טס הנאשם מישראל לברלין. במהלך ימי שהותו בברלין, הנאשם וקוצר עמדו בקשר תדיר בעיקר באמצעות אפליקציית WhatsApp. ביום 27.3.18 בשעה 17:00 בקרבת בית מלון בברלין, הנאשם קיבל מידי אדם שזהותו אינה ידועה, מזוודה ובה מוחבאים בבטנה כפולה ונסתרת 7.935 ק""ג סם מסוג קוקאין (להלן: ""הסם""). שווי הסם מוערך בין 2,777,250 ₪ ל-4,761,000 ₪. ביום 27.3.18 בשעה 21:45 טס הנאשם מברלין לישראל לאחר שהפקיד את המזוודה בה הסמים ככבודה בבטן המטוס. ביום 28.3.18 בשעה 2:00 נחת הנאשם בנתב""ג, אסף את המזוודה ובה הסמים מאזור איסוף המזוודות, והחל לעשות עמה דרכו אל מחוץ לנמל התעופה. בשעה 3:20 עוכב, נבדק ובהמשך נעצר.",רקע,עובדות המקרה,עובדות המקרה,עובדות המקרה,עובדות המקרה,עובדות המקרה
ME-18-04-16826-842,"הצדדים הגיעו להסדר דיוני, לפיו הנאשם הודה והורשע בכתב האישום המתוקן והופנה לקבלת תסקיר שירות המבחן, ללא הסכמה לעונש. הנאשם הוכרז סוחר סמים.",רקע,עובדות המקרה,עובדות המקרה,עובדות המקרה,עובדות המקרה,עובדות המקרה
ME-18-04-16826-842,"על פי תסקירי שירות המבחן, הנאשם בן 42, גרוש בשנית ואב ל-4 ילדים. הנאשם סיים 12 שנות לימוד ובהמשך השלים לימודי תעודה כטכנאי מחשבים. שירת שרות צבאי מלא. לאורך השנים עבד בתחום המסעדנות. בגיל 24 נישא לראשונה ומקשר זה נולדו שני ילדים. לאחר כעשור בני הזוג התגרשו. הנאשם נישא בשנית, ולאחר שנה בני הזוג התגרשו כשהם הורים לתאומים. הנאשם מקיים קשר עם כל ילדיו.",תסקירי שירות המבחן,תסקיר שירות מבחן,תסקיר שירות מבחן,תסקיר שירות מבחן,תסקיר שירות מבחן,תסקיר שירות מבחן
ME-18-04-16826-842,"לנאשם אין עבר פלילי. לאחר שחרורו מהמעצר, שולב במסגרת צו פיקוח מעצרים בקבוצה טיפולית לעצורי בית בשירות המבחן. ההתרשמות אז הייתה שהנאשם הצליח להכיר ולהעמיק במאפייני אישיותו ובחירותיו ובכלל זה בהתנהלות כלכלית בעייתית, בהיעדר יציבות בחייו ובהתנהגותו האימפולסיבית, וכן התרשמו מהצגת פסדה מתפקדת בפער לתחושת כישלון וקשיים בקבלת עזרה. הנאשם מודע יותר לדפוסי חשיבה שוליים והשלכות מעורבותו השולית על חייו. בשל התרשמות ממצוקה רגשית, הנאשם הופנה לבדיקה והחל בטיפול תרופתי נוגד דיכאון וחרדה. בתום הטיפול הקבוצתי, שולב הנאשם בסדנת ""חוק ומשפט"" ולהערכת שירות המבחן בתקופת צו פיקוח המעצר החלה הפחתה ברמת הסיכון במצבו.",תסקירי שירות המבחן,תסקיר שירות מבחן,תסקיר שירות מבחן,תסקיר שירות מבחן,תסקיר שירות מבחן,תסקיר שירות מבחן
ME-18-04-16826-842,"שירות המבחן ציין כי ביחסו לעבירה, הנאשם נטל אחריות והביע חרטה עמוקה על מעורבותו בעבירה. מנגד הביא שירות המבחן את דברי הנאשם אשר תאר כי טס לברלין בתאום עם יאיר קוצר, אשר היה לקוח במסעדה שאותה ניהל הנאשם, לשם ייבוא בגדים בתמורה לשכר, וכי לא ידע על קיומם של הסמים במזוודה עד למעצרו. לדבריו לאחר קבלת המזוודה ובשל משקלה החריג, התעורר חשדו שאין מדובר בבגדים, ובשל כך התנגד לשאת עמו את המזוודה לישראל. בתגובה לכך האדם אשר מסר לידי הנאשם את המזוודה איים עליו בפגיעה בו ובמשפחתו אם לא יישא את המזוודה כמתוכנן לישראל. הנאשם הסביר את בחירתו להיענות להצעה לייבוא בגדים בקשיים כלכליים עמם התמודד. שירות המבחן התרשם מעמדה מיתממת, קורבנית וילדותית של הנאשם.",תסקירי שירות המבחן,תסקיר שירות מבחן,תסקיר שירות מבחן,תסקיר שירות מבחן,תסקיר שירות מבחן,תסקיר שירות מבחן
ME-18-04-16826-842,"הנאשם שולב בשיחות פרטניות, הגיע למפגשים עמו ושיתף פעולה כנדרש. שיתף בפתיחות וביטא רצון כן להשתקם. ניכר שהנאשם מצליח להיעזר בטיפול לצורך וויסות רגשותיו, נוכח התמודדותו עם מתחים ולחצים סביב ההליך המשפטי. בנוסף הנאשם הצליח לערוך בחינה ביקורתית של דפוסיו המכשילים אשר עמדו בבסיס ביצוע העבירה. נמסר שהנאשם צפוי להשתלב בטיפול קבוצתי לעוברי חוק. במהלך התקופה הנאשם ביצע בדיקות שתן שהיו נקיות מסמים. שירות המבחן התרשם מהנאשם כבעל אישיות ילדותית ובלתי בשלה, המתקשה לנהל את חייו באחריות ונוטה לפתרונות אימפולסיביים במצבי דחק. על רקע זה מוסבר ביצוע העבירה, שבוצעה בתקופה בה התמודד הנאשם עם לחצים כלכליים הנמשכים עד היום. לאורך השנים ערך הנאשם מאמץ להצגת מצג שווא של אדם עצמאי ונעדר קשיים תפקודיים, כשהוא מתקשה להיעזר בסביבתו. כגורמי סיכון מנה שירות המבחן את חומרת העבירה, נטייתו לפעול בפזיזות תוך עיסוק בצרכיו המידיים לצד הקושי שמגלה בהפניית צרכיו לסביבתו באופן מקדם. כגורמי סיכוי לשיקום מנה שירות המבחן את היותו נעדר הרשעות קודמות, תפקוד תעסוקתי יציב, האחריות שגילה לאורך הקשר עם שירות המבחן והמוטיבציה שביטא לעריכת שינוי באורח חייו. שירות המבחן התרשם שהנאשם מחויב להמשך הקשר עמם, ונחוש לערוך שינוי בדפוסיו המכשילים ולרכוש כלים להתמודדות מקדמת עם קשייו. לאור התרשמותם זו וההערכה שהמשך הליך השיקום נדרש לשם הפחתת הסיכון במצבו, המליץ שירות המבחן להטיל על הנאשם צו מבחן למשך שנה, במהלכו ימשיך בשיחות פרטניות וישולב בקבוצה וכן ימשך המעקב אחר שילובו בטיפול במסגרת בריאות הנפש. לצד זאת המליץ שירות המבחן על ענישה קונקרטית של עבודות שירות, כשצוין כי עונש של מאסר בפועל עלול לפגוע במאמציו ולהוביל להידרדרות במצבו.",תסקירי שירות המבחן,תסקיר שירות מבחן,תסקיר שירות מבחן,תסקיר שירות מבחן,תסקיר שירות מבחן,תסקיר שירות מבחן
ME-18-04-16826-842,"מזכר של משטרת ישראל מיום 28.3.18 (נ/1) -  המתאר שיחה שהתקיימה עם הנאשם בעניין שיתוף פעולה אפשרי מצדו, כשהוא ביטא חשש מפניו של האדם ששלח אותו לביצוע העבירה.",ראיות לעונש,ראיות לעונש,ראיות לעונש,ראיות לעונש,ראיות לעונש,ראיות לעונש
ME-18-04-16826-842,"מכתב מהנאשם הממוען לבית המשפט ולפרקליטות (נ/2) – במסגרתו הנאשם הציג את עצמו ואת ילדיו, הודה למשטרת ישראל על שעצרה אותו ובכך מנעה מהסמים להגיע לאנשים הצורכים סמים. עשה טעות בשוגג, לא ידע שזה מה שהוא הולך לעשות, קיבל איום על ילדיו. מתנצל על מעשיו. תאר את עצמו כאדם נורמטיבי, העובד באופן מסודר, אינו צורך סמים או אלכוהול, אב ל-4 ילדים ומשלם דמי מזונות. מתאר את סבלו בבית המעצר, מבקש להשתלב בטיפול כדי שיוכל להבין מדוע המקרה החריג הזה אירע לו. מבקש שלא ייגזר עליו עונש מאסר כדי שלא ישתנה לרעה.",ראיות לעונש,ראיות לעונש,ראיות לעונש,ראיות לעונש,ראיות לעונש,ראיות לעונש
ME-18-04-16826-842,דוח מערכת הוצאה לפועל – דוח תיקים לחייב (נ/3) – בו מפורטים חובותיו של הנאשם.,ראיות לעונש,ראיות לעונש,ראיות לעונש,ראיות לעונש,ראיות לעונש,ראיות לעונש
ME-18-04-16826-842,"מסמכים משפטיים בעניינו של קוצר (נ/4) – כתב אישום מתוקן, בקשה למעצר עד לתום ההליכים, גיליון רישום פלילי, פרוטוקול ובו הצגת הסדר טיעון, הכרעת דין וגזר דין בעניינו של קוצר (ת""פ (מח' מר') 16806-04-18 מדינת ישראל נ' קוצר [פורסם בנבו] [31.12.18]). באותו הליך הורשע קוצר בהסדר טיעון בעבירות של קשירת קשר והחזקת סמים לצריכה עצמית, ונדון ל-13 חודשי מאסר בפועל, תוך שנקבע כי העונש המוסכם והסדר הטיעון הם תוצאה של קושי ראייתי משמעותי אשר נוצר בתיק וזאת בעקבות חקירה נגדית אפקטיבית לעד התביעה המרכזי אשר נערכה על-ידי ב""כ הנאשם. יובהר כי עד התביעה המרכזי בעניינו של קוצר – הוא הנאשם כאן.",ראיות לעונש,ראיות לעונש,ראיות לעונש,ראיות לעונש,ראיות לעונש,ראיות לעונש
ME-18-04-16826-842,"מר אמיר מזרחי – חברו של הנאשם: מכיר את הנאשם מגיל ילדות, מזה כ-25 שנים. הנאשם איש אהוב, רגיש, מחובר לילדיו, עבד ב-3 מקומות עבודה כדי להשיג את שרצה. שוחחו רבות על המקרה. הנאשם אינו יודע כיצד הוא קשור למקרה, אך הוא לוקח אחריות ומבין את הטעות שעשה. אין בינו לבין המקרה קשר או קרבה, זה לא הדפוס שלו, והוא מבין שזה לא התחום שלו. הנאשם עובר טיפול בשירות המבחן, והוא לוקח אחריות. זו הייתה מעידה חד פעמית עבור הנאשם, הוא מעולם לא התקרב לעולם הפשע ותמיד רצה את הדרך הנקייה, לא מחפש קיצורי דרך ותמיד היה איש חרוץ וחבר נאמן. הנאשם הודה שהיו לו במזוודה סמים, הוא נקלע למצוקה כלכלית, יש לו 4 ילדים והוא עבד מאוד קשה.",ראיות לעונש,ראיות לעונש,ראיות לעונש,ראיות לעונש,ראיות לעונש,ראיות לעונש
ME-18-04-16826-842,"גב' שרה חדד – אמו של הנאשם: הנאשם הוא יד ימינה ועוזר לה. הוא מקיים קשר טוב עם ילדיו, שאינם יכולים בלעדיו. הנאשם היה עמה בבית לאחר שעברה ניתוח, הוא אף פעם לא הסתבך בפלילים, זו הפעם הראשונה וכולם היו בהלם. הוא אדם טוב, מתבייש במה שעשה. יש לו ילדים, אחד מהם החל בטיפול פסיכולוגי כשהוא נעצר, ועד היום לא חזר לעצמו.",ראיות לעונש,ראיות לעונש,ראיות לעונש,ראיות לעונש,ראיות לעונש,ראיות לעונש
ME-18-04-16826-842,"לטענת ב""כ המאשימה, עו""ד איריס פיקר, הערך החברתי שנפגע בעבירה הוא הגנה על הציבור מפני הנזקים הנלווים לשימוש בסמים. נזקי הסמים כוללים נזקים ישירים למכורים ונזקים עקיפים כתוצאה מביצוע העבירות כדי לממן רכישתם. ישנם נפגעים רבים מעבירות רכוש שנעברות כדי לממן את צריכת הסמים, עבירות אלימות ועוד. מידת הפגיעה בערך המוגן היא עצומה, בשל סוג הסם ומשקלו הרב. הנסיבות הקשורות לביצוע העבירה כוללות תכנון מוקדם. הנאשם טס לברלין ושב עם הסמים לישראל. העבירה בוצעה בעבור בצע כסף. הנאשם העיד נגד קוצר שקשר עמו את הקשר, התברר שעדותו אינה מהימנה, ולכן המאשימה נאלצה להגיע עם קוצר, משיקולים ראייתיים, להסדר נמוך בהרבה ממתחם העונש הראוי. הנזק שצפוי היה להיגרם הוא רב נוכח הכמות העצומה של הסמים. הנאשם היה מודע היטב לביצוע מעשיו, בניגוד לדבריו לשירות המבחן. הנאשם היה יכול לחדול מביצוע המעשים, אך הוא בחר להמשיך במשימת הייבוא. הנאשם מחק את האפליקציות שבאמצעותן התקשר עם משלחיו, ויש בכך בכדי לחזק את הטענה בדבר מודעותו של הנאשם לעבירה. הסיבה שהובילה אותו לביצוע העבירה היא בצע כסף. המאשימה עתרה למתחם עונש הנע בין 6 ל-9 שנות מאסר. בעניינו של הנאשם הוגשו שני תסקירים. הנאשם שיקר לשירות המבחן וסיפר שקוצר הציע לו לייבא עבורו בגדים, וכן כי האדם שמסר לו את מזוודת הסמים היה אלמוני שאיים עליו בפגיעה בילדיו. לטענתו עם שובו למלון חשד אולם לא היה בטוח שמדובר בסמים עד שנעצר. שירות המבחן התרשם מעמדה מיתממת, ובנקודה זו סבר שירות המבחן שיש צורך בהמשך טיפול, תוך שהתרשם שהנאשם מגיב באופן אימפולסיבי במצבי דחק, לצד קשיים כלכליים. בתסקיר השני שירות המבחן בא בהמלצה לצו מבחן ולעבודות שירות. המאשימה סבורה שמדובר בתסקיר בעייתי, שכן אין נטילת אחריות לביצוע העבירה. הנאשם ממשיך בגרסה שקרית מול שירות המבחן ואינו לוקח אחריות. גרסתו עומדת בניגוד לכתב האישום שבו הודה. טענתו של הנאשם מיתממת ומצמצמת. המאשימה עתרה למקם את עונשו של הנאשם בין השליש התחתון לאמצעו של מתחם העונש. לא היו בהליך זה חיסכון בזמן שיפוטי ונטילת אחריות ואין מקום לחריגה מטעמי שיקום. מנגד הנאשם נעדר עבר פלילי. בנוסף עתרה המאשימה להשית על הנאשם ענישה נלווית של מאסר על תנאי, קנס משמעותי וחילוט.",טיעוני הצדדים,טיעוני הצדדים,טיעוני הצדדים,טיעוני הצדדים,טיעוני הצדדים,טיעוני הצדדים
ME-18-04-16826-842,"לטענת ב""כ הנאשם, עו""ד אבי כהן, יש לחרוג ממתחם העונש מטעמי שיקום. לא ניתן להתעלם מהעונש שנגזר על קוצר, שהוא בעל עבר פלילי מכביד, שריצה עונשי מאסר. מכיוון שעדותו של הנאשם נגד קוצר לא הייתה טובה, הסדר הטיעון שגובש בעניינו של קוצר היה לעונש נמוך של 13 חודשי מאסר. קוצר הוא עבריין שסיבך את הנאשם, כך לפי כתב האישום. קוצר הוא זה שיצר קשר עם הנאשם, בהתאם לקשר – הנאשם הוא בלדר וקוצר הוא השולח. הנאשם נשלח לברלין, כשבמסגרת הקשר הנאשם וקוצר היו בקשר באפליקציות. הנאשם הוא השלוח של קוצר לקבלת הסם. הסם נתפס, ולא נגרם נזק. הנאשם היכה על חטא וקיבל אחריות. תמורת 10,000 ₪ הוא הרס את חייו. הנאשם נקלע למצב כלכלי מאוד קשה ומעד מעידה קשה. הנאשם אף הציע למשטרה להקליט את קוצר. בניגוד אליו קוצר שמר על זכות השתיקה. עונשו של הנאשם צריך להיגזר מעונשו של קוצר. שניהם נאשמים באותה פרשה, שניהם קשרו קשר. קוצר הואשם תחילה בייבוא סם, בהמשך עבירת הייבוא נמחקה. לא ראוי להטיל על הנאשם עונש חמור מזה שהוטל על קוצר, נוכח עברו הפלילי ושתיקתו בחקירה, כשהנאשם היה זה שהעיד נגד קוצר. קוצר לא עבר הליך שיקום. התסקירים בעניינו של הנאשם מאוד חיובים עם המלצות חיוביות. הנאשם נעדר עבר פלילי, חלפו שנתיים מאז ביצוע העבירה, הוא אב ל-4 ילדים קטנים. הנאשם אינו מסוכן לציבור. הנאשם שהה כ-3 חודשים במעצר ובהמשך לכך היה בפיקוח אלקטרוני. במשך כל התקופה הוא תפקד באופן חיובי. התסקירים מתארים את אישיותו של הנאשם, את המצוקה שבה היה נתון, המסוכנות שפחתה ואת היותו נקי מסמים. התסקיר הראשון מדבר על הבעת חרטה וקבלת אחריות. במשך יותר משנה הוא נמצא בטיפולים בשירות המבחן. שירות המבחן הסביר את הנזק הצפוי אם יכנס למאסר, שההליך הטיפולי ירד לטמיון והמליץ על צו מבחן. שירות המבחן מצא שזו המסגרת הטיפולית המתאימה למצבו, ולא היה צורך בקהילה טיפולית או מרכז יום. הטיפול עד כה מוכיח את עצמו. ההגנה עתרה להשית על הנאשם עונש של 9 חודשי עבודות שירות וצו מבחן. כמו כן הסכימה ההגנה לחילוט כמבוקש ועתרה שלא להשית על הנאשם קנס כספי.",טיעוני הצדדים,טיעוני הצדדים,טיעוני הצדדים,טיעוני הצדדים,טיעוני הצדדים,טיעוני הצדדים
ME-18-04-16826-842,"הנאשם טען ששגה בדרכו וטעה. היה שלושה חודשים במעצר. אינו רוצה לחזור לשם, זה אינו מקומו ולא דרכו וכן לא הערכים והחינוך שקיבל בביתו. מבקש הזדמנות.",טיעוני הצדדים,טיעוני הצדדים,טיעוני הצדדים,טיעוני הצדדים,טיעוני הצדדים,טיעוני הצדדים
ME-18-04-16826-842,"כתב האישום מתאר אירוע אחד, ומכאן שיש לקבוע בגינו מתחם עונש הולם אחד.",דיון - קביעת מתחם העונש ההולם,דיון והכרעה,דיון והכרעה,דיון והכרעה,דיון והכרעה,דיון והכרעה
ME-18-04-16826-842,"הערכים החברתיים שנפגעו מביצוע העבירה הם הגנה על בריאות הציבור ושלומו מפני הנזקים הנלווים לשימוש בסמים מסוכנים. נזקי הסמים כוללים נזקים ישירים למכורים לסמים, אשר פעמים רבות נופלים כנטל על החברה, ונזקים עקיפים שנגרמים כתוצאה מביצוע עבירות על ידי המכורים לסמים לשם מימון רכישת הסמים. בית המשפט העליון עמד על חומרתן של עבירות הסמים, לרבות עבירה של ייבוא סם מסוכן, ובפרט כאשר מדובר בכמויות גדולות של סמים קשים, ובהם סם מסוג קוקאין אשר נמנה על הקשים שבסמים. הענישה בעבירות אלה נועדה בעיקרה לשרת את עקרון ההלימה וכן להעביר מסר חד משמעי של הרתעה ביחס לעבריינים פוטנציאליים. הצורך בענישה מחמירה של מבצעי עבירות סמים נועדה לתמוך במאבק בנגע הסמים. כדי לקיים את עקרון ההלימה בעבירות סמים, יש להתאים את העונש לחומרת המעשים אשר נמדדת בבחינת אופי העבירה, חלקו של הנאשם בביצועה, סוג הסם וכמותו. בעבירות סמים יש כמובן מקום לקחת בחשבון גם את נסיבותיו האישיות של הנאשם, אך הדגש בגזירת העונש הוא על המעשה, וככלל נסיבותיו האישיות של נאשם ייסוגו בפני האינטרס הציבורי שבהטלת ענישה מחמירה בגין עבירות מסוג זה (ראו דברי כב' השופט נ' הנדל בע""פ 6548/17 לבדב נ' מדינת ישראל [פורסם בנבו] [30.1.18], וכב' השופט י' אלרון בע""פ 8048/19 פיצ'חדזה נ' מדינת ישראל [פורסם בנבו] [4.6.20]).",דיון - קביעת מתחם העונש ההולם,דיון והכרעה,דיון והכרעה,דיון והכרעה,דיון והכרעה,דיון והכרעה
ME-18-04-16826-842,"בית המשפט העליון חזר והדגיש את החומרה שיש לנקוט כלפי כל המעורבים בשרשרת הפצת הסם, לרבות כלפי בלדרי סמים אשר אינם ניצבים בראש ההיררכיה, ואשר מתפתים להצעות מפתות לרווחים קלים. מערכת הפצת הסמים נסמכת בחלקה על בלדרים אשר מייבאים את הסמים לישראל, ואותם בלדרים מהווים חוליה משמעותית בייבוא הסמים לישראל. לפיכך, אין מנוס אלא להחמיר גם בעונשם של הבלדרים כדי להיאבק בתופעת יבוא הסמים הקשים לישראל (ע""פ 7044/11 עבד נ' מדינת ישראל [פורסם בנבו] [17.6.12]).",דיון - קביעת מתחם העונש ההולם,דיון והכרעה,דיון והכרעה,דיון והכרעה,דיון והכרעה,דיון והכרעה
ME-18-04-16826-842,"בחינת מידת הפגיעה בערך המוגן מובילה למסקנה כי הפגיעה בערך המוגן היא ברף גבוה נוכח סוג הסם (קוקאין) שהוא מהקשים שבסמים וכן נוכח הכמות המשמעותית (7.935 ק""ג). הקוקאין נחשב, ולא בכדי, לסם קשה. זאת הן בשל השפעותיו על גוף האדם, והן בשל פוטנציאל ההתמכרות הגבוה שטמון בו, והצורך של המכורים לכמויות הולכות וגדלות של סם, תוך שהמכורים מבצעים עבירות כדי לממן את השימוש בסמים, ועקב כך נגרמת פגיעה בחברה כולה (ראו דברי כב' השופט נ' הנדל בע""פ 972/11 מדינת ישראל נ' יונה [פורסם בנבו] [4.7.12]).",דיון - קביעת מתחם העונש ההולם,דיון והכרעה,דיון והכרעה,דיון והכרעה,דיון והכרעה,דיון והכרעה
ME-18-04-16826-842,"במסגרת הנסיבות הקשורות בביצוע העבירה (סעיף 40 ט' לחוק), יש לתת את הדעת לכך שלעבירה קדם תכנון. קוצר קשר עם הנאשם קשר לייבוא סם לישראל. לשם כך ובמסגרת הקשר הנאשם טס לברלין שם קיבל לידיו מזוודה ובה מוטמנים הסמים. במהלך תקופת שהותו בברלין, הנאשם עמד בקשר עם קוצר ושב לישראל עם מזוודת הסמים. אף שקוצר היה זה שקשר את הקשר עם הנאשם, הנאשם הוא זה שטס לברלין, קיבל לידיו את הסמים והביאם לישראל. הנאשם אמנם מילא תפקיד של בלדר בלבד – הוא אינו המשלח ואינו סוחר הסמים שעתיד היה לקבל את הסמים ולהפיצם בישראל – אולם בתיקים מסוג זה, חלקם של הבלדרים הוא משמעותי וחיוני לביצוע העבירה. הבלדרים נמצאים אמנם במקום נמוך בהיררכיית העבריינות המייבאת את הסם לישראל, אך מהווים חוליה משמעותית בשרשרת ייבוא הסם. הנזק שצפוי היה להיגרם מהעבירה הוא רב, לנוכח סוג הסם (קוקאין), כמותו (7.935 ק""ג) ושוויו הרב (למעלה מ-2.7 מיליון ₪). אלמלא נתפס הסם על ידי המשטרה, הרי שהיה נכנס לישראל ומופץ ברחובותיה, וכתוצאה מכך היה עלול להיגרם נזק רב, כיוון שסמים ובפרט מסוג זה, הם מחוללי פשיעה. הנאשם ביצע את העבירה בעבור בצע כסף.",דיון - קביעת מתחם העונש ההולם,דיון והכרעה,דיון והכרעה,דיון והכרעה,דיון והכרעה,דיון והכרעה
ME-18-04-16826-842,"בהקשר זה יש לדחות מכל וכל את הדברים שאמר הנאשם לשירות המבחן בתסקיר הראשון ואשר עליהם חזר בבית-המשפט, לפיהם עד למועד שבו נעצר לא עלה בדעתו כי מדובר בסמים. טענה זו עומדת בסתירה לכתב האישום המתוקן שבו הודה הנאשם, ואף חזר והודה בו לאחר שנושא זה בורר עמו בבית המשפט. כפי שהתרשם שירות המבחן – מדובר בעמדה מיתממת, קורבנית וילדותית.",דיון - קביעת מתחם העונש ההולם,דיון והכרעה,דיון והכרעה,דיון והכרעה,דיון והכרעה,דיון והכרעה
ME-18-04-16826-842,בחינת מדיניות הענישה הנוהגת מעלה כי במקרים דומים הוטלו על נאשמים עונשי מאסר במנעד רחב כמפורט להלן:,דיון - קביעת מתחם העונש ההולם,דיון והכרעה,דיון והכרעה,דיון והכרעה,דיון והכרעה,דיון והכרעה
ME-18-04-16826-842,"בע""פ 10101/17‏ טאקץ נ' מדינת ישראל [פורסם בנבו] (23.4.18) נדחה ערעורו של נאשם אשר הורשע בביצוע עבירה של ייבוא סם מסוכן. הנאשם, אזרח אוקראינה, טס ארצה כשהוא נושא בתוך מזוודתו סם מסוכן מסוג קוקאין במשקל של 6.15 ק""ג. בית המשפט המחוזי קבע  מתחם עונש אשר נע בין 5.5-9 שנות מאסר. הנאשם נידון לעונש מאסר בן 6 שנים ו-6 חודשים.",דיון - קביעת מתחם העונש ההולם,דיון והכרעה,דיון והכרעה,דיון והכרעה,דיון והכרעה,דיון והכרעה
ME-18-04-16826-842,"בע""פ 1256/18 זאודי נ' מדינת ישראל [פורסם בנבו] (7.6.18), קיבל בית המשפט את ערעורו של נאשם אשר הורשע, לאחר הליך הוכחות, בביצוע עבירה של יבוא סם מסוכן. הנאשם טס לישראל והביא עמו במזוודה סם מסוג קוקאין במשקל 7 ק""ג. בית המשפט המחוזי קבע מתחם העונש הנע בין 5.5-8.5 שנות מאסר. הנאשם צעיר בעל עבר פלילי לא מכביד נדון לעונש של 6.5 שנות מאסר לצד ענישה נלווית. בית המשפט העליון הקל בעונשו של הנאשם ל-6 שנות מאסר בפועל (כולל הפעלת מאסר על תנאי בחופף).",דיון - קביעת מתחם העונש ההולם,דיון והכרעה,דיון והכרעה,דיון והכרעה,דיון והכרעה,דיון והכרעה
ME-18-04-16826-842,"בע""פ 6886/17 מרסל נ' מדינת ישראל [פורסם בנבו] (24.4.18), נדחה ערעורו של נאשם אשר הורשע על פי הודאתו בעבירות של ייבוא סם מסוכן וקשירת קשר. הנאשם קשר עם אחר קשר לייבוא סמים לישראל, קיבל מהאחר מזוודה ונחת בישראל עם המזוודה ובה סם מסוג קוקאין במשקל של 3 ק""ג. בית המשפט המחוזי קבע מתחם עונש הנע בין 4 ל-7 שנות מאסר והשית על הנאשם 56 חודשי מאסר בפועל. בית המשפט העליון דחה את הערעור תוך שהתייחס לחומרה הרבה בעבירות שתכליתן להחדיר סמים לישראל ובפרט סם מסוג קוקאין ובמשקל גדול.",דיון - קביעת מתחם העונש ההולם,דיון והכרעה,דיון והכרעה,דיון והכרעה,דיון והכרעה,דיון והכרעה
ME-18-04-16826-842,"בע""פ 671/19 אבוטבול נ' מדינת ישראל [פורסם בנבו] (7.10.19), דחה בית המשפט העליון ערעורו של נאשם אשר הורשע על פי הודאתו בעבירות של ייבוא סם והחזקת סם שלא לצריכה עצמית. הנאשם שב לישראל שבאמתחתו מזוודה בעלת תחתית כפולה ובה סם מסוג קוקאין במשקל של 7 ק""ג. בית המשפט המחוזי קבע מתחם עונש הנע בין 4.5 ל-7.5 שנות מאסר. הנאשם צעיר ללא עבר פלילי השתלב בטיפול גמילה ובית המשפט חרג ממתחם העונש משיקולי שיקום והשית על הנאשם עונש של 50 חודשי מאסר בפועל.",דיון - קביעת מתחם העונש ההולם,דיון והכרעה,דיון והכרעה,דיון והכרעה,דיון והכרעה,דיון והכרעה
ME-18-04-16826-842,"בע""פ 1159/20 בוירסקי נ' מדינת ישראל [פורסם בנבו] (18.5.20), דחה בית המשפט העליון ערעורו של נאשם אשר הורשע על פי הודאתו בעבירה של ייבוא סם מסוכן. הנאשם שב לישראל מצרפת והביא עמו מזוודה ובה סם מסוג MDMA במשקל של 7.2 ק""ג וסם מסוג קוקאין במשקל של 1.01 ק""ג. בית המשפט המחוזי קבע מתחם עונש הנע בין 4.5 ל-7.5 שנות מאסר בפועל. בית המשפט חרג ממתחם העונש משיקולי שיקום לאחר שהנאשם סיים בהצלחה טיפול גמילה מסמים במסגרת קהילה טיפולית והשית על הנאשם עונש של 28 חודשי מאסר בפועל.",דיון - קביעת מתחם העונש ההולם,דיון והכרעה,דיון והכרעה,דיון והכרעה,דיון והכרעה,דיון והכרעה
ME-18-04-16826-842,"בת""פ (מח' מר') 42761-01-18 מדינת ישראל נ' המלי [פורסם בנבו] (28.5.19) הורשע נאשם על פי הודאתו בעבירה של יבוא סם מסוכן. הנאשם נכנס לישראל כשבמזוודתו 9 ק""ג קוקאין ו- 960 גרם MDMA, וזאת בתמורה לסכום של 3,000 $. נקבע מתחם שבין 5.5 ל-8.5 שנות מאסר בפועל, והנאשם נדון למאסר בפועל למשך 6 שנים ו-3 חודשים.",דיון - קביעת מתחם העונש ההולם,דיון והכרעה,דיון והכרעה,דיון והכרעה,דיון והכרעה,דיון והכרעה
ME-18-04-16826-842,"בת""פ (מח' מר') 19902-12-16 מדינת ישראל נ' ואזנה [פורסם בנבו] (16.10.17), הורשע נאשם על פי הודאתו בעבירה של ייבוא סם מסוכן. הנאשם נכנס לישראל בטיסה מפרנקפורט ונשא עמו מזוודה ובה סם מסוג קוקאין במשקל של 6.17 ק""ג. בית המשפט קבע מתחם עונש הנע בין 4.5 ל-7.5 שנות מאסר. הנאשם בעל עבר פלילי לא מכביד, השתלב בטיפול שירות המבחן נדון לעונש של 57 חודשי מאסר בפועל.",דיון - קביעת מתחם העונש ההולם,דיון והכרעה,דיון והכרעה,דיון והכרעה,דיון והכרעה,דיון והכרעה
ME-18-04-16826-842,"בת""פ (מח' מר') 4435-11-17 מדינת ישראל נ' ברוקס [פורסם בנבו] (13.5.20), הורשע נאשם על פי הודאתו בעבירות של קשירת קשר לביצוע פשע וייבוא סם מסוכן. הנאשם שב לישראל בטיסה מפרנקפורט והביא עמו מזוודה המכילה סם מסוג קוקאין במשקל של 5 ק""ג. בית המשפט קבע מתחם עונש הנע בין 4.5 ל-7.5 שנות מאסר. בית המשפט החליט לחרוג ממתחם העונש משיקולי שיקום לאחר שהנאשם השלים טיפול גמילה בקהילה טיפולית ובהוסטל והשית על הנאשם עונש של 42 חודשי מאסר בפועל.",דיון - קביעת מתחם העונש ההולם,דיון והכרעה,דיון והכרעה,דיון והכרעה,דיון והכרעה,דיון והכרעה
ME-18-04-16826-842,"בת""פ (מח' מר') 22433-05-18 מדינת ישראל נ' קליין [פורסם בנבו] (31.12.19), הורשע נאשם על פי הודאתו בעבירות של יבוא סם מסוכן והחזקת סם לצריכה עצמית. הנאשם הביא לישראל מזוודה שהכילה 4 ליטר סם מסוג קוקאין במצב נוזלי. נקבע מתחם שבין 45 חודשי ועד 75 חודשי מאסר בפועל. הנאשם נדון ל-45 חודשי מאסר בפועל.",דיון - קביעת מתחם העונש ההולם,דיון והכרעה,דיון והכרעה,דיון והכרעה,דיון והכרעה,דיון והכרעה
ME-18-04-16826-842,"בת""פ (מח' מר') 22140-04-18 מדינת ישראל נ' מוסקוביץ [פורסם בנבו] (16.9.19), הורשע נאשם על פי הודאתו בעבירות של יבוא סם מסוכן והחזקת סם לצריכה עצמית. הנאשם הגיע לישראל בטיסה מבוקרשט והביא עמו במזוודה סם מסוג קוקאין במשקל של 6 ק""ג. בית המשפט קבע מתחם עונש הנע בין 4 ל-7 שנות מאסר, חרג ממתחם העונש משיקולי שיקום והשית על הנאשם עונש של 24 חודשי מאסר בפועל.",דיון - קביעת מתחם העונש ההולם,דיון והכרעה,דיון והכרעה,דיון והכרעה,דיון והכרעה,דיון והכרעה
ME-18-04-16826-842,"בהתאם לתיקון 113 לחוק העונשין (סעיף 40 יג'), אני קובע כי מתחם העונש ההולם הוא החל מ-4.5 ועד ל-7.5 שנות מאסר בפועל.",דיון - קביעת מתחם העונש ההולם,דיון והכרעה,דיון והכרעה,דיון והכרעה,דיון והכרעה,דיון והכרעה
ME-18-04-16826-842,"במקרה דנן, לא קיימים שיקולים אשר מצדיקים חריגה מהמתחם, לחומרה או לקולה.  הנאשם שולב בטיפול קבוצתי לעצורי בית בשלב פיקוח המעצר וכן החל בטיפול נפשי כפי שהומלץ לו. בחודש דצמבר 19' שולב בטיפול פרטני בשירות המבחן. שירות המבחן ציין את הגעתו הסדירה למפגשים, ורצונו הכן להשתקם, תוך שמצליח להיעזר בטיפול לצורך וויסות רגשותיו וקידום מצבו כמו גם לערוך התבוננות ביקורתית ומעמיקה באשר לדפוסיו המכשילים. מעבר לכך ציין שירות המבחן את נטילת האחריות מצדו על ביצוע העבירה, וזאת בפער לדבריו בפני שירות המבחן ובהמשך לכך בבית המשפט, המבטאים חוסר נטילת אחריות ממשית והיעדר התבוננות ביקורתית על מעשיו ובחירותיו. נראה שמדובר בשלב ראשוני של ההליך הטיפולי ולא ניתן לקבוע כי יש בכך שיקום משמעותי של הנאשם או סיכוי ממשי לשיקום כדרישת החוק לשם חריגה ממתחם העונש כנדרש בהתאם לסעיף 40 ד' בחוק.",דיון - קביעת מתחם העונש ההולם,דיון והכרעה,דיון והכרעה,דיון והכרעה,דיון והכרעה,דיון והכרעה
ME-18-04-16826-842,"ההליך הטיפולי שעבר הנאשם בשירות המבחן, אשר כולל שיחות קבוצתיות ופרטניות, אינו מאוד משמעותי, וכך גם תוצאת הטיפול אינה שינוי משמעותי בהלך נפשו של הנאשם, באופן אשר יצדיקו חריגה מהמתחם משיקולי שיקום. אכן, לשם חריגה משיקולי שיקום, אין הכרח שהנאשם יהיה מלכתחילה מכור לסמים או שהעבירה תתבצע בשל התמכרות כלשהי, ואין הכרח שההליך השיקומי יהיה במסגרת טיפולית סגורה וממושכת, אלא כל מקרה יש לבחון לפי נסיבותיו. עם זאת, בנסיבות מקרה דנן, לא התרשמתי מהליך שיקומי משמעותי אשר הוביל לשינוי משמעותי בדרך החשיבה של הנאשם ולנטילת אחריות מלאה על מעשיו, באופן אשר יצדיקו חריגה מהמתחם (ראו והשוו דברי כב' השופטת ד' ברק ארז בע""פ 6637/17 קרנדל נ' מדינת ישראל [פורסם בנבו] [18.4.18]). בהקשר זה אין הלימה בין תוכן התסקירים לבין המלצת שירות המבחן. עם זאת, יש לקחת בחשבון את שיתוף הפעולה של הנאשם עם שירות המבחן, כמפורט בתסקירים, במסגרת גזירת עונשו של הנאשם בגדרי המתחם.",דיון - קביעת מתחם העונש ההולם,דיון והכרעה,דיון והכרעה,דיון והכרעה,דיון והכרעה,דיון והכרעה
ME-18-04-16826-842,"בגזירת העונש המתאים לנאשם, בגדרי מתחם העונש ההולם, יש להתחשב בנסיבות שאינן קשורות בביצוע העבירה (סעיף 40 יא'). במסגרת זו מן הראוי לתת את הדעת לכך שמדובר בנאשם כבן 42, גרוש ואב ל-4 ילדים, נעדר עבר פלילי. מובן שעונש מאסר ממושך יקשה על הנאשם בהיותו במאסר לראשונה בחייו וכן על ילדיו נוכח הריחוק מאביהם וחוסר יכולתו לתמוך בהם כלכלית. הנאשם הודה בביצוע העבירה, אף שבפני שירות המבחן ובהמשך גם בפני בית המשפט, התקשה בנטילת אחריות למעשיו בעבירה והציג עמדה מיתממת וקורבנית. הנאשם שיתף פעולה עם שירות המבחן כבר משלב פיקוח המעצר, הגיע באופן סדיר למפגשים עמו ושיתף פעולה כנדרש. עוד נתתי דעתי לחלוף הזמן מעת ביצוע העבירה לפני למעלה משנתיים, לתקופה המעצר שבה שהה הנאשם למשך חודשיים וחצי ולאחר מכן לשהותו בתנאים מגבילים.",גזירת העונש המתאים לנאשם,דיון והכרעה,דיון והכרעה,דיון והכרעה,דיון והכרעה,דיון והכרעה
ME-18-04-16826-842,"עקרון אחידות הענישה – עקרון האחידות בענישה הוא עקרון יסוד במשפט הפלילי אשר נועד להבטיח שוויון בפני החוק ולמנוע שרירותיות בענישה. עקרון זה מורה כי יש להחיל שיקולי ענישה דומים על מי שביצעו עבירות דומות במהותן, בנסיבות דומות וכשהם בעלי נסיבות אישיות דומות. עקרון זה מקבל משנה חשיבות כאשר מדובר בנאשמים באותה פרשה. במצב דברים זה, ככלל, מצדיק עקרון אחידות הענישה הטלת עונשים דומים על מי שביצעו מעשים דומים וכן שמירה על יחס של שקילות בין מבצעים שונים של העבירה בהתאם לחלקו היחסי של כל אחד מהם (כב' השופט י' דנציגר בע""פ 2580/14 חסן נ' מדינת ישראל [פורסם בנבו] [23.9.14]). עם זאת, ""העיקרון של אחדות הענישה דורש השוואה בין עונשים ראויים, ואין לראות בו פלטפורמה להנצחת טעויות ולשכפול העיוותים"" (דברי כב' השופט שטיין בע""פ 1392/20 גאבר נ' מדינת ישראל [פורסם בנבו] [24.6.20]).",גזירת העונש המתאים לנאשם,דיון והכרעה,דיון והכרעה,דיון והכרעה,דיון והכרעה,דיון והכרעה
ME-18-04-16826-842,"ב""כ הנאשם טען כי יש לגזור את עונשו של הנאשם מעונשו של המעורב הנוסף בפרשה, קוצר, שעניינו נדון בת""פ 16806-04-18 מדינת ישראל נ' קוצר [פורסם בנבו] (31.12.18). לטענת ב""כ הנאשם קוצר היה מחולל העבירה ואילו הנאשם היה השלוח, וכן קוצר הוא בעל עבר פלילי מכביד, אשר אף שמר על זכות השתיקה בחקירה, ומכאן לטענתו שאין להחמיר עם הנאשם מעבר לעונש אשר הוטל על קוצר.",גזירת העונש המתאים לנאשם,דיון והכרעה,דיון והכרעה,דיון והכרעה,דיון והכרעה,דיון והכרעה
ME-18-04-16826-842,"לאחר שבחנתי את הטענה, סבורני כי לא ניתן לקבלה. בשונה מהנאשם, קוצר הורשע בעבירה של קשירת קשר לביצוע פשע ובהחזקת סם לצריכה עצמית, ולא בייבוא הסם. הנאשם אשר העיד במשפטו של קוצר כעד התביעה המרכזי, נמצא בלתי אמין. בעקבות קשיים משמעותיים במהימנותו, אשר נתגלו במהלך חקירתו הנגדית של הנאשם, הגיעה המאשימה להסדר טיעון שבמסגרתו תוקן כתב האישום לקולה, והוסכם כי הצדדים יעתרו במשותף ל-13 חודשי מאסר בפועל. במסגרת הטיעונים לעונש בעניינו של קוצר, נטען על ידי ב""כ המאשימה שהנאשם אינו עד מהימן, אינו דוגל באמירת אמת ובכלל זה במידת מעורבותו ופעילותו בתחום ייבוא הסמים. על רקע קושי ראייתי משמעותי זה בעדותו של עד התביעה המרכזי בתיק קוצר – שהוא הנאשם בתיק הנוכחי – תוקן כתב האישום ונערך הסדר הטיעון המקל עד מאוד עם קוצר. בגזר הדין נקבע שהעונש שעליו הסכימו הצדדים, שונה בתכלית מרף הענישה המקובל בעבירות מסוג זה וכי הענישה בתיקים מסוג זה מחמירה באופן משמעותי מהעונש שעליו הוסכם. בית המשפט קיבל את הסדר הטיעון, לאור הקשיים הראייתיים במהימנותו של הנאשם, ועל קוצר הוטל עונש מוסכם של 13 חודשי מאסר בפועל לצד ענישה נלווית. אילו הייתה מתקבלת טענת האחידות בענישה של הנאשם – היה נוצר מצב אבסורדי שבו הנאשם, אשר חטא בכך שלא דבק באמת במסגרת עדותו בבית המשפט, היה יוצא נשכר מהתנהגותו זו.",גזירת העונש המתאים לנאשם,דיון והכרעה,דיון והכרעה,דיון והכרעה,דיון והכרעה,דיון והכרעה
ME-18-04-16826-842,"במצב דברים זה, סבורני שיש לדחות את טענת ההגנה לאחידות בענישת הנאשם מול עונשו של קוצר, ואין בעונש המקל שהוטל על קוצר, כדי להשליך על עונשו של הנאשם.",גזירת העונש המתאים לנאשם,דיון והכרעה,דיון והכרעה,דיון והכרעה,דיון והכרעה,דיון והכרעה
ME-18-04-16826-842,"עוד יש לתת את הדעת לשיקול הרתעת היחיד בגדרו של המתחם, וזאת בשים לב לקשייו של הנאשם בנטילת אחריות לביצוע העבירה, והתרשמות שירות המבחן שהנאשם מתקשה לנהל את חייו באחריות ונוטה לפתרונות אימפולסיביים במצבי דחק.",גזירת העונש המתאים לנאשם,דיון והכרעה,דיון והכרעה,דיון והכרעה,דיון והכרעה,דיון והכרעה
ME-18-04-16826-842,"באיזון בין השיקולים השונים, סבורני כי יש לגזור על הנאשם עונש ברף התחתון של מתחם העונש. בהסכמת הצדדים, יש הורות על חילוט בהתאם למבוקש בכתב האישום. לנוכח תקופת המאסר הממושכת ומצבו הכלכלי של הנאשם סבורני שיש להימנע מהטלת קנס כספי.",גזירת העונש המתאים לנאשם,דיון והכרעה,דיון והכרעה,דיון והכרעה,דיון והכרעה,דיון והכרעה
ME-18-04-16826-842,"ארבע וחצי שנות מאסר בפועל, בניכוי ימי מעצרו מיום 28.3.18 עד 16.6.18.","אשר על-כן, הנני גוזר על הנאשם את העונשים הבאים:",דיון והכרעה,דיון והכרעה,דיון והכרעה,דיון והכרעה,דיון והכרעה
ME-18-04-16826-842,"הנאשם יתייצב לריצוי מאסרו בבית הסוהר הדרים ביום 6.2.20 עד השעה 10:00, כשברשותו תעודת זהות או דרכון. על הנאשם לתאם את הכניסה למאסר, כולל האפשרות למיון מוקדם, עם ענף אבחון ומיון של שב""ס, טלפון: 08-9787377, 08-9787336.","אשר על-כן, הנני גוזר על הנאשם את העונשים הבאים:",דיון והכרעה,דיון והכרעה,דיון והכרעה,דיון והכרעה,מידע אחר
ME-18-04-16826-842,"12 חודשי מאסר על תנאי, לבל יעבור הנאשם במשך 3 שנים מיום שחרורו ממאסר כל עבירת סמים מסוג פשע.","אשר על-כן, הנני גוזר על הנאשם את העונשים הבאים:",דיון והכרעה,דיון והכרעה,דיון והכרעה,דיון והכרעה,דיון והכרעה
ME-18-04-16826-842,אני מורה על חילוט הכסף שנתפס ברשות הנאשם (176.40 ₪ ו- 910 אירו) ועל חילוט הטלפונים הניידים ומחשב נייד מסוג HP כמפורט בבקשה לחילוט בכתב האישום. החילוט יועבר לטובת הקרן לפי פקודת הסמים.,"אשר על-כן, הנני גוזר על הנאשם את העונשים הבאים:",דיון והכרעה,דיון והכרעה,דיון והכרעה,דיון והכרעה,דיון והכרעה
ME-18-04-16826-842,לאחר היות גזר הדין חלוט – הסמים יושמדו.,"אשר על-כן, הנני גוזר על הנאשם את העונשים הבאים:",דיון והכרעה,דיון והכרעה,דיון והכרעה,דיון והכרעה,מידע אחר
ME-18-09-809-412,"אורן גזל-אייל, ""חריגה ממתחם העונש ההולם"", ספר דורית ביניש,  (אונ' בר אילן, נבו, 2018) 539",nothing,מידע אחר,מידע אחר,מידע אחר,מידע אחר,מידע אחר
ME-18-09-809-412,"יניב ואקי, יורם רבין, ""הבניית שיקול הדעת השיפוטי בענישה: תמונת מצב והרהורים על העתיד לבוא"", הפרקליט, נב (תשע""ד) 413",nothing,מידע אחר,מידע אחר,מידע אחר,מידע אחר,מידע אחר
ME-18-09-809-412,"פקודת הסמים המסוכנים [נוסח חדש], תשל""ג-1973: סע'  7.א., 7.ג, 10",nothing,מידע אחר,מידע אחר,מידע אחר,מידע אחר,מידע אחר
ME-18-09-809-412,"חוק העונשין, תשל""ז-1977: סע'  40(ט), 40ג(א), 40ד, 40ו, 40ז, 40ט, 45(ב), 40יא, 40יא(2), 40יג(א)",nothing,מידע אחר,מידע אחר,מידע אחר,מידע אחר,מידע אחר
ME-18-09-809-412,"ביום 16.4.2019 הורשע הנאשם, על יסוד הודאתו בכתב אישום מתוקן, במסגרת הסדר דיוני בתום הליך גישור (לפני כב' השופט בני שגיא), בביצוע עבירות של החזקת סם שלא לצריכה עצמית, לפי סעיף 7(א)+(ג) רישא לפקודת הסמים המסוכנים [נוסח חדש], התשל""ג-1973 (להלן: ""פקודת הסמים המסוכנים""); והחזקת כלים, לפי סעיף 10 לפקודת הסמים המסוכנים.",האישום וההרשעה,עובדות המקרה,עובדות המקרה,עובדות המקרה,עובדות המקרה,עובדות המקרה
ME-18-09-809-412,"בכתב האישום המתוקן נכתב כי ביום 16.8.2018 בשעה 9:15 בקירוב, החזיק הנאשם בביתו שברחוב המרגנית 16 חולון, סם מסוכן מסוג קוקאין, במשקל כולל של 55 גרם נטו, כשהוא מחולק ל-38 מנות; משקל אלקטרוני; וכסף מזומן בסך כולל של 4,250 ₪. במעשיו אלה, החזיק הנאשם בסם מסוכן מסוג קוקאין שלא לצריכה עצמית ובכלים ללא רשות על פי דין.",האישום וההרשעה,עובדות המקרה,עובדות המקרה,עובדות המקרה,עובדות המקרה,עובדות המקרה
ME-18-09-809-412,"ב""כ המאשימה, עו""ד חגי בנימין, עתר למתחם ענישה שבין 36 לבין 60 חודשי מאסר בפועל, וטען כי יש להשית על הנאשם מאסר בפועל לפי החלק העליון של השליש התחתון של במתחם הנטען, מאסר מותנה וענישה כלכלית בדמות קנס שלא יפחת מ- 10,000 ₪. ב""כ המאשימה עמד בטיעוניו על חומרת העבירות בהן הורשע הנאשם, והדגיש כי הסם שנתפס בחזקת הנאשם הוא מהמסוכנים מבין הסמים, בכמות גדולה, אשר הוחזק על ידי הנאשם כשהוא מחולק למנות. ב""כ המאשימה הציג את גיליון הרשעותיו של הנאשם (ת/1), הכולל 2 הרשעות קודמות בעבירות ניסיון לתקיפת אדם לשם שוד ועבירה של שוד מזוין באלימות, בגינן הושת עליו, בין היתר, 20 חודשי מאסר בפועל. בנוסף, הורשע הנאשם בעבירה של  החזקת עובד זר, בגינה הושת עליו עונש של עבודות של""צ, אותו סיים לבצע אך בעת האחרונה, במהלך ניהול תיק זה. נטען כי לאור עברו של הנאשם וחרף ההזדמנות שניתנה לנאשם על ידי בית המשפט לשקם את אורחות חייו, הוא לא השכיל לחזור למוטב, ובחר להמשיך לעסוק בפלילים. ב""כ המאשימה התייחס לתסקיר שירות המבחן וטען כי המלצתו להטלת של""צ בלבד הינה תלושה ולא תואמת את נסיבות המקרה ונסיבותיו של הנאשם. נטען כי הרקע לביצוע העבירות אינו התמכרות הנאשם לסמים, אלא מניעים כלכליים לאור חובותיו הכבדים של הנאשם וכפי העולה מאופן החזקת הסם. בהקשר זה, ציטט התובע מהודעתו של הנאשם במסגרת החקירה, שם מסר כך: ""נקלעתי לחובות מאד כבדים בשוק האפור ואני לא מצליח לעמוד, מדובר במאות אלפים ולא בעשרות אלפים ואני על בסיס קבוע מאוים..."". לאור האמור, צוין כי טיבו וטבעו של הטיפול שעבר הנאשם בשירות המבחן אינו מצדיק סטייה ממתחם הענישה ההולם. ב""כ המאשימה הפנה לפסיקת בית המשפט העליון הדנה באיזון והיחס שבין מידת הסטייה מהמתחם לבין נימוקים והוכחות כבדי משקל שיש להידרש אליהם, כך שככל שהסטייה גדולה יותר על בית המשפט להידרש להוכחות טובות יותר ובשיקום קונקרטי יותר. לעניין זה, נטען כי במקרה דנא לא ניתן לומר שהנאשם עבר שיקום קונקרטי שמצדיק סטייה מהמתחם. ב""כ המאשימה ציין לטובת הנאשם כי הוא הודה במיוחס לו, חסך בזמן שיפוטי, קיבל אחריות על מעשיו, והשתתף במסגרות טיפוליות בפיקוח שירות המבחן. הוצגה פסיקה רלוונטית.",ראיות וטיעוני הצדדים לעונש,טיעוני הצדדים,ראיות לעונש,טיעוני הצדדים,טיעוני הצדדים,טיעוני הצדדים
ME-18-09-809-412,"ב""כ הנאשם, עו""ד אסף דוק, עתר לאפשר לנאשם להמשיך במסגרות שיקומיות ולאמץ את המלצת שירות המבחן ולהסתפק בצווי של""צ ומבחן; לחלופין התבקש להטיל מאסר בדרך של עבודות שירות. צוין כי הנאשם צעיר, אב טרי לשני ילדים קטינים, בעל עסק שנכשל ובעקבות כך הפסיד מאות אלפי שקלים. נטען כי אין לנאשם עבר פלילי רלוונטי בתחום הסמים, ושתי הרשעותיו הקודמות היו מהתקופה לפני שרקם את חייו, בגינן לקח אחריות ואף השלים את עבודות השל""צ אשר הוטלו עליו בגין הרשעתו האחרונה משנת 2017. נטען כי הנאשם החזיק בסמים באירוע בודד, שהתרחש לפני למעלה משנה. נטען כי הנאשם שיתף פעולה מהרגע הראשון שנכנסו השוטרים לביתו, והראה להם היכן מוחבאים הסמים. צוין כי הנאשם קיבל אחריות מלאה על מעשיו ונרתם להליך הטיפולי. ב""כ הנאשם הפנה לתסקיר שירות המבחן וציין כי הנאשם סיים בהצלחה סדנת ""חוק ומשפט"", השתלב בשוק העבודה, פיתח יכולת ביקורתית על מעשיו, לקח אחריות, שיקם את אורחות חייו ומתפקד כאיש משפחה. נטען כי השתת מאסר בפועל במקרה דנא יפגע באינטרס הכללי והציבורי של החברה, מעבר לפגיעה בנאשם עצמו, שכן הנאשם שיקם את חייו ולא שייך לחברה עבריינית. נטען כי הנאשם מתחרט על מעשיו, קיבל אחריות מלאה ומבקש את התחשבות בית המשפט לתן לו אופק. ב""כ הנאשם הפנה לדו""ח דורנר מיום 7.6.2018 שם נקבע, בין היתר, כי במקום בו שיקולי הלימה לא מחייבים מאסר וניתן לשלב את הנאשם בהליך שיקומי ממשי שמותאם לצרכיו מחוץ לכותלי הכלא, הרי שיש להעדיף את ההליך השיקומי על פני מאסר. הוצגה פסיקה רלוונטית.",ראיות וטיעוני הצדדים לעונש,טיעוני הצדדים,ראיות לעונש,טיעוני הצדדים,טיעוני הצדדים,טיעוני הצדדים
ME-18-09-809-412,"ההגנה זימנה לעדות את מר עדי גולן, אשר שימש כאחראי על הנאשם במרכז ספורט בראשון לציון, שם השלים לאחרונה עבודות של""צ בעקבות הרשעתו הקודמת. העד מסר כי התרשם מהנאשם כמי שהינו אדם מסור, אחראי, דייקן, חברותי וביצע עבודתו בצורה מיטבית. עדי סיפר כי נקשר מאוד לנאשם ושמר עמו על קשר גם לאחר שעות העבודה.",ראיות וטיעוני הצדדים לעונש,ראיות לעונש,ראיות לעונש,ראיות לעונש,טיעוני הצדדים,ראיות לעונש
ME-18-09-809-412,"עדות נוספת נשמעה מפי גב' לינור פיצ'חזדה, רעייתו של הנאשם מזה 9 שנים, ולהם שני ילדים משותפים. לינור סיפרה כי השנה האחרונה הייתה קשה למשפחתם, והנאשם עבר תהליך שבסופו הפך ל""אדם אחר לגמרי"". לינור ציינה כי קודם לכן הנאשם היה מנותק ולא עזר בגידול ילדיהם, אך לדבריה הוא  עבר שינוי דרסטי בגישתו וביחסו כלפיה וכלפי הילדים, וכיום הוא אב עוזר ובעל אכפתי. לינור הבעיה תחושת גאווה נוכח התמדתו של הנאשם בהליך השיקומי, האינטנסיבי והקשה שעבר  בצורה יפה. עוד ציינה לינור כי במשך תקופה ארוכה היא ליוותה את הנאשם לשיעורים ולקבוצות בהם השתתף וחזתה בשינוי שעבר. לינור מסרה כי היא סומכת על הנאשם ובטוחה בהצלחתו. לינור העידה כי הנאשם נקי מסמים, והדבר ניכר גם מבחינת התנהלותו בבית. לינור מסרה כי הסמים שהחזיק הנאשם היו לשימושו עצמי מפני שהיה מכור לסמים.",ראיות וטיעוני הצדדים לעונש,ראיות לעונש,ראיות לעונש,ראיות לעונש,טיעוני הצדדים,ראיות לעונש
ME-18-09-809-412,"ההגנה הציגה תעודות בנוגע להשתתפות הנאשם בקבוצת המתחילים ובקבוצת ""צעדים"" ביחידה להתמכרויות באגף הרווחה שבעיריית חולון; תעודה בדבר השתתפות הנאשם בסדנת ""חוק ומשפט"" במסגרת הקליניקה המשפטית במרכז הבינתחומי הרצליה; אסמכתאות בדבר השלמת ביצוע עבודות השל""צ שהוטלו על הנאשם במסגרת הרשעתו הקודמת; המלצה ממעסיקו הקודם של הנאשם, בצירוף תלושי השכר מתקופת עבודתו בחודשים ינואר - אוגוסט 2019, שבה צוין כי הנאשם היווה נכס יקר למקום עבודה, שחקן צוות ותרם רבות לחברה (סומן נ/1).",ראיות וטיעוני הצדדים לעונש,ראיות לעונש,ראיות לעונש,ראיות לעונש,טיעוני הצדדים,ראיות לעונש
ME-18-09-809-412,"הנאשם עצמו נשא דברים באריכות, התרגש ומעת לעת אף בכה. הנאשם הביע תודתו והערכתו הרבה לתהליך השיקומי בחסות שירות המבחן ולבית המשפט אשר הפנה אותו לשירות המבחן. הנאשם ציין כי הוא מרגיש שזכה בחייו מחדש. הנאשם סיפר כי גדל בבית לא מתפקד, כשאמו מכורה לסמים ואביו לא היה נוכח. הנאשם הבהיר כי הוא לוקח אחריות מלאה על מעשיו ועבר שינוי אמיתי בחייו, ואמר: ""באתי לפה כנוע, כנה ומוכן לקבל את התוצאות של המעשים שלי וכל מה שייגזר עליי אני אקבל באהבה כי אני יודע שמה שעשיתי זה איום ונורא"". הנאשם התייחס להתמכרותו לסמים, אשר לטענתו החלה בשנות העשרים לחייו, וציין כי התמכרותו לסמים הייתה תסמין לפגמי האופי שלו. לדבריו: ""לא משנה איך המשפט הסתיים, הדרך של הניקיון שלי תימשך"". עוד ציין הנאשם כי לקח חלק בקבוצת ""צעדים"", אשר היוותה עבורו מסגרת משמעותית וסיפקה לו כלים להתבוננות מציאותית על עצמו ועל העולם. בהקשר זה ציין הנאשם כי הוא משתף גם בקבוצות N/A. הנאשם ציין כי הוא נשוי ואב לשני ילדים קטנים וביקש לאפשר לו לשהות במחיצתם ולהוות עבורם דוגמא.",ראיות וטיעוני הצדדים לעונש,טיעוני הצדדים,ראיות לעונש,טיעוני הצדדים,טיעוני הצדדים,טיעוני הצדדים
ME-18-09-809-412,"בהתאם לתיקון 113 לחוק העונשין, נדרש יחס הולם בין חומרת מעשה העבירה בנסיבותיו ומידת אשמו של הנאשם לבין סוג ומידת העונש המוטל עליו. תחילה, אקבע את מתחם הענישה למעשה העבירות שביצע הנאשם, על בסיס שיקולים נורמטיביים ואובייקטיבים, בהתחשב בערכים החברתיים שנפגעו, מידת הפגיעה בהם, במדיניות הענישה ובנסיבות הקשורות בביצוע העבירות. לאחר מכן, אקבע את העונש המתאים לנאשם, בהתחשב בנסיבותיו, בצורך בהרתעתו ואחרים כמותו, ובכלל זה אבחן האם ראוי כי ענישת הנאשם תחרוג ממתחם הענישה (ע""פ 2918/13 דבס נ' מדינת ישראל [פורסם בנבו] (18.7.2013); ע""פ 1903/13 עיאשה נ' מדינת ישראל [פורסם בנבו] (14.7.2013); ע""פ 1323/13 חסן נ' מדינת ישראל [פורסם בנבו] (5.6.2013)).",קביעת מתחם הענישה ההולם,דיון והכרעה,דיון והכרעה,דיון והכרעה,דיון והכרעה,דיון והכרעה
ME-18-09-809-412,"מתחם העונש ההולם יקבע בהתאם לעקרון ההלימה כפי שהוגדר בסעיף 40ג(א) לחוק העונשין. על מנת ליישמו אביא בחשבון את הערכים החברתיים שנפגעו ומידת הפגיעה; נסיבות הקשורות בביצוע העבירה ומידת אשמו של הנאשם ובמדיניות הענישה הנהוגה (ע""פ 8641/12 סעד נ' מדינת ישראל [פורסם בנבו] (5.8.2013)).",קביעת מתחם הענישה ההולם,דיון והכרעה,דיון והכרעה,דיון והכרעה,דיון והכרעה,דיון והכרעה
ME-18-09-809-412,"הנאשם הורשע כאמור בעבירות של החזקת סם שלא לצריכה עצמית והחזקת כלים. המדובר במסכת עבריינית אחת, לכן אקבע מתחם ענישה הולם לאירוע, בנסיבות ביצועו, ואגזור עונש כולל לכל העבירות בשל אותו אירוע (ראו: ע""פ 4910/13 אחמד בני ג'אבר נ' מדינת ישראל [פורסם בנבו] (29.10.2014); ע""פ 2519/14 ענאד אבו קיעאן נ' מדינת ישראל [פורסם בנבו] (29.12.2014); סע' 40יג(א) ו-40ג(א) לחוק העונשין).",קביעת מתחם הענישה ההולם,דיון והכרעה,דיון והכרעה,דיון והכרעה,דיון והכרעה,דיון והכרעה
ME-18-09-809-412,"הערכים החברתיים שנפגעו: עבירות סמים, ובכללן החזקת סמים מסוכנים שלא לצריכה עצמית והחזקת כלים, שלצדן קבע המחוקק עונש מרבי של 20 שנות מאסר, פוגעות בערכים החברתיים של הגנה על שלום הציבור, ביטחונו ובריאותו מפני הפגיעה ההרסנית הכרוכה בשימוש באותם סמים. בנוסף לכך, יש צורך לפעול למניעת אותם נזקים כלכליים וחברתיים עקיפים הנגרמים עקב השימוש בסמים. ההלכה הפסוקה עמדה על ההכרח להיאבק בנגע הסמים ועל הצורך להעביר מסר מרתיע מפני ביצוע עבירות אלה, בין היתר על-ידי הטלת עונשים מחמירים על מי שנותן ידו להפיכת הסמים לזמינים ונגישים (ראו למשל: ע""פ 4998/95 מדינת ישראל נ' מיגל אוקטביו גומז-קרדוסו, פ""ד נא(3) 769; ע""פ 6029/03 מדינת ישראל נ' גולן שמאי, פ""ד נח(2) 734, 738-739; ע""פ 4381/05 אבו זקיקה נ' מדינת ישראל [פורסם בנבו] (ניתן ביום 12.7.2006); ע""פ 211/09 אזולאי נ' מדינת ישראל [פורסם בנבו] (22.6.2010))",קביעת מתחם הענישה ההולם,דיון והכרעה,דיון והכרעה,דיון והכרעה,דיון והכרעה,דיון והכרעה
ME-18-09-809-412,קולמוסים רבים נשתברו זה מכבר על ידי בתי המשפט בנושא נגע הסמים והנזקים הישירים והעקיפים הכרוכים בו. עבירות הסמים הן בגדר רעה חולה שפשה בחברתנו ומחובתו של בית המשפט לתרום חלקו למיגור נגע זה באמצעות הטלת עונשים מחמירים ומרתיעים.,קביעת מתחם הענישה ההולם,דיון והכרעה,דיון והכרעה,דיון והכרעה,דיון והכרעה,דיון והכרעה
ME-18-09-809-412,"בתי המשפט הבהירו לא אחת את החשיבות שבמאבק בעבירות הסמים. כך למשל, בע""פ 211/09  אזולאי נ' מדינת ישראל [פורסם בנבו] (22.6.2010) פסקה כב' השופטת פרוקצ'יה את הדברים הבאים:",קביעת מתחם הענישה ההולם,דיון והכרעה,דיון והכרעה,דיון והכרעה,דיון והכרעה,דיון והכרעה
ME-18-09-809-412,"ראו עוד בעניין זה דברי כב' השופט א. רובינשטיין בע""פ 1345/08 ארקדי איסטרחוב נ' מדינת ישראל [פורסם בנבו] (18.5.2009):",קביעת מתחם הענישה ההולם,דיון והכרעה,דיון והכרעה,דיון והכרעה,דיון והכרעה,דיון והכרעה
ME-18-09-809-412,"וראו גם דברי כב' השופט א. שהם ברע""פ 4512/15 אברהם הרוש נ' מדינת ישראל [פורסם בנבו] (6.7.2015):",קביעת מתחם הענישה ההולם,דיון והכרעה,דיון והכרעה,דיון והכרעה,דיון והכרעה,דיון והכרעה
ME-18-09-809-412,"וכן ראו בע""פ 6029/03 מדינת ישראל נ' גולן שמאי, פ""ד נח(2) 734,  שם נקבע:",קביעת מתחם הענישה ההולם,דיון והכרעה,דיון והכרעה,דיון והכרעה,דיון והכרעה,דיון והכרעה
ME-18-09-809-412,"במקרה דנן, מידת הפגיעה בערכים המוגנים הינה ברף גבוה. בעת קביעת מתחם העונש ההולם יש לתן את הדעת לסוג העבירות (החזקת סם שלא לצריכה עצמית והחזקת כלים), סוג הסם (קוקאין) וכמות הסם (55 גרם נטו קוקאין, כשהוא מחולק למנות). הנה כי כן, המדובר בסם הנמנה על הסמים הקשים מבין הסמים המסוכנים, בכמות גדולה, שלבטח אינה לצריכה עצמית, בעת שהנאשם החזיק באותו סם כשהוא מחולק למנות, דבר העשוי להצביע לכאורה על כוונת סחר או הספקה.",קביעת מתחם הענישה ההולם,דיון והכרעה,דיון והכרעה,דיון והכרעה,דיון והכרעה,דיון והכרעה
ME-18-09-809-412,"לעניין סם הקוקאין והשפעותיו ההרסניות, יפים דבריו של כב' השופט נ' הנדל בע""פ 972/11 מדינת ישראל נ' יונה [פורסם בנבו] (4.7.2012):",קביעת מתחם הענישה ההולם,דיון והכרעה,דיון והכרעה,דיון והכרעה,דיון והכרעה,דיון והכרעה
ME-18-09-809-412,"בבחינת נסיבות הקשורות בביצוע העבירה (סעיף 40(ט) לחוק העונשין), נתתי דעתי לסוג הסם, קוקאין, שהינו כאמור מהמסוכנים שמבין הסמים האסורים, לכמות הגדולה של הסם שהוחזקה על ידי הנאשם, אופן החזקתו במנות, ולכך שלא נשמעה סיבה המשמשת לזכותו. הנזק שהיה צפוי להיגרם מביצוע העבירות מתבטא בפגיעה ביחיד ובחברה מהפצת ושימוש בסמים, וההשלכות הבריאותיות והכלכליות הכרוכות בכך, לרבות פוטנציאל לביצוע עבירות רכוש, כתוצאה מהתמכרות לסמים והצורך לממנם. עם זאת, לא ניכר כי במקרה דנא נגרם נזק בפועל. לא נשמעו סיבות לזכות הנאשם, התמכרותו לסמים והחובות הכבדים שהוא מצוי בהם אינם מצדיקים את ביצוע העבירות. מצוקותיו האישיות של הנאשם שיכול ועמדו בבסיס מעשיו, אינן צריכות לגרוע מהביטחון הנדרש לציבור, המבקש להיות מוגן מפני פגיעתם הקשה של סמים מסוכנים. הנאשם יכל להימנע ממעשיו ומידת שליטתו בהם הייתה מלאה ואין הוא קרוב לסייג לאחריות פלילית.",קביעת מתחם הענישה ההולם,דיון והכרעה,דיון והכרעה,דיון והכרעה,דיון והכרעה,דיון והכרעה
ME-18-09-809-412,"מדיניות הענישה הנהוגה בעבירות שביצע הנאשם מתחשבת בצורך במאבק בנגע הסמים. טווח ענישה רחב, והוא תלוי נסיבות ביצוע העבירות, סוג הסם, כמות הסם, אופן החזקתו, ונסיבות המעשה והעושה. לרוב הוטלו על נאשמים עונשי מאסר לתקופות ממושכות, לצד ענישה מרתיעה צופה פני עתיד וענישה כלכלית. כך למשל:",קביעת מתחם הענישה ההולם,דיון והכרעה,דיון והכרעה,דיון והכרעה,דיון והכרעה,דיון והכרעה
ME-18-09-809-412,"א.	בע""פ 4592/15 פדידה נ' מדינת ישראל [פורסם בנבו] (8.2.2016) נאמר: ""מסקירת הפסיקה בנושא עולה, כי אמנם קיים גיוון רב בענישה, אולם במקרים העוסקים בהחזקת סם מסוכן מסוג הרואין או קוקאין שלא לצריכה עצמית, בכמות של עשרות גרמים, נע טווח הענישה בין שלוש לחמש שנות מאסר (ע""פ 8820/14 זהר שחר נ' מדינת ישראל [פורסם בנבו] (2015) בפסקה 12 וההפניות שם; 1313/14 גמאל בהתימי נ' מדינת ישראל [פורסם בנבו] (2015); עניין פיצו, בפסקה 14 וההפניות שם; ע""פ 5374/12 אברג'יל נ' מדינת ישראל (2013); ע""פ 11469/05 מדינת ישראל נ' עייש [פורסם בנבו] (2006); 5958/13 גיא שרגא סבג נ' מדינת ישראל [פורסם בנבו] (2014); 4203/14 אליהו כהן נ' מדינת ישראל [פורסם בנבו]  (2015))"".",קביעת מתחם הענישה ההולם,דיון והכרעה,דיון והכרעה,דיון והכרעה,דיון והכרעה,דיון והכרעה
ME-18-09-809-412,"ב.	ע""פ 8820/14 זהר שחר נ' מדינת ישראל [פורסם בנבו] (17.5.2015) - נדחה ערעור של נאשם על חומרת העונש, לאחר שהורשע על יסוד הודאתו בעבירות של החזקת סמים שלא לצריכה עצמית והחזקת סמים לצריכה עצמית. הנאשם, בעל עבר פלילי, הודה בהחזקת 3.74 גרם סם מסוכן מסוג חשיש, ו-112.3416 גרם סם מסוכן מסוג קוקאין, ארוזים במספר שקיות קטנות. בית המשפט המחוזי קבע מתחם עונש הולם שבין 3 ל-5 שנות מאסר, וגזר על הנאשם 36 חודשי מאסר בפועל, 12 חודשי מאסר על תנאי וקנס בסך 20,000 ₪. בית המשפט העליון קבע כי רמת הענישה שנקבעה בפסיקה כשמדובר בהחזקת סם מסוכן מסוג הרואין או קוקאין, שלא לצריכה עצמית, בכמות של עשרות גרמים נע בין 3 ל-5 שנות מאסר כך שעונשו של הנאשם אינו סוטה לחומרה מרמת ענישה זו.",קביעת מתחם הענישה ההולם,דיון והכרעה,דיון והכרעה,דיון והכרעה,דיון והכרעה,דיון והכרעה
ME-18-09-809-412,"ג.	ע""פ 2570/17 דוד קריחלי נ' מדינת ישראל [פורסם בנבו] (17.01.2018) - התקבל ערעורו של נאשם אשר הורשע בעבירות של החזקת סם מסוכן שלא לצריכה עצמית ובהחזקת כלים המשמשים לצריכת סם מסוכן. הנאשם הודה בהחזקת סם מסוכן מסוג חשיש במשקל של 1.20 גרם; סם מסוכן מסוג קוקאין במשקל של 2.6451 גרם; ובמשקל דיגיטלי אשר שימש לשקילת הסמים. כמו כן, הורשע הנאשם בהחזקת 99.28 גרם קוקאין. בית המשפט המחוזי גזר על הנאשם 40 חודשי מאסר בפועל, פסילה מקבלת או מהחזקת רישיון נהיגה למשך 6 חודשים, קנס כספי של 5,000 ₪ ועונשים מותנים. בית המשפט העליון הפחית את עונש המאסר ל-34 חודשי מאסר בפועל, ויתר רכיבי גזר הדין נותרו על כנם.",קביעת מתחם הענישה ההולם,דיון והכרעה,דיון והכרעה,דיון והכרעה,דיון והכרעה,דיון והכרעה
ME-18-09-809-412,"ד.	ע""פ 5377/11 סויסה נ' מדינת ישראל [פורסם בנבו] (3.7.2012) – נאשם הורשע בעבירה של החזקת סמים שלא לצריכה עצמית. נמצא כי לאחר שהנאשם שב מחופשה בת 48 שעות במהלך ריצוי עונש מאסר, הוא החזיק ופלט מגופו סמים מסוכנים מסוג הרואין () וחשיש (כ-). במקביל הואשם הנאשם בבית משפט השלום בעבירות אחרות. על הנאשם נגזרו 40 חודשי מאסר בפועל, מהם 10 חודשים ירוצו במקביל לתקופת המאסר שנגזרה עליו בבית משפט השלום בעבירה אחרת, וכן מאסר מותנה. ניתן משקל לנסיבות אישיות ומשפחתיות מורכבות, כמו גם לעברו המכביד. בית המשפט העליון דחה את ערעור הנאשם על חומרת העונש, וקבע כי העונש שנגזר אינו חורג מרף הענישה הראוי לעבירת סמים מסוג זה, בהתייחס לחומרתה הרבה, בהיותו עונש מידתי בשים לב לאינטרס הציבורי כבד-המשקל בענישה מחמירה בעבירות סמים, וזאת לאחר שנלקחו בחשבון השיקולים לקולא.",קביעת מתחם הענישה ההולם,דיון והכרעה,דיון והכרעה,דיון והכרעה,דיון והכרעה,דיון והכרעה
ME-18-09-809-412,"ה.	ע""פ 1313/14 בהתימי נ' מדינת ישראל [פורסם בנבו] (9.6.2015) – נדחה ערעור של נאשם שהורשע בעבירה של החזקת סם שלא לצריכה עצמית. המערער הורשע על סמך הודאתו בהחזקה של 50 גרם סם מסוכן מסוג קוקאין. בית המשפט המחוזי גזר על הנאשם 42 חודשי מאסר בפועל, הפעלת 10 חודשי מאסר מותנה, 18 חודשי מאסר על תנאי וקנס של 5,000 ₪. לנאשם היה עבר פלילי מכביד, בין היתר בעבירות סמים, והוא ביצע את העבירה בעת שהיה תלוי נגדו מאסר מותנה. בית המשפט העליון קבע כי אין מקום להתערב בעונש שנגזר על הנאשם נוכח כמות וסוג הסם, עברו הפלילי ומבלי שהורתע מעונשים קודמים שהוטלו עליו.",קביעת מתחם הענישה ההולם,דיון והכרעה,דיון והכרעה,דיון והכרעה,דיון והכרעה,דיון והכרעה
ME-18-09-809-412,"ו.	ע""פ 5374/12 שלמה אברג'יל נ' מדינת ישראל [פורסם בנבו] (9.1.2013) – נדחה ערעור של נאשם שהורשע על יסוד הודאתו בעבירה של החזקת סם שלא לצריכה עצמית. הנאשם הורשע על סמך הודאתו בהחזקת שלוש אריזות פלסטיק, שבתוכן 60 אריזות שהכילו סם מסוכן מסוג קוקאין במשקל כולל של כ-43 גרם. בית המשפט המחוזי גזר על הנאשם 36 חודשי מאסר בפועל ו-12 חודשי מאסר על תנאי. לחובת הנאשם עבר פלילי, אך לא בעבירות סמים. בית המשפט העליון קבע כי אין מקום להתערב בעונש שנגזר נוכח כמות וסוג הסם, וכי העונש אינו חורג ממדיניות הענישה המקובלת בעבירות בהן הורשע.",קביעת מתחם הענישה ההולם,דיון והכרעה,דיון והכרעה,דיון והכרעה,דיון והכרעה,דיון והכרעה
ME-18-09-809-412,"ז.	ע""פ 7507/12 תרא טאעון נ' מדינת ישראל [פורסם בנבו] (16.10.2013) - נדחה ערעורו של נאשם אשר הורשע בעבירה של החזקת סמים שלא לצריכה עצמית. לאחר שמיעת חלק מהראיות, הודה הנאשם בהחזקה של כ-94 גרם סם מסוכן מסוג הרואין, מחולק למנות באריזות פלסטיק סגורות. לנאשם הרשעה קודמת בהחזקת סם שלא לצריכה עצמית. בית המשפט המחוזי גזר על הנאשם 48 חודשי מאסר בפועל, הופעל מאסר על תנאי בן 7 חודשים במצטבר, והוטל מאסר מותנה למשך 12 חודשים. בית המשפט העליון דחה את ערעורו של הנאשם.",קביעת מתחם הענישה ההולם,דיון והכרעה,דיון והכרעה,דיון והכרעה,דיון והכרעה,דיון והכרעה
ME-18-09-809-412,"ח.	ע""פ 810/11 רועי שודגוקר בורגרקר נ' מדינת ישראל [פורסם בנבו] (30.5.2011) - נדחה ערעורו של נאשם אשר הורשע על יסוד הודאתו בעבירה של החזקת סם מסוכן שלא לצריכה עצמית. הנאשם הודה בהחזקה של כ-59 גרם סם מסוכן מסוג הרואין. בית המשפט המחוזי גזר על הנאשם 36 חודשי מאסר בפועל, ו-14 חודשי מאסר על תנאי. בית המשפט העליון קבע כי העונש שנגזר על הנאשם מצוי במתחם הענישה המקובל בעבירות מהסוג שביצע, ודחה את הערעור.",קביעת מתחם הענישה ההולם,דיון והכרעה,דיון והכרעה,דיון והכרעה,דיון והכרעה,דיון והכרעה
ME-18-09-809-412,"ט.	ע""פ 4381/05 פאזי אבו זקיקה נ' מדינת ישראל [פורסם בנבו] (12.7.2006)- נדחה ערעורו של נאשם שהורשע על יסוד הודאתו בעבירה של החזקת סם מסוכן שלא לצריכה עצמית. הנאשם, ללא עבר פלילי, הודה בהחזקת סם מסוכן מסוג הרואין במשקל של 100.92 גרם נטו. בית המשפט המחוזי גזר על הנאשם 48 חודשי מאסר בפועל, 12 חודשי מאסר על תנאי ופסילת רישיון נהיגה למשך 12 חודשים. בית המשפט העליון קבע כי בעבירות סמים מסוג זה יש לייחס לנסיבותיו האישיות של הנאשם את המשקל השולי ביותר שכן חובה על בתי המשפט להילחם מלחמת חורמה בתופעה של החזקת סמים מסוכנים, ובנסיבות המקרה הספציפי, שבו דובר על בחור צעיר ללא עבר פלילי, בעל משפחה ועבר צבאי מרשים, העונש שנגזר הולם את מעשי הנאשם ומאזן בין שיקולי הענישה השונים.",קביעת מתחם הענישה ההולם,דיון והכרעה,דיון והכרעה,דיון והכרעה,דיון והכרעה,דיון והכרעה
ME-18-09-809-412,"י.	ע""פ 3092/04 בן שיטרית נ' מדינת ישראל [פורסם בנבו] (3.11.2004)- נדחה ערעורה של נאשמת אשר הורשעה בעבירה של החזקת סמים שלא לשימוש עצמי. הנאשמת הודתה בהחזקת כ-135.25 גרם נטו סם מסוכן מסוג קוקאין. בית המשפט המחוזי גזר על הנאשמת 36 חודשי מאסר בפועל, ו-12 חודשי מאסר על תנאי.",קביעת מתחם הענישה ההולם,דיון והכרעה,דיון והכרעה,דיון והכרעה,דיון והכרעה,דיון והכרעה
ME-18-09-809-412,"יא.	רע""פ 5112/18 פנסו נ' מדינת ישראל [פורסם בנבו] (31.1.2019) – נגד הנאשם התנהלו שני הליכים: האחד, על החזקת 50 גרם קוקאין שלא לצריכה עצמית כאמור; והשני על גידול סם מסוכן, החזקת סמים שלא לצריכה עצמית והפרת הוראה חוקית. בגין התיק הראשון נגזרו על הנאשם 38 חודשי מאסר בפועל, ובגין התיק השני נגזרו 22 חודשי מאסר בפועל. בשל טעות שנגרמה בעטיה של  המדינה שלא עדכנה את בית המשפט הדן את הנאשם בהליך הראשון לעניין ההליך השני, חלה הוראת סעיף 45(ב) לחוק העונשין לפיה עונש המאסר בתיק השני יחפוף לעונש המאסר בתיק הראשון. בסופו של יום קבע בית משפט השלום כי 5 חודשים מתוך ה-22 בהליך השני ירוצו בחופף והיתרה במצטבר. ערעור שהוגש לבית המשפט המחוזי נדחה. הוגשה בקשת רשות ערעור לבית המשפט העליון אשר נדחתה אף היא.",קביעת מתחם הענישה ההולם,דיון והכרעה,דיון והכרעה,דיון והכרעה,דיון והכרעה,דיון והכרעה
ME-18-09-809-412,"יב.	ע""פ 2371/16 שלום יהונתן פיטוסי נ' מדינת ישראל [פורסם בנבו] (5.10.2016)- נדחה ערעור של נאשם שהורשע על יסוד הודאתו במסגרת הסדר דיוני, בעבירה של החזקת סם שלא לצריכה עצמית. הנאשם נתפס כשבחזקתו 50.04 גרם סם מסוכן מסוג קוקאין, מחולק למנות, שלא לשימוש עצמי. במסגרת הסדר הטיעון הוסכם כי הנאשם החזיק בסם בין היתר לצורך התמודדות עם כאבים קשים הנובעים ממחלת פרקים ממנה סובל, וכי מדובר בנסיבה הקשורה לביצוע העבירה לפי סעיף 40ט לחוק העונשין. בית המשפט המחוזי חרג ממתחם העונש ההולם עקב מצבו הבריאותי של הנאשם, בעל עבר פלילי מכביד, וגזר עליו 27 חודשי מאסר בפועל.",קביעת מתחם הענישה ההולם,דיון והכרעה,דיון והכרעה,דיון והכרעה,דיון והכרעה,דיון והכרעה
ME-18-09-809-412,"יג.	ע""פ 6277/14 אברהם משלטי נ' מדינת ישראל [פורסם בנבו] (2.2.2015) - נדחה ערעור של נאשם, שהורשע על יסוד הודאתו במסגרת הסדר דיוני, בעבירה של החזקת סם שלא לצריכה עצמית והחזקת כלים. הנאשם נתפס כשבחזקתו 51.36 גרם סם מסוכן מסוג קוקאין שלא לשימוש עצמי; חומר מסוג lidocaine במשקל של 10.11 גרם; שקיות ניילון גזורות; ומשקל אלקטרוני. נקבע  מתחם ענישה הולם שבין 3 ל-5 שנות מאסר. על הנאשם, בעל עבר פלילי מכביד, לרבות בתחום הסמים, נגזרו 4 שנות מאסר בפועל וכן שנה נצברת של מאסר על תנאי (ובסך הכל 5 שנים), ו-12 חודשי מאסר על תנאי.",קביעת מתחם הענישה ההולם,דיון והכרעה,דיון והכרעה,דיון והכרעה,דיון והכרעה,דיון והכרעה
ME-18-09-809-412,"יד.	ע""פ 9910/17 אלבטינה גריפולינה נ' מדינת ישראל [פורסם בנבו] (3.5.2018) - נדחה ערעורם של נאשמים אשר הורשעו על יסוד הודאתם בעבירה של החזקת סם מסוכן שלא לצריכה עצמית. הנאשמת הודתה בהחזקת סם מסוכן מסוג הרואין במשקל של 40.15 גרם וסם מסוכן מסוג חשיש במשקל של 54.87 גרם. הנאשם, בעל עבר פלילי, הודה בהחזקת סם מסוכן מסוג חשיש במשקל של 3.26 גרם, וסם מסוכן מסוג קוקאין במשקל של 21.751 גרם. בית המשפט המחוזי קבע כי מתחם העונש ההולם בעניינה של הנאשמת נע בין 24 ל-48 חודשי מאסר, ובעניינו של הנאשם בין 15 ל-36 חודשי מאסר. בית המשפט המחוזי גזר על הנאשמים 24 חודשי מאסר בפועל; 15 חודשי מאסר מותנה אם יעברו עבירת סמים מסוג פשע; 6 חודשי מאסר על מותנה אם יעברו עבירת סמים מסוג עוון; ופסילה מלקבל או להחזיק רישיון נהיגה לתקופה של שנתיים. בית המשפט העליון קבע כי העונשים שנגזרו על הנאשמים הולמים את נסיבות ביצוע העבירות, סוג הסם וכמותו ועולים בקנה אחד עם מדיניות הענישה הנוהגת, ועל כן דחה את ערעורם של הנאשמים.",קביעת מתחם הענישה ההולם,דיון והכרעה,דיון והכרעה,דיון והכרעה,דיון והכרעה,דיון והכרעה
ME-18-09-809-412,"טו.	ע""פ 9723/08 מדינת ישראל נ' גיל רובין [פורסם בנבו] (18.3.2009) - בית המשפט העליון קיבל את ערעור המדינה על קולת העונש. הנאשם הורשע על יסוד הודאתו בעבירות של החזקת סם שלא לצריכה עצמית, החזקת כלים ושיבוש הליכי משפט. בדירת הנאשם נתפסו 56.7 גרם סם מסוכן מסוג קוקאין ו- 0.55 גרם סם מסוכן מסוג חשיש. בית המשפט המחוזי גזר על הנאשם 6 חודשי מאסר בדרך של עבודות שירות, מאסרים מותנים ממושכים וקנס בסך 15,000 ₪. בית המשפט העליון החמיר את עונשו של הנאשם, ונוכח ההלכה כי אין בית משפט של ערעור נוהג למצות את הדין עם הנאשם, הועמד עונשו של הנאשם על 12 חודשי מאסר בפועל. יתר רכיבי ענישה נותרו בעינם.",קביעת מתחם הענישה ההולם,דיון והכרעה,דיון והכרעה,דיון והכרעה,דיון והכרעה,דיון והכרעה
ME-18-09-809-412,"טז.	ת""פ (ת""א) 39299-11-18 מדינת ישראל נ' גלוחובסקי [פורסם בנבו] (16.9.2019) – נאשם הורשע על יסוד הודאתו בכתב אישום מסגרת הסדר דיוני, בעבירות של החזקת סם שלא לצריכה עצמית והחזקת סם לצריכה עצמית, בשל כך שהחזיק בכיס מכנסיו סם מסוכן מסוג הרואין במשקל כולל של 101.464 גרם נטו, כשהוא מחולק למנות; בכיס אחר החזיק סם מסוג קוקאין במשקל של 8.2272 גרם נטו, כשהוא מחולק למנות, ומנת סם הרואין במשקל של 0.4334 גרם. נקבע מתחם ענישה הולם בין 36 לבין 60 חודשי מאסר בפועל. על הנאשם, בעל עבר פלילי לרבות בתחום הסמים נגזרו 38 חודשי מאסר בפועל, 12 חודשי מאסר על תנאי באם יעבור עבירה מסוג פשע לפי פקודת הסמים המסוכנים, 7 חודשי מאסר על תנאי באם יעבור עבירת עוון לפי פקודת הסמים המסוכנים, וקנס בסך 12,000 ₪.",קביעת מתחם הענישה ההולם,דיון והכרעה,דיון והכרעה,דיון והכרעה,דיון והכרעה,דיון והכרעה
ME-18-09-809-412,"יז.	ת""פ (ת""א) 58488-08-18 מדינת ישראל נ' ז'בניה [פורסם בנבו] (16.4.2019) – נאשם הורשע על יסוד הודאתו במסגרת הסדר דיוני בעבירה של החזקת סם שלא לצריכה עצמית. הנאשם נתפס כשבחזקתו 109.25 גרם סם מסוכן מסוג הרואין, מחולק למנות, שלא לשימוש עצמי ועבור אחר. נקבע  מתחם ענישה הולם שבין 3 ל-5 שנות מאסר. על הנאשם, בעל עבר פלילי בתחום האלימות והרכוש, נגזרו 38 חודשי מאסר בפועל, 10 חודשי מאסר על תנאי באם יעבור עבירה מסוג פשע לפי פקודת הסמים המסוכנים, 6 חודשי מאסר על תנאי באם יעבור עבירת עוון לפי פקודת הסמים המסוכנים, וקנס בסך 10,000 ₪.",קביעת מתחם הענישה ההולם,דיון והכרעה,דיון והכרעה,דיון והכרעה,דיון והכרעה,דיון והכרעה
ME-18-09-809-412,"יח.	ת""פ (ת""א) 24514-09-15 מדינת ישראל נ' דרור פורת [פורסם בנבו] (2.1.2017) - נאשם הורשע על יסוד הודאתו בעבירה של החזקת סם שלא לצריכה עצמית. הנאשם נתפס כשבדירתו כ-901 גרם של MDMA, כ-117 גרם קנבוס ו-0.85 גרם קוקאין. נקבע מתחם ענישה הולם שבין 18 ל-36 חודשי מאסר. הנאשם עבר הליך שיקומי אינטנסיבי ממושך בקהילה טיפולית במשך תקופה ארוכה, ועל כן סטה בית המשפט ממתחם העונש ההולם וגזר על הנאשם 6 חודשי מאסר בדרך של עבודות שירות, מבלי שהופחתו 3 חודשי מעצרו; הפעלת מאסר מותנה בחופף; 10 חודשי מאסר מותנה לבל יעבור עבירת סמים מסוג פשע; 3 חודשי מאסר מותנה לבל יעבור עבירת סמים מסוג עוון; וקנס בסך 10,000 ₪.",קביעת מתחם הענישה ההולם,דיון והכרעה,דיון והכרעה,דיון והכרעה,דיון והכרעה,דיון והכרעה
ME-18-09-809-412,"מכל המקובץ, סבורני כי מתחם העונש ההולם לעבירות שביצע הנאשם, בנסיבות ביצוען, הינו בין 24 לבין 42 חודשי מאסר בפועל, לצד ענישה מרתיעה צופה פני עתיד וענישה כלכלית.",קביעת מתחם הענישה ההולם,דיון והכרעה,דיון והכרעה,דיון והכרעה,דיון והכרעה,דיון והכרעה
ME-18-09-809-412,"לאחר קביעת מתחם העונש ההולם לעבירות בהו הורשע הנאשם, יש לקבוע את העונש המתאים לו בהתאם לסעיף 40יא לחוק העונשין. בגזירת העונש המתאים לנאשם יובאו בכלל חשבון נסיבותיו האישיות, שאינן קשורות בביצוע העבירה. בדרך זו חידד תיקון מס' 113 לחוק העונשין את הצורך בהמשך נקיטת שיטת ענישה אינדיווידואלית, הבוחנת נסיבותיו של כל מקרה ואדם המובא לדין (ע""פ 433/89 אטיאס נ' מדינת ישראל, פ""ד מג(4) 170; ע""פ 5106/99 אבו ניג'מה נ' מדינת ישראל, פ""ד נד(1) 350; רע""פ 3173/09 פראגין נ' מדינת ישראל [פורסם בנבו] (ניתן ביום 5.5.2009)).",נסיבות שאינן קשורות בביצוע העבירה ,דיון והכרעה,דיון והכרעה,דיון והכרעה,דיון והכרעה,דיון והכרעה
ME-18-09-809-412,"ביום 10.9.2019 ערך שירות המבחן תסקיר בעניינו של הנאשם, במסגרתו נסקרו קורות חייו ורקעו האישי והמשפחתי המורכבים, אך בשל צנעת הפרט אמנע מלפרט מעבר לנדרש. צוין כי הנאשם בן 38, נשוי ואב לשני ילדים קטינים. הנאשם מסר כי נפלט מהצבא על רקע מצב נפשי, נוכח מתחים שחווה בשל בעיות בריאותיות וכלכליות עמם התמודדו בני משפחתו. צוין כי בין השנים 2000-2008 עבד הנאשם בתחום השיווק והמכירות ושמר על רצף תעסוקתי, עד שבשנת 2008 נסגרה החברה שבה עבד. לאחר מכן הנאשם חווה תקופת אבטלה וסבל מבידוד חברתי, חוסר בטחון ומצב נפשי ירוד. לדברי הנאשם, על רקע משבר זה הסתבך באותה עת בפלילים ונדון למאסר בפועל. עם שחרורו ממאסר הצטרף הנאשם כשותף בעסק למכירת טלפונים ניידים, אשר נסגר בשל חובות כעבור שנה. בשנת 2011 עשה הנאשם ניסיון נוסף לפתיחת עסק למכירת טלפונים ניידים, אך כשל עקב ניהול לקוי. בשנת 2016 הקים הנאשם עסק בתחום המזון, במסגרתו ביצע עבירה של העסקת שב""ח, בגינה הורשע והוטלו עליו עבודות של""צ. שירות המבחן ציין כי מתנהל בעניינו של הנאשם הליך פשיטת רגל בגין חובותיו לספקים, לבנקים ובשוק האפור. צוין כי הנאשם עובד מזה כחצי שנה כסוכן מכירות סלולר, והנאשם הציג מכתב הערכה מטעם מעסיקו, שבו נכתב כי הוא עובד חיובי, מוערך ותורם רבות לצוות ולחברה.",נסיבות שאינן קשורות בביצוע העבירה ,דיון והכרעה,דיון והכרעה,דיון והכרעה,דיון והכרעה,תסקיר שירות מבחן
ME-18-09-809-412,"נמסר כי לחובת הנאשם שתי הרשעות קודמות: האחת בגין שוד מזוין משנת 2009; והשנייה בגין העסקת עובד זר משנת 2017. נמסר כי משנת 2008 ועד לשנת 2017 נמנע הנאשם ממעורבות עם החוק כשבשנים אלו תיאר הנאשם מאמצים לבסס תפקוד תעסוקתי ולהתמסר לפרנסת משפחתו. במסגרת האבחון שנערך לנאשם בשנת 2017, התרשם שירות המבחן כי לנאשם יכולת מסוימת להתבוננות עצמית ביקורתית, אם כי מוגבלת בעת מתח ומצוקה. עוד התרשם כי יש מקום לשלב את הנאשם בטיפול, אך האחרון שלל אפשרות זאת בטענה כי אינו פנוי להשקיע בטיפול. במסגרת הפניית הנאשם לשירות המבחן בהליך המעצר בתיק הנוכחי, התרשם שירות המבחן מהנאשם כמי שמאופיין בהעדר גבולות ברורים ומופנמים, תוך ניהול קשרים חברתיים שוליים והעדר חשיבה מעמיקה על ההשלכות האפשריות של בחירותיו. שירות המבחן העריך כי קיים סיכון להישנות מעורבות בפלילים בעולם הסמים ואף בהקשרים אחרים. לצד זאת, התרשם שירות המבחן כי הנאשם מסוגל להתייחס לגורמי הסיכון העומדים ברקע להתנהלותו במישור האישי והחברתי, וכי חווית המעצר ותגובת המשפחה להסתבכותו היוו עבורו גורמים מרתיעים ומציבי גבול. במסגרת צו הפיקוח, הביע הנאשם רצונו להשתלב בטיפול בתחום ההתמכרויות, ואכן השתלב בטיפול ייעודי למכורים, כמו גם בסדנת ""חוק ומשפט"", אותה סיים בהצלחה. במהלך צו הפיקוח התרשם שירות המבחן משיפור משמעותי בתפקודו של הנאשם וממאמצים כנים לשינוי באורח חייו, הצלחה בניהול שגרת יום תקינה והתנהלות אחראית במסגרת גורמי הטיפול השונים.",נסיבות שאינן קשורות בביצוע העבירה ,דיון והכרעה,דיון והכרעה,דיון והכרעה,דיון והכרעה,תסקיר שירות מבחן
ME-18-09-809-412,"הנאשם תיאר שימוש אקראי בסם מסוג קוקאין במשך השנים, אשר התגבר בשנה האחרונה. הנאשם תיאר קושי בהתמודדות עם לחצים שונים, תסכול סביב הקושי לקדם ענייניו בפן הכלכלי וחוסר אונים מתמשך, אשר הביאוהו לצרוך בסמים כמקור תמיכה ובריחה. נמסר כי הנאשם השתלב בטיפול ביחידה להתמכרויות במהלך חודש נובמבר 2018, מאז מוסר בדיקות שתן ללא שרידי סם. הנאשם משתתף בקבוצות טיפוליות ומגיע לשיחות פרטניות אחת לשבוע. הנאשם משתף פעולה, לוקח אחריות על מצבו ודפוסיו הבעייתיים בהקשר לסמים ועל המחירים הנפשיים, המשפחתיים והכלכליים שמשלם. דווח כי הנאשם משתף בכנות ונעזר בטיפול על מנת לערוך שינוי משמעותי בדפוסיו. נמסר כי סיים קבוצת מטופלים מתחילים וקבוצת ""צעדים"" ומועמד להיכנס לקבוצת מטופלים מתקדמים, והחל להשתתף במפגשי N/A מספר פעמים בשבוע. שירות המבחן התרשם כי הנאשם מגלה מוטיבציה לערוך שינוי בחייו ולשקם את עצמו ואת בני משפחתו.",נסיבות שאינן קשורות בביצוע העבירה ,דיון והכרעה,דיון והכרעה,דיון והכרעה,דיון והכרעה,תסקיר שירות מבחן
ME-18-09-809-412,"שירות המבחן התרשם כי הנאשם מאופיין ביכולות וכוחות לתפקוד תקין במסגרות חייו השונות, וכי צרך סמים נוכח קשייו להתמודד עם לחצים שונים, כשבאופן הדרגתי חלה התרופפות ביכולתו להציב לעצמו גבולות, העמיקו קשריו השוליים מעולם הסמים והוא פעל על פי דפוסי התנהגות שוליים. להערכת שירות המבחן, הנאשם מבין כיום את משמעות והשלכות מעשיו וחווה מחירים אישיים ומשפחתיים בעקבות מצבו. הנאשם מצליח לבחון התנהלותו ודפוסיו הבעייתיים במהלך החיים בכלל ובעת ביצוע העבירות בפרט, ומנצל את ההליך המשפטי לצורך הפקת לקחים ועריכת שינוי משמעותי בחייו.",נסיבות שאינן קשורות בביצוע העבירה ,דיון והכרעה,דיון והכרעה,דיון והכרעה,דיון והכרעה,תסקיר שירות מבחן
ME-18-09-809-412,"כגורמי סיכון במצבו של הנאשם הביא שירות המבחן בחשבון את עברו הפלילי ואת חומרת העבירות, מבלי שהורתע מסנקציות קודמות שהוטלו עליו; את הקשרים המשפחתיים הטעונים עם בני משפחתו לאורך השנים והעדר מערכת תמיכה עבורו; התמכרותו לסמים כדרך להתמודדות עם מצבי קונפליקט; וקשייו המתמשכים בוויסות וביסוס גבולות פנימיים עד לכדי הידרדרות משמעותית בתפקודו.",נסיבות שאינן קשורות בביצוע העבירה ,דיון והכרעה,דיון והכרעה,דיון והכרעה,דיון והכרעה,תסקיר שירות מבחן
ME-18-09-809-412,"כגורמי הסיכוי לשיקום הביא שירות המבחן בחשבון את התייחסותו של הנאשם לביצוע העבירות; האחריות שלקח וביטויי החרטה; יכולת התבוננות עצמית ביקורתית והשקעת מאמצים לקיים אורח חיים יציב תעסוקתית ולתפקד כראוי במישור המשפחתי; בת זוגו וילדיו כגורם מדרבן לשינוי ושיקום ורשת ביטחון עבורו; הטיפול המשמעותי בו משולב ושיתוף הפעולה המלא עם שירות המבחן וגורמי הטיפול האחרים; והימנעותו מהסתבכות בפלילים מאז מעצרו, כשההערכה היא כי ההליך המשפטי הנוכחי מהווה עבורו גבול מרתיע ומגייס לשינוי.",נסיבות שאינן קשורות בביצוע העבירה ,דיון והכרעה,דיון והכרעה,דיון והכרעה,דיון והכרעה,תסקיר שירות מבחן
ME-18-09-809-412,"שירות המבחן התרשם כי התכנית הטיפולית שבה שולב הנאשם ביחידה להתמכרויות תואמת את צרכיו ומצבו, והתמדתו במסגרת זו תתרום לחיזוק חלקים חיוביים בתפקודו ותפחית סיכון להתדרדרות חוזרת לאורח חיים התמכרותי ולשימוש בדפוסי חשיבה והתנהגות שוליים. לאור האמור, שירות המבחן מצא לתמוך במאמציו של הנאשם בתהליך השיקומי והמליץ על ענישה שלא תקטע את הטיפול והרצף התעסוקתי, בדרך של הטלת צו של""צ בהיקף של 250 שעות וצו מבחן למשך שנה.",נסיבות שאינן קשורות בביצוע העבירה ,דיון והכרעה,דיון והכרעה,דיון והכרעה,דיון והכרעה,תסקיר שירות מבחן
ME-18-09-809-412,"לחובת הנאשם יש לציין את חומרת העבירות שביצע, ומדיניות הענישה עליה עמדתי לעיל. עסקינן בסם מסוכן אשר תוצאות השימוש בו הינן הרסניות. מכאן, יש להביא בכלל חשבון את שיקולי הרתעת היחיד והרבים (ר' סעיפים 40ו ו-40ז לחוק העונשין), בעיקר נוכח ההשלכות החברתיות הקשות הכרוכות בביצוע העבירות בהן הורשע הנאשם. לא אחת נפסק כי בעבירות סמים יש ליתן משקל בכורה לאינטרס הציבורי (ע""פ 5265/95 מנשה נ' מדינת ישראל [פורסם בנבו] (23.1.1996)).",נסיבות שאינן קשורות בביצוע העבירה ,דיון והכרעה,דיון והכרעה,דיון והכרעה,דיון והכרעה,דיון והכרעה
ME-18-09-809-412,"בנוסף לכך, הבאתי בכלל חשבון את עברו פלילי של הנאשם בעבירות הבאות: ניסיון לתקיפת אדם לשם שוד בתנאים מחמירים ושוד מזויין בחבורה מיום 2.2.2009, בגינן הושת על הנאשם עונש מאסר בפועל למשך 20 חודשים ומאסר מותנה; העסקת עובד זר מיום 13.12.2017 בגינה הושת על הנאשם 170 שעות של""צ ומאסר מותנה. בהקשר זה יש לציין כי הנאשם מצא להשלים את שעות השל""צ אך לאחרונה, כאשר נראה כי ההליך הנוכחי היווה עבורו תמריץ לכך.",נסיבות שאינן קשורות בביצוע העבירה ,דיון והכרעה,דיון והכרעה,דיון והכרעה,דיון והכרעה,דיון והכרעה
ME-18-09-809-412,"לזכות הנאשם הבאתי בכלל חשבון את הודאתו במיוחס לו בכתב האישום שהוקל בתום הליך גישור, לקיחת האחריות מצדו על מעשיו, שיתוף הפעולה עם המשטרה מעת שנעצר, הבעת החרטה והחיסכון בזמן שיפוטי. עוד הבאתי בחשבון את השפעת הענישה על בני משפחתו של הנאשם וילדיו הקטינים, בעיקר לאחר שהתרשמתי מעדות רעייתו והקשיים מהם סבלו בשל מצבו של הנאשם, אורח חייו התמכרותי והקשיים הכלכליים עמם מתמודד (סעיף 40יא(2) לחוק העונשין).",נסיבות שאינן קשורות בביצוע העבירה ,דיון והכרעה,דיון והכרעה,דיון והכרעה,דיון והכרעה,דיון והכרעה
ME-18-09-809-412,"לבסוף, מצאתי לתן משקל נכבד להליך השיקומי שעבר הנאשם, במהלכו השתלב במסגרות טיפוליות בחסות שירות המבחן, ושיתף פעולה כנדרש, כפי שפורט לעיל.",נסיבות שאינן קשורות בביצוע העבירה ,דיון והכרעה,דיון והכרעה,דיון והכרעה,דיון והכרעה,דיון והכרעה
ME-18-09-809-412,"בהקשר זה נתתי דעתי לשאלה האם יש הצדקה לחרוג לקולה ממתחם הענישה ההולם בשל שיקולי שיקום. בהתאם לסעיף 40ד לחוק העונשין, רשאי בית המשפט לחרוג ממתחם העונש ההולם שנקבע ולגזור את עונשו של נאשם בהתאם לשיקולי שיקומו, אם מצא כי ""הנאשם השתקם או כי יש סיכוי של ממש שישתקם"". לשם כך, נקבע כי יש להצביע על פוטנציאל שיקומי גבוה (ע""פ 1903/13 עיאשה נ' מדינת ישראל [פורסם בנבו] (14.7.2013); ע""פ 5146/14 ‏עדי אורן נ' מדינת ישראל [פורסם בנבו] (05.02.15); ע""פ 4944/15 ‏חסדי חן שרעבי נ' מדינת ישראל [פורסם בנבו] (04.02.16)).",נסיבות שאינן קשורות בביצוע העבירה ,דיון והכרעה,דיון והכרעה,דיון והכרעה,דיון והכרעה,דיון והכרעה
ME-18-09-809-412,"לעניין המקרים בהם יש לסטות ממתחם העונש ההולם משיקולי שיקום, קבעה כב' השופטת דפנה ברק ארז, בדעת רוב, בע""פ 6637/17 אליזבת קרנדל נ' מדינת ישראל [פורסם בנבו] (18.04.2018), בין היתר, את הדברים הבאים:",נסיבות שאינן קשורות בביצוע העבירה ,דיון והכרעה,דיון והכרעה,דיון והכרעה,דיון והכרעה,דיון והכרעה
ME-18-09-809-412,"בהקשר זה לא נעלמו מעיני המלצות שירות המבחן להסתפק בענישה הכוללת צו שירות לתועלת הציבור וצו מבחן, אך סבורני כי המלצה זו אינה משקפת נכונה את האיזון הראוי בין שיקולי הענישה בנסיבות דנא. כידוע, ההחלטה בדבר הענישה הינה בסמכותו הבלעדית של בית המשפט, אשר לפניו מונחת התמונה הכוללת. ""מתפקידו של בית המשפט להעריך ולשקול נסיבות רבות ומגוונות, כמו למשל, חומרת העבירה ונפיצותה בציבור, הגנה על שלום הציבור וביטחונו, הרתעת העבריין ועבריינים בכוח, התגמול שבענישה וכיוצא באלה. שיקולים אלה אינם מתחום שיקוליו של קצין המבחן, ואין הוא אף מוסמך להמליץ לגביהם. השופט, הוא אשר ישים במאזני שיקוליו, כאחד השיקולים החשובים, גם את המלצתו של קצין המבחן. אך בכך לא סגי"" (רע""פ 5434/07 שאדי פריג' נ' מדינת ישראל [פורסם בנבו]; ע""פ 405/06 מדינת ישראל נ' אחמד חלייחל [פורסם בנבו] (8.5.2006)).",נסיבות שאינן קשורות בביצוע העבירה ,דיון והכרעה,דיון והכרעה,דיון והכרעה,דיון והכרעה,דיון והכרעה
ME-18-09-809-412,"במקרה דנא, התקבל הרושם כי הנאשם שואף לנהל אורח חיים נורמטיבי ותקין, שומר על יציבות תעסוקתית, ומנהל חיי משפחה תקינים. דומני כי הנאשם הפנים את חומרת מעשיו והכיר בטעויותיו, לקח אחריות מלאה על המעשים והפגין חרטה. מאז ביצוע העבירות נרתם הנאשם לשיקום חייו, שיתף פעולה עם שירות המבחן, הגיע למפגשים במסגרות השונות ושיתף פעולה. נמסר כי הנאשם נקי מסמים לאורך תקופה ארוכה. כמו כן, נמסר כי הנאשם מתמיד בפגישות ה-N/A בהם משתתף והשלים בהצלחה שתי תכניות ביחידה להתמכרויות, התכנית למתחילים ותכנית ""צעדים"". בנוסף, נאשם לקח חלק בסדנת ""חוק ומשפט"" במרכז הבינתחומי בהרצליה, ופיתח יכולת התבוננות עצמית וביקורתית. התרשמתי מדברי הנאשם כי יש לו רצון ומוטיבציה לשמר את הכיוון החיובי בו בחר ולהתמיד בנדרש לשם שיקום חייו, בפן הרגשי, הכלכלי, המשפחתי והתעסוקתי.",נסיבות שאינן קשורות בביצוע העבירה ,דיון והכרעה,דיון והכרעה,דיון והכרעה,דיון והכרעה,דיון והכרעה
ME-18-09-809-412,"לצד כל אלה, ומבלי להמעיט חלילה מדרכו השיקומית של הנאשם או מהמסגרות השיקומיות בהן השתתף, הרי שאין המדובר בהליך שיקומי מאסיבי, כדוגמת קליטה בקהילות שיקומיות סגורות ולאחר מכן מגורים בהוסטל טיפולי והשתלבות במעגל העבודה, שהינו מסלול שיקומי ארוך, מייגע ורווי קשיים ומהמורות, הנמשך לעתים חודשים ואף שנים, שאז קיים חשש של ממש כי עונש מאסר בפועל יקטע את אותו מסלול שיקומי ויוריד לטמיון השקעה ומאמצים רבים, הן מצד הנאשם והן מצד גורמי הטיפול. בענייננו, כפי שצוין הנאשם השתתף במספר מסגרות טיפוליות ונתרם מהן, והשינוי על אורחות חייו ניכר עליו ומורגש בקרב בני משפחתו. בהקשר זה יצוין כי הנאשם אף נמצא נקי מסמים. אולם, לא שוכנעתי כי מאסר בפועל אף כזה שירוצה במתקן כליאה יפגע במסלולו השיקומי הקונקרטי של הנאשם.",נסיבות שאינן קשורות בביצוע העבירה ,דיון והכרעה,דיון והכרעה,דיון והכרעה,דיון והכרעה,דיון והכרעה
ME-18-09-809-412,"משכך, השתתפות הנאשם בהצלחה במסגרות שיקומיות, שיתוף  הפעולה  מצדו עם רשויות  החוק  והרצון  לתן  לנאשם הזדמנות  לשקם  את  חייו ולעודדו בדרכו השיקומית,  הובילו  אותי למסקנה כי יש להקל עם הנאשם, ולצורך כך לחרוג לקולה מהרף התחתון של מתחם הענישה, מטעמי שיקומו של הנאשם, בהיקף ניכר של 6 חודשי מאסר. לשיטתי מדובר בהקלה משמעותית בעונש, אך עדיין אינה כזו שיש בה כדי להציב את רף הענישה בטווח המאפשר את ריצוי עונש המאסר, הנדרש בנסיבות המקרה, באופן שניתן יהא לרצותו בעבודות שירות. כאמור לא אוכל לקבל את המלצת שירות המבחן כלשונה, כבקשת הנאשם ובא כוחו. הנאשם הורשע בעבירות חמורות, שעל דרך הכלל יש לגזור בהן עונש מאסר ממושך מאחורי סורג ובריח. עונש של של""צ אינו הולם את העבירות בהן הורשע הנאשם, בנסיבות ביצוען, ועלול לשדר מסר שאינו רצוי ויפגע בשיקולי הגמול וההרתעה הנדרשים. לצד זאת, כולי תקווה כי חרף עונשו של הנאשם, ימשיך הוא להתמיד בדרכו השיקומית גם במסגרות המתאימות עבורו בין כתלי הכלא.",נסיבות שאינן קשורות בביצוע העבירה ,דיון והכרעה,דיון והכרעה,דיון והכרעה,דיון והכרעה,דיון והכרעה
ME-18-09-809-412,"מכל הנתונים, הטעמים והשיקולים שפירטתי לעיל, מצאתי להשית על הנאשם את העונש הבא:",העונש המושת על הנאשם,דיון והכרעה,דיון והכרעה,דיון והכרעה,דיון והכרעה,דיון והכרעה
ME-18-09-809-412,"א.	מאסר בפועל לתקופה של 18 חודשים, בניכוי ימי מעצרו (16.8.2018-19.8.2018).",העונש המושת על הנאשם,דיון והכרעה,דיון והכרעה,דיון והכרעה,דיון והכרעה,דיון והכרעה
ME-18-09-809-412,"הנאשם יתייצב לריצוי עונשו ביום 10.11.2019 בשעה 8:30, במזכירות בית המשפט ובתיאום עם השב""ס, ויביא עמו ציוד אישי ותעודת זהות.",העונש המושת על הנאשם,דיון והכרעה,דיון והכרעה,דיון והכרעה,דיון והכרעה,מידע אחר
ME-18-09-809-412,ב. 	מאסר מותנה לתקופה של 10 חודשים. הנאשם יישא בעונש זה אם בתקופה של שלוש שנים מיום שחרורו יעבור על כל עבירת סמים מסוג פשע.,העונש המושת על הנאשם,דיון והכרעה,דיון והכרעה,דיון והכרעה,דיון והכרעה,דיון והכרעה
ME-18-09-809-412,ג. 	מאסר מותנה לתקופה של 5 חודשים. הנאשם יישא בעונש זה אם בתקופה של שלוש שנים מיום שחרורו ייבצע כל עבירת סמים מסוג עוון.,העונש המושת על הנאשם,דיון והכרעה,דיון והכרעה,דיון והכרעה,דיון והכרעה,דיון והכרעה
ME-18-09-809-412,"ה.	קנס בסך 10,000 ₪ או מאסר למשך 75 יום תחתיו. הקנס ישולם עד לא יאוחר מיום 1.7.2021, שאילולא כן יחויב הנאשם בתוספת ריבית פיגורים כחוק.",העונש המושת על הנאשם,דיון והכרעה,דיון והכרעה,דיון והכרעה,דיון והכרעה,דיון והכרעה
ME-18-09-809-412,"ו.	התחייבות - הנאשם יחתום על התחייבות בסכום של 20,000 ₪, להימנע מלעבור במשך שלוש שנים מיום שחרורו על כל עבירת סמים. היה והנאשם לא יחתום על כתב התחייבות בתוך 7 ימים, ייאסר בגין כך למשך 45 ימים.",העונש המושת על הנאשם,דיון והכרעה,דיון והכרעה,דיון והכרעה,דיון והכרעה,דיון והכרעה
ME-18-09-809-412,"מורה על השמדת הסמים באחריות המאשימה. על יסוד ההסכמה שגובשה בהליך הגישור, אני מורה על חילוט סכום של 4,500 ₪ והמשקל האלקטרוני לטובת המדינה.",העונש המושת על הנאשם,דיון והכרעה,דיון והכרעה,דיון והכרעה,דיון והכרעה,דיון והכרעה
ME-18-09-809-412,"יתר המוצגים – יושמדו/יחולטו/יושבו לבעליהם, לפי שיקול דעת המאשימה.",העונש המושת על הנאשם,דיון והכרעה,דיון והכרעה,דיון והכרעה,דיון והכרעה,דיון והכרעה
ME-19-02-70401-748,"ב""כ המאשימה: עו""ד איריס פיקר",nothing,מידע אחר,מידע אחר,מידע אחר,מידע אחר,מידע אחר
ME-19-02-70401-748,"ב""כ הנאשם: עו""ד גיא מימון",nothing,מידע אחר,מידע אחר,מידע אחר,מידע אחר,מידע אחר
ME-19-02-70401-748,"פקודת הסמים המסוכנים [נוסח חדש], תשל""ג-1973: סע'  6",nothing,מידע אחר,מידע אחר,מידע אחר,מידע אחר,מידע אחר
ME-19-02-70401-748,"חוק העונשין, תשל""ז-1977: סע'  40ד', 40ד(א), 384א(א)(1), 40 יג'",nothing,מידע אחר,מידע אחר,מידע אחר,מידע אחר,מידע אחר
ME-19-02-70401-748,הנאשם הורשע בהתאם להודאתו בעובדות כתב האישום המתוקן בעבירות כדלקמן:,רקע,עובדות המקרה,עובדות המקרה,עובדות המקרה,עובדות המקרה,עובדות המקרה
ME-19-02-70401-748,"ייצור, הכנה והפקת סם, לפי סעיף 6 לפקודת הסמים המסוכנים [נוסח חדש], תשל""ג-1973.",רקע,עובדות המקרה,עובדות המקרה,עובדות המקרה,עובדות המקרה,עובדות המקרה
ME-19-02-70401-748,"גניבה בנסיבות מחמירות, לפי סעיף 384א(א)(1) בחוק העונשין, תשל""ז- 1977",רקע,עובדות המקרה,עובדות המקרה,עובדות המקרה,עובדות המקרה,עובדות המקרה
ME-19-02-70401-748,"על-פי המתואר בעובדות כתב האישום המתוקן, ביום 30.11.18 הנאשם שכר דירה בנתניה. הנאשם הקים בדירה מעבדה לגידול סמים מסוג קנאביס. לשם כך צייד את הדירה בשנאים, מנורות, מאווררים, שעונים, מדי טמפרטורה, מפוחים, פילטרים, מכונה חשמלית לייבוש סם וחומרי דישון. לשם הפעלת המעבדה הנאשם ביצע שינויים במערכת החשמל, ובמסגרת זו ביצע מעקף בחשמל בדירה כך שלא יחויב כנדרש. החל מאותו מועד ועד ליום 19.2.19 הנאשם גידל במעבדה סמים מסוג קנאביס ובדירה נתפסו 94 שתילים של הסם וכמות גדולה של תפזורת הסם במשקל כולל של 80.1 ק""ג נטו. במהלך התקופה הנאשם נטל חשמל ללא רשות בשווי של 3,783.70 ₪.",רקע,עובדות המקרה,עובדות המקרה,עובדות המקרה,עובדות המקרה,עובדות המקרה
ME-19-02-70401-748,"הצדדים הגיעו להסדר טיעון, לפיו הנאשם הודה והורשע בכתב האישום המתוקן והופנה לקבלת תסקיר שירות המבחן. המאשימה הגבילה את עתירתה לעונש של 30 חודשי מאסר וכי אם התסקיר יהיה חיובי יעתרו לעונש אחר. ההגנה חופשיה בטיעוניה. הצדדים הסכימו על קנס בסך של 15,000 ₪.",רקע,עובדות המקרה,עובדות המקרה,עובדות המקרה,עובדות המקרה,עובדות המקרה
ME-19-02-70401-748,"על פי תסקירי שירות המבחן, הנאשם בן 24, רווק, עובד כמנהל פרויקט בחברת פינוי-בינוי. אביו נפטר כשהנאשם היה כבן 6 ומותו נחווה כאירוע מכונן עבורו ועבור בני המשפחה. אמו החלה לעבוד שעות רבות והוא שהה עם סבתו בתנאי דוחק. בכיתה ט' עבר לפנימייה, עשה מאמצים לשפר את הישגיו הלימודיים, אך הוחלט להשאירו כיתה. אובחן כסובל מלקויות למידה ובמקביל ללימודיו עבד כדי לסייע בפרנסת המשפחה. למרות קשייו סיים 12 שנות לימוד עם תעודת בגרות חלקית. שירת שירות צבאי מלא. החל מחודש נובמבר 18' עובד בעבודה קבועה עד היום. ממכתב שהתקבל ממעסיקו עלה תפקודו החיובי בעבודה, תוך שמגלה מצוינות ומשמעת. בחברה מודעים להליך הפלילי ואולם החברה החליטה לתת לנאשם הזדמנות לשיקום חייו ולאחרונה אף נשקל קידומו בעבודה. לאחר שירותו הצבאי החל לצרוך סמים מסוג קנאביס ולדבריו מאז מעצרו אינו צורך סמים ובבדיקת שתן שנערכה לו, לא נמצאו שרידי סם. הנאשם נעדר עבר פלילי, וביחסו לעבירה – מקבל אחריות חלקית על מעשיו בעבירה ולדבריו לא גנב חשמל. מסר כי בשל הפסקות חשמל הזמין חשמלאי אשר עשה את השינויים בחשמל. הנאשם לא ידע למסור פרטים על החשמלאי וטען שאינו מכיר אותו. ביחס לעבירת גידול הסם, מסר שהחליט לגדל סמים לשם צריכתו העצמית. שלל כוונה למכור את הסמים שגידל ולדבריו לא ציפה שגידול הסם יניב כמות כה גדולה של סם. ציין שחווה טלטלה בשל מעצרו וההליך המשפטי, תיאר תחושת בושה ממשפחתו וכאב על הצער שגרם להם וחרטה על מעורבותו בעבירה. שירות המבחן התרשם שהבעת החרטה נובעת מהמחירים שמשלם והשלכותיהם על עתידו, ללא תובנה אמיתית לחומרת התנהגותו בעבירה. כן התרשם שירות המבחן שהנאשם אינו כן בדבריו אודות נסיבות גידול הסמים לקשריו שסייעו לו בהקמת המעבדה. הנאשם שולב בקבוצת עצורי בית במסגרת צו פיקוח מעצר בחודש מרץ 19'. הוא החל בקבוצה בשירות המבחן בצפת, שם היה מופנם ושיתף בצורה מצומצמת. בהמשך עבר לקבוצה בשירות המבחן בעיר טבריה, ובה הרגיש יותר בנוח וקיים תקשורת עם המשתתפים. ההתרשמות הייתה שהנאשם נמצא בראשיתו של תהליך וכי אינו מורגל בשיח רגשי הנדרש לשם שינוי דפוסי חשיבה והתנהגות. הנאשם הגיע למפגשים באופן סדיר והוא פעל לשם קבלת מענה טיפולי נוסף והופנה למסגרת היחידה לטיפול בהתמכרויות – חוסן בעיר טבריה, זאת על אף הכחשתו קיומה של בעיית תלות בסמים ובדיקות השתן הנקיות שביצע. הנאשם החל בטיפול במסגרת מרכז חוסן בחודש יולי 19', ומהעו""ס המטפל במסגרת נמסר שהנאשם מגיע לפגישות הפרטניות שנערכות עמו באופן סדיר. ועדת החלטה שהתכנסה 6 חודשים לאחר שהחל את הטיפול הפרטני, התרשמה שלא התרחש תהליך רגשי משמעותי וכי הנאשם עדיין מקובע בדפוסי חשיבתו, בעל צורך חזק בשליטה ומתקשה להפגין חולשה, אלמנטים שהם חיוניים לקיום טיפול משמעותי ועריכת שינוי. למרות התרשמותה זו, החליטה הוועדה להמשיך את הליווי והטיפול במרכז חוסן. העו""ס המטפלת מסרה שהוא מגיע בעקביות לפגישות עמו, משתף פעולה כנדרש, מבצע בדיקות שתן נקיות משרידי סם ומשתף בקורותיו. כן דווח שהנאשם עדיין מתקשה לקיים שיח רגשי, בהתבוננות פנימית ובחינת מצוקותיו ודפוסיו המכשילים. על אף קשייו אלה הומלץ על המשך הטיפול. שירות המבחן התרשם מאדם בעל יכולות וכישורים רבים, שמגלה יציבות תעסוקתית, שעל אף קשייו הצליח לסיים לימודי תיכון ולשרת בצבא וכי קיימת מערכת תמיכה משפחתית משמעותית. כן התרשם שירות המבחן שמותו הפתאומי של אביו וגדילתו לאורך השנים ללא דמות אב, הותירה אותו בתחושות אבדן וחוסר מענה רגשי לצרכיו וייתכן שבצל האירוע הזה פיתח צורך בתפקוד עצמאי וויתר על תמיכה וליווי משפחתו. הנאשם מתקשה להתחבר לעולמו הרגשי, מתקשה בשליטה על דחפיו ונוטה לפעול ללא שיקול דעת. כן התרשם שירות המבחן שהנאשם בעל מוקד שליטה חיצוני, מכיר באופן חלקי במיוחס לו בכתב האישום ונוטה להשליך חלק ממעשיו על גורם חיצוני, והוא אינו משתף בכנות בפרטי העבירה ובוחר שלא לחשוף פרטים בכל הקשור בקשריו השוליים ומערבות של גורמים אחרים בעבירה. גם לאחר תהליך טיפולי ממושך של למעלה משנה, בקבוצה הטיפולית בשירות המבחן ובטיפול הפרטני במרכז חוסן, לא חל שינוי מהותי בעמדותיו, הוא מתקשה בקיום שיח רגשי וממשיך לטשטש את חומרת מצבו, בעל מודעות נמוכה לבעייתיות בדפוסי חשיבה והתנהגות, ומכאן ששירות המבחן לא יכול לשלול סיכון להתנהגות דומה בעתיד. הנאשם הביע רצון ומחויבות להמשך טיפול, ואולם שירות המבחן לא התרשם מתובנה אמיתית להתנהלותו. הוא מתקשה בנטילת אחריות מלאה למיוחס לו ונמנע ממסירת פרטים על קשריו השוליים וחלקם בעבירה. חוסר השינוי בעמדותיו לאחר טיפול ממושך וחוסר התייחסות ביקורתית כלפי התנהגותו ואחריותו לעבירה, מעידים על חוסר בשלות והתאמה לטיפול. לפיכך שירות המבחן נמנע מהמלצה טיפולית בעניינו.",תסקירי שירות המבחן,תסקיר שירות מבחן,תסקיר שירות מבחן,תסקיר שירות מבחן,תסקיר שירות מבחן,תסקיר שירות מבחן
ME-19-02-70401-748,"בתסקיר משלים נמסר שמדוח סוציאלי שהתקבל ממרכז חוסן עלה שהנאשם מגיע בקביעות במשך שנה לפגישות עמו. לאורך השנה שיתף באופן קונקרטי ללא יכולת להתבוננות פנימית ורגשית, וכי כל הניסיונות לפתח את השיח הרגשי עמו נתקלו בהתנגדות. בוועדת אבחון שהתקיימה בסוף חודש ינואר 20' הנאשם לא הראה נזקקות טיפולית והטיפול בו כמעט והופסק. במעמד הוועדה הנאשם ביקש הזדמנות נוספת וזו ניתנה למשך 3 חודשים. מאז הוא המשיך להגיע לפגישות, לשתף באופן קונקרטי ולא חל שינוי בהתייחסותו, הוא לא אפשר העלאת תכנים רגשיים והתבוננות פנימית על התנהלותו וחייו. מאז הדיון האחרון התקיימו 4 פגישות נוספות עמו, ובפגישות אלה החל תהליך של שינוי ביכולתו לשתף באופן כן ופתוח יותר. בפגישה נוספת שהתקיימה עמו בשירות המבחן, חזר בו מהדברים שאמר במפגש הקודם עמו ותאר באופן שונה את השתלשלות האירוע בעבירה. לדברי בתקופה בה היה צורך סמים מסוג קנאביס באופן יומיומי, פנו אליו אנשים מהם נהג לרכוש את הסמים והציעו לו לגדל סמים. מסר שהתלבט אך התפתה לתמורה הכספית שהוצעה לו והסכים לבצע את העבירות. בנוסף הנאשם נטל אחריות על גניבת החשמל והסביר שכחלק מהכנת המעבדה בדירה נשלח חשמלאי מטעמם של מפעיליו. הנאשם מסר שאינו יודע פרטים אודות מפעיליו וכי ניתק עמם את הקשר. הנאשם הסביר שהבין כי עליו לשתף בכנות ובתוך כך לשתף בנסיבות מותו של אביו אשר שם קץ לחייו ולא נפטר מאירוע בליבו כפי שמסר תחילה. הנאשם תאר תחושתו שהוא עובר שינוי מסוים מאדם סגור ומופנם שאינו מראה חולשה וכי הוא מתחיל להתבונן על חולשותיו. הנאשם הביע מוטיבציה חיצונית להמשך הטיפול ולדבריו כיום מבין את חומרת העבירות. הנאשם ביטא חשש מפני הטלת עונש של מאסר בפועל. שירות המבחן התרשם גם בשלב זה מקשייו של הנאשם להתחבר ברמה רגשית לקווים העברייניים באישיותו, עדיין העריך שרב הנסתר על הגלוי בכל הקשור לנסיבות שהובילו אותו לביצוע העבירה ולאופי קשריו עם גורמים עברייניים, וכי החרטה שמבטא כיום מקורה במחירים שמשלם, אך לא מתוך תובנה אמיתית לחומרת מעשיו. על אף הנכונות אותה מבטא הנאשם להמשך הטיפול, שירות המבחן שקל את משך הזמן הארוך בו הוא מטופל במסגרות טיפול שונות ללא תמורות מהותיות בעמדותיו, תוך שהנאשם מתקשה בשיתוף כן בקורותיו. שירות המבחן הביע ספקנות באשר ליכולותיו של הנאשם להתמיד בטיפול הדורש כנות, פתיחות ואמון, לצד יכולת להתבוננות פנימית. שירות המבחן התרשם מקיומה של מוטיבציה חיצונית בלבד בשל אימת הדין, ולאור זאת שב על עמדתו ונמנע מהמלצה טיפולית.",תסקירי שירות המבחן,תסקיר שירות מבחן,תסקיר שירות מבחן,תסקיר שירות מבחן,תסקיר שירות מבחן,תסקיר שירות מבחן
ME-19-02-70401-748,"עו""ס לילי קנטי מהיחידה לטיפול בהתמכרויות בטבריה – העידה שהיא מכירה את הנאשם מזה כשנה, הוא מגיע בעקביות למפגשים עמו, עושה בדיקות שתן נקיות, קשה לו להיפתח רגשית, הוא אדם סגור אך יכול לעשות תהליך, הוא צריך זמן. בסמוך לפני מועד הטיעונים לעונש משהו זז אצלו במבחינה רגשית. בתקופה שהוא גידל סמים הוא היה בשלב של שימוש יומיומי. אינה יכולה לומר שהוא סיים הליך שיקומי. הוא יכול לעבור תהליך טיפולי, אך הוא עדיין לא עבר אותו, הוא נמצא בתחילת הדרך.",ראיות לעונש,ראיות לעונש,ראיות לעונש,תסקיר שירות מבחן,ראיות לעונש,ראיות לעונש
ME-19-02-70401-748,"חוות דעת שנערכה על ידי עו""ס שרון ימיני מטעם ""המכון לטיפול בהפרעות התנהגות והתמכרויות"" (נ/4) – הנאשם החל לצרוך סמים מסוג קנאביס לאחר שחרורו מהצבא ודווח שהשימוש לא פגע בתפקודו. הנאשם נענה להצעה לגדל סמים, ולשם כך גייס את כל חסכונותיו ונטל הלוואה וכיום מכיר בכך שציפה להשיג רווח כספי. ביטא צער על העבירות, מכיר בהשלכות על עתידו. בחודש אוגוסט 19' השתלב במרכז חוסן, תאר שהטיפול מעמת אותו עם הצורך להיחשף ולהציג צדדים פחות מוצלחים באישיותו, לאחר שלאורך חייו התרגל לטשטש חלקים חלשים ולהימנע מחשיפת חולשה ואף להימנע מהתבוננות על מצוקות וכישלונות. דפוס נוקשה זה נסך בנאשם כוח ואפשר לו לעמוד באתגרים בחייו. בשנה האחרונה חלו שיבושים אובייקטיביים בטיפול בשל סיבות שקשורות במטפלת וכן בשל מגבלות הקורונה. בשיחה עם המטפלת במרכז חוסן מסרה שמה שנראה כהסתרה או הגנה על שותפים לעבירה מהווה אתגר בטיפול, הנאשם משתף פעולה, והוא מגלה חרדה באשר לחובותיו הכספיים ובפרט חושש שלא יוכל לעבוד ולהחזיר את חובותיו. בסיכום צוינה ההתרשמות מהנאשם כאדם אחראי וחרוץ, בעל יכולת גבוהה לתקשורת ולתפקוד במסגרות, פורע כיום את חובותיו באופן מסודר מתוך רצון לקיים חיים יציבים. מתמודד בתקופה זו עם תחושת אשם כלפי משפחתו, שלילת חירותו, חוסר וודאות וחרדה מפני תוצאות ההליך וחובות כספים לגורמים שונים. הנאשם מבין את טעותו במעשיו בעבירה ומצטער עליהם והתנהגותו מובנת על רקע שיבוש חמור בשיקול הדעת של אדם צעיר שלראשונה בחייו התנסה בניהול אורח חיים עצמאי. הנאשם השתלב בטיפול גמילה מסמים, מבטא רצון להמשך הטיפול, אשר אופיין בחוסר יציבות במהלך השנה האחרונה מטעמים אובייקטיביים ולהערכת המאבחן קיימת חשיבות רבה בהמשך הקשר הטיפולי באופן רציף במרכז חוסן. להתרשמותו הטלת עונש מאסר ממושך תחדד את אחריותו של הנאשם לעבירות אך היא עלולה לחבל ביכולתו לשקם את עצמו כלכלית ותעסוקתית, ותפגע בעקרון השיקום. הומלץ על המשך הטיפול במרכז חוסן ומאסר לריצוי בעבודות שירות.",ראיות לעונש,ראיות לעונש,ראיות לעונש,תסקיר שירות מבחן,ראיות לעונש,ראיות לעונש
ME-19-02-70401-748,"בעדותו של עו""ס שרון ימיני בבית המשפט העיד שדפוסי הסתרה וחוסר יכולת להיפתח הביאו את הנאשם למקום בו הוא נמצא וזהו דפוס שיש לעבוד עליו בטיפול. הוא לא טיפל בנאשם, אלא פגש את הנאשם לפגישה יחידה ותסקיר שירות המבחן לא היה בידו.",ראיות לעונש,ראיות לעונש,ראיות לעונש,תסקיר שירות מבחן,ראיות לעונש,ראיות לעונש
ME-19-02-70401-748,"אינה מוזורוב, אמו של הנאשם – העידה שהמשפחה הגיעה לישראל בשנת 1996. היא הייתה לבד עם שלושה ילדים. בעלה היה בישראל 3 שנים, פתח עסק והסתבך, הנאשם היה בן 5 לא ידע מה בדיוק קרה כי לא רצתה לספר לו. נאמר לו שאביו נפטר ממחלה ורק כשהיה נער סיפרה לו מה בדיוק קרה עם אביו. בכל התקופה הזו עבדה בשלוש עבודות כדי לספק את צרכי ילדיה. לנאשם הייתה חסרה דמות אב, המשפחה מאוד קרובה ועוזרת זה לזה, האחים שלו עוזרים לו מאז ילדותו. לא הייתה שום סיבה לבצע את העבירה וזה שבר את המשפחה. הוא עזב את העיר כי לא מצא את עצמו. תמיד סיפר שהכל בסדר ולא רצה להראות למשפחה שהוא לא מצליח. הוא עשה טעות חמורה ומודע לכך. הוא חזר מהמעצר שבור, היה סגור בתוך עצמו ולא ישן בלילות. הוא קיבל שיעור לכל החיים. הוא עשה טעות אך יש לתת לו הזדמנות לעבור טיפול. הוא מנסה לחזור לחיים נורמטיביים. אם הוא יחזור לכלא, זה ישבור אותו.",ראיות לעונש,ראיות לעונש,ראיות לעונש,תסקיר שירות מבחן,ראיות לעונש,ראיות לעונש
ME-19-02-70401-748,"דימטרי מורוזוב, אחיו של הנאשם – העיד שמאז שהנאשם נולד הוא ליווה אותו. הם עברו תקופה קשה כשהנאשם היה בן 5 ואביהם נפטר. מגיל צעיר הוא והנאשם החלו לעבוד, ולעזור לאמם. הנאשם מעולם לא עשה בעיות, המשפחה מגובשת וקרובה. המשפחה מגנה את הטעות שעשה וכיום מבקשים לתת לו הזדמנות להשתקם. אם יכנס לכלא הוא ישבר ואמם תתמוטט.",ראיות לעונש,ראיות לעונש,ראיות לעונש,תסקיר שירות מבחן,ראיות לעונש,ראיות לעונש
ME-19-02-70401-748,"ילנה נולדמן אחות הנאשם – העידה על הקרבה בין האחים במשפחה, עברו ילדות לא קלה, לאחר שאביהם התאבד. בתקופה זו נקלעו לקשיים כלכליים ואמם ניסתה לפרנס את הבית והאחים גידלו את הנאשם. היום מצבם הכלכלי יציב. מעולם לא היו בעיות עם הנאשם. הם הזדעזעו ששמעו על מעשיו. הנאשם התבייש במעשיו ומאז ששוחרר לא הפסיק להתנצל. הוא עזב את העיר וסטה מהדרך, הוא חזר הביתה במצב נפשי קשה, עזרו לו וניסו לשקם אותו והוא החל לחזור לדרך הישר, מצא עבודה ובת זוג. אם הוא יחזור לבית הסוהר הוא ישבר רגשית וכלכלית. אין למשפחה שום רקע פלילי, הוא בחור צעיר, עשה טעות חמורה, הבין את חומרת מעשיו ולעולם לא יחזור על כך, ויש לתת לו הזדמנות לשקם את חייו.",ראיות לעונש,ראיות לעונש,ראיות לעונש,תסקיר שירות מבחן,ראיות לעונש,ראיות לעונש
ME-19-02-70401-748,הסכם (הסדר חוב) בין הנאשם (ואדם נוסף) לבין זוכה בהוצאה לפועל (בעלת הדירה) להחזר חוב של הנאשם לאחר שניתנו פסקי דין בהיעדר הגנה והזוכה הגישה את פסקי הדין לביצוע בלשכת ההוצאה לפועל (נ/1).,ראיות לעונש,ראיות לעונש,ראיות לעונש,ראיות לעונש,ראיות לעונש,ראיות לעונש
ME-19-02-70401-748,"מכתב מהחברה שבה עובד הנאשם (נ/2). מציין שהם מכירים את הנאשם מהתקופה האחרונה, והוא מבצע את תפקידו היטב. משמש כמנהל פרויקט, תוך גילוי מצוינות ומשמעת בתפקידו. בחברה מודעים לכתב האישום, ולמרות זאת החליטו לתת לו הזדמנות לשקם את חייו כיוון שהוא רכש את אמונם, הוא בעל אופי טוב ומקיים קשר אנושי טוב. לאחרונה נשקל קידומו בעבודה ומבקשים להתחשב בניסיונו לשקם את חייו ובכוונתו להינשא ולהקים בית בקרוב.",ראיות לעונש,ראיות לעונש,ראיות לעונש,ראיות לעונש,ראיות לעונש,ראיות לעונש
ME-19-02-70401-748,"מכתב ממפקדו של הנאשם בשירותו הצבאי (נ/3). צוין שהנאשם שירת תחת פיקודו בשנת 2016 לאחר שהיה נהג מבצעי בסיירת עוקץ, ביצע משימות לוגיסטיות באימוני מילואים מורכבים ושימש כיד ימינו, חייל וחבר נאמן ומסור, אחראי, בעל יכולות חברתיות גבוהות ואנשי המילואים אהבו וכיבדו  אותו. הנאשם שיתף אותו בעבירה בה הורשע וביטא צער וחרטה על מעשיו. בטוח בשיקומו וכי לא יחזור לבצע עבירות.",ראיות לעונש,ראיות לעונש,ראיות לעונש,ראיות לעונש,ראיות לעונש,ראיות לעונש
ME-19-02-70401-748,"לטענת ב""כ המאשימה, עו""ד איריס פיקר, הערך החברתי שנפגע הוא הגנה על הציבור מפני הנזקים הנלווים לשימוש בסמים. נזקי הסמים כוללים נזקים ישירים למכורים לסמים ונזקים עקיפים ובכללם עבירות אלימות ורכוש המבוצעות לשם השגת הסם. עבירות של מעבדות לגידול סם אינן עבירות שמבוצעות על ידי מכורים לסמים אלא מבוצעות לשם צורך כלכלי. הערך המוגן בעבירת הגניבה הוא הגנה על אינטרסים קנייניים, ובמקרה זה החשמל שייך לציבור כולו. הנסיבות הקשורות בביצוע העבירה – ביצוע עבירות מעבדה דורש השקעה כספית גדולה, צריך לשכור דירה ולצייד אותה בציוד מתאים ופעולות נוספות לשם הקמת המעבדה. בנוסף נדרש ידע רב ומכאן שלא מדובר בעבירה ספונטנית. הנזק הפוטנציאלי קשור בכמות הסם ובמקרה זה כ-80 ק""ג. הסיבה לביצוע העבירה היא רווח כספי ולא התמכרות לסמים. בעבירות אלה מתחם העונש נקבע בהתאם לכמות הסם שנמצאה במעבדה. המאשימה עתרה למתחם של 24 ועד ל-48 חודשי מאסר בפועל. שירות המבחן התרשם שרב הנסתר על הגלוי. מובן מדוע הנאשם חושש לחשוף האם היו לו שותפים להקמת המעבדה. שירות המבחן לא בא בהמלצה טיפולית. המטפלת שבאה להעיד לטובתו, אמרה בעצמה שהנאשם לא השתקם, גם אם יש לו פוטנציאל לשיקום. לכן לא ניתן לחרוג משיקולי שיקום במקרה זה. המאבחן הפרטי שהעיד אינו מכיר את הנאשם, אלא פגש אותו לזמן קצר מבלי להבין מה מניע אותו. חוות דעתו אינה עדיפה על שירות המבחן אשר ליווה את הנאשם במשך שנה ו-3 חודשים, וזו אינה חוות דעת רצינית. הנאשם טופל במשך יותר משנה, הגיע לפגישות, לא נפתחו לחובתו תיקים נוספים ונסיבות חייו אינן פשוטות. יש לו משפחה חמה. למרות שעל פי הסדר הטיעון הוסכם שהמאשימה תגביל את עצמה לעונש של 30 חודשי מאסר בפועל, ועל אף שהתסקיר לא בא בהמלצה שיקומית ולא קיימים טעמי שיקום, המאשימה עותרת לעונש של 27 חודשי מאסר בפועל.",טיעוני הצדדים,טיעוני הצדדים,טיעוני הצדדים,טיעוני הצדדים,טיעוני הצדדים,טיעוני הצדדים
ME-19-02-70401-748,"לטענת ב""כ הנאשם, עו""ד גיא מימון, במקרה זה יש לבכר את שיקומו של הנאשם ולחרוג ממתחם העונש משיקולי שיקום, חרף המלצת שירות המבחן. הנאשם טופל בבית חוסן במשך שנה. מדובר באדם המושקע כולו בטיפול, גם אם הוא נמצא בראשיתו של תהליך, כפי שהעידה העובדת הסוציאלית מהיחידה לטיפול בהתמכרויות. קיימת סתירה בין עמדת שירות המבחן לבין עמדת המטפלת מבית חוסן – שירות המבחן סבור שאין להמשיך את השיקום ואלו בית חוסן סבורים שיש להמשיך את הטיפול בו. בשל מגבלות הקורונה פגישות בוטלו ויתכן שאלמלא כך הדברים היו נראים אחרת. סיכויי שיקומו טובים, הוא ימשיך בעבודתו וכפי שעלה גם מתסקיר שירות המבחן הוא צפוי לקידום בעבודה. בעוד כשנה הוא יהיה בתפקיד ניהולי וככל הנראה נשוי לחברתו. הוא עזב את נתניה, מקום ביצוע העבירה, שם היה בריחוק מבני משפחתו ומהמעגל הקרוב אליו ומצב זה גרם לו לנסיגה. חזרתו למשפחתו ולעיר מגוריו מביאה לידי ביטוי את הפוטנציאל שלו. התסקיר אינו שלילי במהותו, העו""ס המטפלת בו העידה שיש תקווה וסיכוי לשיקום. מסקנתו של שירות המבחן לפיה אינו יכול לשלול חזרה להתנהגות דומה בעתיד, היא מסקנה מרחיקת לכת שאינה מתיישבת עם הנתונים אודות הנאשם. לנאשם אין קשרים שוליים, הוא ניתק את עצמו מסביבת העבירה וחזר לתפקוד נורמטיבי, כפי שעשה כל חיו. הנאשם שיתף פעולה והגיע לכל המפגשים בשירות המבחן וההתרשמות לאחר השתתפותו בקבוצת עצורי הבית היא שהוא נמצא בראשיתו של תהליך, אך התקשה להתחבר למקומות רגשיים כאובים אצלו. הקושי בחיבור לעולמו הפנימי המורכב הנובע מילדותו הקשה. הנאשם שהה בית המעצר כמעט חודש וחצי אשר גרמו לו לתמורה אמיתית בחייו. בהמשך לכך היה במעצר בפיקוח אלקטרוני במשך 9 חודשים, וכיום הוא מטופל בבית חוסן ומוסר בדיקות שתן נקיות. הנאשם חווה טרגדיה בגיל 5 בעת ששמע את זעקות השבר ואת האב תלוי מהתקרה. זו סיטואציה איומה שמלווה אותו למשך כל חייו וכבר כילד פיתח מנגנוני הגנה. אמו הייתה נוכחת נפקדת בגלל המצב והוא נלחם להתקדם בחייו. למרות דברי שירות המבחן, הנאשם נטל אחריות מלאה על מעשיו, ללא קשר למעשיהם של אחרים, שהנאשם לא שיתף בחלקם. הוא עשה זאת כבר בחקירתו במשטרה. הוא הודה בחלקו ולא בחר להשליך את האחריות על אחרים. מדובר בנאשם בעל פוטנציאל שיקומי יוצא דופן וממשי והשמתו כיום במאסר תאיין את כל ההישגים שלו במשך השנה וחצי האחרונות. הדברים חודדו בחוות הדעת שהוגשה על ידי עו""ס שרון ימיני, הרואה את הנאשם כמי שעושה מאמצים אדירים להשתקם והצליח, והוא מציג תכנית טיפולית פרטית לאחר שעמד בקשר עם הנאשם ועם העו""ס במרכז חוסן, תוך בקרה ומעקב שיעשה על ידו על המשך הטיפול של הנאשם בבית חוסן. מכל האמור יש מקום לחרוג ממתחם העונש משיקולי שיקום, ולהטיל על הנאשם עונש של עבודות שירות, ולחילופין של מאסר קצר.",טיעוני הצדדים,טיעוני הצדדים,טיעוני הצדדים,טיעוני הצדדים,טיעוני הצדדים,טיעוני הצדדים
ME-19-02-70401-748,"הנאשם הביע צער על מעשיו. מסר שמות אביו היווה עבורו אירוע טראומתי. הוא ניסה להראות למשפחה שהכל בסדר והוא אחראי, עצמאי וחזק. מגיל צעיר החל לעבוד בתחום התיירות והמסעדנות בעיר טבריה, סיים עם תעודת בגרות כמעט מלאה, למרות קשייו בבית הספר, התגבר על הכל. תיאר את שירותו הצבאי ואת עבודתו. היום עובד כמנהל פרויקט בחברה. מבין מאוד את חומרת העבירה, מצטער עליה, קיבל שיעור ולמד את הלקח. היום נמצא במקום אחר, נרתם לכל טיפול שנותנים לו. הטיפול עזר לו להבין את הקשיים שלו. הוא מנסה לראות עולם יותר טוב, ועכשיו לומד להתמודד. לפני שנעצר סבר שהסמים עוזרים לו להירגע ולהתמודד עם הדברים בצורה יותר פשוטה. מאז שנעצר הוא נקי, מצטער על מעשיו ומנסה לשקם את עצמו בשתי ידיים, רוצה להקים בית עם חברתו. מבקש הזדמנות והתחשבות. ראה אנשים שעברו טיפול ולאיזה מקום חיובי זה הביא אותם מבחינה פיזית ונפשית. לא יתקרב לדבר הזה לעולם, לא לסמים ולא לדרך כזו. הגיע להסדר לתשלום חובותיו והוא משלם. רוצה לקבל כל טיפול אפשרי.",טיעוני הצדדים,טיעוני הצדדים,טיעוני הצדדים,טיעוני הצדדים,טיעוני הצדדים,טיעוני הצדדים
ME-19-02-70401-748,"כתב האישום מתאר אירוע אחד, ומכאן שיש לקבוע בגינו מתחם עונש הולם אחד.",דיון - קביעת מתחם העונש ההולם,דיון והכרעה,דיון והכרעה,דיון והכרעה,דיון והכרעה,דיון והכרעה
ME-19-02-70401-748,"הערכים החברתיים שנפגעו מביצוע העבירה הם הגנה על הציבור מפני הנזקים הישירים והעקיפים הנגרמים עקב השימוש בסמים. לעבירות הסמים פוטנציאל נזק רב, שכן השימוש בסמים גורר במקרים רבים אף ביצוע עבירות נלוות, אם כי במקרה דנן מדובר בסם מסוג קנבוס, אשר חומרתו פחותה בהשוואה לסמים אחרים. לא בכדי קבע המחוקק לצד העבירה של גידול, הפקת והכנת סמים, עונש מרבי של עד עשרים שנות מאסר.",דיון - קביעת מתחם העונש ההולם,דיון והכרעה,דיון והכרעה,דיון והכרעה,דיון והכרעה,דיון והכרעה
ME-19-02-70401-748,"תופעת המעבדות או המשתלות לגידול סמים הפכה בשנים האחרונות לתופעה נפוצה, אשר טמון בחובה פוטנציאל נזק רב, בשל החשש שהסם אשר מגודל במקום יתגלגל לשוק הסמים, לגורמים עבריינים ומשם לציבור. עם זאת, קיים שוני משמעותי בין תיקים שונים של מעבדות, בהתאם למספרן, לגודלן, לכמות הסמים שנתפסה בהם ולפרמטרים נוספים.",דיון - קביעת מתחם העונש ההולם,דיון והכרעה,דיון והכרעה,דיון והכרעה,דיון והכרעה,דיון והכרעה
ME-19-02-70401-748,"במישור העקרוני ראוי להדגיש כי מדיניות האכיפה והענישה המקלה אשר ננקטת בשנים אחרונות כלפי המשתמשים בסמים מסוג קנבוס, כפי שהיא באה לידי ביטוי בסעיף 7(ג1) לפקודת הסמים (תיקון מס' 15 [הוראת שעה], תשע""ח-2018), אינה חלה בהתאמה על מי שמגדל לשם הפצה או סוחר בסמים מסוג זה. אמנם, דרגת חומרתו של הסם מסוג קנבוס היא פחותה בהשוואה לסמים אחרים, אך מדיניות הענישה הנוהגת לגבי מגדלי המעבדות והסוחרים בסם זה, לא נועדה להקל מי שנמצא בשלבי הייצור או ההספקה של הסמים, אלא נותרה משמעותית ומרתיעה (ראו דברי של כב' השופט י' עמית בע""פ 2596/18 זנזורי נ' מדינת ישראל [12.8.18], ודברי כב' השופט נ' הנדל בע""פ 5807/17 דרחי נ' מדינת ישראל [18.6.18]).",דיון - קביעת מתחם העונש ההולם,דיון והכרעה,דיון והכרעה,דיון והכרעה,דיון והכרעה,דיון והכרעה
ME-19-02-70401-748,"בחינת מידת הפגיעה בערך המוגן מובילה למסקנה כי הפגיעה בערך המוגן הינה ברף בינוני, זאת בשים לב לכך שמדובר בגידול שתילי קנאביס בהיקף של 80 ק""ג, לצד ציוד רב וגניבת חשמל.",דיון - קביעת מתחם העונש ההולם,דיון והכרעה,דיון והכרעה,דיון והכרעה,דיון והכרעה,דיון והכרעה
ME-19-02-70401-748,"במסגרת הנסיבות הקשורות בביצוע העבירה, יש לתת את הדעת לכך שלעבירה קדם תכנון הכולל שכירת הדירה בה הוקמה המעבדה, ציודה בציוד מתאים להקמת מעבדה ועריכת שינוי במערכת החשמל. הנאשם גידל במעבדה שהקים סם מסוג קנאביס במשקל של 80 ק""ג ובהיקף של 94 שתילים. יצוין כי מספר השתילים אינו רב ביחס לתיקים דומים באותו משקל סם. גניבת החשמל הייתה בסכום שאינו גבוה ביחס לתיקים דומים, בסך של כ-3,780 ₪. הנאשם הוא המבצע העיקרי של העבירה, ואף אם היו מעורבים אחרים אשר זהותם לא נחשפה, אין בכך כדי להפחית מחלקו בעבירה. הנזקים שצפויים היו להיגרם מביצוע העבירה נוגעים לחשש שהסמים יופצו בציבור על-ידי גורמים עבריינים. עבירות הסמים מסוג זה הן בגדר מחולל פשיעה. הסיבות שהביאו את הנאשם לבצע את העבירה הן כלכליות וקשורות גם בצריכתו האינטנסיבית של סמים מסוג קנאביס וקשריו השוליים.",דיון - קביעת מתחם העונש ההולם,דיון והכרעה,דיון והכרעה,דיון והכרעה,דיון והכרעה,דיון והכרעה
ME-19-02-70401-748,בחינת מדיניות הענישה הנוהגת מעלה כי במקרים דומים הוטלו על נאשמים עונשי מאסר במנעד רחב כמפורט להלן:,דיון - קביעת מתחם העונש ההולם,דיון והכרעה,דיון והכרעה,דיון והכרעה,דיון והכרעה,דיון והכרעה
ME-19-02-70401-748,"בע""פ 8988/16 בן סימון נ' מדינת ישראל (8.3.17) נדחה ערעורו של נאשם אשר הורשע לפי הודאתו בעבירות של ייצור הכנה והפקה של סם, סחר והספקת סם ונטילת חשמל. הנאשם הקים מעבדה לגידול סם מסוג קנבוס בביתו. גידל בה 282 שתילים, וגנב חשמל בשווי של עשרות אלפי ₪. הנאשם גידל כמות של 87.25 ק""ג. נקבע מתחם שבין 28 ל- 48 חודשי מאסר בפועל. מאסר ראשון של הנאשם. הנאשם נדון ל-36 חודשי מאסר בפועל, מאסר על תנאי, וקנס בסך 40,000 ₪.",דיון - קביעת מתחם העונש ההולם,דיון והכרעה,דיון והכרעה,דיון והכרעה,דיון והכרעה,דיון והכרעה
ME-19-02-70401-748,"בע""פ 863/18 לירן סבן נ' מדינת ישראל (15.11.18) ובע""פ 861/18 משה סבן (2.4.19) הקל בית המשפט העליון בעונשם של שני נאשמים אשר הורשעו בת""פ (מח' מרכז לוד) 8867-02-15 מדינת ישראל נ' סבן (11.1.18), על פי הודאתם בעבירות של הכנה והפקת סמים, החזקת סמים שלא לצריכה עצמית וקשירת קשר לפשע. הנאשמים הקימו מעבדה לגידול סמים בדירה ששכרו לשם כך, ובה גידלו 92 ק""ג סם מסוג קנאביס (283 שתילים). הוסכם כי חלקו של הנאשם 2 היה פחות מחלקו של הנאשם 1. בית המשפט המחוזי קבע מתחם עונש לנאשם 1 הנע בין 28 ל-52 חודשי מאסר בפועל ולנאשם 2 מתחם הנע בין 20 ל-42 חודשי מאסר בפועל. בית המשפט העליון הקל בעונשו של הנאשם 1 לעונש של 36 חודשי מאסר בפועל (כולל הפעלת מאסר על תנאי של 12 חודשים) ולגבי נאשם 2 הקל בית המשפט העליון בעונשו משיקולי שיקום, לעונש של 9 חודשי עבודות שירות (חלף 24 חודשי מאסר בפועל).",דיון - קביעת מתחם העונש ההולם,דיון והכרעה,דיון והכרעה,דיון והכרעה,דיון והכרעה,דיון והכרעה
ME-19-02-70401-748,"בע""פ 1743/20 סויסה נ' מדינת ישראל (6.8.20), דחה בית המשפט העליון ערעורו של נאשם אשר הורשע על פי הודאתו בעבירות של ייצור, הכנה והפקת סם והחזקת סם שלא לצריכה עצמית. הנאשם שכר דירה והקים עבור אחרים מעבדה לגידול סם מסוג קנאביס. הנאשם טיפל בצמחי הסם, ייבש אותם וארז אותם. בדירה נמצאו סמים מסוג קנאביס במשקל של 79.9 ק""ג. בית המשפט המחוזי קבע מתחם עונש הנע בין 22 ועד ל-46 חודשי מאסר בפועל. הנאשם בעל נסיבות חיים קשות ומצב נפשי מורכב ולחובתו עבר פלילי, נדון לעונש של 30 חודשי מאסר בפועל לצד ענישה נלווית.",דיון - קביעת מתחם העונש ההולם,דיון והכרעה,דיון והכרעה,דיון והכרעה,דיון והכרעה,דיון והכרעה
ME-19-02-70401-748,"בע""פ 5807/17 דרחי נ' מדינת ישראל (18.6.18), נדחה ערעורו של נאשם אשר הורשע על פי הודאתו בעבירות של גידול סם מסוכן והחזקת סם שלא לצריכה עצמית. הנאשם הקים מעבדה לגידול סם מסוג קנאביס במספר חדרים בדירה בחזקתו. בדירה נמצאו סמים מסוג קנאביס במשקל של 76.85 ק""ג. בית המשפט המחוזי קבע מתחם עונש הנע בין 24 ל-48 חודשי מאסר בפועל והשית על הנאשם עונש של 30 חודשי מאסר בפועל תוך שנתן משקל לנסיבותיו האישיות.",דיון - קביעת מתחם העונש ההולם,דיון והכרעה,דיון והכרעה,דיון והכרעה,דיון והכרעה,דיון והכרעה
ME-19-02-70401-748,"בע""פ 871/20 אברג'יל נ' מדינת ישראל (30.3.20), דחה בית המשפט העליון את ערעורו של נאשם אשר הורשע על פי הודאתו בעבירה של ייצור, הכנה והפקת סם והחזקת סם שלא לצריכה עצמית. הנאשם הקים בדירה מעבדה לגידול סם, צייד אותה בציוד מתאים וגידל בה שתילי סם. בדירה נמצאו סמים מסוג קנאביס במשקל של 80 ק""ג (מאות שתילים). בית המשפט המחוזי קבע מתחם עונש הנע בין 22 ל-46  חודשי מאסר בפועל. הנאשם אדם מבוגר בעל נסיבות חיים קשות ומצב רפואי מורכב ולו עבר פלילי ישן, נדון לעונש של 26 חודשי מאסר בפועל. בית המשפט העליון קבע שהעונש אינו חורג מרף הענישה הנוהג.",דיון - קביעת מתחם העונש ההולם,דיון והכרעה,דיון והכרעה,דיון והכרעה,דיון והכרעה,דיון והכרעה
ME-19-02-70401-748,"בת""פ (מח' מר') 46662-04-15 מדינת ישראל נ' סגל (3.2.16), הורשע נאשם על פי הודאתו בעבירות של ייצור סם מסוכן והחזקת סם מסוכן שלא לצריכה עצמית. הנאשם שכר דירה והקים בה מעבדה לגידול סם מסוג קנאביס ולשם כך צייד את הדירה בציוד רלוונטי. בדירה נמצאו צמחי קנאביס רבים במשקל של 78.8 ק""ג. בית המשפט קבע מתחם עונש הנע בין 24 ל-48 חודשי מאסר בפועל והשית על הנאשם, ללא עבר פלילי, עונש של 30 חודשי מאסר בפועל לצד ענישה נלווית.",דיון - קביעת מתחם העונש ההולם,דיון והכרעה,דיון והכרעה,דיון והכרעה,דיון והכרעה,דיון והכרעה
ME-19-02-70401-748,"בת""פ (מח' ת""א) 45012-03-20 מדינת ישראל נ' חן (2.8.20), נאשם הורשע על פי הודאתו בעבירות של ייצור, הכנה והפקת סם, החזקת חצרים וגניבת חשמל. הנאשם הקים מעבדה לגידול סם בדירה שכורה, צייד אותה, נטל חשמל שלא כדין וגידל סם מסוג קנאביס במשקל של 90 ק""ג (660 שתילים). בית המשפט קבע מתחם עונש הנע בין 29 ל-54 חודשי מאסר בפועל. הנאשם ללא עבר פלילי אשר עד לביצוע העבירה התנהל באופן נורמטיבי במסגרות חייו, נדון לעונש של 29 חודשי מאסר בפועל.",דיון - קביעת מתחם העונש ההולם,דיון והכרעה,דיון והכרעה,דיון והכרעה,דיון והכרעה,דיון והכרעה
ME-19-02-70401-748,"בת""פ (מח' מר') 17677-04-17 מדינת ישראל נ' דוכן (2.11.17), הורשע נאשם על פי הודאתו בעבירות של ייצור סם מסוכן וגניבת חשמל. הנאשם שכר בית והקים בו מעבדה לגידול סם מסוג קנאביס. לצורך כך רכש ציוד רב. הנאשם החזיק בשתילי סם במשקל של 72.8 ק""ג (235 עציצים) וגנב חשמל בשווי של כ-18,000 ₪. לחובתו עבר פלילי קודם רלוונטי. בית המשפט קבע מתחם עונש הנע בין 22 ל-46 חודשי מאסר בפועל והשית על הנאשם עונש של 27 חודשי מאסר בפועל לצד ענישה נלווית.",דיון - קביעת מתחם העונש ההולם,דיון והכרעה,דיון והכרעה,דיון והכרעה,דיון והכרעה,דיון והכרעה
ME-19-02-70401-748,"בת""פ (מח' מר') 69569-11-17 מדינת ישראל נ' זרחי (29.11.18), הורשע נאשם על פי הודאתו בעבירות של ייצור סם וגניבת חשמל. הנאשם שכר דירה והקים בה מעבדה לגידול סם מסוג קנאביס. לשם כך רכש ציוד, שתילים, וחיבר את הבית לרשת החשמל באופן לא מוסדר. בבית נמצא סם מסוג קנאביס במשקל של 86.9 ק""ג ושווי גניבת החשמל עמד על עשרות אלפי ₪. בית המשפט קבע מתחם עונש הנע בין 24 ל-48 חודשי מאסר בפועל והשית על הנאשם, צעיר ללא עבר פלילי, עונש של 25 חודשי מאסר בפועל לצד ענישה נלווית.",דיון - קביעת מתחם העונש ההולם,דיון והכרעה,דיון והכרעה,דיון והכרעה,דיון והכרעה,דיון והכרעה
ME-19-02-70401-748,"בת""פ (מח' לוד) 25458-11-18 מדינת ישראל נ' אליאב (19.9.19) הורשע נאשם על פי הודאתו בעבירות של ייצור הכנה והפקת סם מסוכן, החזקת חצרים לשם הכנת סם, החזקת כלים ונטילת חשמל. הנאשם שכר בית והקים בו מעבדה לגידול מס מסוג קנביס. לצורך כך רכש ציוד רב. הנאשם גידל 768 שתילים במשקל כולל של 80.3 ק""ג. לחובת הנאשם הרשעה אחת בעבירת מרמה. נקבע מתחם שבין 22 ל-46 חודשי מאסר בפועל, והושתו על הנאשם 25 חודשי מאסר בפועל.",דיון - קביעת מתחם העונש ההולם,דיון והכרעה,דיון והכרעה,דיון והכרעה,דיון והכרעה,דיון והכרעה
ME-19-02-70401-748,"בת""פ (מח' מר') 4460-04-18 מדינת ישראל נ' ברבי (28.5.19) הורשע הנאשם 2 על פי הודאתו בעבירה של ייצור סמים וגניבת חשמל. הנאשם שכר בית והקים מעבדה לגידול סמים ובה נתפסו 334 שתילי קנביס במשקל נטו של 73.6 ק""ג. נאשם ללא עבר פלילי עם המלצה חיובית של שירות המבחן. בית המשפט קבע מתחם שבין 20 ל-46 חודשי מאסר בפועל, והשית על הנאשם 20 חודשי מאסר בפועל.",דיון - קביעת מתחם העונש ההולם,דיון והכרעה,דיון והכרעה,דיון והכרעה,דיון והכרעה,דיון והכרעה
ME-19-02-70401-748,"בהתאם לתיקון 113 לחוק העונשין (סעיף 40 יג'), אני קובע כי מתחם העונש ההולם הוא החל מ-20 ועד ל-46 חודשי מאסר בפועל.",דיון - קביעת מתחם העונש ההולם,דיון והכרעה,דיון והכרעה,דיון והכרעה,דיון והכרעה,דיון והכרעה
ME-19-02-70401-748,"כידוע, בית המשפט רשאי לחרוג לקולה ממתחם העונש ההולם משיקולי שיקום. ככלל, הפרמטרים המרכזיים אשר ממצביעים על סיכוי שיקום הם המוטיבציה שהפגין הנאשם להשתקם; הליך של גמילה מהתמכרות שהוא עובר; השתלבות מוצלחת בהליכים טיפוליים שונים; אינדיקציות לשינוי עמוק בהתנהגות ובדרך החשיבה; הבעת חרטה כנה על המעשים והפגנת אמפתיה כלפי נפגעי העבירה. בהקשר זה נקבע בפסיקה כי שילוב בין שינוי מהותי בהתייחסות הרגשית לאירוע העבירה המתבטא בנטילת אחריות, כפרה והבעת אמפתיה לנפגעי העבירה לבין אינדיקציות אובייקטיביות לקיומו של תהליך שיקומי-טיפולי מוצלח וחזרה לדרך הישר, עשויים להצביע על ""סיכוי של ממש לשיקום"" כלשונו של סעיף 40ד(א) לחוק. דברים אלה זוכים למשנה תוקף מקום בו מדובר באדם צעיר ונעדר עבר פלילי (ראו דברי כב' השופטת ד' ברק ארז בע""פ 6637/17 קרנדל נ' מדינת ישראל [18.4.18]).",חריגה מהמתחם משיקולי שיקום,דיון והכרעה,דיון והכרעה,דיון והכרעה,דיון והכרעה,דיון והכרעה
ME-19-02-70401-748,"הנאשם שולב בקבוצת עצורי בית בשירות המבחן במסגרת צו פיקוח מעצר, החל את השתתפותו בקבוצה שהתקיימה בעיר צפת ובהמשך עבר לקבוצה שהתקיימה בעיר טבריה, שם חש יותר ביטחון להביא את עצמו בשיח הקבוצתי. אז עלתה התרשמות מנחי הקבוצה שהנאשם נמצא בראשיתו של תהליך ושכדי לערוך שינוי של דפוסי חשיבה והתנהגות עליו לקיים שיח רגשי שאינו מורגל בו. בחודש יולי 19' הנאשם שולב לבקשתו בטיפול במסגרת מרכז חוסן לטיפול בהתמכרויות בעיר טבריה וזאת חרף שלילתו של הנאשם קיומה של תלות בסמים. לאחר כחצי שנה בטיפול פרטני התקיימה ועדת החלטה של גורמי הטיפול במרכז ובה עלתה התרשמות שלא התרחש תהליך רגשי משמעותי וכי הנאשם עדין מקובע בדפוסי חשיבתו, בצרכיו בשליטה ולקשייו להפגין חולשה – אלמנטים חיוניים לשם הצלחת הטיפול. למרות התרשמותם זו, החליטו גורמי הטיפול על המשך הטיפול בנאשם. בהמשך לכך העו""ס המטפלת בו במרכז מסרה שהנאשם משתף פעולה עם הנדרש ממנו, באופן שהוא מגיע למפגשים עמו ומוסר בדיקות שתן נקיות ואולם ממשיך להתקשות בשיח רגשי ובבחינת דפוסיו המכשילים והמליצה על המשך הטיפול למרות הקשיים. שירות המבחן התרשם שלמרות המחויבות הפורמלית שהנאשם מבטא להמשך הטיפול, מקורה של הבעת החרטה מצדו היא במחירים ובהשלכות עליו ועל משפחתו ואינה נובעת מתובנה אמיתית לבעייתיות בהתנהלותו ולחומרת מעשיו. הנאשם נוטל אחריות חלקית לביצוע העבירות ונמנע ממסירת פרטים על קשריו השוליים ומעורבותם בעבירה. נוכח האמור כשעל אף שהנאשם מטופל יותר משנה ולא חל שינוי בעמדותיו, ניתן ללמוד על חוסר בשלותו והתאמתו לטיפול ולפיכך שירות המבחן נמנע מהמלצה שיקומית בעניינו.",חריגה מהמתחם משיקולי שיקום,דיון והכרעה,דיון והכרעה,דיון והכרעה,דיון והכרעה,דיון והכרעה
ME-19-02-70401-748,"בדיון הטיעונים לעונש הנאשם ובני משפחתו תארו את הקשיים עמם התמודד הנאשם לאורך השנים מאז אביו שם קץ לחייו ודפוסי התמודדותו הכוללים הימנעות מחשיפת קשיים וסגירות. העו""ס המטפלת בו במרכז חוסן העידה שהנאשם מגיע בעקביות למפגשים עמו, מתקשה להיפתח רגשית, אך יכול לעשות תהליך לאורך זמן. בסמוך לדיון נראה שמשהו זז אצלו רגשית. המטפלת מסרה שהנאשם יכול לעבור תהליך טיפול, והוא נמצא בראשית הדרך.",חריגה מהמתחם משיקולי שיקום,דיון והכרעה,דיון והכרעה,דיון והכרעה,דיון והכרעה,דיון והכרעה
ME-19-02-70401-748,"בנוסף הוגשה חוות דעת ונשמעה עדותו של עו""ס שרון ימיני אשר לשיטתו הנאשם אדם בוגר ואחראי, הפורע את חובותיו לשם בניית חיים יציבים, מתמודד כיום עם תחושת אשם כלפי משפחתו, חשש משלילת חירותו, חוסר וודאות וחרדה מתוצאות ההליך המשפטי. הנאשם מבין את הטעות שעשה ומצטער עליה ומדובר בשיבוש חמור של שיקול הדעת אצל אדם צעיר אשר החל לראשונה בחייו לנהל אורח חיים עצמאי. הנאשם מעוניין בהמשך הטיפול אשר היה לאורך השנה בלתי רציף מסיבות שאינן קשורות לנאשם וקיימת חשיבות בהמשך הטיפול באופן יציב וכי עונש מאסר כיום עלול לחבל ביכולתו לשיקום כלכלי ותעסוקתי. העו""ס המליץ על המשך הטיפול לצד עונש של עבודות שירות.",חריגה מהמתחם משיקולי שיקום,דיון והכרעה,דיון והכרעה,דיון והכרעה,דיון והכרעה,דיון והכרעה
ME-19-02-70401-748,"בתסקיר משלים שהתקבל שירות המבחן עדכן כי התקיימו עם הנאשם 4 מפגשים נוספים בהם ניכר שהחל תהליך שינוי ביכולת שלו לשתף באופן כן ופתוח יותר. בשיחה נוספת שקיים שירות המבחן עם הנאשם תיאר באופן אמיתי יותר את נסיבות העבירה ונטל אחריות על התנהגותו. הנאשם הסביר שהבין לאחר שיחה עם משפחתו שעליו לשתף בכנות אודות התנהגותו ועברו. ביטא מוטיבציה מילולית להמשך הטיפול במרכז, ולדבריו הוא מבין את חומרת העבירות ואת השלכותיהן החברתיות. שירות המבחן שב והתרשם שהנאשם מתקשה להתחבר רגשית לקיומם של קוים עברייניים באישיותו שבאו לידי ביטוי בעבירה, להערכתם עדיין רב הנסתר על הגלוי בנוגע לנסיבות שהובילו לעבירה וכי החרטה שמבטא אין מקורה מתובנה ממשית לחומרת מעשיו. שירות המבחן נתן דעתו לתקופת הטיפול הממושכת בה נמצא הנאשם, שלא הבילה לתמורה מהותית בעמדותיו וכי בטיפול הוא מתקשה לשתף בכנות בקורותיו. לפיכך עולה ספקנות באשר ליכולותיו של הנאשם להתמיד בטיפול הדורש כנות, פתיחות ואמון וכן התבוננות פנימית על התנהלותו, וסבור שהנאשם מונע ממוטיבציה חיצונית הקשורה לאימת הדין.",חריגה מהמתחם משיקולי שיקום,דיון והכרעה,דיון והכרעה,דיון והכרעה,דיון והכרעה,דיון והכרעה
ME-19-02-70401-748,"מכל האמור עולה שהנאשם חווה בילדותו המוקדמת טראומה הקשורה במותו הטרגי של אביו, אשר הוביל למשבר משפחתי שבא לידי ביטוי בחיים בדוחק כלכלי והיעדרות של האם מהבית לנוכח חובות כספיים שנותרו. הנאשם נתמך על ידי אחיו וסבתו ואולם הוא נעדר דמויות הוריות יציבות בחייו. למרות קשייו אלה, הנאשם הצליח לגייס כוחות ולסיים 12 שנות לימוד במקביל לעבודה ותמיכה כלכלית במשפחתו, שירת שירות צבאי מלא ונמנע ממעורבות בפלילים. מאז שחרורו מהצבא החל לצרוך סמים מסוג קנאביס, קיים קשרים שוליים ומצבו הדרדר עד לביצוע העבירה. הנאשם טופל בקבוצה לעצורי בית בשירות המבחן, ובהמשך במרכז חוסן, ואולם אף לאחר שנה של טיפול, גורמי הטיפול סבורים שהוא מתקשה בקיום שיח רגשי, חשיפה משמעותית ובחינה ביקורתית של בחירותיו והתנהלותו באופן שיקדם תהליך של שיקום משמעותי. הנאשם משקיע כיום כוחותיו בשיקום חייו, עובד ואף מתקדם במקום עבודתו, מסדיר את חובותיו הכספיים, שב להתגורר בקרבת בני משפחתו המהווים לו מקור לתמיכה, אינו צורך סמים ומגיע באופן עקבי לטיפול במרכז חוסן.",חריגה מהמתחם משיקולי שיקום,דיון והכרעה,דיון והכרעה,דיון והכרעה,דיון והכרעה,דיון והכרעה
ME-19-02-70401-748,"יישום המבחנים שנקבעו בפסיקה כמפורט לעיל, לנסיבות המקרה דנן, מוביל למסקנה שלא ניתן לקבוע שהנאשם השתקם. עם זאת, לאור העובדה שהנאשם טופל במשך תקופה ארוכה בבית חוסן, ולאור השינוי ביכולתו של הנאשם לשתף ברגשותיו ובחולשותיו אשר החל להסתמן באופן ראשוני בתסקיר המשלים, השינוי לחיוב באופן נטילת האחריות, כמו גם לאור עדותה של המטפלת בבית חוסן, חוות דעת הפרטית, הסדר החוב עם בעלי הדירה השכורה, התנתקותו מהסביבה הגאוגרפית שבה בוצעה העבירה, חזרתו לחיק משפחתו התומכת וקיום מערכת יחסים זוגית – סבורני כי כל אלה מצביעים על ניסיונו של הנאשם לשוב לדרך הישר, ולפיכך ניתן לקבוע כי יש סיכוי של ממש שישתקם כדרישת סעיף 40ד' בחוק באופן המצדיק חריגה קלה ממתחם העונש ההולם. בהקשר זה יש לתת משקל לשיתוף הפעולה של הנאשם עם גורמי הטיפול במשך תקופה ממושכת, ולצעדים שנקט לשם קידום מצבו. זאת על אף שאין המדובר בשיקום משמעותי ומלא, אשר יצדיק חריגה משמעותית מן המתחם.",חריגה מהמתחם משיקולי שיקום,דיון והכרעה,דיון והכרעה,דיון והכרעה,דיון והכרעה,דיון והכרעה
ME-19-02-70401-748,"בגזירת העונש המתאים לנאשם, בגדרי מתחם העונש ההולם, יש להתחשב בנסיבות שאינן קשורות בביצוע העבירה. במסגרת זו מן הראוי לתת את הדעת לכך שהנאשם בן 25, גדל בנסיבות חיים מורכבות, בגיל צעיר איבד את אביו בנסיבות טרגיות והתמודד עם מצוקה כלכלית קשה והיעדר דמות הורית יציבה. הנאשם פיתח עצמאות בגיל צעיר ונמנע מבקשת עזרה או חשיפת קשייו מול אחרים, החל לצרוך סמים באופן אינטנסיבי ויש להניח שהדפוסים שאימץ לצד צריכתו סמים וריחוק ממקורות תמיכה היוו השפעה על בחירתו לביצוע העבירה. מובן שעונש מאסר ממושך יקשה על הנאשם בהיותו מאסר ראשון ולנוכח מצבו הכלכלי המורכב ומהלכיו להחזר חובותיו וכן יקשה על בני משפחתו בשל הריחוק ממנו. עונש מאסר לתקופה ממושכת עלולים לפגוע בעתידו האישי והתעסקותי. הנאשם הודה ונטל אחריות לביצוע העבירה, אף שבפני שירות המבחן התקשה לחשוף את הרקע המלא לביצוע העבירה ועד לאחרונה התקשה ליטול אחריות מלאה למעשים. הנאשם שולב לבקשתו בטיפול בתחום ההתמכרויות, הגיע למפגשים באופן עקבי ושיתף פעולה בהתאם ליכולותיו, הגם שהתקשה בגילוי רגשותיו. לנאשם אין עבר פלילי.",גזירת העונש המתאים לנאשם,דיון והכרעה,דיון והכרעה,דיון והכרעה,דיון והכרעה,דיון והכרעה
ME-19-02-70401-748,"כמו כן נתתי דעתי לתקופה בת למעלה מחודש ימים שבה שהה הנאשם במעצר ולתקופה הממושכת בה שהה במעצר בפיקוח אלקטרוני, ולאחר מכן בתנאים מגבילים.",גזירת העונש המתאים לנאשם,דיון והכרעה,דיון והכרעה,דיון והכרעה,דיון והכרעה,דיון והכרעה
ME-19-02-70401-748,"עוד יש לתת את הדעת לשיקול הרתעת היחיד בגדרו של המתחם, וזאת בשים לב לקשייו של הנאשם להפיק תועלת ממשית מהטיפול בכל בקשור בהגמשת עמדותיו והכרה בדפוסים שהביאו אותו למעורבות בעבירה באופן שיפחית את הסיכון להישנות ביצוע עבירות נוספות בעתיד.",גזירת העונש המתאים לנאשם,דיון והכרעה,דיון והכרעה,דיון והכרעה,דיון והכרעה,דיון והכרעה
ME-19-02-70401-748,"באיזון בין השיקולים השונים, סבורני כי יש לגזור על הנאשם עונש נמוך במעט מהרף התחתון של מתחם העונש, לצד מאסר על תנאי. כמו כן, יש לגזור על הנאשם קנס כספי, בהתאם לעתירתם המשותפת של הצדדים.",גזירת העונש המתאים לנאשם,דיון והכרעה,דיון והכרעה,דיון והכרעה,דיון והכרעה,דיון והכרעה
ME-19-02-70401-748,18 חודשי מאסר בפועל בניכוי ימי מעצרו מיום 19.2.19 עד 28.3.19.,"אשר על-כן, הנני גוזר על הנאשם את העונשים הבאים:",דיון והכרעה,דיון והכרעה,דיון והכרעה,דיון והכרעה,דיון והכרעה
ME-19-02-70401-748,"12 חודשי מאסר על תנאי, לבל יעבור הנאשם במשך 3 שנים מיום שחרורו ממאסר כל עבירת סמים מסוג פשע.","אשר על-כן, הנני גוזר על הנאשם את העונשים הבאים:",דיון והכרעה,דיון והכרעה,דיון והכרעה,דיון והכרעה,דיון והכרעה
ME-19-02-70401-748,"קנס כספי בסך של 15,000 ₪ או 150 ימי מאסר תמורתו.","אשר על-כן, הנני גוזר על הנאשם את העונשים הבאים:",דיון והכרעה,דיון והכרעה,דיון והכרעה,דיון והכרעה,דיון והכרעה
ME-19-02-70401-748,"הקנס ישולם ב-10 תשלומים חודשיים שווים ורצופים, שהראשון שבהם ביום 1.1.21 אם לא ישולם תשלום כלשהו במועדו, תעמוד היתרה לפירעון מיידי. ככל שקיימת הפקדה בהליך המ""ת, ישולם הקנס מתוך ההפקדה. ככל שתיוותר יתרת הפקדה לאחר פירעון הקנס, ולאחר קבלת הודעה על התייצבות הנאשם למאסר, תושב היתרה למפקיד, בכפוף לכל הוראה חוקית.","אשר על-כן, הנני גוזר על הנאשם את העונשים הבאים:",דיון והכרעה,דיון והכרעה,דיון והכרעה,דיון והכרעה,דיון והכרעה
ME-19-02-70401-748,"הנאשם יתייצב לריצוי מאסרו בבית הסוהר הדרים ביום  3.1.21  עד השעה 10:00, כשברשותו תעודת זהות או דרכון. על הנאשם לתאם את הכניסה למאסר, כולל האפשרות למיון מוקדם, עם ענף אבחון ומיון של שב""ס, טלפון: 08-9787377, 08-9787336.","אשר על-כן, הנני גוזר על הנאשם את העונשים הבאים:",דיון והכרעה,דיון והכרעה,דיון והכרעה,דיון והכרעה,דיון והכרעה
ME-19-02-70401-748,"התנאים המגבילים, לרבות צו עיכוב יציאה מהארץ, יוותרו על כנם.","אשר על-כן, הנני גוזר על הנאשם את העונשים הבאים:",דיון והכרעה,דיון והכרעה,דיון והכרעה,דיון והכרעה,מידע אחר
ME-19-04-14578-148,"ב""כ המאשימה: עו""ד גבי פאר",nothing,מידע אחר,מידע אחר,מידע אחר,מידע אחר,מידע אחר
ME-19-04-14578-148,"ב""כ הנאשם: עו""ד שחר חצרוני",nothing,מידע אחר,מידע אחר,מידע אחר,מידע אחר,מידע אחר
ME-19-04-14578-148,"פקודת הסמים המסוכנים [נוסח חדש], תשל""ג-1973: סע'  6, 7.א., 7.ג",nothing,מידע אחר,מידע אחר,מידע אחר,מידע אחר,מידע אחר
ME-19-04-14578-148,"חוק העונשין, תשל""ז-1977: סע'  40 ט', 40 יא', 40 יג'",nothing,מידע אחר,מידע אחר,מידע אחר,מידע אחר,מידע אחר
ME-19-04-14578-148,"הנאשם 1 (להלן: ""הנאשם"") הורשע בהתאם להודאתו בעובדות כתב האישום המתוקן בעבירות כדלקמן:",רקע,עובדות המקרה,עובדות המקרה,עובדות המקרה,עובדות המקרה,עובדות המקרה
ME-19-04-14578-148,"ייצור, הכנה והפקה של סם מסוכן, עבירה לפי סעיף 6 לפקודת הסמים המסוכנים [נוסח חדש], תשל""ג-1973 (להלן: ""הפקודה"").",רקע,עובדות המקרה,עובדות המקרה,עובדות המקרה,עובדות המקרה,עובדות המקרה
ME-19-04-14578-148,"החזקת סם מסוכן שלא לצריכה עצמית, עבירה לפי סעיף 7(א) ו-7(ג) רישא בפקודה.",רקע,עובדות המקרה,עובדות המקרה,עובדות המקרה,עובדות המקרה,עובדות המקרה
ME-19-04-14578-148,"על-פי המתואר בעובדות כתב האישום המתוקן, לאחר יום 15.11.18 ועובר ליום 3.2.19 (להלן: ""מועד ההתחלה"") הקים הנאשם בדירה בהוד השרון מעבדה לגידול סם מסוכן מסוג קנבוס. לשם כך צייד את הדירה בנורות, מאווררים, מזגנים, שנאים, מסנני פחם, מדי טמפרטורה, דשנים וצינורות השקיה (להלן: ""הציוד"").",רקע,עובדות המקרה,עובדות המקרה,עובדות המקרה,עובדות המקרה,עובדות המקרה
ME-19-04-14578-148,"החל ממועד ההתחלה ועד לתאריך 27.3.19 (מועד מעצרו של הנאשם) גידל הנאשם בדירה מאות שתילים שהגיעו למשקל של 80 ק""ג סם מסוג קנבוס.",רקע,עובדות המקרה,עובדות המקרה,עובדות המקרה,עובדות המקרה,עובדות המקרה
ME-19-04-14578-148,"הצדדים הגיעו להסדר טיעון, שלפיו הוסכם כי המאשימה תעתור לעונש ראוי של 27 חודשי מאסר, לצד מאסר על תנאי וקנס. כמו כן המאשימה תעתור לחילוט רכוש. ההגנה חופשיה בטיעוניה. בהסכמת הצדדים, הנאשם הוכרז סוחר סמים. בהמשך הסכימו הצדדים על חילוט הפריטים המפורטים בבקשת החילוט, זולת הרכב אשר שוחרר.",רקע,עובדות המקרה,עובדות המקרה,עובדות המקרה,עובדות המקרה,עובדות המקרה
ME-19-04-14578-148,"הוגש מכתב שכתבה רעייתו של הנאשם, גב' רותי אברג'יל, אשר ציינה כי היא נשואה לנאשם מזה 36 שנים, ויש להם שלושה בנים בגירים, ושתי נכדות. מדובר במשפחה חמה ומלוכדת, שעברה עליות וירידות. במהלך חייהם היו מספר פעמים שהנאשם ""נפל לסמים"" עקב דכאון או משברים שעבר, ובכל פעם התגייסה המשפחה לסייע לו להיגמל. בכל פעם הנאשם ""קם על הרגליים"" והשתקם. בשנים האחרונות הנאשם נמצא בטיפול אשר מסייע לו. הוא עבד בעסק שנסגר, ומשלא מצא עבודה אחרת נקלע למשבר, ושוב ""נפל לסמים"". המצב הבריאותי שלו הדרדר. כשהתקשרו אליה מהמשטרה לעדכן אותה שהוא נעצר, היא הרגישה הקלה בכך שידעה שהנאשם עצור ובהשגחה, והוא ייגמל מסמים, ובלבד שלא יהיה ברחוב ובסמים. מצבו הבריאותי של הנאשם קשה, הוא נמצא במעקב תקופתי וזקוק לטיפול בבית חולים. היום הנאשם נקי מסמים, ועובר בדיקות סמים בבית הסוהר, הוא נראה טוב יותר ומתחרט על מעשיו. ביקשה להתחשב במצבו (נ/1).",ראיות לעונש,ראיות לעונש,ראיות לעונש,ראיות לעונש,ראיות לעונש,ראיות לעונש
ME-19-04-14578-148,"העידה ד""ר אביבה וולף, פסיכיאטרית מומחית. לדבריה, היא מנהלת המרפאה במרכז לבריאות הנפש נס ציונה, ומנהלת מערך של תחלואה כפולה. תפקידה לקדם טיפול בהתמכרויות. היא מכירה את הנאשם כ-9 שנים. נפגשו לראשונה כשהוא הגיע למרפאה וביקש להיגמל. הוא היה מכור להרואין, והחל בטיפול תרופתי אשר הפסיק את השימוש בסם. הנאשם ביקש שימשיכו לקיים שיחות אחת לשבוע, והם עשו זאת כ-9 שנים, תחילה אחת לשבוע, ובהמשך כל פעם שהנאשם היה במשבר, לאו דווקא על רקע שימוש בסמים. היא ראתה אדם רגיש. בארבעת החודשים שלפני המעצר ראתה שמשהו אינו כשורה. לנאשם יש התקפי חרדה ואירועים של מצבי רוח. הנאשם מאובחן כלוקה בחרדות, אך אינו סובל מתחלואה כפולה. הוא מאובחן כסובל מהפרעות התנהגות כתוצאה משימוש בסמים. בתקופה האחרונה היו סימנים של דיכאון. כשהלכה לפגוש אותו בבית המעצר, הוא סיפר לה על כך שהיה במשבר, ועל כך שהוא מתחרט על מעשיו, וכבר נקי מסמים.",ראיות לעונש,ראיות לעונש,ראיות לעונש,ראיות לעונש,ראיות לעונש,ראיות לעונש
ME-19-04-14578-148,"לטענת ב""כ המאשימה, עו""ד גבי פאר, הנאשם הקים מעבדת סמים בדירה, צייד אותה בציוד מתאים, וגידל סמים שהגיעו למשקל של 80 ק""ג, בעוד הנאשם 2 סייע לו. מדברי הפסיכיאטרית המטפלת, ד""ר וולף, אנו למדים שהנאשם ביצע את העבירה כשהוא היה מצוי בעיצומו של הליך טיפולי בבעיית ההתמכרויות שלו, במשך תשע שנים. כלומר, דבריו אל הפסיכיאטרית היו מהשפה אל החוץ. מבחינת הערכים החברתיים שנפגעו, מדובר בהגנה על הציבור מפני נזקי הסמים. מידת הפגיעה בערך המוגן היא ברף בינוני עד גבוה, בשים לב לשכירת הדירה, לכמות הסם ולהכנת הציוד הרב הנלווה. לכך, מתווספת עבירה נוספת של החזקת סמים שלא לצריכה עצמית. לא בכדי קבע המחוקק לצד עבירת הגידול עונש מרבי של 20 שנות מאסר, וגם לעניין החזקת סמים שלא לצריכה עצמית. בית המשפט העליון קבע שתופעת המעבדות הפכה לתופעה נפוצה שטמון בחובה פוטנציאל נזק רב, בין היתר בשל החשש שהסם יתגלגל לגורמים עברייניים ומשם לציבור. מי שמורשע בביצוע עבירה כזו, דינו אחד, למאסר מאחורי סורג ובריח לתקופה משמעותית. דברים אלה נכונים לגבי נאשמים חסרי עבר פלילי, ומקל וחומר כשמדובר בנאשם זה. יש להעדיף את שיקולי ההרתעה בעבירות סמים, וזאת בשל העובדה שמדובר בתופעה נרחבת.  בתי המשפט לאורך השנים שבו והוציא תחת ידם מסר מאוד ברור במקרים אלה. לצורך ביצוע העבירה קדם תכנון מוקדם. הנאשם שכר את הבית, קנה את הציוד, הרכיב אותו בבית וגידל את הסמים. אמנם על הנאשם 2 נגזר עונש מאסר בפועל של שישה חודשים ויום, אך לא ניתן ללמוד גזירה שווה מעניינו לעניין הנאשם. כתב האישום יוצר הפרדה משמעותית מבחינת התפקיד של כל אחד, והדומיננטיות. הנזק הפוטנציאלי הוא רב, והעבירה בוצעה ממניע כלכלי של הפקת רווח קל. המאשימה עתרה למתחם שנע בין 24 ל-48 חודשי מאסר בפועל.",טיעוני הצדדים,טיעוני הצדדים,טיעוני הצדדים,טיעוני הצדדים,טיעוני הצדדים,טיעוני הצדדים
ME-19-04-14578-148,"מבחינת הנסיבות שאינן קשורות בביצוע העבירה, מדובר בנאשם רצידיוויסט בכלל ובעבירות סמים בפרט. העובדה שמדובר במי שמכור לסמים, מהווה נסיבה לחומרה ולא לקולה. מדובר במי שהפך את הסמים לעסק כלכלי. הנאשם בן 56, לחובתו 20 הרשעות קודמות במגוון עבירות, לרבות נשק, התחזות, הפרעה לשוטר, זיוף ומרמה, בריחה ממעצר, שבל""ר וגניבה. לחובתו 10 הרשעות קודמות בעבירות סמים. כל אלה, כמו גם הטיפול הנפשי שעבר במשך 9 שנים, לא מנעו ממנו לבצע את העבירה. מדובר במי שנשא במצטבר עונש כולל של 11 שנים וחצי בבתי סוהר. הנאשם הודה וחסך זמן שיפוטי. לפיכך, עתרה המאשימה להשית על הנאשם 27 חודשי מאסר בפועל, מאסר על תנאי ארוך ומרתיע, קנס משמעותי וחילוט.",טיעוני הצדדים,טיעוני הצדדים,טיעוני הצדדים,ראיות לעונש,טיעוני הצדדים,טיעוני הצדדים
ME-19-04-14578-148,"לטענת ב""כ הנאשם, עו""ד שחר חצרוני, מקרה זה שונה ממקרים אחרים של תיקי מעבדות. העבירה בוצעה לפני כשנה, הוא שוהה במעצר של ממש מאז שנעצר, ותנאי המעצר קשים מתנאי מאסר. כמות השתילים בכתב האישום המתוקן נרשמה כ""מאות שתילים"" ויש לפרש זאת לקולה, כמאות ברף הנמוך. העבירה העיקרית היא ייצור הסם, ועבירת ההחזקה היא עבירה נלווית בלבד. לנאשם עצמו לא הייתה היכולת הכלכלית לקיים את המיזם. הנאשם בן 57, שהה בעברו תקופה ממושכת בבתי סוהר. היה מכור לסמים קשים במשך תקופה ארוכה בחייו. הנאשם נשוי, אב ל-3 ילדים בוגרים, וסב לנכדים. הוא נולד למשפחה קשת יום, גדל בתנאים של עוני והזנחה, סיים שש שנות לימוד בלבד, ובגיל צעיר נאלץ לסייע לאביו בעבודה. שניים מאחיו נפטרו, אחד נרצח. עברו הפלילי התיישן בשנת 2018, ולכן יש לתת לעברו משקל נמוך. הנאשם נעצר והסתבך לראשונה עם החוק בשנת 1976, בגין 13. הורשע לראשונה בשנת 1981, בגיל 18. במקום להתגייס הוא החל לרצות 5 חודשי מאסר על עבירות רכוש. מאז היו לו רצף הסתבכויות פליליות, לרבות מאסר בפועל, כמעט על בסיס קבוע עד שנת 2004. הוא ריצה מעל 12 שנות מאסר. שם משפחתו של הנאשם עמד לו לרועץ כל שנות חייו. בנו של הנאשם, אשר היו לו נתונים גבוהים בגיוס לצה""ל, נפגע אף הוא מהרקע המשפחתי, אך הוא לומד כיום באוניברסיטה. הנאשם היה מכור במשך שנים לסמים, וההתמכרות הובילה אותו להסתבכויות ולבית האסורים. אך אז חלה תפנית שהחזיקה מעמד עד להסתבכות האחרונה עם החוק. הנאשם השתחרר ממאסר בשנת 2008, ומאז הצליח במשך 11 שנים להישאר נקי מסמים ולא לחזור לבית המשפט. הוא ניהל מאז אורח חיים נורמטיבי, ועבד בעבודה מסודרת כדי לפרנס את משפחתו. הייתה התדרדרות מספר חודשים לפני המאסר בשל העובדה שמקום העבודה שלו נסגר. כיום, במהלך המעצר, הנאשם הפסיק להשתמש בסמים, מוסר בדיקות שתן נקיות ומצבו השתפר, והוא הצליח לגמול את עצמו מסמים. 10 שנים הנאשם היה נקי מסמים, ולא היו לו הרשעות. יש לחרוג לקולה מהמתחם משום שהנאשם עבר הליך שיקום בכלא, והוא מקבל תחליפי סם. קיימת אינדיקציה מבית המעצר לגבי ניקיונו מסמים, ולכן יש להידרש לכך. תקופת המעצר היא קשה יותר מתקופת מאסר. הנאשם בן 57, מצבו הרפואי קשה ביותר היה מכור לסמים במשך שנים רבות, סובל מתחלואות שונות, לרבות מחלת ריאות כרונית, זקוק לאינהלציה במעצר, וכן מבעיית עיכול חמורה. השב""ס אינו יכול להעניק לו טיפול רפואי הולם. מצב רפואי קשה מצדיק הקלה בעונש, גם תוך חריגה מהמתחם.",טיעוני הצדדים,טיעוני הצדדים,טיעוני הצדדים,טיעוני הצדדים,טיעוני הצדדים,טיעוני הצדדים
ME-19-04-14578-148,"ב""כ הנאשם טען כי לאור גזר הדין בעניין הנאשם 2, אשר נדון בגין עבירת הסיוע, לעונש של שישה חודשי מאסר ויום, ולאור הוראת החוק אשר קובעת שעונשו של מסייע צריך להיות מחצית מהעונש שנקבע למבצע העיקרי, שיש להקל בעונשו של הנאשם. לכן, אין מקום להטיל על הנאשם עונש שהוא גבוה ממכפלת העונש שנגזרה על הנאשם 2, המסייע. לפיכך, עתר ב""כ הנאשם להספק בתקופת מעצרו.",טיעוני הצדדים,טיעוני הצדדים,טיעוני הצדדים,טיעוני הצדדים,טיעוני הצדדים,טיעוני הצדדים
ME-19-04-14578-148,"הנאשם מסר כי הוא השתחרר ממאסר לפני 12 שנים, היה נקי מסמים, וטיפל בהתמכרות שלו עם המטפלת. הוא מצא עבודה, שילם מיסים ועבד במשך שנתיים. אחר כך, העסק נסגר, והוא מצא עצמו ללא עבודה, ללא פרנסה ובבטלה. בעקבות זאת, החל שוב לצרוך סמים קשים, התנתק מהטיפול, היה לוקח כסף מבני המשפחה. היה זקוק לסמים, והסוחרים לא נתנו לו סמים באשראי, ואז הציעו לו לעבוד עמם. כך הוא מצא עצמו בביצוע העבירה. הוא מודה בעבירה, אשר בוצעה עקב מצב ההתמכרות שלו לסמים. היום הוא במצב שבו הוא לא יאפשר שהדבר יחזור על עצמו. העבירה לא הייתה אם הוא לא היה ""נופל"" חזרה לסם.",טיעוני הצדדים,טיעוני הצדדים,טיעוני הצדדים,טיעוני הצדדים,טיעוני הצדדים,טיעוני הצדדים
ME-19-04-14578-148,"כתב האישום מתאר אירוע אחד, ומכאן שיש לקבוע בגינו מתחם עונש הולם אחד.",דיון - קביעת מתחם העונש ההולם,דיון והכרעה,דיון והכרעה,טיעוני הצדדים,דיון והכרעה,דיון והכרעה
ME-19-04-14578-148,"במקרה דנן, הערכים החברתיים אשר נפגעו הם הגנה על הציבור מפני הנזקים הישירים והעקיפים אשר נגרמים עקב השימוש בסמים. לעבירות הסמים פוטנציאל נזק גדול, שכן השימוש בסמים גורר במקרים רבים אף ביצוע עבירות נלוות, ולא בכדי קבע המחוקק לצד העבירה של גידול, הפקת והכנת סמים, עונש מרבי של עד עשרים שנות מאסר. עם זאת, מדובר בסם מסוג קנבוס, שהוא ""סם קל"" בהשוואה לסמים אחרים.",דיון - קביעת מתחם העונש ההולם,דיון והכרעה,דיון והכרעה,טיעוני הצדדים,דיון והכרעה,דיון והכרעה
ME-19-04-14578-148,"תופעת המעבדות או המשתלות לגידול סמים הפכה בשנים האחרונות לתופעה נפוצה, אשר טמון בחובה פוטנציאל נזק רב, בשל החשש שהסם אשר מגודל במקום יתגלגל לשוק הסמים, לגורמים עבריינים ומשם לציבור. עם זאת, קיים שוני משמעותי בין תיקים שונים של גידול סמים, החל מהרף הנמוך של גידול עציצים בודדים של סם בביתו של אדם לצריכה עצמית, דרך הרף הבינוני של גידול מספר עשרות שתילים, במשקל של קילוגרמים בודדים, תוך שימוש באמצעי עזר לגידול שנרכשו לשם כך, דרך רף בינוני-גבוה של הקמת והחזקת מעבדות מתוחכמות לגידול סמים, בדירות ייעודיות שנשכרו למטרה זו, אשר כוללות ציוד בשווי רב, וכמות של עשרות קילוגרמים, ועד לרף הגבוה של גידול במעבדות מתוחכמות בבתים ייעודיים לכך, של מאות קילוגרמים ומאות שתילים של סם, כל זאת למטרות סחר בסמים ורווח כספי.",דיון - קביעת מתחם העונש ההולם,דיון והכרעה,דיון והכרעה,טיעוני הצדדים,דיון והכרעה,דיון והכרעה
ME-19-04-14578-148,"לעניין זה ראו דבריו של כב' השופט י' עמית בע""פ 2596/18 זנזורי נ' מדינת ישראל (12.8.18), מדיניות הענישה בעבירה של גידול סמים, נותרה בעינה, גם כאשר מדובר בסם ""קלים"":",דיון - קביעת מתחם העונש ההולם,דיון והכרעה,דיון והכרעה,טיעוני הצדדים,דיון והכרעה,דיון והכרעה
ME-19-04-14578-148,"דברים דומים נקבעו על ידי כב' השופט הנדל בע""פ 5807/17 דרחי נ' מדינת ישראל (18.6.18):",דיון - קביעת מתחם העונש ההולם,דיון והכרעה,דיון והכרעה,טיעוני הצדדים,דיון והכרעה,דיון והכרעה
ME-19-04-14578-148,"בחינת מידת הפגיעה בערך המוגן מובילה למסקנה כי הפגיעה בערך המוגן הינה ברף בינוני עד גבוה. זאת בשים לב לכך שמדובר בגידול שתילי קנאביס בהיקף של 80 ק""ג, אשר כולל מאות שתילים, לצד ציוד רב.",דיון - קביעת מתחם העונש ההולם,דיון והכרעה,דיון והכרעה,דיון והכרעה,דיון והכרעה,דיון והכרעה
ME-19-04-14578-148,"במסגרת הנסיבות הקשורות בביצוע העבירה (סעיף 40 ט' לחוק), יש לתת את הדעת לכך שלעבירה קדם תכנון. הנאשם שכר את הדירה, צייד אותה בציוד מתאים להקמת המעבדה, וגידל את הסמים, בהיקף של מאות שתילים, ובמשקל של 80 ק""ג. חלקו היחסי של הנאשם בביצוע העבירה הוא ללא ספק המרכזי. הנאשם הוא המבצע העיקרי, ואילו נאשם 2 סייע לו. הנזקים שצפויים היו להיגרם מביצוע העבירה נוגעים לחשש שהסמים יופצו בציבור. עבירות הסמים מסוג זה הן בגדר מחולל פשיעה. הסיבות שהביאו את הנאשם לבצע את העבירה הן הרקע ההתמכרותי שלו, לצד סיבות כלכליות.",דיון - קביעת מתחם העונש ההולם,דיון והכרעה,דיון והכרעה,דיון והכרעה,דיון והכרעה,דיון והכרעה
ME-19-04-14578-148,בחינת מדיניות הענישה הנוהגת מעלה כי במקרים דומים הוטלו על נאשמים עונשים במנעד רחב כמפורט להלן:,דיון - קביעת מתחם העונש ההולם,דיון והכרעה,דיון והכרעה,דיון והכרעה,דיון והכרעה,דיון והכרעה
ME-19-04-14578-148,"בע""פ 8988/16 בן סימון נ' מדינת ישראל (8.3.17) נדחה ערעורו של נאשם אשר הורשע לפי הודאתו בעבירות של ייצור הכנה והפקה של סם, סחר והספקת סם ונטילת חשמל. הנאשם הקים מעבדה לגידול סם מסוג קנבוס בביתו. גידל בה 282 שתילים, וגנב חשמל בשווי של עשרות אלפי ₪. הנאשם גידל כמות של 87.25 ק""ג. נקבע מתחם שבין 28 ל- 48 חודשי מאסר בפועל. מאסר ראשון של הנאשם. הנאשם נדון ל-36 חודשי מאסר בפועל, מאסר על תנאי, וקנס בסך 40,000 ₪.",דיון - קביעת מתחם העונש ההולם,דיון והכרעה,דיון והכרעה,דיון והכרעה,דיון והכרעה,דיון והכרעה
ME-19-04-14578-148,"בע""פ 863/18 לירן סבן נ' מדינת ישראל (15.11.18) ובע""פ 861/18 משה סבן (2.4.19) הקל בית המשפט העליון בעונשם של שני נאשמים אשר הורשעו בת""פ (מח' מרכז לוד) 8867-02-15 מדינת ישראל נ' סבן (11.1.18), על פי הודאתם בעבירות של הכנה והפקת סמים, החזקת סמים שלא לצריכה עצמית וקשירת קשר לפשע. הנאשמים הקימו מעבדה לגידול סמים בדירה ששכרו לשם כך, ובה גידלו 92 ק""ג סם מסוג קנאביס (283 שתילים). הוסכם כי חלקו של הנאשם 2 היה פחות מחלקו של הנאשם 1. בית המשפט המחוזי קבע מתחם עונש לנאשם 1 הנע בין 28 ל- 52 חודשי מאסר בפועל ולנאשם 2 מתחם הנע בין 20 ל- 42 חודשי מאסר בפועל. בית המשפט העליון הקל בעונשו של הנאשם 1 לעונש של 36 חודשי מאסר בפועל (כולל הפעלת מאסר על תנאי של 12 חודשים) ולגבי נאשם 2 הקל בית המשפט העליון בעונשו משיקולי שיקום, לעונש של 9 חודשי עבודות שירות (חלף 24 חודשי מאסר בפועל).",דיון - קביעת מתחם העונש ההולם,דיון והכרעה,דיון והכרעה,דיון והכרעה,דיון והכרעה,דיון והכרעה
ME-19-04-14578-148,"בע""פ 5807/17 דרחי נ' מדינת ישראל (18.6.18), נדחה ערעורו של נאשם אשר הורשע על פי הודאתו בעבירות של גידול סם מסוכן והחזקת סם שלא לצריכה עצמית. הנאשם הקים מעבדה לגידול סם מסוג קנאביס במספר חדרים בדירה בחזקתו. המעבדה הכילה ציוד טכני רב. בדירה נמצאו סמים מסוג קנאביס במשקל של 76.85 ק""ג. בית המשפט המחוזי קבע מתחם עונש הנע בין 24 ל-48 חודשי מאסר בפועל והשית על הנאשם עונש של 30 חודשי מאסר בפועל תוך שנתן משקל לנסיבותיו האישיות.",דיון - קביעת מתחם העונש ההולם,דיון והכרעה,דיון והכרעה,דיון והכרעה,דיון והכרעה,דיון והכרעה
ME-19-04-14578-148,"בע""פ 5093/17 בקשט נ' מדינת ישראל (1.1.18) הקל בית המשפט העליון בעונשם של שני נאשמים אשר הורשעו על פי הודאתם בעבירות של ייצור והכנת סמים וקשירת קשר. הנאשמים הקימו מעבדה לגידול סם מסוג קנבוס, כולל שכירת מבנה וציוד רב. נתפסו שתילים במשקל כולל של 131 ק""ג. נאשמים ללא עבר פלילי. בית המשפט המחוזי קבע מתחם שנע בין 30 ל- 48 חודשים. בית המשפט העליון הקל בעונשם לעונשים של 28 חודשים (חלף 34 חודשים) ו- 24 חודשים (חלף 30 חודשים).",דיון - קביעת מתחם העונש ההולם,דיון והכרעה,דיון והכרעה,דיון והכרעה,דיון והכרעה,דיון והכרעה
ME-19-04-14578-148,"בע""פ 4285/17 יצחקי נ' מדינת ישראל (11.6.18) קיבל בית המשפט העליון את ערעורה של נאשמת אשר הורשעה בגידול של מעבדת סמים מסוג קנבוס, בבית ששכרה לשם כך. במקום נמצאו 1,000 שתילים, ונתפס סם בכמות של 100 ק""ג. בית המשפט המחוזי קבע מתחם שבין 24 ל-48 חודשי מאסר בפועל, וגזר על הנאשמת, משיקולי שיקום, 12 חודשי מאסר בפועל. נאשמת ללא עבר פלילי. בית המשפט העליון הקל בעונשה ל- 6 חודשי עבודות שירות.",דיון - קביעת מתחם העונש ההולם,דיון והכרעה,דיון והכרעה,דיון והכרעה,דיון והכרעה,דיון והכרעה
ME-19-04-14578-148,"בת""פ (מח' מרכז-לוד) 46662-04-15 מדינת ישראל נ' סגל (3.2.16), הורשע נאשם על פי הודאתו בעבירות של ייצור סם מסוכן והחזקת סם מסוכן שלא לצריכה עצמית. הנאשם שכר דירה והקים בה מעבדת הידרו לגידול סם מסוג קנאביס ולשם כך צייד את הדירה בציוד רלוונטי. בדירה נמצאו צמחי קנאביס רבים במשקל של 78.8 ק""ג. בית המשפט קבע מתחם עונש הנע בין 24 ל-48 חודשי מאסר בפועל והשית על הנאשם – עצור וללא עבר פלילי, עונש של 30 חודשי מאסר בפועל לצד ענישה נלווית.",דיון - קביעת מתחם העונש ההולם,דיון והכרעה,דיון והכרעה,דיון והכרעה,דיון והכרעה,דיון והכרעה
ME-19-04-14578-148,"בת""פ (מח' מרכז-לוד) 17677-04-17 מדינת ישראל נ' דוכן (2.11.17), הורשע נאשם על פי הודאתו בעבירות של ייצור סם מסוכן וגניבת חשמל. הנאשם שכר בית והקים בו מעבדה לגידול סם מסוג קנאביס. לצורך כך רכש ציוד רב. הנאשם החזיק בשתילי סם במשקל של 72.8 ק""ג וגנב חשמל בשווי של מעל ל 18,000 ₪. לחובת הנאשם עבר פלילי קודם רלוונטי. בית המשפט קבע מתחם עונש הנע בין 22 ל-46 חודשי מאסר בפועל והשית על הנאשם עונש של 27 חודשי מאסר בפועל לצד ענישה נלווית.",דיון - קביעת מתחם העונש ההולם,דיון והכרעה,דיון והכרעה,דיון והכרעה,דיון והכרעה,דיון והכרעה
ME-19-04-14578-148,"בת""פ (מח' מרכז-לוד) 69569-11-17 מדינת ישראל נ' זרחי (29.11.18), הורשע נאשם על פי הודאתו בעבירות של ייצור סם וגניבת חשמל. הנאשם שכר דירה והקים בה מעבדה לגידול סם מסוג קנאביס. לשם כך רכש ציוד רב ושתילי קנאביס. לשם הפעלת המעבדה חיבר את הבית לרשת החשמל באופן לא מוסדר. בבית נמצא סם מסוג קנאביס במשקל של 86.9 ק""ג ושווי גניבת החשמל עמד על עשרות אלפי ₪. בית המשפט קבע מתחם עונש הנע בין 24 ל-48 חודשי מאסר בפועל והשית על הנאשם, צעיר ללא עבר פלילי, עונש של 25 חודשי מאסר בפועל לצד ענישה נלווית.",דיון - קביעת מתחם העונש ההולם,דיון והכרעה,דיון והכרעה,דיון והכרעה,דיון והכרעה,דיון והכרעה
ME-19-04-14578-148,"בת""פ 25458-11-18 מדינת ישראל נ' אליאב (19.9.19) הורשע נאשם על פי הודאתו בעבירות של ייצור הכנה והפקת סם מסוכנת, החזקת חצרים לשם הכנת סם, החזקת כלים ונטילת חשמל. הנאשם שכר בית והקים בו מעבדה לגידול מס מסוג קנביס. לצורך כך רכש ציוד רב. הנאשם גידל 768 שתילים במשקל כולל של 80.3 ק""ג. לחובת הנאשם הרשעה אחת בעבירת מרמה. נקבע מתחם שבין 22 ל-46 חודשי מאסר בפועל, והושתו על הנאשם 25 חודשי מאסר בפועל.",דיון - קביעת מתחם העונש ההולם,דיון והכרעה,דיון והכרעה,דיון והכרעה,דיון והכרעה,דיון והכרעה
ME-19-04-14578-148,"בת""פ (מח' מרכז-לוד) מדינת ישראל נ' ברבי (28.5.19) הורשע הנאשם 2 על פי הודאתו בעבירה של ייצור סמים וגניבת חשמל. הנאשם שכר בית והקים מעבדה לגידול סמים ובה נתפסו 334 שתילי קנביס במשקל נטו של 73.6 ק""ג. נאשם ללא עבר פלילי עם המלצה חיובית של שירות המבחן. בית המשפט קבע מתחם שבין 20 ל-46 חודשי מאסר בפועל, והשית על הנאשם 20 חודשי מאסר בפועל.",דיון - קביעת מתחם העונש ההולם,דיון והכרעה,דיון והכרעה,דיון והכרעה,דיון והכרעה,דיון והכרעה
ME-19-04-14578-148,"בת""פ (מח' ב""ש) 37903-03-15 מדינת ישראל נ' מאירוב (9.11.15), הורשע הנאשם בהתאם להודאתו במסגרת הסדר טיעון, בעבירות של הפקת סם מסוכן ועבירה של נטילת חשמל. הנאשם הקים מעבדה לגידול סם מסוג קנאביס בדירה ששכר, שכללה ציוד נלווה ולצורך כך גנב חשמל. נמצאו סמים במשקל כולל של 60 ק""ג. בית המשפט קבע מתחם עונש הנע בין 18 ל-30 חודשי מאסר בפועל וגזר על הנאשם עונש של 20 חודשי מאסר בפועל תוך שהתייחס לעברו הנקי, היות הנאשם נשוי ואב לילדים קטנים ולהמלצת שירות המבחן.",דיון - קביעת מתחם העונש ההולם,דיון והכרעה,דיון והכרעה,דיון והכרעה,דיון והכרעה,דיון והכרעה
ME-19-04-14578-148,"עיינתי באסופת הפסיקה שהגיש ב""כ הנאשם, לרבות ע""פ 7243/17 כץ נ' מדינת ישראל (19.3.19), רע""פ 5293/18 חכים נ' מדינת ישראל (12.7.18), ואולם סבורני כי אין בפסיקה האמורה כדי לסייע לנאשם, וזאת הואיל ואין המדובר במקרים דומים למקרה דנן.",דיון - קביעת מתחם העונש ההולם,דיון והכרעה,דיון והכרעה,דיון והכרעה,דיון והכרעה,דיון והכרעה
ME-19-04-14578-148,"בהתאם לתיקון 113 לחוק העונשין (סעיף 40 יג'), אני קובע כי מתחם העונש ההולם הוא החל מ-22 ועד ל-46 חודשי מאסר בפועל.",דיון - קביעת מתחם העונש ההולם,דיון והכרעה,דיון והכרעה,דיון והכרעה,דיון והכרעה,דיון והכרעה
ME-19-04-14578-148,"במקרה דנן, לא קיימים שיקולים אשר מצדיקים חריגה מהמתחם, לחומרה או לקולה. השיקול השיקומי אינו מצדיק חריגה מהמתחם לקולה. אין כל אינדיקציה לכך שהנאשם השתקם או שקיים סיכוי של ממש שישתקם, ואף לא הוגש תסקיר שירות המבחן אשר יוכל להצביע על כך. גם בהנחה שכיום הנאשם נקי מסמים במעצר, לא ניתן לקבוע על בסיס זה שהנאשם אכן נגמל מסמים, וכי קיים סיכוי של ממש שישתקם. יתר על כן, לא שוכנעתי במקרה דנן לחרוג מהמתחם בשל מצבו הרפואי של הנאשם, כפי שעולה מתוך המסמכים הרפואיים שהוגשו (נ/2).",דיון - קביעת מתחם העונש ההולם,דיון והכרעה,דיון והכרעה,דיון והכרעה,דיון והכרעה,דיון והכרעה
ME-19-04-14578-148,"בגזירת העונש המתאים לנאשם, בגדרי מתחם העונש ההולם, יש להתחשב בנסיבות שאינן קשורות בביצוע העבירה (סעיף 40 יא'). במסגרת זו מן הראוי לתת את הדעת לכך שהנאשם בן 56, הודה באשמה ונטל אחריות מלאה למעשיו בהזדמנות הראשונה. הנאשם שוהה במעצר במשך תקופה ממושכת, מאז סוף חודש מרץ 2019. הנאשם גדל בתנאים של עוני והזנחה. הוא בעל רקע של התמכרות לסמים במשך שנים רבות.",גזירת העונש המתאים לנאשם,דיון והכרעה,דיון והכרעה,דיון והכרעה,דיון והכרעה,דיון והכרעה
ME-19-04-14578-148,"לחובת הנאשם עבר פלילי משמעותי, הכולל 20 הרשעות קודמות, ומאסרים אשר מצטברים ליותר מ-11 שנות מאסר בפועל, אם כי מדובר בעבר פלילי אשר התיישן בשנת 2018. הרשעתו האחרונה של הנאשם משנת 2004, בעבירות נשק, שבגינן נדון ל-4 שנות מאסר בפועל. כמו כן, מתוך עברו הפלילי, 10 הרשעות קודמות הן בעבירות סמים החל משנות ה-80', דרך שנות ה-90' ועד לשנת 2000.",גזירת העונש המתאים לנאשם,דיון והכרעה,דיון והכרעה,דיון והכרעה,דיון והכרעה,דיון והכרעה
ME-19-04-14578-148,"מאז מאסרו האחרון נמנע הנאשם במשך מספר שנים מהרשעות נוספות, ויתכן שאף שמר על ניקיון מסמים במשך תקופה ארוכה. ברם, בתקופה שקדמה למעצרו, מקום העבודה שבו עבד נסגר, והוא חזר להשתמש בסמים. ניכר כי לרקע זה הייתה השפעה על ביצוע מעשה העבירה.",גזירת העונש המתאים לנאשם,דיון והכרעה,דיון והכרעה,דיון והכרעה,דיון והכרעה,דיון והכרעה
ME-19-04-14578-148,"מובן כי עונש מאסר ממושך יפגע בנאשם ובמשפחתו, וזאת הגם שהנאשם ריצה לא מעט עונשי מאסר בחייו. בהקשר זה יש לתת את הדעת אף למצבו הרפואי המורכב של הנאשם, ולקושי שיש בכך במסגרת המאסר.",גזירת העונש המתאים לנאשם,דיון והכרעה,דיון והכרעה,דיון והכרעה,דיון והכרעה,דיון והכרעה
ME-19-04-14578-148,"עוד יש לתת את הדעת לשיקול הרתעת היחיד בגדרו של המתחם, וזאת בשים לב לעברו הפלילי המשמעותי של הנאשם, לרבות בעבירות סמים, על אף שאינו מן העת האחרונה. הנאשם מכור לסמים, ועל אף שהוא נמצא במשך שנים בטיפול נפשי, לא היה בכך כדי למנוע ממנו מלבצע את העבירה.",גזירת העונש המתאים לנאשם,דיון והכרעה,דיון והכרעה,דיון והכרעה,דיון והכרעה,דיון והכרעה
ME-19-04-14578-148,"בכל הנוגע לסוגיית האחידות בענישה, נתתי דעתי לכך שהנאשם 2 נדון, בהסדר טיעון, לעונש מוסכם של שישה חודשי מאסר בפועל ויום. אכן, במקרים רבים בתי המשפט קובעים את עונשם של מסייעים לדבר עבירה על מחצית מעונשם של המבצעים העיקריים (ראו למשל, ע""פ 2646/15 מדינת ישראל נ' אבו בכר [16.7.15]). עם זאת, במקרה דנן איני סבור כי יש לגזור את עונשו של הנאשם, המבצע העיקרי, על פי עונשו של המסייע. זאת בפרט לאור העובדה שחלקו של הנאשם 2 בעובדות כתב האישום אינו מפורט, אלא נרשם רק כי הוא ""סייע לו"", ללא פירוט טיבו של הסיוע (למשל, סיוע בשכירת המקום, סיוע בהבאת הציוד למעבדה, סיוע בהשקיית או בגיזום הצמחים ועוד, כפי שקיים בתיקים אחרים). כמו כן, עונשו של הנאשם 2 נקבע במסגרת הסדר טיעון ""סגור"", מבלי שנקבע בעניינו מתחם עונש הולם. זאת ועוד, בתיקי מעבדות רבים נגזרים על מסייעים עונשי מאסר לתקופות של מספר חודשים אשר במקרים רבים אף נישאים בדרך של עבודות שירות, וזאת על אף שעל המבצעים העיקריים של העבירה מוטלים עונשי מאסר משמעותיים, אשר עולים באופן ניכר על כפליים עונשו של המסייע. ראו לדוגמה: ת""פ 30876-03-17 מדינת ישראל נ' בן אדיבה (20.9.18) ות""פ 30876-03-17 מדינת ישראל נ' חנוכה (19.7.18).",גזירת העונש המתאים לנאשם,דיון והכרעה,דיון והכרעה,דיון והכרעה,דיון והכרעה,דיון והכרעה
ME-19-04-14578-148,"באיזון בין השיקולים השונים, ובשים לב לרף הענישה אשר לו עתרה המאשימה במסגרת הסדר הטיעון, סבורני כי יש לגזור על הנאשם עונש בשליש התחתון של המתחם, אך לא ברף התחתון ביותר שלו.",גזירת העונש המתאים לנאשם,דיון והכרעה,דיון והכרעה,דיון והכרעה,דיון והכרעה,דיון והכרעה
ME-19-04-14578-148,26 חודשי מאסר בפועל אשר מניינם מיום מעצרו 27.3.19.,"אשר על-כן, הנני גוזר על הנאשם את העונשים הבאים:",דיון והכרעה,דיון והכרעה,דיון והכרעה,דיון והכרעה,דיון והכרעה
ME-19-04-14578-148,"10 חודשי מאסר על תנאי, לבל יעבור הנאשם במשך שלוש שנים מיום שחרורו מן המאסר כל עבירה מסוג פשע לפי פקודת הסמים.","אשר על-כן, הנני גוזר על הנאשם את העונשים הבאים:",דיון והכרעה,דיון והכרעה,דיון והכרעה,דיון והכרעה,דיון והכרעה
ME-19-04-14578-148,"קנס כספי בסך של 20,000 ₪ או 120 ימי מאסר תמורתו. הקנס ישולם ב-20 תשלומים חודשיים שווים ורצופים, שהראשון שבהם ביום 1.1.21. אם לא ישולם תשלום כלשהו במועדו, תעמוד היתרה לפירעון מיידי.","אשר על-כן, הנני גוזר על הנאשם את העונשים הבאים:",דיון והכרעה,דיון והכרעה,דיון והכרעה,דיון והכרעה,דיון והכרעה
ME-19-04-14578-148,"חילוט טלפון נייד וכן ציוד המעבדה המפורט בבקשת החילוט, וזאת לטובת הקרן לפי פקודת הסמים.","אשר על-כן, הנני גוזר על הנאשם את העונשים הבאים:",דיון והכרעה,דיון והכרעה,דיון והכרעה,דיון והכרעה,דיון והכרעה
ME-19-04-14578-148,הסמים יושמדו. חילוט הציוד והשמת הסמים יבוצעו לאחר היות גזר הדין חלוט.,"אשר על-כן, הנני גוזר על הנאשם את העונשים הבאים:",דיון והכרעה,דיון והכרעה,דיון והכרעה,דיון והכרעה,דיון והכרעה
ME-21-12-42162-424,"פקודת הסמים המסוכנים [נוסח חדש], תשל""ג-1973: סע'  7(א), (ג), 13, 19א",nothing,מידע אחר,מידע אחר,מידע אחר,מידע אחר,מידע אחר
ME-21-12-42162-424,"חוק העונשין, תשל""ז-1977: סע'  25, 40ד (א), 499(א)(1)",nothing,מידע אחר,מידע אחר,מידע אחר,מידע אחר,מידע אחר
ME-21-12-42162-424,"הנאשם הורשע על פי הודאתו ובמסגרת הסדר טיעון בעובדות כתב האישום המתוקן שעניינן עבירות של ניסיון לייבוא סם מסוכן – עבירה לפי סעיף 13 לפקודת הסמים המסוכנים [נוסח חדש] התשל""ג-1973 (להלן: ""הפקודה"") והחזקת סם מסוכן שלא לצריכה עצמית – עבירה לפי סעיף 7(א) ו-(ג) לפקודה.",רקע,עובדות המקרה,עובדות המקרה,עובדות המקרה,עובדות המקרה,עובדות המקרה
ME-21-12-42162-424,"כארבעה חודשים עובר למועדים הרלוונטיים לעובדות כתב האישום, היה שרוי מאי חיים לוי אדרי (להלן: ""מאי""), יליד שנת 2001, במצוקה כלכלית. בתחילת התקופה פנה הנאשם אליו שעה שהיה מודע למצוקתו הכלכלית של מאי וללא היכרות מוקדמת, והציע לו לבצע בעבורו משימות תמורת תשלום.",עובדות כתב האישום:,עובדות המקרה,עובדות המקרה,עובדות המקרה,עובדות המקרה,עובדות המקרה
ME-21-12-42162-424,"קולט מנג'ם היא אזרחית ישראלית, ילידת 1988, ואין בינה לבין הנאשם היכרות מוקדמת.",עובדות כתב האישום:,עובדות המקרה,עובדות המקרה,עובדות המקרה,עובדות המקרה,עובדות המקרה
ME-21-12-42162-424,"במועד שאינו ידוע למאשימה, עובר לתאריך 3.11.2021, הזמין הנאשם מאחר, שזהותו אינה ידועה למאשימה, סמים מסוכנים מסוג קטמין במשקל 2,331 גרם נטו (להלן: ""הסמים"") שיישלחו מגרמניה אל ישראל עבורו. על מנת להתל ברשויות האכיפה, הורה הנאשם לאחר כי על החבילה יצוין שמה של קולט, זאת ללא הסכמתה, והחבילה תישלח אל כתובת ברמת השרון בה לא מתגוררים הנאשם או קולט.",עובדות כתב האישום:,עובדות המקרה,עובדות המקרה,עובדות המקרה,עובדות המקרה,עובדות המקרה
ME-21-12-42162-424,"במועד שאינו ידוע למאשימה, עובר לתאריך 3.11.2021, הוסלקו הסמים בבקבוקים הנחזים כמכילים מוצרי טיפוח, עליהם צורפה קבלה בה נקוב סכום של 57.55 אירו, והכל הוטמן באריזת קרטון עליה צוינו פרטי קולט והכתובת (להלן: ""החבילה"").",עובדות כתב האישום:,עובדות המקרה,עובדות המקרה,עובדות המקרה,עובדות המקרה,עובדות המקרה
ME-21-12-42162-424,"במועד שאינו ידוע למאשימה, שלח האחר שזהותו אינה ידועה למאשימה את החבילה מגרמניה אל ישראל, עבור הנאשם, באמצעות חברת משלוחים ועל החבילה צוינו פרטי הנמענת. החבילה הוטמנה בקרטון הממותג בשם חברת השליחויות.",עובדות כתב האישום:,עובדות המקרה,עובדות המקרה,עובדות המקרה,עובדות המקרה,עובדות המקרה
ME-21-12-42162-424,"בתאריך 3.11.2021, נתפסה החבילה במכס הגרמני וביום 11.11.2021 הובאה לישראל על ידי שוטר.",עובדות כתב האישום:,עובדות המקרה,עובדות המקרה,עובדות המקרה,עובדות המקרה,עובדות המקרה
ME-21-12-42162-424,"ביום 25.11.2021 הטמין השוטר בחבילה 1,446.85 גרם נטו מסך הסמים.",עובדות כתב האישום:,עובדות המקרה,עובדות המקרה,עובדות המקרה,עובדות המקרה,עובדות המקרה
ME-21-12-42162-424,"בתאריך 29.11.2021 התקשר הנאשם אל ואלרי בלנקיי המועסקת בקיוסק ברמת השרון, נקודת חלוקה מטעם רשות הדואר, התחזה בפניה בכזב כבעלה של קולט והודיע לה שיגיע לאסוף את החבילה המבוימת כשהוא מצויד בתעודה מזהה של קולט.",עובדות כתב האישום:,עובדות המקרה,עובדות המקרה,עובדות המקרה,עובדות המקרה,עובדות המקרה
ME-21-12-42162-424,"בהמשך, בשעה 11:00 לערך, בהוראת הנאשם, ניגש מאי אל הקיוסק, הציג לואלרי תמונת דרכון של קולט, אותה העביר לו הנאשם במסרון מבעוד מועד, ואסף בעבורו את החבילה המבוימת.",עובדות כתב האישום:,עובדות המקרה,עובדות המקרה,עובדות המקרה,עובדות המקרה,עובדות המקרה
ME-21-12-42162-424,זמן קצר לאחר מכן הגיע מאי אל ביתו של הנאשם ברמת גן ומסר לידיו את החבילה המבוימת.,עובדות כתב האישום:,עובדות המקרה,עובדות המקרה,עובדות המקרה,עובדות המקרה,עובדות המקרה
ME-21-12-42162-424,"באותו מועד החזיק הנאשם בשידה ליד המיטה בחדר השינה בדירה, סם מסוכן מסוג קטמין במשקל 64.95 גרם נטו.",עובדות כתב האישום:,עובדות המקרה,עובדות המקרה,עובדות המקרה,עובדות המקרה,עובדות המקרה
ME-21-12-42162-424,קטמין הוא סם מסוכן כהגדרתו בפקודה.,עובדות כתב האישום:,עובדות המקרה,עובדות המקרה,עובדות המקרה,עובדות המקרה,עובדות המקרה
ME-21-12-42162-424,"במעשים הללו ניסה הנאשם לייבא סם מסוכן מסוג קטמין במשקל 2,331 גרם נטו וכן החזיק סם מסוכן מסוג קטמין במשקל 64.95 גרם נטו.",עובדות כתב האישום:,עובדות המקרה,עובדות המקרה,עובדות המקרה,עובדות המקרה,עובדות המקרה
ME-21-12-42162-424,ביום 14.6.2022 הודה הנאשם והורשע על יסוד הודאתו במסגרת הסדר טיעון בעובדות כתב האישום המתוקן.,עובדות כתב האישום:,עובדות המקרה,עובדות המקרה,עובדות המקרה,עובדות המקרה,עובדות המקרה
ME-21-12-42162-424,"באותו מעמד הוצג הסדר טיעון, לפיו הנאשם יופנה אל שירות המבחן שיגבש בעניינו תסקיר לעונש.",עובדות כתב האישום:,עובדות המקרה,עובדות המקרה,עובדות המקרה,עובדות המקרה,עובדות המקרה
ME-21-12-42162-424,"ביום 18.8.2022 צורף לעניין העונש ת""פ 40325-05-22 בית משפט השלום בתל אביב, שעניינו החזקה/שימוש בסמים שלא לצריכה עצמית – עבירה לפי סעיף 7(א) + 7(ג) רישא לפקודה.",עובדות כתב האישום:,עובדות המקרה,עובדות המקרה,עובדות המקרה,עובדות המקרה,עובדות המקרה
ME-21-12-42162-424,הנאשם הודה במעמד הטיעונים לעונש בעובדות כתב האישום המצורף.,עובדות כתב האישום:,עובדות המקרה,עובדות המקרה,עובדות המקרה,עובדות המקרה,עובדות המקרה
ME-21-12-42162-424,"על פי עובדות כתב האישום המצורף, החזיק הנאשם ביום 7.2.2021 בדירתו סמים מסוכנים שלא לצריכה עצמית כמפורט להלן: בצנצנת בצבע שחור בתוך סלסלה על שולחן הטלוויזיה, סם מסוכן מסוג קנבוס במשקל 1.82 גרם ובמטבח על המיקרוגל שהונח על המקרר, בבקבוקון בצבע חום, סם מסוכן מסוג METHAMPHETAMINE.",עובדות כתב האישום:,עובדות המקרה,עובדות המקרה,עובדות המקרה,עובדות המקרה,עובדות המקרה
ME-21-12-42162-424,הצדדים הגיעו להסכמה כי יינתן בעניינו של הנאשם תסקיר שירות מבחן.,2.	הסדר הטיעון,עובדות המקרה,עובדות המקרה,תסקיר שירות מבחן,עובדות המקרה,עובדות המקרה
ME-21-12-42162-424,התביעה הודיעה כי המלצות התסקיר לא יחייבו אותה.,2.	הסדר הטיעון,עובדות המקרה,עובדות המקרה,טיעוני הצדדים,עובדות המקרה,עובדות המקרה
ME-21-12-42162-424,"כן הגיעו הצדדים לענישה כספית מוסכמת, קרי, קנס בשיעור של 55,000 ₪ אשר יקוזז מכספים אשר נתפסו על ידי המשטרה.",2.	הסדר הטיעון,עובדות המקרה,עובדות המקרה,טיעוני הצדדים,עובדות המקרה,עובדות המקרה
ME-21-12-42162-424,אמו של הנאשם עמדה בדבריה על ההליך השיקומי בו מצוי הנאשם והביעה רצון כי התהליך השיקומי לא ייפגע.,3.	ראיות לעונש,ראיות לעונש,ראיות לעונש,תסקיר שירות מבחן,ראיות לעונש,ראיות לעונש
ME-21-12-42162-424,"ב""כ המדינה עמדה בטיעוניה על אלה: סוג הסם והמשקל, עובדות כתב האישום המתוקן אשר הצריכו תכנון מוקדם. רק ערנות המכס הגרמני היא שהביאה להכשלת התכנית העבריינית. עוד עמדה ב""כ המדינה על תוכן התסקירים אשר הוגשו. לטעמה של התביעה במועד אשר הוגש התסקיר הראשון טרם הבשיל הליך השיקום. ב""כ המדינה סברה כי אין לקבל המלצת שירות המבחן (צו מבחן לשנה לצד מאסר בעבודות שירות – צ.ק) וכי לא נמצאה עילה לחריגה ממתחם ענישה מטעמי שיקום.",טיעוני התביעה ,טיעוני הצדדים,טיעוני הצדדים,טיעוני הצדדים,טיעוני הצדדים,טיעוני הצדדים
ME-21-12-42162-424,"עוד עמדה ב""כ המדינה על פסיקת בית המשפט העליון כי בסמים מסוג זה הענישה חייבת לכלול רכיב של מאסר בפועל.",טיעוני התביעה ,טיעוני הצדדים,טיעוני הצדדים,טיעוני הצדדים,טיעוני הצדדים,טיעוני הצדדים
ME-21-12-42162-424,"בהמשך, ב""כ המדינה טענה כי חומרת העבירות מטה את הכף לטובת דחיית שיקולי השיקום והתייחסה לממצאי בדיקת השתן בחודש מאי האחרון בדבר צריכת קוקאין.",טיעוני התביעה ,טיעוני הצדדים,טיעוני הצדדים,טיעוני הצדדים,טיעוני הצדדים,טיעוני הצדדים
ME-21-12-42162-424,"לבסוף, עתרה ב""כ המדינה לקביעת מתחם בין 24-40 חודשים מאסר בפועל ובשליש התחתון של המתחם.",טיעוני התביעה ,טיעוני הצדדים,טיעוני הצדדים,טיעוני הצדדים,טיעוני הצדדים,טיעוני הצדדים
ME-21-12-42162-424,"בדבריו עמד ב""כ הנאשם על המתווה השיקומי אשר הוליך להמלצות שירות המבחן מראשית ההליך.","טיעוני ב""כ הנאשם",טיעוני הצדדים,טיעוני הצדדים,טיעוני הצדדים,טיעוני הצדדים,טיעוני הצדדים
ME-21-12-42162-424,כמו כן ביקש לבכר את השיקול השיקומי על יסוד התסקירים ולחלופין לקביעת מתחם בין שנה לשלוש שנים ובתחתית המתחם.,"טיעוני ב""כ הנאשם",טיעוני הצדדים,טיעוני הצדדים,טיעוני הצדדים,טיעוני הצדדים,טיעוני הצדדים
ME-21-12-42162-424,"בטיעוניו לעונש עמד הסנגור על נסיבותיו האישיות של הנאשם, תסקירי שירות המבחן אודות התוואי השיקומי ומדיניות הענישה הנוהגת לטעמו.","טיעוני ב""כ הנאשם",טיעוני הצדדים,טיעוני הצדדים,טיעוני הצדדים,טיעוני הצדדים,טיעוני הצדדים
ME-21-12-42162-424,"ב""כ הנאשם ביקש לבכר את שיקולי השיקום.","טיעוני ב""כ הנאשם",טיעוני הצדדים,טיעוני הצדדים,טיעוני הצדדים,טיעוני הצדדים,טיעוני הצדדים
ME-21-12-42162-424,"לחלופין טען ב""כ הנאשם למתחם של בין 12-36 חודשים מאסר בפועל ובחלקו התחתון של המתחם.","טיעוני ב""כ הנאשם",טיעוני הצדדים,טיעוני הצדדים,טיעוני הצדדים,טיעוני הצדדים,טיעוני הצדדים
ME-21-12-42162-424,כל צד תמך יתדותיו בפסיקה אודות מדיניות הענישה.,"טיעוני ב""כ הנאשם",טיעוני הצדדים,טיעוני הצדדים,טיעוני הצדדים,טיעוני הצדדים,טיעוני הצדדים
ME-21-12-42162-424,"בדבריו לעונש הביע הנאשם תודה על ההזדמנות שניתנה לו לעבור הליך של טיפול ושיקום, הביע צער ואמר כי תיק זה הציל אותו מעולם הסמים. הנאשם אף הסביר כי בתחילה נרתע מטיפול קבוצתי עקב הבושה אך לאחר השלמת הטיפול הפרטני השתלב בטיפול קבוצתי.",דברי הנאשם לעונש:,טיעוני הצדדים,טיעוני הצדדים,טיעוני הצדדים,טיעוני הצדדים,טיעוני הצדדים
ME-21-12-42162-424,הנאשם הביע צער ובושה בפני הכל ובפני משפחתו.,דברי הנאשם לעונש:,טיעוני הצדדים,טיעוני הצדדים,טיעוני הצדדים,טיעוני הצדדים,טיעוני הצדדים
ME-21-12-42162-424,"כתב האישום מתאר כיצד ניצל הנאשם את מאי חיים לוי אדרי, בן 20 אותה עת, אשר היה שרוי במצוקה כלכלית. הנאשם הזמין מאחר סם מסוכן מסוג קטמין במשקל 2.331 ק""ג שישלחו מגרמניה אל ישראל אך הורה כי הכתובת אשר תצוין על גבי החבילה הינה של פלונית וזאת ללא ידיעתה. בהמשך, ובאותה רוח של תחכום הוסלקו הסמים בבקבוקים הנחזים כמכילים מוצרי טיפול ועל הכל התנוססה קבלה של סכום זניח בסך 57.55 יורו. החבילה נשלחה אל פלונית אך למרבה המזל נתפסה החבילה במכס הגרמני והובאה לישראל על ידי שוטר. במסגרת המאמץ ללכידת הנמען, הוצא מהחבילה סם במשקל של כ-900 גרם. לאחר מכן התקשר הנאשם אל קיוסק המשמש כנקודת חלוקה מטעם רשות הדואר, הציג עצמו כבעלה של פלונית והודיע שיגיע לאסוף את החבילה המבוימת כשהוא מצויד בתעודה מזהה של פלונית. בהמשך, ובהוראת הנאשם ניגש מאי אדרי אל הקיוסק, הציג תמונת דרכון של פלונית אותה קיבל במסרון מהנאשם, אסף בעבורו את החבילה המבוימת והביאה אל ביתו של הנאשם ברמת גן. במסגרת חיפוש שנערך בבית נמצא סם מסוכן מסוג קטמין במשקל 64.65 גרם.",א. 	נסיבות הקשורות בביצוע העבירה,דיון והכרעה,עובדות המקרה,עובדות המקרה,עובדות המקרה,דיון והכרעה
ME-21-12-42162-424,האמור לעיל מעיד על תכנית עבריינית מורכבת ומתוכננת אשר למרבה המזל לא צלחה.,א. 	נסיבות הקשורות בביצוע העבירה,דיון והכרעה,עובדות המקרה,דיון והכרעה,עובדות המקרה,דיון והכרעה
ME-21-12-42162-424,"הגם שלא נגרם נזק בפועל לפי שהחבילה נתפסה הרי שהנזק שעלול היה להיגרם הינו משמעותי. פגיעתו של סם מסוג קטמין עלולה להיות רעה. בין תופעות הלוואי יש למנות ההנאשםת, הרגשת שהות מחוץ לגוף, חרדה, פחד ובלבול וצריכתו עם תרופה ממשפחת הבנזודיאזפינים לצד מינון גבוה עשויה לגרום לפרכוסים, דיכוי ההכרה והנשימה ומוות.",א. 	נסיבות הקשורות בביצוע העבירה,דיון והכרעה,עובדות המקרה,דיון והכרעה,עובדות המקרה,דיון והכרעה
ME-21-12-42162-424,"אשר לסיבות אשר הביאו את הנאשם לבצע את העבירה אני מפנה לפרק מיוחד בתסקירי שירות המבחן כפי שהוא מפורט בחלק של הנסיבות שאינן קשורות בביצוע העבירה. לאמור, ילדות מורכבת לצד נסיבות אישיות ורפואיות ומשבר כלכלי הוליכו את הנאשם למעשה הנפסד.",א. 	נסיבות הקשורות בביצוע העבירה,דיון והכרעה,עובדות המקרה,דיון והכרעה,עובדות המקרה,דיון והכרעה
ME-21-12-42162-424,כאמור לעיל צורף לעניין העונש תיק נוסף של בית משפט השלום. על פי כתב האישום המצורף נמצאו בדירת הנאשם סם מסוכן מסוג קנבוס במשקל 1.82 גרם וסם מסוכן מסוג METHAMPHETAMINE .,א. 	נסיבות הקשורות בביצוע העבירה,דיון והכרעה,עובדות המקרה,דיון והכרעה,עובדות המקרה,דיון והכרעה
ME-21-12-42162-424,"על מידת הפגיעה בערכים החברתיים המצויה בבסיס עבירות הסמים עמד בית המשפט העליון במספר פסקי דין. עבירות הסמים פוגעות בשלום הציבור ובבריאותו ומשכך נדרשים בתי המשפט על ערכאותיהם השונות להעביר מסר ברור כי הענישה תהיה הולמת ומשמעותית. ר' לעניין זה ע""פ 4522/18 בנימין אסאבן נ' מדינת ישראל (פורסם בנבו, 11.11.18).",ב.	הערך החברתי שנפגע,דיון והכרעה,דיון והכרעה,דיון והכרעה,דיון והכרעה,דיון והכרעה
ME-21-12-42162-424,"בחינת מדיניות הענישה הנוהגת מלמדת על מנעד רחב של ענישה המשתנה בהתאם לנסיבות המעשה והעושה, סוג הסם, הכמות שיובאה, חלקו של הנאשם במסכת העבריינית הכוללת ונסיבותיו האישיות.",ג. 	מדיניות הענישה הנוהגת,דיון והכרעה,דיון והכרעה,דיון והכרעה,דיון והכרעה,דיון והכרעה
ME-21-12-42162-424,לשם בחינת מדיניות הענישה אדרש לגזרי דין חמורים יותר וקלים יותר על מנת להגיע לתוצאה מושכלת ככל האפשר.,ג. 	מדיניות הענישה הנוהגת,דיון והכרעה,דיון והכרעה,דיון והכרעה,דיון והכרעה,דיון והכרעה
ME-21-12-42162-424,"ע""פ 7757/21 מרזוקי נ' מדינת ישראל (24.5.2022) – המערער הורשע על יסוד הודאתו במסגרת הסדר טיעון בייבוא סם מסוכן מסוג מתאמפטמין במשקל של 2.975 ק""ג בצוותא ובעבירה של שיבוש מהלכי משפט, בכך שהציע לאחר לייבא עבורו סם מסוכן ותיאם עבורו את הקשר עם הגורם בחו""ל, ובהמשך כמי שעבד באותה העת כמתרגם במשטרה לשפה התאית, שיבש את מהלך החקירה. בית המשפט המחוזי קבע מתחם שנע בין 28 ל-40 חודשי מאסר וגזר על המערער 28 חודשי מאסר לצד ענישה נלווית. ערעורו על חומרת גזר הדין נדחה בבית המשפט העליון.",ג. 	מדיניות הענישה הנוהגת,דיון והכרעה,דיון והכרעה,דיון והכרעה,דיון והכרעה,דיון והכרעה
ME-21-12-42162-424,"בע""פ 5826/19 מדינת ישראל נ' דורי רפאל (23.2.20) (להלן: ""עניין דורי רפאל"") נדון ערעור המדינה אודות גזר דין במאסר בדרך עבודות שירות אשר הושת על המשיב בבית המשפט המחוזי. המשיב הורשע על פי הודאתו, בעבירות שעניינן יבוא סם מסוכן לפי סעיף 13 לפקודת הסמים המסוכנים, החזקת סם מסוכן שלא לשימוש עצמי לפי סעיף 7(א) בצירוף 7(ג) רישא לפקודה; קשירת קשר לפשע (יבוא סם מסוכן) לפי סעיף 499(א)(1) לחוק יחד עם סעיף 13 לפקודה; וסחר בסם מסוכן לפי סעיף 13 לפקודת הסמים המסוכנים. הסם מושא האישומים הוא סם מסוכן מסוג GBL אשר המשיב ביקש לייבא עשרים ליטר ממנו מסין לישראל במספר משלוחים, וזאת יחד עם אחר שזהותו אינה ידועה.",ג. 	מדיניות הענישה הנוהגת,דיון והכרעה,דיון והכרעה,דיון והכרעה,דיון והכרעה,דיון והכרעה
ME-21-12-42162-424,"כאמור, הערעור התקבל והושת על המשיב עונש של 16 חודשים מאסר בפועל. בית המשפט העליון נימק את ההחמרה בהצטברות נסיבות מחמירות ובהן  ""כמות הסם שנתפסה היא גדולה מאוד, ומספיקה למעלה מ- 5,000 מנות סם. באף לא אחד מהתיקים שהגיעו לבית משפט זה היתה כמות כה גדולה של סם; בעניין מזרחי, כמות הסם היתה 3.5 ליטר; בפרשת פלוני, כמות הסם עמדה על 2.5 ליטר; בפרשת דילן, עמדה כמות הסם על כליטר אחד; בע""פ 7920/12 מדינת ישראל נ' בן קידר [פורסם בנבו] (30.1.2013) כמות הסם עמדה על 5 ליטר. ביתר הפסיקה המחוזית, שבית משפט קמא סקר בגזר דינו, כמויות הסם אינן מתקרבות לכמויות כאן. נסיבות ואופן החזקת הסם; מגוון הסמים: GBL, קטמין ו-MDMA ומכירת סמים בשתי הזדמנויות לאחרים.""",ג. 	מדיניות הענישה הנוהגת,דיון והכרעה,דיון והכרעה,דיון והכרעה,דיון והכרעה,דיון והכרעה
ME-21-12-42162-424,"בת""פ (מחוזי באר שבע) 65963-10-21 מדינת ישראל נ' SEA LEE MONTREE  (10.7.22) הנאשם הורשע על יסוד הודאתו ייבוא סם מסוכן, לפי סעיף 13  ו- 19א בפקודת הסמים המסוכנים [נוסח חדש], התשל""ג-1973 (להלן: ""פקודת הסמים""); וניסיון להחזקת סם מסוכן שלא לצריכה עצמית, לפי סעיף 7(א) ו- (ג) רישא בפקודת הסמים בשילוב עם סעיף 25 לחוק העונשין, התשל""ז- 1977 (להלן: החוק). הנאשם, אזרח תאילנד החזיק באשרת עבודה בישראל, הזמין מתאילנד שתי תמונות קיר ובתוכן 5 שקיות של סם במשקל של 415.737 גרם, שמוענה לכתובת ביתו. החבילה הגיעה לישראל ונבדקה על ידי רשויות המכס, שגילו בה את הסם והעבירוהו למשטרה. הנאשם הגיע לנקודת הדואר ונטל את החבילה ונעצר על ידי השוטרים. מתחם העונש שנקבע הוא בין 24 ל- 48 חודשי מאסר בפועל. נגזרו על הנאשם 30 חודשי מאסר בפועל.",ג. 	מדיניות הענישה הנוהגת,דיון והכרעה,דיון והכרעה,דיון והכרעה,דיון והכרעה,דיון והכרעה
ME-21-12-42162-424,"בת""פ (מחוזי ירושלים) 37958-02-19 מ""י נ' וינברג (11.2.21), נדון עניינו של מי שהורשע בעבירה של ייבוא סם מסוכן, בכך שקשר קשר עם אחרים, נסע לאודסה וקיבל שם סם מסוכן מסוג MDMA במשקל נטו של כ-5 ק""ג והעביר אותו לישראל בתוך מזוודה. בית המשפט קבע מתחם עונש הולם הנע בין 24 ל-40 חודשי מאסר, וחרג מהמתחם מטעמי שיקום משמעותי ועמוק מאוד של הנאשם, לאחר שהנאשם שהיה בן 20, שהה במשך חודשיים במעצר, שוחרר לטיפול בקהילה סגורה במשך כשנה, עבר טיפול בהוסטל ובהמשך בדירת קלט, השלים את לימודיו ועבד באופן סדיר. בית המשפט השית עליו עונש של 6 חודשי מאסר מותנה, של""צ בהיקף נרחב וצו מבחן.",ג. 	מדיניות הענישה הנוהגת,דיון והכרעה,דיון והכרעה,דיון והכרעה,דיון והכרעה,דיון והכרעה
ME-21-12-42162-424,"בת""פ (מחוזי ת""א) 22992-09-18 מדינת ישראל נ' פורת ואח' (12.17.20) הורשע נאשם 1, במסגרת האישום השני, בעבירה של עסקה אחרת בסם (ריבוי עבירות), לפי  סעיף 13 יחד עם סעיף 19א לפקודה ובעבירה של ניסיון לביצוע עסקה אחרת בסם, לפי סעיף 13 יחד עם סעיף 19א לפקודה ויחד עם סעיף 25 לחוק; ובמסגרת האישום השלישי, הורשע נאשם 1 בעבירה של סחר בסם מסוכן (ריבוי עבירות), לפי סעיף 13 יחד עם סעיף 19א לפקודה, בעבירה של החזקת סם (מסוג GBL) שלא לצריכה עצמית, לפי סעיף 7(א) ו-(ג) רישא לפקודה, ובעבירה של החזקת סם (מסוג קוקאין) לצריכה עצמית, לפי סעיף 7(א) ו-(ג) סיפא לפקודה. על פי עובדות האישום השני, נאשם 1 פנה מספר פעמים לנאשם 2 שימכור לו 73 ליטר של סם, נאשם 2 טס לחו""ל פעמים רבות במסגרת עבודתו ומביא את הסם לישראל. לאחר שנאשם 2 הגיע לישראל והסם בכליו, מסר נאשם 2 את כל הסם העיקרי לנאשם 1. באחד המועדים הגיע נאשם 3 בהוראת נאשם 1 לשדה התעופה בן גוריון, קיבל את הסם מנאשם 2 והעבירו לנאשם 1. נאשם 1 שילם לנאשם 2 תמורת הסם. מתחם העונש ההולם שנקבע הוא בין 18-48 חודשים מאסר בפועל. מטעמי שיקום נגזר על נאשם 1 עונש מאסר בעבודות שירות לתקופה של תשעה חודשים.",ג. 	מדיניות הענישה הנוהגת,דיון והכרעה,דיון והכרעה,דיון והכרעה,דיון והכרעה,דיון והכרעה
ME-21-12-42162-424,"ת""פ (מחוזי ת""א) 60349-11-16 מדינת ישראל נ' אברומן ואח' (25.9.2017)- שני נאשמים הורשעו על יסוד הודאתם במסגרת הסדר טיעון בעבירות של קשירת קשר לביצוע פשע (יבוא סם מסוכן) וייבוא סם מסוכן. הנאשמים קשרו קשר לייבא סמים מסוכנים ממספר סוגים מבלגיה, ולמכור אותם בישראל. הנאשמים נעצרו בנתב""ג כשבאמתחתם סמים מסוכנים. בידי הנאשם 1 נתפסו 3 ליטר סם מסוכן מסוג GBL ו-609 טבליות סם מסוכן מסוג MDMA; בידי הנאשם 2 נתפסו  3 ליטר סם מסוכן מסוג GBL. בית המשפט המחוזי קבע מתחם העונש הולם בגין העבירות שבהן הורשע נאשם 1 נע בין 18 לבין 48 חודשי מאסר בפועל; ואילו מתחם העונש ההולם בגין העבירות שבהן הורשע נאשם 2, ביחס לסם מסוג GBL, שבין 12 ל-18 חודשי מאסר בפועל. בסופו של יום, בשל שיקולי שיקום והסכמות שהושגו בין הצדדים, נקבעו העונשים הבאים: נאשם 1 - 12 חודשי מאסר בפועל, מאסר על תנאי וחילוט כספים שנתפסו; נאשם 2 - 6 חודשי מאסר בפועל (ללא כל ניכוי של ימי המעצר) לריצוי בדרך של עבודות שירות, מאסר על תנאי, צו מבחן וחילוט כספים.",ג. 	מדיניות הענישה הנוהגת,דיון והכרעה,דיון והכרעה,דיון והכרעה,דיון והכרעה,דיון והכרעה
ME-21-12-42162-424,"ע""פ 2038/21 אלזס נ' מ""י (11.5.22)",ג. 	מדיניות הענישה הנוהגת,דיון והכרעה,דיון והכרעה,דיון והכרעה,דיון והכרעה,דיון והכרעה
ME-21-12-42162-424,"מפאת חשיבות הדברים אביא את עובדות כתב האישום המתוקן כלשונן מתיק בית המשפט המחוזי ת""פ 11720-07-16:",ג. 	מדיניות הענישה הנוהגת,דיון והכרעה,דיון והכרעה,דיון והכרעה,דיון והכרעה,דיון והכרעה
ME-21-12-42162-424,"בית המשפט המחוזי קבע מתחם עונש הולם הנע בין 24 ל-42 חודשי מאסר, וחרג ממתחם זה מטעמי שיקום, והשית עליו 18 חודשי מאסר לצד ענישה נלווית. הערעור על חומרת העונש התקבל ובהסכמת הצדדים, הועמד עונשו על 11 חודשי מאסר בפועל בניכוי כשלושה חודשים וחצי ימי מעצר.",ג. 	מדיניות הענישה הנוהגת,דיון והכרעה,דיון והכרעה,דיון והכרעה,דיון והכרעה,דיון והכרעה
ME-21-12-42162-424,אחר כל אלה ולאחר שנתתי דעתי בעיקר לעניין דורי רפאל אני קובע מתחם ענישה שבין 12 חודשים ל-36 חודשים.,ג. 	מדיניות הענישה הנוהגת,דיון והכרעה,דיון והכרעה,דיון והכרעה,דיון והכרעה,דיון והכרעה
ME-21-12-42162-424,(1) עונש מאסר בפועל מאחורי סורג ובריח יביא לפגיעה קשה ומשמעותית בנאשם.,ד.	נסיבות שאינן קשורות בביצוע העבירות,דיון והכרעה,דיון והכרעה,דיון והכרעה,דיון והכרעה,תסקיר שירות מבחן
ME-21-12-42162-424,(2) בפועל לא נגרם נזק כתוצאה מביצוע העבירה לפי שהסמים אותרו ונתפסו מבעוד מועד.,ד.	נסיבות שאינן קשורות בביצוע העבירות,דיון והכרעה,דיון והכרעה,דיון והכרעה,דיון והכרעה,תסקיר שירות מבחן
ME-21-12-42162-424,(3) הנאשם נטל אחריות והודה במיוחס לו.,ד.	נסיבות שאינן קשורות בביצוע העבירות,דיון והכרעה,דיון והכרעה,דיון והכרעה,דיון והכרעה,תסקיר שירות מבחן
ME-21-12-42162-424,"(4) כלל תסקירי שירות המבחן מצביעים על תמונה יוצאת דופן של ילדות מורכבת, עמידה על גיוס לצבא, אף שהיה פטור מכך, ושיתוף פעולה מלא במתווה שנקבע על ידי שירות המבחן.",ד.	נסיבות שאינן קשורות בביצוע העבירות,דיון והכרעה,דיון והכרעה,דיון והכרעה,דיון והכרעה,תסקיר שירות מבחן
ME-21-12-42162-424,(מחזיק בהיתר לשימוש בקנאביס רפואי החל מחודש נובמבר 2022) ולתפקודו הלקוי במישור," קצינת המבחן נדרשה לנסיבותיו האישיות של הנאשם, לנסיבותיו הרפואיות ",דיון והכרעה,דיון והכרעה,דיון והכרעה,דיון והכרעה,תסקיר שירות מבחן
ME-21-12-42162-424,הלימודי במהלך שנות ילדותו ונעוריו.," קצינת המבחן נדרשה לנסיבותיו האישיות של הנאשם, לנסיבותיו הרפואיות ",דיון והכרעה,דיון והכרעה,דיון והכרעה,דיון והכרעה,תסקיר שירות מבחן
ME-21-12-42162-424,"אלה הוליכו לרצונו לשים קץ לחייו עד כי אושפז למשך חודש ימים. בהמשך, היה נתון למעקב"," קצינת המבחן נדרשה לנסיבותיו האישיות של הנאשם, לנסיבותיו הרפואיות ",דיון והכרעה,דיון והכרעה,דיון והכרעה,דיון והכרעה,תסקיר שירות מבחן
ME-21-12-42162-424,"הנאשם עבד בעבודות מזדמנות עד הגיעו לגיל גיוס, וקיבל פטור משירות צבאי על רקע"," קצינת המבחן נדרשה לנסיבותיו האישיות של הנאשם, לנסיבותיו הרפואיות ",דיון והכרעה,דיון והכרעה,דיון והכרעה,דיון והכרעה,תסקיר שירות מבחן
ME-21-12-42162-424,"מצבו הנפשי. חרף זאת, עמד הנאשם על גיוסו לצבא, הגיש ערעור ולבסוף שובץ כעובד רס""ר, תפקיד"," קצינת המבחן נדרשה לנסיבותיו האישיות של הנאשם, לנסיבותיו הרפואיות ",דיון והכרעה,דיון והכרעה,דיון והכרעה,דיון והכרעה,תסקיר שירות מבחן
ME-21-12-42162-424,בתום שירותו הצבאי עבד בעבודות מזדמנות אך חווה נפילה כלכלית עקב השקעה אשר לא הניבה פירות., אותו מילא בהצטיינות במהלך שירותו הצבאי.,דיון והכרעה,דיון והכרעה,דיון והכרעה,דיון והכרעה,תסקיר שירות מבחן
ME-21-12-42162-424,הנאשם התנסה בשימוש בחומרים פסיכואקטיביים החל מגיל 23 והכישלון הכלכלי הוליך להגברת תדירות צריכת הסם מסוג קטמין עד כדי שימוש יום יומי לצד שימוש תדיר בקנאביס., אותו מילא בהצטיינות במהלך שירותו הצבאי.,דיון והכרעה,דיון והכרעה,דיון והכרעה,דיון והכרעה,תסקיר שירות מבחן
ME-21-12-42162-424,"העומס הכלכלי והרגשי עמד ברקע הבחירה המכשילה סביב ביצוע העבירות הנוכחיות. אינו צורך סמים ואף הפסיק לעשן הקנאביס הרפואי שניתן לו בהיתר, זאת נוכח רצונו להתמודד באופן עצמאי מבלי להיות תלוי בחומרים ממכרים. ממצאי בדיקות השתן שנערכו לו במסגרת שירות המבחן אמתו את דבריו.", אותו מילא בהצטיינות במהלך שירותו הצבאי.,דיון והכרעה,דיון והכרעה,דיון והכרעה,דיון והכרעה,תסקיר שירות מבחן
ME-21-12-42162-424,"במקביל, החל הליך טיפולי באופן עצמאי במסגרת ""המרכז לטיפול בעוברי חוק מבוגרים בקהילה"", החל מחודש נובמבר 2022.", אותו מילא בהצטיינות במהלך שירותו הצבאי.,דיון והכרעה,דיון והכרעה,דיון והכרעה,דיון והכרעה,תסקיר שירות מבחן
ME-21-12-42162-424,הנאשם הסביר כי רכישת הכמות הגדולה של הקטמין נועדה הן לשימושו העצמי והן לשם מכירתו לאחרים על מנת להפיק רווח כספי., אותו מילא בהצטיינות במהלך שירותו הצבאי.,דיון והכרעה,דיון והכרעה,דיון והכרעה,דיון והכרעה,תסקיר שירות מבחן
ME-21-12-42162-424,הנאשם הביע צער על מעשיו תוך שביטא שאיפה לערוך שינוי בדפוסיו המכשילים ולחזור ולנהל שגרת חיים תקינה ויצרנית., אותו מילא בהצטיינות במהלך שירותו הצבאי.,דיון והכרעה,דיון והכרעה,דיון והכרעה,דיון והכרעה,תסקיר שירות מבחן
ME-21-12-42162-424,"הנאשם הסביר כי מבחינה כלכלית יתקשה להמשיך בטיפול הפרטי כפי שהוא מבוצע היום. הוא הביע נכונות להמשיך בנתיב טיפולי ייעודי בתחום ההתמכרויות, בפיקוח שירות המבחן.", אותו מילא בהצטיינות במהלך שירותו הצבאי.,דיון והכרעה,דיון והכרעה,דיון והכרעה,דיון והכרעה,תסקיר שירות מבחן
ME-21-12-42162-424,"במהלך מעצרו שולב בקבוצה טיפולית לעצורי בית, וניכר היה כי הוא מגויס להליך הטיפולי. מחוות הדעת שהתקבלה מטעם מטפלו של הנאשם, בשלושת החודשים האחרונים, עולה כי אין לנאשם דפוסי עבריינות והוא ביצע עבירה חמורה שאינה מאפיינת את התנהגותו בדרך כלל. להערכת המטפל יש ערך רב בתהליך שיקום הנאשם במסגרת הטיפולית.", אותו מילא בהצטיינות במהלך שירותו הצבאי.,דיון והכרעה,דיון והכרעה,דיון והכרעה,דיון והכרעה,תסקיר שירות מבחן
ME-21-12-42162-424,"קצינת המבחן התרשמה מהנאשם כנעדר דפוסים עברייניים בולטים באישיותו, עם זאת, במצבים בהם הוא חווה מצוקה ודחק, הוא עלול להתנהל מתוך קלות דעת מבלי לחשוב על השלכות מעשיו.", אותו מילא בהצטיינות במהלך שירותו הצבאי.,דיון והכרעה,דיון והכרעה,דיון והכרעה,דיון והכרעה,תסקיר שירות מבחן
ME-21-12-42162-424,"עוד נכתב, כי הנאשם גדל בקונסטלציה משפחתית מורכבת, באווירה רוויית מתחים ועימותים ובתוך כך סבל ממשבר זהות על רקע היותו מאומץ, נוסף על קשיים על רקע אורגני בגינם אובחן. כל אלה השליכו על מעברים רבים במסגרות חינוך שונות, תוך ריחוק ממשפחתו ומשכך חווה חסכים רגשיים אשר העמיקו בתקופת נערותו עם גירושי הוריו והקמת תא משפחתי חדש של אביו, אשר פיתחו בקרבו חוויית נטישה ודחייה מצד אביו.", אותו מילא בהצטיינות במהלך שירותו הצבאי.,דיון והכרעה,דיון והכרעה,דיון והכרעה,דיון והכרעה,תסקיר שירות מבחן
ME-21-12-42162-424,"אשר לגורמי הסיכוי – קצינת המבחן התרשמה כי יש לנאשם משאבים וכוחות להתמודדות במצבים בחייו והדבר משתקף, בין השאר, בעמידתו על גיוסו לצבא ובשירות צבאי מלא ותקין, ללא בעיות משמעת כלשהן.", אותו מילא בהצטיינות במהלך שירותו הצבאי.,דיון והכרעה,דיון והכרעה,דיון והכרעה,דיון והכרעה,תסקיר שירות מבחן
ME-21-12-42162-424,הנאשם לקח אחריות על מעשיו והפסיק את צריכת הסמים כמפורט לעיל. הוא הביע רצון להשתלב בהליך טיפולי ממסדי ממושך במסגרת היחידה לטיפול בהתמכרויות., אותו מילא בהצטיינות במהלך שירותו הצבאי.,דיון והכרעה,דיון והכרעה,דיון והכרעה,דיון והכרעה,תסקיר שירות מבחן
ME-21-12-42162-424,עיון ברישום הפלילי מלמד כי מאז ביצוע העבירות ועד היום לא נפתחו כנגדו תיקים חדשים., אותו מילא בהצטיינות במהלך שירותו הצבאי.,דיון והכרעה,דיון והכרעה,דיון והכרעה,דיון והכרעה,תסקיר שירות מבחן
ME-21-12-42162-424,"במהלך תקופת הדחייה, שולב הנאשם ביחידה לטיפול בהתמכרויות בקריית מוצקין. תוכנית הטיפול שהותאמה עבורו כללה שיחות פרטניות אחת לשבוע עם עו״ס התמכרויות, אשר דיווח לאחרונה כי הנאשם בחור אחראי המגלה גישה רצינית להליך הטיפולי. עוד הוסיף העו״ס כי מהתרשמותו הנאשם נכון להתבונן פנימה על בחירותיו המכשילות שהיו ברקע לביצוע העבירות הנדונות, בליווי תחושת דאגה וחוסר וודאות סביב ההליך המשפטי המתנהל כנגדו. הנאשם תואר עוד כמי שעושה מאמצים לשתף פעולה ומוכן לשתף בתכנים רגשיים.", אותו מילא בהצטיינות במהלך שירותו הצבאי.,דיון והכרעה,דיון והכרעה,דיון והכרעה,דיון והכרעה,תסקיר שירות מבחן
ME-21-12-42162-424,"במסגרת ועדת אבחון שנערכה בעניינו של הנאשם במסגרת היחידה לטיפול בהתמכרויות ביום 30.4.23, התרשמו גורמי הטיפול כי הנאשם נמצא בתחילת דרכו הטיפולית והחרדה אודות ההליך המשפטי עשויה להשתפר בשיח הטיפולי. בתוך כך, המליצו על המשך טיפול פרטני אשר יאפשר לנאשם להעמיק בהליך הטיפול סביב דפוסי ההתמכרות המאפיינים אותו וסביב בחירותיו המכשילות. עוד הומלץ כי הנאשם ישולב בקבוצה שעתידה להיפתח ביחידה וכן על מעקב פסיכיאטרי עבורו בעקבות תחושות הלחץ בהן נמצא בתקופה זו. בהמשך לכך, ציין הנאשם כי נקבע לו תור לפסיכיאטר מקופ״ח לאומית ליום 21.8.23.", אותו מילא בהצטיינות במהלך שירותו הצבאי.,דיון והכרעה,דיון והכרעה,דיון והכרעה,דיון והכרעה,תסקיר שירות מבחן
ME-21-12-42162-424,"משיחה שערכו גורמי המבחן עם הנאשם על מנת לבדוק את מידת התחייבותו לתהליך וכיצד חווה אותו עד כה, שיתף הנאשם כי הוא מרגיש שקיימת אצלו היכולת לנהל שיח רגשי וכי לאחרונה החל לשתף בתכנים רגישים, אישיים וטראומתיים. בשיחה עמו זיהה הנאשם כי השימוש בסמים סייע לו בהתמודדות כמזור לקשייו וכמפלט מהבחירות השגויות בחייו. הנאשם תיאר לגורמי המבחן כי לראשונה בחייו לומד להתמודד עם הקשיים הרגשיים המלווים אותו ללא תמיכת ״גורמים חיצוניים״, וכראייה לכך מסר כי הפסיק ליטול קאנביס רפואי שמחזיק ברישיון (שהוצג). זאת, כמתואר, מתוך מאמצים לעשות שינוי ולטפל בקשייו בכוחות עצמו ובדרך שמיטיבה עמו.", אותו מילא בהצטיינות במהלך שירותו הצבאי.,דיון והכרעה,דיון והכרעה,דיון והכרעה,דיון והכרעה,תסקיר שירות מבחן
ME-21-12-42162-424,"מתוך 6 בדיקות השתן שנערכו בחודשים 5-4/23 (חודשי הדחייה), 4 בדיקות העידו על ניקיון מסמים. בבדיקה שנערכה ביום 3.4.23 נמצאו שרידי סם מסוג קוקאין ובבדיקה שנערכה ביום 15.5.23 נמצאו שרידי סמים מסוג אופיאטיים.", אותו מילא בהצטיינות במהלך שירותו הצבאי.,דיון והכרעה,דיון והכרעה,דיון והכרעה,דיון והכרעה,תסקיר שירות מבחן
ME-21-12-42162-424,"כשנשאל הנאשם לתוצאות הבדיקות, התקשה להסביר את ממצאי הבדיקה הראשונה תוך שהכחיש כל שימוש בקוקאין. באשר לבדיקה השנייה הוסבר כי הנאשם התקשר לשירות המבחן טרם ביצועה ומסר כי בעקבות מחלה פנה לרופא וקיבל כדורים וביניהם משככי כאבים, אשר נאמר לו כי יכול ויופיעו בבדיקת השתן. לכן, לדבריו, הממצא נעוץ בכדורים הרפואיים שלוקח (הוצג מרשם רפואי).", אותו מילא בהצטיינות במהלך שירותו הצבאי.,דיון והכרעה,דיון והכרעה,דיון והכרעה,דיון והכרעה,תסקיר שירות מבחן
ME-21-12-42162-424,"כך או כך, על פי התסקיר האחרון מיום 15.10.23 בוצעו לנאשם בדיקות שתן נוספות בחודשים יוני-ספטמבר ש.ז וכולן העידו על ניקיון מחומרים פסיכו אקטיביים.", אותו מילא בהצטיינות במהלך שירותו הצבאי.,דיון והכרעה,דיון והכרעה,דיון והכרעה,דיון והכרעה,תסקיר שירות מבחן
ME-21-12-42162-424,"שירות המבחן מציין כי הינו מודע וער לאופי העבירות המיוחסות לנאשם ולחומרתם. עם זאת, כיום, התרשם שירות המבחן כי לצד הקשיים שמבטא בהליך הטיפולי, הוא נכון ומגויס לתהליך ומעוניין להביא לשינוי בחייו באמצעות טיפול אינטנסיבי.", אותו מילא בהצטיינות במהלך שירותו הצבאי.,דיון והכרעה,דיון והכרעה,דיון והכרעה,דיון והכרעה,תסקיר שירות מבחן
ME-21-12-42162-424,"ראוי לחתום הערכת קצינת המבחן בלשונה שלה: ""חשוב לנו לציין כי הליך טיפול ושיקום הוא תהליך ארוך טווח המאפשר העמקה  בדפוסים ובעולמו הפנימי של אדם, וקצב ההתקדמות הינו סובייקטיבי ומשתנה מאדם לאדם. להערכתנו, ניתן להתרשם ממוכנותו של הנאשם לשינוי באורחות חייו, וככל שיתארך ההליך הטיפולי, הנאשם יוכל להעמיק במצבי סיכון הפוטנציאליים בהתנהלותו בהם מתקשה בוויסות רגשי, ובתוך כך ימשיך לקבל כלים טיפוליים להתמודדות עם מצבים מורכבים וקשים בחייו, לעבד פיתוח היכולת להפעלת שיקול דעת מושכל ומתון במצבים אלו. לאור כל האמור לעיל אנו שבים וממליצים על הטלת צו מבחן של שירותינו למשך שנה. במהלך תקופת צו המבחן נמשיך לעקוב אחר המשך השתלבותו של הנאשם ביחידה לטיפול בהתמכרויות, וע""פ המלצות גורמי הטיפול שיגובשו בהמשך ,ישולב בקבוצה טיפולית ייעודית ,כל זאת לצד מעקב בדיקות שתן שייערך לו תחת פיקוח משרדינו.""", אותו מילא בהצטיינות במהלך שירותו הצבאי.,דיון והכרעה,דיון והכרעה,דיון והכרעה,דיון והכרעה,תסקיר שירות מבחן
ME-21-12-42162-424,"בנוסף, לנוכח אופי העבירות, סבורה קצינת המבחן כי קיימת חשיבות בהטלת ענישה מוחשית ומרתיעה בכך שהנאשם ירצה מאסר בדרך של עבודות שירות אשר יחדד עבורו את הגבולות בין המותר לאסור והמחיר שעשוי לשלם בגין התנהלות עוברת חוק.", אותו מילא בהצטיינות במהלך שירותו הצבאי.,דיון והכרעה,דיון והכרעה,דיון והכרעה,דיון והכרעה,תסקיר שירות מבחן
ME-21-12-42162-424,"ראוי להדגיש כי הלכה למעשה מצוי הנאשם תחת מעקב ובפועל תחת צו מבחן, מזה שנתיים ימים לערך, מאז הליכי המעצר מיום 22.2.22, כאמור בתסקיר אשר הוגש לעניין העונש ביום 31.1.23.", אותו מילא בהצטיינות במהלך שירותו הצבאי.,דיון והכרעה,דיון והכרעה,דיון והכרעה,דיון והכרעה,תסקיר שירות מבחן
ME-21-12-42162-424,"(5) חרף הילדות והנעורים בתנאים מורכבים כמפורט בתסקירים, אין לנאשם עבר פלילי כלשהו למעט ההרשעה מושא תיק זה.", אותו מילא בהצטיינות במהלך שירותו הצבאי.,דיון והכרעה,דיון והכרעה,דיון והכרעה,דיון והכרעה,תסקיר שירות מבחן
ME-21-12-42162-424,משכך ועל פניו יש להעמיד עונשו של הנאשם בתחתית המתחם אשר נקבע על ידי., אותו מילא בהצטיינות במהלך שירותו הצבאי.,דיון והכרעה,דיון והכרעה,דיון והכרעה,דיון והכרעה,תסקיר שירות מבחן
ME-21-12-42162-424,האם יש לעשות במקרה זה שימוש בסמכות הנתונה לי ולחרוג ממתחם העונש ההולם כאמור בסעיף 40ד (א) לחוק., אותו מילא בהצטיינות במהלך שירותו הצבאי.,דיון והכרעה,דיון והכרעה,דיון והכרעה,דיון והכרעה,דיון והכרעה
ME-21-12-42162-424,"אני ער לקביעת בית המשפט העליון כי יש לנקוט בזהירות בכל הנוגע לסטייה מהליכי שיקום וכי יש לבחון כל מקרה על נסיבותיו (דברי כב' השופטת וילנר בע""פ 1229/19 סלומינסקי נ' מדינת ישראל (1.7.2019).",המתווה הנורמטיבי:,דיון והכרעה,דיון והכרעה,דיון והכרעה,דיון והכרעה,דיון והכרעה
ME-21-12-42162-424,"עם זאת, אין מחלוקת כי השיקום ייטיב עם הנאשם ועם החברה בכללותה.",המתווה הנורמטיבי:,דיון והכרעה,דיון והכרעה,דיון והכרעה,דיון והכרעה,דיון והכרעה
ME-21-12-42162-424,"במקרה זה שוכנעתי כי יש לסטות ממתחם הענישה שכן הוכח בפניי כי הדרך הארוכה אשר עשה הנאשם עד כה, כשנתיים ימים, מעידה בעליל על השיקום ועל הסיכויים לפוטנציאל שיקומי גבוה.",המתווה הנורמטיבי:,דיון והכרעה,דיון והכרעה,דיון והכרעה,דיון והכרעה,דיון והכרעה
ME-21-12-42162-424,"כמו כן, אני נותן דעתי לכך שבפועל הפער בין מתחם הענישה אשר נקבע על ידי לבין מאסר בדרך של עבודות שירות אינו גבוה. אין מדובר באריתמטיקה לשמה אלא בבחינת הסיכון והתועלת הכרוכים בכליאת הנאשם שלא לצורך.",המתווה הנורמטיבי:,דיון והכרעה,דיון והכרעה,דיון והכרעה,דיון והכרעה,דיון והכרעה
ME-21-12-42162-424,יש להזכיר כי הנאשם היה עצור במעצר של ממש מיום 29.11.21 עד ליום 22.2.22 (כשלושה חודשים חסר שבוע) ולאחר מכן חמישה חודשים של מעצר באיזוק אלקטרוני ובהמשך גם בתנאים מגבילים של מעצר בית.,המתווה הנורמטיבי:,דיון והכרעה,דיון והכרעה,דיון והכרעה,דיון והכרעה,דיון והכרעה
ME-21-12-42162-424,אשר לתקופה הממושכת של המעצר באיזוק אלקטרוני יש להפנות לפסיקת בית המשפט העליון כדלקמן:,המתווה הנורמטיבי:,דיון והכרעה,דיון והכרעה,דיון והכרעה,דיון והכרעה,דיון והכרעה
ME-21-12-42162-424,"""ואחר שאמרנו את אלה, וההבחנה ברורה, לדעתי יש מקום להתחשבות בתקופה ארוכה של מעצר בפיקוח אלקטרוני-כמו גם מעצר בית מלא בכלל-בגדרי הענישה, אך כי כמובן לא במידה זהה למעצר במתקן כליאה, והדגש בעיניי הוא על תקופה ארוכה"". (ע""פ 7768/15 פלוני נ' מדינת ישראל (20.4.16) פסקה ד' לחוות דעת המשנה לנשיאה, כב' הש' רובינשטיין)).",המתווה הנורמטיבי:,דיון והכרעה,דיון והכרעה,דיון והכרעה,דיון והכרעה,דיון והכרעה
ME-21-12-42162-424,"הנה כי כן, מניין  של תקופת המעצר הממשי לצד אומדן משוער של תקופת המעצר באיזוק אלקטרוני, שאותה יש לנכות, הגם שלא יום כנגד יום, יוליכו בהכרח למסקנה כי הפער בין התקופה המירבית של מאסר בעבודות שירות לבין המתחם אשר נקבע על ידי, הינו מצומצם ביותר.",המתווה הנורמטיבי:,דיון והכרעה,דיון והכרעה,דיון והכרעה,דיון והכרעה,דיון והכרעה
ME-21-12-42162-424,ביקשתי חוות דעת הממונה על עבודות השירות. הנאשם נמצא מתאים לביצוע עבודות שירות ואף הביע הסכמה לכך.,המתווה הנורמטיבי:,דיון והכרעה,דיון והכרעה,דיון והכרעה,דיון והכרעה,דיון והכרעה
ME-21-12-42162-424,אשר על כן אני גוזר על הנאשם את העונשים הבאים:,המתווה הנורמטיבי:,דיון והכרעה,דיון והכרעה,דיון והכרעה,דיון והכרעה,דיון והכרעה
ME-21-12-42162-424,"9 ח' מאסר בפועל אשר ירוצו בדרך של עבודות שירות החל מיום 27.3.24 במחסני עיריית קרית ביאליק ברח' יוסף הלוי 42 קרית ביאליק. במועד זה על הנאשם להתייצב בפני הממונה על עבודות השירות בשעה 08:00 ,ביחידת ברקאי, שלוחת צפון מתחם כלא מגידו לשם קליטתו והשמתו.",המתווה הנורמטיבי:,דיון והכרעה,דיון והכרעה,דיון והכרעה,דיון והכרעה,דיון והכרעה
ME-21-12-42162-424,הנאשם מוזהר כי כל חריגה מהכללים תביא להפסקת ריצוי העונש בדרך זו ולכליאתו מאחורי סורג ובריח.,המתווה הנורמטיבי:,דיון והכרעה,דיון והכרעה,דיון והכרעה,דיון והכרעה,דיון והכרעה
ME-21-12-42162-424,12 ח' מאסר על תנאי והתנאי הוא שהנאשם לא יעבור עבירה מסוג פשע על פקודת הסמים המסוכנים במשך 3 שנים מהיום.,המתווה הנורמטיבי:,דיון והכרעה,דיון והכרעה,דיון והכרעה,דיון והכרעה,דיון והכרעה
ME-21-12-42162-424,7 ח' מאסר על תנאי והתנאי הוא שהנאשם לא יעבור עבירה מסוג עוון על פקודת הסמים המסוכנים במשך 3 שנים מהיום.,המתווה הנורמטיבי:,דיון והכרעה,דיון והכרעה,דיון והכרעה,דיון והכרעה,דיון והכרעה
ME-21-12-42162-424,"קנס בסך  55,000 ₪ אשר יקוזז מהפיקדון המצוי במשטרה ויועבר לגזברות בית משפט.",המתווה הנורמטיבי:,דיון והכרעה,דיון והכרעה,דיון והכרעה,דיון והכרעה,דיון והכרעה
ME-21-12-42162-424,ניתן בזה צו מבחן לשנה אחת. מובהר בזאת לנאשם כי ככל שלא יעמוד בתנאי המבחן יהיה בית המשפט רשאי לשוב ולהידרש לגזר דינו בשנית לרבות כליאתו מאחורי סורג ובריח.,המתווה הנורמטיבי:,דיון והכרעה,דיון והכרעה,דיון והכרעה,דיון והכרעה,דיון והכרעה
ME-21-12-42162-424,"הסמים אשר נתפסו יושמדו או יחולטו, הכל על פי שיקול דעת המדינה.",המתווה הנורמטיבי:,דיון והכרעה,דיון והכרעה,דיון והכרעה,דיון והכרעה,דיון והכרעה
ME-22-01-47042-277,"פקודת הסמים המסוכנים [נוסח חדש], תשל""ג-1973: סע'  7.א., 7.ג, 13, 14, 19א'",nothing,מידע אחר,מידע אחר,מידע אחר,מידע אחר,מידע אחר
ME-22-01-47042-277,"הנאשם הורשע על פי הודאתו, שניתנה במסגרת הסדר טיעון, בעבירות שיוחסו לו בכתב האישום המתוקן. האירועים כולם מתייחסים לעסקאות שנעשו אל מול סוכן של משטרת ישראל אשר הכיר את הנאשם, בתקופה הרלוונטית להפעלה, דרך אחר בשם ""מחמוד"". לנוכח ההיכרות, ידע הסוכן כי לנאשם גישה לסמים מסוג קנאביס. במסגרת הקשר שבין הסוכן והנאשם בוצעו מספר עסקאות בהן נמכרו סמים בתמורה לעמלה כספית.",הכרעת הדין,עובדות המקרה,עובדות המקרה,עובדות המקרה,עובדות המקרה,עובדות המקרה
ME-22-01-47042-277,"במסגרת האישום הראשון הורשע הנאשם בעבירה של סחר בסם מסוכן לפי סעיפים 13 ו-19א' לפקודת הסמים המסוכנים [נוסח חדש], תשל""ג-1973 (להלן: ""הפקודה""). בכתב האישום צוין, כי במהלך חודש ספטמבר 2021 התקשר הנאשם אל הסוכן והציע לו למכור סמים מסוג גראס. הסוכן בתגובה סירב להצעה ואמר לנאשם כי הוא מתעסק בסם מסוג קוקאין. במהלך חודשים ספטמבר ואוקטובר של אותה שנה, עמדו הנאשם והסוכן בקשר טלפוני מתמשך. במסגרתו, הציע הנאשם לסוכן לרכוש ממנו סמים מסוג גראס וחשיש ולאחר סירוב חוזר מצד הסוכן, הנאשם הציע לסוכן לרכוש ממנו סם מסוג קוקאין, אך בסוף המשא ומתן ביניהם לא הגיעו הצדדים להסכמה.",הכרעת הדין,עובדות המקרה,עובדות המקרה,עובדות המקרה,עובדות המקרה,עובדות המקרה
ME-22-01-47042-277,"בשלב מאוחר יותר, הנאשם והסוכן עמדו בקשר טלפוני במסגרתו אמר הנאשם לסוכן כי עסקה בכמות קטנה של קוקאין אינה רווחית עבורו, או אז הציע הסוכן לנאשם כמויות גדולות של קוקאין, על מנת שהנאשם יוכל להרוויח מהעסקה. ביום 22.11.21, נפגשו הסוכן והנאשם בתחנת דלק בצומת נחשון. במהלך המפגש שב הנאשם והציע לסוכן לרכוש ממנו סמים מסוג קנאביס. בתגובה השיב הסוכן כי אינו מתעסק בסמים מסוג קנאביס אלא רק בסמים סמוג קוקאין. הנאשם שאל את הסוכן כמה גרם קוקאין הוא מעוניין לרכוש והסוכן השיב 50 גרם לכל הפחות במחיר של 350 ₪ לגרם ואם ישיג עבורו 100 גרם יוכל לרכוש ב-300 ₪ לגרם. בהתאם לאמור, סיכמו כי הנאשם ישיג עבור הסוכן מהאחר קוקאין בכמות של 50 גרם במחיר של 350 ₪ לגרם, כאשר סך כל התשלום עבור העסקת הסמים יהא בסך של 17,500 ₪. השניים קבעו להוציא את עסקת הסמים לפועל למחרת.",הכרעת הדין,עובדות המקרה,עובדות המקרה,עובדות המקרה,עובדות המקרה,עובדות המקרה
ME-22-01-47042-277,"ביום 23.11.21 התקשר הסוכן אל הנאשם ואמר לו כי אין ברשותו את מלוא הסכום ולכן ביקש מהנאשם לדחות את עסקת הסמים ליום שלמחרת. הנאשם הסכים והשניים קבעו להיפגש למחרת בשעה 12:00. ביום 24.11.21 שלח הסוכן הודעה לנאשם במסגרתה עדכן את הנאשם כי מלוא הסכום לתשלום נמצא ברשותו, והוא מוכן להוציא את עסקת הסמים לפועל. בהמשך לאותו יום, עמדו הנאשם והסוכן בקשר טלפוני במסגרתו סיכמו כי יוציאו את עסקת הסמים לפועל ברחוב גדוד חרמש 10 ירושלים בשעות הערב, חרף העבודה שהנאשם הבהיר לסוכן כי עלות הדלק מעמידה בספק את כדאיות העסקה והעדיף שהסוכן יגיע לאזור הדרום ושיפגשו בצומת בית קמא.",הכרעת הדין,עובדות המקרה,עובדות המקרה,עובדות המקרה,עובדות המקרה,עובדות המקרה
ME-22-01-47042-277,"לאחר תיאום מראש עם האחר קיבל הנאשם ממנו סם במשקל 50.67 גרם עבור הסוכן. מספר שעות לאחר מכן, סמוך לשעה 20:00, נפגשו הנאשם והסוכן, ובמהלך המפגש הנאשם מסר לסוכן סמים מסוג קוקאין במשקל של 50.67 גרם, ובתמורה לכך שילם לו הסוכן 17,500 ₪. הנאשם קיבל את הסם מהאחר בתמורה ל-320 ₪ לגרם והרוויח בעסקה 1,500 ₪.",הכרעת הדין,עובדות המקרה,עובדות המקרה,עובדות המקרה,עובדות המקרה,עובדות המקרה
ME-22-01-47042-277,"במסגרת האישום השני הורשע הנאשם בעבירה של תיווך בסם מסוכן לפי סעיפים 14 ו-19א לפקודה. בהמשך למתואר באישום הראשון, ביום 30.11.21 שוחחו הנאשם והסוכן מתוך כוונה לבדוק הצעות מחיר בגין עסקאות סמים עתידיות בין השניים וסוכם כי יהיו בקשר טלפוני יום למחרת. ביום 1.12.21 התקשר הסוכן אל הנאשם, במסגרת השיחה אמר הנאשם כי האחר יוכל לספק את סם הקוקאין כבקשתו במחיר של 300 ₪ לגרם, בתנאי שהסוכן ירכוש ממנו כמות של 100 גרם כפי שביקש הסוכן. הסוכן הסכים ונקבע ביניהם כי יפגשו טרם הוצאת עסקת הסמים לפועל, בשעה 12:00 בתחנת הדלק שבצומת נחשון. ביום 2.12.21 סמוך לשעה 12:00, נפגשו הסוכן והנאשם בתחנת הדלק שבצומת נחשון. בפגישה, הסוכן ביקש לשכנע את הנאשם לספק לו סם בכמויות גדולות על מנות להגדיל את רווחיו של הנאשם. בהמשך, סיכמו כי הנאשם ישיג עבורו סם קוקאין במשקל של 100 גרם כבקשתו.",הכרעת הדין,עובדות המקרה,עובדות המקרה,עובדות המקרה,עובדות המקרה,עובדות המקרה
ME-22-01-47042-277,"ביום 6.12.21 סמוך לשעה 12:00 ולאחר תיאום מראש, נפגשו הסוכן והנאשם בתחנת דלק בצומת שורש. הנאשם מכר לסוכן סמים מסוג קוקאין במשקל של 99.95 גרם, ובתמורה לכך שילם לו הסוכן סך של 300,000 ₪ אותם העביר לאחר והאחר שילם לנאשם דמי תיווך בסך של 2,000 ₪.",הכרעת הדין,עובדות המקרה,עובדות המקרה,עובדות המקרה,עובדות המקרה,עובדות המקרה
ME-22-01-47042-277,"במסגרת האישום השלישי הורשע הנאשם בעבירה של החזקת סמים שלא לצריכה עצמית לפי סעיף 7(א) ו-(ג) רישא לפקודה. זאת בשל כך, שביום 6.01.22 הוא החזיק ברכבו סמים מסוכנים מסוג קוקאין במשקל של 149.69 גרם, שלא לצריכה עצמית, שהוא אינו בעליהם.",הכרעת הדין,עובדות המקרה,עובדות המקרה,עובדות המקרה,עובדות המקרה,עובדות המקרה
ME-22-01-47042-277,"הוגש תסקיר שירות מבחן ממנו נלמד כי הנאשם בן 31, נשוי ואב לילדים. אחת מבנותיו נכה והוא עסוק בטיפול בה. עוד נלמד, שהנאשם גדל במערכת משפחתית נורמטיבית ומיטיבה. באשר לעבירות בהן הורשע, ציינה קצינת המבחן כי הנאשם מודה בהן, נוטל אחריות מלאה על ביצוען ואף הרשומה הפלילית של הנאשם ריקה. אומנם, הנאשם התקשה להגיע למפגשי הקבוצה הטיפולית לנוכח מצבה הבריאותי של בתו הנכה, אך עם זאת, הנאשם ציין כי הקבוצה מהווה עבורו מסגרת מטיבה, ואף עבודתו החדשה מעוררת בו, לטענתו, תחושות חיוביות ומייצבות את מצבו הכלכלי. על אף שבהערכת מסוכנתו ציינה קצינת המבחן כי הנאשם מתקשה לווסת את דחפיו, עלול לפעול באופן אימפולסיבי, נוטה לפעול לשיפור מצבו הכלכלי באופן בלתי חוקי ומנהל קשרים שוליים, באה קצינת המבחן בהמלצה להשית על הנאשם ענישה מוחשית של מאסר אשר ירוצה בעבודות שירות וכן על הטלת ענישה מותנית. בנוסף, הומלץ על שילוב הנאשם במסגרת צו מבחן, למשך שנה, במהלכו ימשיך הנאשם את השתתפותו בקבוצה הטיפולית.",תסקיר שירות המבחן,תסקיר שירות מבחן,תסקיר שירות מבחן,תסקיר שירות מבחן,תסקיר שירות מבחן,תסקיר שירות מבחן
ME-22-01-47042-277,"בטיעוניה לעונש עמדה ב""כ המאשימה על הערכים המוגנים שנפגעו ממעשי הנאשם והחומרה הרבה הקיימת בשימוש בסם מסוג קוקאין, כפי שהדבר בא לידי ביטוי בפסיקת בית המשפט העליון. ב""כ המאשימה הוסיפה שהיא עותרת לקביעת מתחם אחד לכל האישומים, אך יש לתת ביטוי למספר המעשים אותם ביצע הנאשם, כך שהם לא יבלעו האחד בתוך השני בתוך מתחם אחד. היא הציגה פסיקה באשר לענישה הנוהגת ונתבקש לקבוע מתחם עונש הולם הנע בין 5 ל-7 שנות מאסר לצד ענישה נלוות, מאסר על תנאי, פסילה וקנס.","טיעוני ב""כ הצדדים",טיעוני הצדדים,טיעוני הצדדים,טיעוני הצדדים,טיעוני הצדדים,טיעוני הצדדים
ME-22-01-47042-277,"באשר לנאשם, הצביעה ב""כ המאשימה על גילו הצעיר של הנאשם, העדר עברו הפלילי, והודאתו במיוחס לו, וכן על מצבה הרפואי המורכב של בתו. עם זאת, ביחס להמלצת שירות התסקיר על הטלת עונש מוחשי בדמות עבודת שירות, נטען שמדובר בהמלצה שאיננה תואמת את הנסיבות וחומרת העבירות לאור כמות הסמים הבלתי מבוטלת, ומשום שההמלצה מבוססת בעיקר על דברי הנאשם המביע את חששותיו ממאסר. היא עתרה למקם את עונשו של הנאשם בחלק התחתון של המתחם, אך לא בתחתית ממש, ולהטיל עליו לצד עונש המאסר גם עונש מאסר על תנאי מרתיע, קנס ופסילה. בנוסף עתרה להכריז על הנאשם כסוחר סמים ולחלט את מכשירי הטלפון שנתפסו.","טיעוני ב""כ הצדדים",טיעוני הצדדים,טיעוני הצדדים,טיעוני הצדדים,טיעוני הצדדים,טיעוני הצדדים
ME-22-01-47042-277,"ב""כ הנאשם הסכימו שבדרך כלל נסיבות ביצוע העבירה, בשים לב לכמות הסם מובילה לעונש מאסר, אם כי במתחם נמוך יותר מזה שנטען על ידי ב""כ המאשימה. עם זאת, נטען שהנסיבות מלמדות שהנאשם איננו סוחר סמים. לטענתם, משבר הקורונה והמצוקה הכלכלית, נכות בתו, דרבון הנאשם על ידי הסוכן המשטרתי לסחר בסמים מסוג קוקאין דווקא; כל אלו מעידים, לשיטתם, שהנאשם איננו סוחר סמים. הם ציינו כי יש להקל בעונשו של הנאשם גם לאור הפסיקה ששקלה את מעשה ההדחה, כשיקול לקולא לעניין העונש שיש להשית על הנאשם, וכן בשל כך שהסמים נתפסו וממילא לא נגרם נזק, ואף לאור מידת הפגיעה בנאשם ובמשפחתו בפרט בשים לב למצבה הרפואי של בתו, נטילת האחריות והודאתו כבר בחקירתו במשטרה.","טיעוני ב""כ הצדדים",טיעוני הצדדים,טיעוני הצדדים,טיעוני הצדדים,טיעוני הצדדים,טיעוני הצדדים
ME-22-01-47042-277,"ב""כ הנאשם התייחסו לתסקירים שהוגשו וציינו שהנאשם נשוי ואב לילדים; שהתקופה בהן בוצעו העבירות הייתה לאחר שפוטר מעבודתו; שכבר קרוב לשנתיים הנאשם מועסק בעבודה רציפה וכן שעל אף הקשיים שמלווים את הנאשם לאורך השיקום הטיפולי, עליו המליץ שירות המבחן, הנאשם טוען שהטיפול מהווה חלק משמעותי משגרת חייו והדבר מחזק אותו. לבסוף, נטען שלנאשם סיכויים של ממש להשתקם, הן לאור המלצת שירות המבחן על הימנעות ממאסר והן לאור העובדה שהנאשם משוחרר מאז אפריל 2022 והוא מתנהג מאז כראוי.","טיעוני ב""כ הצדדים",טיעוני הצדדים,טיעוני הצדדים,טיעוני הצדדים,טיעוני הצדדים,טיעוני הצדדים
ME-22-01-47042-277,"לבסוף, ב""כ הנאשם עתרו לקיום צו המבחן לצד עבודות שירות, אך ביקשו להימנע מפסילת רישיון מכיוון שאלו העבירות הראשונות עליהן נותן הנאשם את הדין, ולאור הצורך הפרקטי של הנאשם ברישיון בשים לב לצורך שלו לטפל את בתו. הם הסכימו לחילוט מכשירי הטלפון של הנאשם.","טיעוני ב""כ הצדדים",טיעוני הצדדים,טיעוני הצדדים,טיעוני הצדדים,טיעוני הצדדים,טיעוני הצדדים
ME-22-01-47042-277,הנאשם ציין כי טעה במעשיו וכי הוא נכנס לדרך חדשה בחייו.,"טיעוני ב""כ הצדדים",טיעוני הצדדים,טיעוני הצדדים,טיעוני הצדדים,טיעוני הצדדים,טיעוני הצדדים
ME-22-01-47042-277,"עבירות הסמים, ובפרט עבירות הסחר, הייבוא, הייצור והתיווך פוגעות בערכים חברתיים של שלום הציבור, ביטחונו ובריאותו מפני הפגיעה ההרסנית הכרוכה בשימוש באותם סמים. כמו כן, השימוש בסמים מוביל אף לנזקים כלכליים וחברתיים עקיפים. בתי המשפט עמדו על הצורך שיש במיגור עבירות הסמים באמצעות הטלת עונשים חמורים ומשמעותיים (ראו: ע""פ 6029/03 מדינת ישראל נ' שמאי, פ""ד נח(2) 734 (2004); ע""פ 7952/15 מדינת ישראל נ' שץ [נבו] (15.02.16)).",דיון והכרעה,דיון והכרעה,דיון והכרעה,דיון והכרעה,דיון והכרעה,דיון והכרעה
ME-22-01-47042-277,"באשר לנסיבות ביצוע העבירה, יש לתת את הדעת על סוג הסם – מסוג קוקאין לגביו נקבע כי הוא מסווג בין הסמים המסוכנים יותר, להם השפעה הרסנית על המשתמש ועל החברה כולה (ראו: ע""פ 7952/15 בעניין שץ [נבו]). בנוסף, מדובר במספר אירועים ובכמות לא מבוטלת של סם – סחר בכמות של כ-150 גרם בשני האישומים הראשונים כאחד, והחזקה של כ-150 גרם נוספים באישום השלישי. הנזק הפוטנציאלי ממעשיו של הנאשם הוא גבוה, אף שנזק ממשי לא ארע בשים לב לכך שהסמים נמכרו לסוכן משטרתי. אם כי, הנאשם כמובן לא ידע כי הוא מוכר לסוכן משטרתי, ועל כן גם לנסיבה זו יש לתת משקל במשורה (ראו: (ת""פ (מחוזי-מרכז) 737-10-13 Lopez נ' מדינת ישראל [נבו] (6.01.14)).",דיון והכרעה,דיון והכרעה,דיון והכרעה,דיון והכרעה,דיון והכרעה,דיון והכרעה
ME-22-01-47042-277,"לטענת ב""כ הנאשם, על אף שהנאשם התקשר עם הסוכן וניהל עמו משא ומתן, יש להביא בחשבון את העובדה שהסוכן השפיע על הנאשם, כאשר דרבן ודחק בו למכור סם מסוג קוקאין והפציר בו למכור לו כמות גדולה יותר מסם זה על מנת שהעסקה תהיה רווחית. ואכן, ככלל, סוכן לא יפעיל אמצעי לחץ ושכנוע מוגזמים כדי לשכנע חשוד לבצע עבירה (ראו: ע""פ 1224/07 בלדב נ' מדינת ישראל [נבו] (10.02.10), סוכן שחרג מהתנהגות זו, יכול הדבר להביא להקלה מסוימת בעונשו של הנאשם (ראו: רע""פ 1201/12 קטיעי נ' מדינת ישראל [נבו] (9.01.14); ע""פ 7830/08 מחמארה נ' מדינת ישראל [נבו] (14.12.08); ע""פ 360/80 מדינת ישראל נ' אפנג'ר, פ""ד לה(1) 228 (1980)). ואולם, במקרה זה, לא ניתן להתעלם מכך שהנאשם הוא זה שיזם את המעשה העברייני על ידי התקשרותו עם הסוכן, הוא זה שניהל קשר טלפוני במשך כחודשיים עם הסוכן בנוגע לעסקת סמים פוטנציאלית (בניגוד, למשל, לעניין הנדון בע""פ 360/80 בעניין אפנג'ר [נבו]), ובמסגרת העסקה שבאישום השני, הוא זה שמתחילה הציע לסוכן לרכוש סם מסוג קוקאין (השוו: ע""פ 307/17 זוננשוילי נ' מדינת ישראל [נבו] (21.03.17)). לכן, ככל שיש לתת משקל להשפעתו של הסוכן, מדובר במשקל מועט (השוו: ת""פ (י-ם) 11722-03-21 מדינת ישראל נ' אל עביידאת [נבו] (20.07.22). בדומה גם לעובדה כי הרווח של הנאשם מהעסקאות היה נמוך, יש לתת משקל מועט, שכן דרכן של עסקאות סמים שהן נעשות באמצעות שרשרת עבריינית שכל אחת מחוליותיה גורפות רווח מסוים מתוך הרווח הכללי",דיון והכרעה,דיון והכרעה,דיון והכרעה,דיון והכרעה,דיון והכרעה,דיון והכרעה
ME-22-01-47042-277,"באשר למדיניות הענישה הנוהגת, ככלל, כאשר עסקינן בסמים קשים ובמשקלים של עשרות גרמים, הענישה כוללת עונשי מאסר ממושכים, לצד ענישה נלווית.",דיון והכרעה,דיון והכרעה,דיון והכרעה,דיון והכרעה,דיון והכרעה,דיון והכרעה
ME-22-01-47042-277,"כך, למשל בת""פ (י-ם) 11722-03-21 בעניין אל עביידאת, [נבו] נקבע מתחם עונש בעבירות של החזקת סם מסוג קוקאין בכמות של עשרות גרמים, בין 3 ל-5 שנות מאסר (ראו גם ההפניות לפסקה המצויות שם), אם כי שם לא היה מדובר בנסיבות של הדחה, בעוד במקרה זה יש צד כלשהו של הדחה, אם כי הקשר הראשוני נותר על ידי הנאשם, והסוכן אך עמד על קבלת סם מסוכן יותר.",דיון והכרעה,דיון והכרעה,דיון והכרעה,דיון והכרעה,דיון והכרעה,דיון והכרעה
ME-22-01-47042-277,"בע""פ 6747/11 מדינת ישראל נ' אבו רקיק [נבו] (3.01.13) נדחה ערעורה של המדינה על גזר דינו של בית המשפט המחוזי שהשית עונש של 4.5 שנות מאסר על נאשם שהורשע בעבירות של קשירת קשר לביצוע פשע, שתי עבירות של סחר בסמים מסוג קוקאין בהיקפים של כ-200 גרם, בשלוש עבירות של החזקת סם שלא לצריכה עצמית, בעבירה של הספקת סם ובעבירה של תיווך בסם מסוג קוקאין בהיקף של כ-200 גרם. אומנם, מדובר בהיקף סמים גדול במקרה שלפניי, אך בית המשפט התחשב לקולא בגילו המבוגר, בבריאותו הרופפת, מהחרטה שהביעה ומיכולתו להתמיד בעבודה סדירה.",דיון והכרעה,דיון והכרעה,דיון והכרעה,דיון והכרעה,דיון והכרעה,דיון והכרעה
ME-22-01-47042-277,"בע""פ 100/14, ע""פ 739/14 מדינת ישראל נ' מחטייב וערעור שכנגד [נבו] (10.12.14) נדחה ערעורה המדינה וערעור שכנגד שהגיש הנאשם על גזר דינו של בית המשפט המחוזי בתל אביב שהטיל על הנאשם עונש של חמש שנות מאסר לאחר שהורשע במספר עבירות של סחר בקוקאין בהיקף של 300 גרם. עם זאת, באותו מקרה מדובר היה בנאשם עם עבר פלילי, אך לא בעבירות סמים.",דיון והכרעה,דיון והכרעה,דיון והכרעה,דיון והכרעה,דיון והכרעה,דיון והכרעה
ME-22-01-47042-277,"עיון בפסיקה, ונדמה כי גם ב""כ הנאשם לא יחלוק על כך, מלמד אפוא כי הרף התחתון של הענישה בנסיבות מקרה זה, אינו יכול לפחות מ-30 חודשי מאסר, כפי שעולה גם מהפסיקה שהוגשה על ידו.",דיון והכרעה,דיון והכרעה,דיון והכרעה,דיון והכרעה,דיון והכרעה,דיון והכרעה
ME-22-01-47042-277,"אכן, כפי שהפנה ב""כ הנאשם, ישנם מקרים בהם הושתו עונשי מאסר בעבודות שירות במקרים דומים, ואף חמורים. ואולם, זאת כאשר מדובר היה בנאשם שעבר הליך שיקום משמעותי. כך, בת""פ (מחוזי-מרכז) 74741-06-20 מדינת ישראל נ' אגנים [נבו] (18.07.24) מדובר היה במי שסחר בסם מסוג קוקאין במשקל של 600 גרם מול סוכן משטרתי, בית המשפט ציין כי ברגיל הענישה צריכה לעמוד על כ-30 חודשי מאסר, אך השית עונש מאסר של 9 חודשי מאסר בעבודות שירות נוכח טיפול משמעותי וממושך שעבר הנאשם, העובדה שעלה בידי הנאשם לערוך התבוננות פנימית ביקורתית, הטיפול בבנו בעל צרכים מיוחדים במסירות ותקופת המעצר בה שהה. כך בת""פ (מחוזי-מרכז) 74742-06-20 מדינת ישראל נ' עזרא [נבו] (20.12.23), מדובר היה ב""נאשם שעבר הליך טיפולי אינטנסיבי... משמעותי מבחינת אורכו איכותו"" ששהה במעצר 13 חודשים. וכך, בת""פ (מחוזי-ת""א) 73652-01-18 מדינת ישראל נ' מכאווי [נבו] (12.08.21), הושת עונש של 9 חודשי מאסר בעבודות שירות על מי שהורשע בשתי עבירות של סחר בסם מסוכן במסגרתן מכר לסוכן משטרה כ-70 גרם סם מסוג קוקאין. זאת, לאחר שהנאשם שהה כשנה בקהילה טיפולית, טופל לאחר מכן באופן תדיר ורציף, ושירות המבחן התרשם ממוטיבציה פנימית כנה לעריכת שינוי בחייו, ובית המשפט התרשם משינוי עמוק ומשמעותי וממחויבות של הנאשם לדבוק בדרכו החדשה והנורמטיבית. בת""פ (מחוזי-מרכז) 10348-06-20 מדינת ישראל נ' נעים [נבו] (14.02.24), מדובר היה במי שתיווך בסם מסוג קוקאין במשקל של כ-600 גרם וסייע לסחר בכמות של 250 גרם נוספים, ועל אף עברו הפלילי המכביד הושת עליו עונש של 9 חודשי מאסר בעבודות שירות, בהסכמת המאשימה, ועל כן לא ניתן ללמוד מאותו מקרה לענייננו.",דיון והכרעה,דיון והכרעה,דיון והכרעה,דיון והכרעה,דיון והכרעה,דיון והכרעה
ME-22-01-47042-277,"לעומת מקרים אלו, במקרה שבפני, מבלי להמעיט מהתהליך הטיפולי החלקי בו נטל הנאשם חלק, תסקיר שירות המבחן אינו מלמד על תהליך כה משמעותי. קצינת המבחן אף ציינה כי הנאשם מתקשה לווסת את דחפיו, עלול לפעול באופן אימפולסיבי, נוטה לפעול לשיפור מצבו הכלכלי באופן בלתי חוקי ומנהל קשרים שוליים. אפשר שבמכלול הנסיבות יש לבוא לקראתו, בשים לב, להודאתו, נטילת האחריות, העדר עבר פלילי, ובשים לב למאמץ שכן עשה ובשים לב להשלכת העונש על בתו הנכה שהנאשם עסוק בטיפול בה, ולחרוג קמעא ממתחם העונש, מתוך תקוה שהנאשם ישלים את התהליך בין כותלי הכלא, וישתקם, אך אין מקום לחרוג מהכלל לפיו בהעדר הליך שיקומי משמעותי, העונש ההולם מעשים מעין אלו שביצע הנאשם, הוא מאסר מאחורי סורג ובריח.",דיון והכרעה,דיון והכרעה,דיון והכרעה,דיון והכרעה,דיון והכרעה,דיון והכרעה
ME-22-01-47042-277,"בשים לב אפוא לכל האמור, אני משית על הנאשם את העונשים הבאים:",דיון והכרעה,דיון והכרעה,דיון והכרעה,דיון והכרעה,דיון והכרעה,דיון והכרעה
ME-22-01-47042-277,"24 חודשי מאסר בפועל בניכוי ימי מעצרו בהתאם לרישומי שב""ס.",דיון והכרעה,דיון והכרעה,דיון והכרעה,דיון והכרעה,דיון והכרעה,דיון והכרעה
ME-22-01-47042-277,"הנאשם יתייצב למאסרו בבית סוהר ניצן ביום 1.10.24 עד השעה 10:00, או על פי החלטת שב""ס, כשברשותו תעודת זהות או דרכון.",דיון והכרעה,דיון והכרעה,דיון והכרעה,דיון והכרעה,דיון והכרעה,מידע אחר
ME-22-01-47042-277,"על הנאשם לתאם את הכניסה למאסר, כולל האפשרות למיון מוקדם, עם ענף אבחון ומיון של שב""ס, טלפונים: 08-9787377, 08-9787336 וכן להתעדכן באתר האינטרנט של שב""ס, ברשימת הציוד הראשוני שניתן להביא בעת ההתייצבות.",דיון והכרעה,דיון והכרעה,דיון והכרעה,דיון והכרעה,דיון והכרעה,מידע אחר
ME-22-01-47042-277,6 חודשי מאסר אשר לא ירוצו אלא אם הנאשם יעבור עבירת סמים מסוג פשע בתקופה של שלוש שנים.,דיון והכרעה,דיון והכרעה,דיון והכרעה,דיון והכרעה,דיון והכרעה,מידע אחר
ME-22-01-47042-277,3 חודשי מאסר אשר לא ירוצו אלא אם הנאשם יעבור עבירת סמים מסוג עוון בתקופה של שלוש שנים.,דיון והכרעה,דיון והכרעה,דיון והכרעה,דיון והכרעה,דיון והכרעה,מידע אחר
ME-22-01-47042-277,"קנס בסך של 8,000 ₪ או 30 ימי מאסר תחתם. הקנס ישולם ב-10 תשלומים שווים ורצופים, הראשון עד ליום 1.11.24 ובכל 1 לחודש שלאחריו. אי עמידה באחד התשלומים יביא לפירעון מיידי של כל היתרה.",דיון והכרעה,דיון והכרעה,דיון והכרעה,דיון והכרעה,דיון והכרעה,מידע אחר
ME-22-11-1990-79,"פקודת הסמים המסוכנים [נוסח חדש], תשל""ג-1973: סע'  13, 19א",nothing,מידע אחר,מידע אחר,מידע אחר,מידע אחר,מידע אחר
ME-22-11-1990-79,"חוק העונשין, תשל""ז-1977: סע'  40ד', 40ד'(א)",nothing,מידע אחר,מידע אחר,מידע אחר,מידע אחר,מידע אחר
ME-22-11-1990-79,"פקודת המבחן [נוסח חדש], תשכ""ט-1969",nothing,מידע אחר,מידע אחר,מידע אחר,מידע אחר,מידע אחר
ME-22-11-1990-79,"הנאשם הורשע במסגרת הסדר דיוני בעובדות כתב אישום מתוקן בעבירת ייבוא סם מסוכן לפי סעיף 13 וסעיף 19א לפקודת הסמים המסוכנים התשל""ג-1973.",רקע,עובדות המקרה,עובדות המקרה,עובדות המקרה,עובדות המקרה,עובדות המקרה
ME-22-11-1990-79,"כמפורט בעובדות האישום המתוקן, ביום 11.10.22 יצא הנאשם מישראל דרך נמל תעופה בן גוריון לבלגיה. ביום 20.10.22 שב הנאשם לישראל כשהוא נושא עמו כ-25,303 טבליות סם מסוכן מסוג MDMA שהוטמנו בתא ייעודי שבנה בתחתית מזוודתו, אותו קיבע באמצעות קרש עץ.",רקע,עובדות המקרה,עובדות המקרה,עובדות המקרה,עובדות המקרה,עובדות המקרה
ME-22-11-1990-79,"ביום 10.7.23 הגיעו הצדדים להסדר דיוני לפיו הודה הנאשם בכתב האישום המתוקן והופנה לתסקיר, ללא הסכמות עונשיות.",רקע,עובדות המקרה,עובדות המקרה,עובדות המקרה,עובדות המקרה,עובדות המקרה
ME-22-11-1990-79,"הנאשם, בן 47, רווק, שוהה בהוסטל טיפולי של קהילת ""הדרך"" לטיפול והימנעות מהתמכרות.",תסקירי שירות המבחן- סקירת דרכו הטיפולית של הנאשם,תסקיר שירות מבחן,תסקיר שירות מבחן,ראיות לעונש,תסקיר שירות מבחן,תסקיר שירות מבחן
ME-22-11-1990-79,"מקורותיו עולה כי חווה ילדות מורכבת בצלו של אב אלים, השלים 12 שנות לימוד במגמת אלקטרוניקה ותעודת בגרות מלאה, שירת שירות צבאי מלא ולאחר שחרורו עבד כשנתיים בארה""ב בתחום האלקטרוניקה. בהמשך שב ארצה וניסה להשתלב בלימודים אקדמאיים אך לא סיים לימודיו. מבחינה תעסוקתית, עבד בעבודות שונות בארץ ובספרד בתחומי התיירות והפקת אירועים. טרם מעצרו עבד בעבודות מזדמנות בתחום המשלוחים, כיום ומזה כארבעה חודשים עובד כמנהל הסעות. בגיל 21 החל להשתמש בסמים מסוג קנאביס, בהמשך החל לצרוך בקביעות ואינטנסיביות סמים קשים מסוגים שונים, אקסטזי, MDMA, קוקאין ומדבקות ""פנטניל"". לחובתו הרשעה משנת 2008 בגין ביצוע עבירות סמים, בגינה נדון ל-40 חודשי מאסר.",תסקירי שירות המבחן- סקירת דרכו הטיפולית של הנאשם,תסקיר שירות מבחן,תסקיר שירות מבחן,ראיות לעונש,תסקיר שירות מבחן,תסקיר שירות מבחן
ME-22-11-1990-79,"באשר לביצוע העבירה, במסגרת עונש המאסר שריצה בשנת 2008 נגמל מסמים, ולאחר שחרורו השתלב בתכנית טיפולית במסגרת רש""א והצליח לשמור על אורח חיים נקי. עם זאת בשנת 2016 עם המעבר למגורים בחו""ל החלה התדרדרות הדרגתית בתפקודו, זו העמיקה בשנת 2021 בתקופת הקורונה ופרידה מבת זוגו. הנאשם תיאר כי בתקופה שקדמה לביצועה, אביו נפטר והוא ניהל אורח חיים בעייתי ולא יציב והתקשה להתמודד עם המשברים. על רקע זה העמיק את דפוסי צריכת הסמים, התבודד חברתית והפסיק לעבוד. הנאשם לוקח אחריות מלאה על ביצוע העבירה, מורתע מתקופת מעצרו ומההליך המשפטי ומביע נכונות לשאת בתוצאות מעשיו. מבטא הכרה למחירים הנלווים להתנהלותו השולית ולפגיעה בעצמו ובמשפחתו. הביע שאיפות לתפקוד וניהול אורח חיים יצרני.",תסקירי שירות המבחן- סקירת דרכו הטיפולית של הנאשם,תסקיר שירות מבחן,תסקיר שירות מבחן,ראיות לעונש,תסקיר שירות מבחן,תסקיר שירות מבחן
ME-22-11-1990-79,"מבחינה טיפולית, הנאשם פנה עוד טרם מעצרו לקהילת ה""דרך"". שוחרר בחודש ינואר 2023 לחלופה טיפולית ושולב בקהילה.  ממידע שהתקבל מגורמי הטיפול עלה כי מתמיד בטיפול ובעל מוטיבציה גבוהה לשיקום חייו. ההתרשמות הייתה מאדם אינטליגנטי בעל יכולות גבוהות, נראה כי עובר הליך שיקום משמעותי, מצליח להיעזר בטיפול ורכש כלים להתמודדות אדפטיבית יותר במצבי לחץ והמשך הימנעות מצריכת סמים.",תסקירי שירות המבחן- סקירת דרכו הטיפולית של הנאשם,תסקיר שירות מבחן,תסקיר שירות מבחן,ראיות לעונש,תסקיר שירות מבחן,תסקיר שירות מבחן
ME-22-11-1990-79,"שירות המבחן התרשם כי סביב פתיחת ההליך המשפטי חל שינוי בעמדותיו ורצונותיו של הנאשם, הוא הביע עייפות מהמשך ניהול אורח חיים עברייני, וכיום משקיע כוחותיו בשיקום על מנת לבסס שינוי בדפוסיו ולזהות מצבי סיכון לצורך מניעת חזרה לשימוש ולהתנהלות בעייתית. לאור התגייסותו להליך טיפולי מזה זמן רב, הרושם כי ביכולתו להתמודד באופן מיטיב יותר עם קשייו בא שירות המבחן בהמלצה לענישה שיקומית בדמות צו מבחן למשך שנה במסגרתו ימשיך בהליך הטיפולי וישולב ביחידה להתמכרויות בקהילה לצד צו של""צ בהיקף 200 שעות.",תסקירי שירות המבחן- סקירת דרכו הטיפולית של הנאשם,תסקיר שירות מבחן,תסקיר שירות מבחן,תסקיר שירות מבחן,תסקיר שירות מבחן,תסקיר שירות מבחן
ME-22-11-1990-79,"מתסקיר משלים שהתקבל (10.6.24) בהמשך להחלטתי עולה כי במהלך תקופת הדחייה סיים הנאשם את הטיפול בהוסטל הקהילה וממשיך להתגורר בסמוך בדירת הבוגרים, לצד המשך עבודתו כמנהל הסעות. לתפיסתו מצוי בתהליך התייצבות ושינוי הכולל בין היתר הימנעות מצריכת סמים לאורך זמן וניתוק קשריו השוליים. הוא הביע רצון להמשיך להתגורר יחד עם בוגרי קהילה נוספים, ולאחרונה פנה ביוזמתו ליחידה לטיפול בהתמכרויות, בה שולב ביום 12.5.24, כיום משולב בטיפול קבוצתי, מוסר בדיקות שתן נקיות ונמצא ברשימת המתנה לטיפול פרטני. ממידע שהתקבל מגורמי הטיפול בהוסטל עולה כי עמד בכללי התכנית הטיפולית, להתרשמותם הנאשם מצליח לזהות מוקדי סיכון במצבו כגון קשרים שוליים, דפוסי חשיבה עברייניים, חוסר יציבות תעסוקתית ומצוקות ומשברים שעובר. עוד עלה כי הצליח לרכוש מיומנויות יומיומיות בתחום התעסוקתי והכלכלי תוך התמודדות נכונה מול פיתויים. להערכתם המשך טיפול ביחידה להתמכרויות לצד מגוריו בדירת הבוגרים בקהילה תסייע בשמירה על הישגיו הטיפוליים ובהפחתת הסיכון במצבו לטווח הארוך. ממידע שהתקבל מגורמי הטיפול ביחידה להתמכרויות עלה כי משתף פעולה באופן חיובי, מתמיד ומתייצב בזמן ומוסר בדיקות שתן נקיות. ההתרשמות כי מבטא רצינות ומחויבות ומשתף בתכנים אישיים.",תסקירי שירות המבחן- סקירת דרכו הטיפולית של הנאשם,תסקיר שירות מבחן,תסקיר שירות מבחן,תסקיר שירות מבחן,תסקיר שירות מבחן,תסקיר שירות מבחן
ME-22-11-1990-79,"לסיכום, להערכת שירות המבחן חלה הפחתה משמעותית בסיכון במצבו, ונוכח הליך השיקום החיובי והממושך בו מצוי חזר על המלצתו השיקומית לצו מבחן ושל""צ, כשלשיטתו מאסר בדרך של עבודות שירות עלול לקטוע את תפקודו התעסוקתי ולפגוע בשגרת יומו ובהשקעתו בהליך הטיפולי.",תסקירי שירות המבחן- סקירת דרכו הטיפולית של הנאשם,תסקיר שירות מבחן,תסקיר שירות מבחן,תסקיר שירות מבחן,תסקיר שירות מבחן,תסקיר שירות מבחן
ME-22-11-1990-79,"דיון הטיעונים לעונש התקיים ביום 8.4.24, בסופו שמעתי את דברי הנאשם והתרשמתי מכנותם ורצינותם, הנאשם הופנה לתסקיר משלים כאמור.",תמצית טיעוני הצדדים,טיעוני הצדדים,טיעוני הצדדים,טיעוני הצדדים,טיעוני הצדדים,טיעוני הצדדים
ME-22-11-1990-79,"ב""כ המאשימה, עו""ד גבי פאר, עמד על הערכים המוגנים שנפגעו כתוצאה ממעשי הנאשם שהם שלום הציבור, בריאותו, הפגיעה ההרסנית בגוף ובנפש כתוצאה משימוש בסמים, והרווח הכלכלי העצום הטמון בעבירה. לשיטתו מדובר בפגיעה משמעותית נוכח כמות הסם. עוד עמד על הנסיבות לחומרה שהן חלקו המרכזי בביצוע העבירה, התכנון המוקדם, ההסלקה המתוחכמת, סוג הסם והסכנות הנלוות לשימוש בו והמניע הכלכלי לביצוע העבירה. לפיכך עתר למתחם הנע בין 6.5-4 שנות מאסר. באשר לנסיבות שאינן קשורות לביצוע העבירה, הפנה ב""כ המאשימה לעברו הפלילי בתחום הסמים, לדבריו הנאשם אינו מסוגל להתמודד עם מצבי משבר בחייו, מעמיק את דפוסי התמכרותו והתנהלותו העבריינית מסלימה. המאשימה מתנגדת להמלצת שירות המבחן, לשיטתה הנאשם עודנו מסוכן לציבור, קשריו השוליים קיימים, ולהליכי הגמילה והשיקום השפעה חיובית לטווח קצר, כפי שהוכח בעבר. בצד זאת ציין לקולה את הודאתו ונטילת האחריות. לפיכך עתר למקמו בחלק העליון של השליש התחתון במתחם ולהשתת קנס משמעותי.",תמצית טיעוני הצדדים,טיעוני הצדדים,טיעוני הצדדים,טיעוני הצדדים,טיעוני הצדדים,טיעוני הצדדים
ME-22-11-1990-79,"ב""כ הנאשם, עו""ד אילן חכם, עתר לאמץ את המלצת שירות המבחן, לטענתו הנאשם הוכיח כי ראוי לענישה שיקומית ולעונש החורג מהמתחם מטעמי שיקום. ב""כ הנאשם הסביר שהנאשם ביצע את העבירה בתקופה שהיה מכור לסמים ותחת השפעת סמים ולא היה אמור לגרוף רווח ממכירת הסמים. עוד עמד על נסיבות חייו, לטענתו עברו הפלילי ישן ובניגוד לטענת המאשימה לא מצביע על רצדביזם ועל העדר פוטנציאל לשיקום, הנאשם השקיע מאמצים כבירים לתקן את דרכיו ומצוי בהליכי טיפול משמעותיים מזה שנה וחצי. עוד הדגיש את התנהלותו לאחר תפיסתו, לרבות הודאתו בשלב מוקדם, הירתמותו הטוטאלית להליך טיפולי אינטנסיבי בקהילה לגמילה מסמים, ניקיונו לאורך זמן והשינוי המשמעותי שערך בחייו. בנסיבות אלו עתר לאמץ את המלצת שירות המבחן לצו של""צ ולחלופין לענישה בדרך של עבודות שירות.",תמצית טיעוני הצדדים,טיעוני הצדדים,טיעוני הצדדים,טיעוני הצדדים,טיעוני הצדדים,טיעוני הצדדים
ME-22-11-1990-79,הצדדים הגישו אסופת פסיקה לתמיכה בעתירתם העונשית.,תמצית טיעוני הצדדים,טיעוני הצדדים,טיעוני הצדדים,טיעוני הצדדים,טיעוני הצדדים,טיעוני הצדדים
ME-22-11-1990-79,"הנאשם סיפר שזו פעם ראשונה שהוא עובר הליך גמילה מסודר, בעבר הצליח להגמל בכוחות עצמו. עוד שיתף שלראשונה בחייו מצליח להתמודד עם דפוסי התנהגותו המכשילים, נסיבות חייו המורכבות וכשלונותיו. הנאשם הודה כי מדובר בהליך שיקום ארוך שלא יסתיים גם לאחר שיעזוב את ההוסטל, בכוונתו להשתלב בקבוצות ובטיפול פרטני. הנאשם עובד בחודשים האחרונים בחברת הסעות.",תמצית טיעוני הצדדים,טיעוני הצדדים,טיעוני הצדדים,ראיות לעונש,טיעוני הצדדים,טיעוני הצדדים
ME-22-11-1990-79,"מעשיו של הנאשם חמורים ומסוכנים ופגעו פגיעה מוחשית בערכים המוגנים של בריאות הציבור, שלומו וביטחונו. בתי המשפט חזרו והדגישו בפסיקותיהם את החומרה הנלווית לעבירות הסמים, ובפרט עבירות ייבוא והפצת סמים מסוכנים. עוד נקבע, בשים לב לרווח הכלכלי המשמעותי המופק לעיתים מביצוע עבירות אלו, כי ראוי לנקוט כלפיהן במדיניות ענישה מחמירה, על מנת להרתיע עבריינים פוטנציאליים מלבצען (ע""פ 4536/21 פרץ נ' מדינת ישראל, פסקה 12 (4.11.21); ע""פ 1987/15 דרורי נ' מדינת ישראל, פסקה 9 (17.8.15); ע""פ 8048/19 פיצ'חדזה נ' מדינת ישראל, פסקה 11 (4.6.2020); ע""פ 7044/11 עבד נ' מדינת ישראל (17.6.12)).",דיון והכרעה,דיון והכרעה,דיון והכרעה,דיון והכרעה,דיון והכרעה,דיון והכרעה
ME-22-11-1990-79,"בענייננו, לנאשם היה תפקיד מרכזי בביצוע העבירה, הוא ייבא כמות עצומה של כדורי MDMA, כ-25,303 טבליות, סם קשה הנחשב ל""סם מסיבות"" ונצרך בעיקר על ידי מתבגרים וצעירים שרבים מהם לא מודעים לסיכונים שבו (ת""פ (מח' חיפה) 69783-10-18 מדינת ישראל נ' אברמסון, פסקה 38 (7.6.20)). מדובר בסם מחולל פשיעה אשר עלול לדרדר את הצורכים להסתבכויות נוספות עם החוק. הנאשם, שהיה אותה עת מכור לסמים ובתקופת משבר בחייו ביצע את המעשים על רקע התמכרותו וממניע כלכלי. לדבריו שימש בלדר ולא אמור היה לגרוף את הרווח ממכירת הסם.",דיון והכרעה,דיון והכרעה,דיון והכרעה,דיון והכרעה,דיון והכרעה,דיון והכרעה
ME-22-11-1990-79,"בנסיבות האמורות אני קובעת כי מידת הפגיעה בערכים המוגנים היא ברף הגבוה. נתתי בהקשר זה משקל לתפקידו המרכזי של הנאשם, לסוג וכמות הסם המסוכן ופוטנציאל הנזק העצום לחברה לו היה מופץ.",דיון והכרעה,דיון והכרעה,דיון והכרעה,דיון והכרעה,דיון והכרעה,דיון והכרעה
ME-22-11-1990-79,"מנעד הענישה בעבירת ייבוא סמים רחב ונקבע בהתאמה לסוג הסם, כמותו, נסיבות ביצוע העבירה ומעמדו של מייבא הסם בשרשרת ייבוא הסם (ע""פ 6409/12 מדינת ישראל נ' אלגדיפי, פסקאות 11-12 (5.6.13)). על מייבאי סם מסוכן מסוג MDMA מושתים, ברגיל,  עונשי מאסר לתקופות לא קצרות.",מדיניות הענישה הנוהגת,דיון והכרעה,דיון והכרעה,דיון והכרעה,דיון והכרעה,דיון והכרעה
ME-22-11-1990-79,"בע""פ 3006/23 רם נ' מדינת ישראל (13.12.23) (להלן: ""עניין רם"") נדון בפניי, בנסיבות המזכירות את ענייננו, נאשם מכור לסם שהורשע בייבוא 26,656 טבליות MDMA שהוטמנו בתוך תחתית כפולה במזוודתו. עוד הורשע באיומים והטרדה באמצעות מתקן בזק. נקבע מתחם ענישה הנע בין 78-48 חודשי מאסר. הנאשם עבר הליך גמילה מוצלח, שירות המבחן המליץ בעניינו על ענישה הכוללת צו של""צ וצו מבחן. המאשימה אימצה את המלצת שירות המבחן לענישה שיקומית ועתרה למאסר בדרך של עבודות שירות. הנאשם נדון לששה חודשי עבודות שירות. ערעור הגנה שהוגש לצורך המרת עבודות השירות בצו של""צ, נדחה;",מדיניות הענישה הנוהגת,דיון והכרעה,דיון והכרעה,דיון והכרעה,דיון והכרעה,דיון והכרעה
ME-22-11-1990-79,"בע""פ 1901/19 אסולין נ' מדינת ישראל (31.5.20) (להלן: ""עניין אסולין"") נדחה ערעור המערער שהורשע בעבירות קשירת קשר לפשע, ייבוא 25,000 טבליות של  MDMA, והחזקת סם מסוכן שלא לצריכה עצמית. בית המשפט המחוזי קבע מתחם הנע בין 90-54 חודשי מאסר, והנאשם, ללא עבר, נדון למאסר בן 54 חודשים;",מדיניות הענישה הנוהגת,דיון והכרעה,דיון והכרעה,דיון והכרעה,דיון והכרעה,דיון והכרעה
ME-22-11-1990-79,"בת""פ (מרכז) 63413-01-22 מדינת ישראל נ' בנימוב (10.9.23) הורשע נאשם בייבוא 23,900 טבליות סם MDMA מוסלקים בתוך מזוודה. על פי עובדות כתב האישום שימש הנאשם כבלדר. נקבע מתחם ענישה הנע בין 7-4 שנים. בהתחשב בגילו הצעיר, העדר עבר, ניהול אורח חיים תקין עד להסתבכותו בעבירה, תסקירו חיובי אך נעדר המלצה טיפולית, נדון למאסר בן 45 חודשים;",מדיניות הענישה הנוהגת,דיון והכרעה,דיון והכרעה,דיון והכרעה,דיון והכרעה,דיון והכרעה
ME-22-11-1990-79,"בת""פ (מח' מרכז) 46786-04-18 מדינת ישראל נ' יבלנוב (14.11.19) הורשע נאשם בעבירות של קשירת קשר לפשע, ייבוא בצוותא סם מסוכן: 31,243 טבליות של MDMA, בנוסף החזיק על גופו קנאביס במשקל 0.9 גרם. נקבע מתחם ענישה הנע בין 78-48 חודשי מאסר בפועל. מטעמי שיקום, סטה בית המשפט מהמתחם והשית עליו מאסר בן 20 חודשים;",מדיניות הענישה הנוהגת,דיון והכרעה,דיון והכרעה,דיון והכרעה,דיון והכרעה,דיון והכרעה
ME-22-11-1990-79,"בת""פ (מרכז) 58966-01-18 מדינת ישראל נ' צציק (22.11.18) הורשע נאשם בעבירה של ייבוא סם מסוכן: 30,338 טבליות של MDMA. נקבע מתחם ענישה הנע בין 90-54 חודשי מאסר, והנאשם, צעיר ללא עבר, נדון למאסר בן 54 חודשים;",מדיניות הענישה הנוהגת,דיון והכרעה,דיון והכרעה,דיון והכרעה,דיון והכרעה,דיון והכרעה
ME-22-11-1990-79,"בת""פ (מח' מרכז) 28005-09-17 מדינת ישראל נ' גושקביץ (26.4.18) הורשעו נאשמים בייבוא סם מסוכן מסוג MDMA נוזלי בכמות של 2,125 גרם. מתחם העונש לנאשם 1 שהיה דומיננטי יותר נקבע בין 36-60 חודשי מאסר ולנאשם הנוסף נקבע מתחם שנע בין 24-48 חודשים. נאשם 1 נדון למאסר בן 42 חודשים ונאשם 2 למאסר בן 30 חודשים. הנאשמים נעדרי עבר פלילי;",מדיניות הענישה הנוהגת,דיון והכרעה,דיון והכרעה,דיון והכרעה,דיון והכרעה,דיון והכרעה
ME-22-11-1990-79,"בת""פ (מרכז) 47209-08-17 מדינת ישראל נ' ידען (6.2.18) הורשע נאשם בעבירת ייבוא סם מסוכן,  29,198 טבליות של MDMA. בית המשפט אימץ את הסדר הטיעון אליו הגיעו הצדדים והשית עליו מאסר בן 58 חודשים;",מדיניות הענישה הנוהגת,דיון והכרעה,דיון והכרעה,דיון והכרעה,דיון והכרעה,דיון והכרעה
ME-22-11-1990-79,"בת""פ (מח' מרכז) 55287-02-17 מדינת ישראל נ' אזולאי (16.1.18) הורשע נאשם בעבירות של קשירת קשר לפשע וייבוא סם מסוכן מסוג MDMA במשקל של 2,952.60 גרם נטו שהוסלק במזוודה. נקבע מתחם הנע בין 60-30 חודשי מאסר. הנאשם, צעיר בעל עבר מינורי, נדון למאסר בן 36 חודשים;",מדיניות הענישה הנוהגת,דיון והכרעה,דיון והכרעה,דיון והכרעה,דיון והכרעה,דיון והכרעה
ME-22-11-1990-79,"לאחר שקילת כלל השיקולים, עתירתה העונשית של המאשימה, חלקו של הנאשם בביצוע העבירה, מידת הפגיעה בערכים המוגנים ומדיניות הענישה הנוהגת אני קובעת מתחם ענישה הנע בין 4 ועד 6.5 שנות מאסר.",מדיניות הענישה הנוהגת,דיון והכרעה,דיון והכרעה,דיון והכרעה,דיון והכרעה,דיון והכרעה
ME-22-11-1990-79,"עתה, משנקבע מתחם הענישה, יש להמשיך ולבחון עתירת ההגנה לחרוג ממנו מטעמי שיקום ובהתאם להוראת סעיף 40ד'(א) לחוק העונשין.  סעיף 40ד'(א) לחוק העונשין  מורנו כך: ""קבע בית המשפט את מתחם העונש ההולם בהתאם לעיקרון המנחה ומצא כי הנאשם השתקם או כי יש סיכוי של ממש שישתקם, רשאי הוא לחרוג ממתחם העונש ההולם ולקבוע את עונשו של הנאשם לפי שיקולי שיקומו, וכן להורות על נקיטת אמצעי שיקומי כלפי הנאשם, לרבות העמדתו במבחן לפי סעיפים 82 או 86 או לפי פקודת המבחן [נוסח חדש], התשכ""ט-1969""",האם יש מקום לחרוג ממתחם הענישה לצרכי שיקום ולאמץ את המלצת שירות המבחן?,דיון והכרעה,דיון והכרעה,דיון והכרעה,דיון והכרעה,דיון והכרעה
ME-22-11-1990-79,"התשובה לשאלה אילו מן המקרים ייחשבו  מקרי שיקום כמשמעותו בסעיף 40ד' לחוק ואילו לאו מורכבת ותלויה במספר פרמטרים, בין היתר חומרת העבירה, נסיבות הנאשם, טיבו של הליך השיקום והסיכון להישנות עבירות. לשון סעיף 40ד' לחוק מלמדת, כי לעיתים כאשר ""נאשם השתקם"" או כי ""יש סיכוי של ממש שישתקם"", עשויים שיקולי השיקום לגבור על שיקולי ההרתעה והגמול (ראו רע""פ 7572/12 הזייל נ' מדינת ישראל (23.10.2012)) ואולם, אין די בנאשם המראה נכונות כנה להשתלב בהליך שיקום אלא יש להציג הליך משמעותי המגלה פוטנציאל שיקומי ממשי, תוך קביעה כי הסיכוי לביצוע עבירות נוספות בעתיד הוא נמוך ביותר (ראו ע""פ 1903/13 עיאשה נ' מדינת ישראל (14.07.13)). הפסיקה קבעה בהקשר זה, כי ניתן להתחשב, בין היתר, בשיקולים כגון המוטיבציה שהביע האדם המורשע להשתקם, שילוב מוצלח בהליכי גמילה ושיקום, שינוי בהתנהגות ובדרך החשיבה, הבעת חרטה כנה והפחתה ניכרת בסיכון להישנות ביצוע עבירות (ראו: ע""פ 6637/17 קרנדל נ' מ""י (18.04.2018); ע""פ 3613/17 זייבלד נ' מ""י (17.01.2019)), לתסקיר שירות המבחן מעמד משמעותי ביותר, אם כי כמובן שאינו מחייב את בית המשפט.",האם יש מקום לחרוג ממתחם הענישה לצרכי שיקום ולאמץ את המלצת שירות המבחן?,דיון והכרעה,דיון והכרעה,דיון והכרעה,דיון והכרעה,דיון והכרעה
ME-22-11-1990-79,"יישומן של הלכות אלה על המקרה שלפניי מוביל לטעמי בבירור אל המסקנה כי ראוי לחריגה לקולא מטעמי שיקום. הנאשם בן 47, נסיבות חייו מורכבות, אביו נפטר  לאחרונה, ניהל אורח חיים התמכרותי בשנים האחרונות. לחובתו הרשעה (שהתיישנה) בגין ביצוע צבר עבירות סמים חמורות בשנת 2007, בגינה ריצה עונש מאסר ממושך (ת/2). מתסקירו עולה כי באותה תקופה הצליח במהלך מאסרו להגמל פיזית בכוחות עצמו אך עם שחרורו לא השתלב בהליכי טיפול. הנאשם בעל יכולות טובות, השתדל לשמור על אורח חיים יציב אך נקלע למצבי משבר שדרדרו את מצבו, השתמש בסמים קשים באופן אינטנסיבי, התבודד חברתית והפסיק לעבוד. הנאשם לא גילה כוחות לערוך שינוי במצבו כשהעבירה שביצע קשורה בקשר ישיר למצבו ועומק התמכרותו. עוד לפני מעצרו בתיק זה גילה נכונות טיפולית וביטא עייפות מניהול אורח חיים לא יציב, הנאשם פנה מיוזמתו לקהילת ""הדרך""  אך עוד לפני ששולב בה נעצר בתיק זה. בהמשך להמלצת שירות המבחן, שוחרר בחודש ינואר 23 לחלופה טיפולית ומאז מצוי בהליכי גמילה ושיקום.",האם יש מקום לחרוג ממתחם הענישה לצרכי שיקום ולאמץ את המלצת שירות המבחן?,דיון והכרעה,דיון והכרעה,דיון והכרעה,דיון והכרעה,דיון והכרעה
ME-22-11-1990-79,"כעולה מתסקיריו, במשך תקופה ארוכה משקיע כוחות רבים בשיקומו ונרתם להליכי הטיפול. הנאשם סיים את הליכי הגמילה בהצלחה, כיום מתגורר בדירת בוגרים, מטופל ביחידה העירונית להתמכרויות ועובד בחברת הסעות. גורמי הטיפול בקהילה וביחידה להתמכרויות התרשמו מרצינותו ומחויבותו להליך, הוא מוסר בדיקות שתן נקיות וחל פיחות משמעותי בסיכון הנשקף ממנו להתנהגות חוזרת עוברת חוק. משך הליך הטיפול, הצלחתו, המוטיבציה הטיפולית הגבוהה שמגלה הנאשם ושינוי משמעותי שערך בכל מישורי חייו מעידים כי מצוי בהליך שיקום ממושך ויציב, עוד ניכר כי לראשונה בחייו הצליח לערוך התבוננות פנימית, להכיר בדפוסיו הבעייתיים ולרכוש כלים להתמודד עמם. על כן ניתן לקבוע כי מדובר בנאשם המצוי בהליך שיקומי משמעותי, בעל סיכויי שיקום גבוהים ויש בכל אלו כדי להוות בסיס נאות לסטייה מרף הענישה שנקבע מכח סעיף 40ד(א) לחוק.",האם יש מקום לחרוג ממתחם הענישה לצרכי שיקום ולאמץ את המלצת שירות המבחן?,דיון והכרעה,דיון והכרעה,דיון והכרעה,דיון והכרעה,דיון והכרעה
ME-22-11-1990-79,"המאשימה כאמור התנגדה להמלצות שירות המבחן וסבורה כי לא ניתן לתת אמון בנאשם, נוכח עברו וחוסר יכולתו להתמודד עם מצבי משבר. גם הנאשם בדבריו הכנים במעמד דיון הטיעונים לעונש לא ייפה את מצבו, נראה שמבין היטב כי מדובר בהליך שיקום ארוך, ממושך שעדיין לא הושלם. מטעם זה, ולמען הזהירות,  מצאתי לדחות את הדיון ולהפנותו לתסקיר משלים, התסקיר מלמד על המשך מוצלח של הליך שיקום הוליסטי ומפרט בנוסף  את מתווה הטיפול העתידי הכולל טיפול פרטני וקבוצתי בקהילה במסגרת היחידה לטיפול בהתמכרויות במקום מגוריו לצד צו מבחן.",האם יש מקום לחרוג ממתחם הענישה לצרכי שיקום ולאמץ את המלצת שירות המבחן?,דיון והכרעה,דיון והכרעה,דיון והכרעה,דיון והכרעה,דיון והכרעה
ME-22-11-1990-79,"האם הנאשם ראוי לענישה שיקומית שאינה כוללת עונש מאסר בפועל? מעשיו, כפי שכבר נאמר, חמורים מאד נוכח סוג הסם - מחולל פשיעה מסוכן וכמותו העצומה. העבירות בהן הורשע מצדיקות הטלת ענישה משמעותית ומרתיעה ""בהינתן העובדות, לרבות ייבוא סמים מחוץ לארץ, סוג הסמים – MDMA – וכמות של כ-25,000 טבליות במשקל כולל של עשרה קילוגרמים – יש לתת ביטוי לערך המוגן של ניהול מלחמה עיקשת נגד השימוש בסמים, על הנזק שנגרם עקב כך לכל שכבות החברה"" (עניין אסולין, פסקה 3).",האם יש מקום לחרוג ממתחם הענישה לצרכי שיקום ולאמץ את המלצת שירות המבחן?,דיון והכרעה,דיון והכרעה,דיון והכרעה,דיון והכרעה,דיון והכרעה
ME-22-11-1990-79,"ועדיין, ומבלי לגרוע מתוקפם של שיקולים אלה, מצאו בתי המשפט בעניינם של נאשמים בעבירות ייבוא שעברו הליך שיקום עמוק ומובהק, ליתן משקל בכורה לשיקולי השיקום ולגזור עליהם ענישה שאינה כוללת מאסר ממש: בת""פ (י-ם) 37336-08-19 מדינת ישראל נ' אעקר (6.7.21) הורשע נאשם בשתי עבירות ייבוא סם מסוכן, האחת סם מסוג וכמות שאינה ידועה, השניה סם MDMA במשקל של כ-5 ק""ג. נקבע מתחם ענישה הנע בין 50-30 חודשי מאסר. מטעמי שיקום, נדון למאסר בעבודות שירות; בת""פ (י-ם) 37958-02-19 מדינת ישראל נ' וינברג (11.2.21) הורשע נאשם בעבירת ייבוא 4.966 גרם MDMA מוסלק במזוודה, נקבע מתחם ענישה הנע בין 40-24 חודשים. מטעמי שיקום נדון לצו של""צ; בת""פ (מרכז) 11608-07-16 מדינת ישראל נ' היימפלד (6.1.19), הורשע נאשם בסיוע לייבוא סם מסוכן מסוג MDMA. נקבע מתחם ענישה הנע בין 24 ל-42 חודשי מאסר. נוכח הליך שיקום יוצא דופן נדון למאסר בעבודות שירות.",האם יש מקום לחרוג ממתחם הענישה לצרכי שיקום ולאמץ את המלצת שירות המבחן?,דיון והכרעה,דיון והכרעה,דיון והכרעה,דיון והכרעה,דיון והכרעה
ME-22-11-1990-79,בעניין רם  שנדון בפניי הורשע בחור צעיר מכור לסמים בתיק שנסיבותיו דומות לענייננו ונדון לעונש עבודות שירות. במקרה זה עבר הנאשם הליכי טיפול שכללו גמילה מסמים וטיפול בבעיות אלימות כלפי בת זוגו. כאמור רם נדון לענישה שיקומית בהסכמת המאשימה.,האם יש מקום לחרוג ממתחם הענישה לצרכי שיקום ולאמץ את המלצת שירות המבחן?,דיון והכרעה,דיון והכרעה,דיון והכרעה,דיון והכרעה,דיון והכרעה
ME-22-11-1990-79,"באשר לנאשם שבפניי, לאחר ששקלתי את כלל השיקולים שוכנעתי כי עניינו נופל בגדר מקרי השיקום המובהקים המאפשרים חריגה משמעותית ממתחם הענישה והימנעות משליחתו למאסר. הנאשם שולב בהליך טיפולי אינטנסיבי אשר כלל טיפול בהתמכרותו לסמים, הקניית הרגלי תעסוקה יציבים, מתן כלים להתנהלות כלכלית נכונה וזיהוי מצבי סיכון והימנעות מהם. העבירות בוצעו אמנם ממניע כלכלי אך תרמו לכך שימוש בסם ומעורבות בחברה שולית, מכאן, שהפסקת השימוש בסם תרמה לשיקומו; הנאשם גילה מוטיבציה טיפולית גבוהה והשתלב באופן מוצלח בהליכים טיפוליים מגוונים; עוד הביע חרטה כנה ונטל אחריות מלאה על מעשיו. עוד שוכנעתי שעונש מאסר בפועל עלול לפגוע פגיעה ממשית בהליכי שיקומו. עם זאת, הסתפקות בצו של""צ אינה מידתית, מעניקה משקל בלעדי לשיקולי השיקום ויש בה כדי להעביר מסר סלחני ומקל יתר על המידה כלפי הציבור, גם במקרים שמדובר בנאשמים משוקמים. טוב עשה הסניגור שעתר בטיעוניו לענישת עבודות שירות.",האם יש מקום לחרוג ממתחם הענישה לצרכי שיקום ולאמץ את המלצת שירות המבחן?,דיון והכרעה,דיון והכרעה,דיון והכרעה,דיון והכרעה,דיון והכרעה
ME-22-11-1990-79,"סיכומם של דברים, על יסוד כל אלו, מצאתי ליתן מעמד בכורה לשיקול השיקומי ולגזור על הנאשם עונש ההולם את סיכויי שיקומו, על מנת שלא לפגוע פגיעה קשה ברצף עבודתו ובמאמציו להמשך שיקומו אסתפק בתקופת עבודות שירות שאינה מירבית.",האם יש מקום לחרוג ממתחם הענישה לצרכי שיקום ולאמץ את המלצת שירות המבחן?,דיון והכרעה,דיון והכרעה,דיון והכרעה,דיון והכרעה,דיון והכרעה
ME-22-11-1990-79,לצד זאת אטיל על הנאשם צו מבחן למשך 18 חודשים. אני מזהירה אותו באזהרה חמורה כי אם יפר את תנאי הצו או יחזור לשימוש בסם ניתן יהיה להפקיע את הצו ולגזור עליו תחתיו עונש אחר שעלול להיות מאסר בפועל ממושך.,האם יש מקום לחרוג ממתחם הענישה לצרכי שיקום ולאמץ את המלצת שירות המבחן?,דיון והכרעה,דיון והכרעה,דיון והכרעה,דיון והכרעה,דיון והכרעה
ME-22-11-1990-79,"אשר על כן, אני גוזרת על הנאשם את העונשים הבאים:",האם יש מקום לחרוג ממתחם הענישה לצרכי שיקום ולאמץ את המלצת שירות המבחן?,דיון והכרעה,דיון והכרעה,דיון והכרעה,דיון והכרעה,דיון והכרעה
ME-22-11-1990-79,"6 חודשי מאסר בפועל שירוצו בדרך של עבודות שירות בעמותת ""מתחברים לנשמה"", בכתובת החרושת 4, כרמיאל. הנאשם יבצע את העבודות בימים א'-ה' בהתאם לטווח השעות שייקבע ע""י הממונה.",האם יש מקום לחרוג ממתחם הענישה לצרכי שיקום ולאמץ את המלצת שירות המבחן?,דיון והכרעה,דיון והכרעה,דיון והכרעה,דיון והכרעה,דיון והכרעה
ME-22-11-1990-79,"על הנאשם להתייצב לקליטה והצבה ביום 14.7.24 במשרדי הממונה בכתובת לוחמי בית""ר 6, רמלה.",האם יש מקום לחרוג ממתחם הענישה לצרכי שיקום ולאמץ את המלצת שירות המבחן?,דיון והכרעה,דיון והכרעה,דיון והכרעה,דיון והכרעה,דיון והכרעה
ME-22-11-1990-79,הנאשם מוזהר כי אם לא ישתף פעולה עם הממונה ניתן להמיר את העבודות במאסר ממש.,האם יש מקום לחרוג ממתחם הענישה לצרכי שיקום ולאמץ את המלצת שירות המבחן?,דיון והכרעה,דיון והכרעה,דיון והכרעה,דיון והכרעה,דיון והכרעה
ME-22-11-1990-79,"12 חודשי מאסר על תנאי, לבל יעבור הנאשם במשך 3 שנים מהיום עבירת סמים מסוג פשע.",האם יש מקום לחרוג ממתחם הענישה לצרכי שיקום ולאמץ את המלצת שירות המבחן?,דיון והכרעה,דיון והכרעה,דיון והכרעה,דיון והכרעה,דיון והכרעה
ME-22-11-1990-79,"צו מבחן לתקופה של 18 חודשים החל מהיום. הנאשם מוזהר בחובת שיתוף פעולה וכי אם לא יעשה כן, ניתן יהיה לבטל את הצו ולגזור עליו עונש אחר תחתיו. שירות המבחן יגיש לתיק תסקיר עדכון עד ליום 1.12.24.",האם יש מקום לחרוג ממתחם הענישה לצרכי שיקום ולאמץ את המלצת שירות המבחן?,דיון והכרעה,דיון והכרעה,דיון והכרעה,דיון והכרעה,דיון והכרעה
ME-22-11-1990-79,"קנס בסך 12,000 ₪ או 35 ימי מאסר תמורתו. הקנס ישולם ב-20 תשלומים חודשיים שווים ורצופים החל מיום 1.10.24.",האם יש מקום לחרוג ממתחם הענישה לצרכי שיקום ולאמץ את המלצת שירות המבחן?,דיון והכרעה,דיון והכרעה,דיון והכרעה,דיון והכרעה,דיון והכרעה
ME-22-12-47987-640,"פקודת הסמים המסוכנים [נוסח חדש], תשל""ג-1973: סע'  13",nothing,מידע אחר,מידע אחר,מידע אחר,מידע אחר,מידע אחר
ME-22-12-47987-640,הנאשם הורשע על פי הודאתו בכתב אישום מתוקן בעבירה של ייבוא סם מסוכן לפי סעיף 13 לפקודת הסמים המסוכנים (נוסח חדש).,האישום והסדר הטיעון,עובדות המקרה,עובדות המקרה,עובדות המקרה,עובדות המקרה,עובדות המקרה
ME-22-12-47987-640,"על פי עובדות כתב האישום המתוקן,  הנאשם ועמית רחום (""עמית"")  הם בני דודים.",האישום והסדר הטיעון,עובדות המקרה,עובדות המקרה,עובדות המקרה,עובדות המקרה,עובדות המקרה
ME-22-12-47987-640,"בין התאריכים 23.10.2022  ל- 22.11.2022  שהה הנאשם בהודו.  במהלך שהותו בהודו  יצר הנאשם קשר עם עמית והוסכם ביניהם כי הנאשם ישלח אליו משלוח מהודו שיכיל סמים עבור הנאשם והוא ישלם לעמית בתמורה סך של  5,000ש""ח. עמית הסכים, אך ביקש כי במקום תשלום של 5,000 ₪ ייתן לו הנאשם סם מסוכן מסוג קטמין בשווי של 5,000 ₪ הנאשם הסכים ואמר לו כשיגיעו לארץ, יתחשבנו.",האישום והסדר הטיעון,עובדות המקרה,עובדות המקרה,עובדות המקרה,עובדות המקרה,עובדות המקרה
ME-22-12-47987-640,"עמית שלח לנאשם צילום דרכון ואת כתובת סבו של עמית, בקרית גת, שהיה ריק מדיירים כדי שלשם תמוען החבילה (""בית הסב"").",האישום והסדר הטיעון,עובדות המקרה,עובדות המקרה,עובדות המקרה,עובדות המקרה,עובדות המקרה
ME-22-12-47987-640,"במועד שאינו ידוע במדויק למאשימה, ולפני התאריך 23.11.22, בהתאם לתיאום, נשלחה חבילה מהודו הממוענת אל עמית בבית הסב, אשר הכילה 700 גרם נטו של סם מסוגKETAMINE  שהוסלקו בארבעה כדים בעלי דופן כפולה.  בנוסף הוכנסו לתוך החבילה בדים ותיקי בד צבעוניים (""החבילה עם הסם"").",האישום והסדר הטיעון,עובדות המקרה,עובדות המקרה,עובדות המקרה,עובדות המקרה,עובדות המקרה
ME-22-12-47987-640,"החבילה עם הסם נשלחה לישראל כשהיא מיועדת לעמית בכתובת הסב, ונכתב עליה מספר הטלפון הנייד של עמית.",האישום והסדר הטיעון,עובדות המקרה,עובדות המקרה,עובדות המקרה,עובדות המקרה,עובדות המקרה
ME-22-12-47987-640,"החבילה עם הסם הגיעה לישראל, אותרה ע""י חוקרי המכס והועברה למשטרת ישראל בתאריך 29.11.2022.",האישום והסדר הטיעון,עובדות המקרה,עובדות המקרה,עובדות המקרה,עובדות המקרה,עובדות המקרה
ME-22-12-47987-640,"ביום 30.11.22 במסגרת פעילות משטרתית נפתחה החבילה עם הסם, הוצאו משם שני כדים שהכילו כ- 350 גרם נטו של סם מסוג KETAMINE  ונותרו  בחבילה עם הסם שני כדים שהכילו כ- 350 גרם נטו של טם מסוכן מסוג KETAMINE.",האישום והסדר הטיעון,עובדות המקרה,עובדות המקרה,עובדות המקרה,עובדות המקרה,עובדות המקרה
ME-22-12-47987-640,"עמית, שלא ידע שהחבילה עם הסם נתפסה על ידי המשטרה, התקשר, בהנחיית הנאשם, לחברת השליחויות ולמשרדי המכס, כדי לברר היכן החבילה עם הסם. גם הנאשם התקשר לחברת השליחויות.",האישום והסדר הטיעון,עובדות המקרה,עובדות המקרה,עובדות המקרה,עובדות המקרה,עובדות המקרה
ME-22-12-47987-640,"ביום 5.12.22 בשעה 13:50 או בסמוך לכך ובמסגרת פעילות משטרתית, התקשר השוטר אנטון יודייב אל עמית הציג עצמו כשליח וביקש למסור לו את החבילה עם הסם. השוטר אנטון ועמית קבעו להיפגש בתחנת דלק לשם מסירת החבילה עם הסם.",האישום והסדר הטיעון,עובדות המקרה,עובדות המקרה,עובדות המקרה,עובדות המקרה,עובדות המקרה
ME-22-12-47987-640,"בשעה 14:06 או בסמוך לכך הגיע עמית לתחנת הדלק, ברכב מסוג הונדה שם נפגש עם השוטר אנטון, עמית הזדהה בשמו, קיבל את החבילה של הסם וחתם על קבלתה.",האישום והסדר הטיעון,עובדות המקרה,עובדות המקרה,עובדות המקרה,עובדות המקרה,עובדות המקרה
ME-22-12-47987-640,"לאחר האמור נסע עמית מתחנת הדלק ברכב ההונדה, עדכן את הנאשם שהחבילה עם הסם אצלו, ונסע צפונה כדי לפגוש את הנאשם ולמסור לו את החבילה עם הסם.",האישום והסדר הטיעון,עובדות המקרה,עובדות המקרה,עובדות המקרה,עובדות המקרה,עובדות המקרה
ME-22-12-47987-640,"עמית הגיע לפי הכוונתו של הנאשם, לשטח עפר  ונפגש עם הנאשם ושני חברים נוספים אשר הגיעו בטנדר סובארו. עמית מסר לנאשם את החבילה עם הסם. הנאשם פתח את החבילה והוציא ממנה את שני הכדים שהכילו כ- 350 גרם נטו של סם מסוכן מסוג KETAMINE מסר אותם לידי עמית ואמר לו לשים אותם במושב הנהג בהונדה. עמית עשה כן.",האישום והסדר הטיעון,עובדות המקרה,עובדות המקרה,עובדות המקרה,עובדות המקרה,עובדות המקרה
ME-22-12-47987-640,"כוח משטרה של ימ""ר לכיש שהגיע למקום עצר את הנאשם ואת עמית, ועיכב את שני חבריו של הנאשם. על מושב הנהג בהונדה נמצאו שני הכדים שהכילו כ- 350 גרם נטו של סם מסוכן מסוג KETAMINE.",האישום והסדר הטיעון,עובדות המקרה,עובדות המקרה,עובדות המקרה,עובדות המקרה,עובדות המקרה
ME-22-12-47987-640,"הנאשם במעשיו כמתואר בעובדות לעיל, בסיוע עמית ייבא שלא כדין לישראל סם מסוכן מסוג KETAMINE במשקל של 700 גרם נטו.",האישום והסדר הטיעון,עובדות המקרה,עובדות המקרה,עובדות המקרה,עובדות המקרה,עובדות המקרה
ME-22-12-47987-640,"הצדדים הגיעו להסדר טיעון לפיו הנאשם יודה בעובדות כתב האישום המתוקן, יורשע בעבירות המפורטות בו, ואין הסדר לעניין העונש.",האישום והסדר הטיעון,עובדות המקרה,עובדות המקרה,עובדות המקרה,עובדות המקרה,עובדות המקרה
ME-22-12-47987-640,הנאשם נעדר עבר פלילי.,הראיות לעונש,ראיות לעונש,ראיות לעונש,ראיות לעונש,ראיות לעונש,ראיות לעונש
ME-22-12-47987-640,"במסגרת הראיות לעונש מטעם הנאשם הוגש מסמך מכלא שקמה נ/1 ממנו עולה כי מיום מעצרו שולב הנאשם בקבוצת אדלר תקשורת במשפחה, 6 מפגשים, וסיימה, וכרגע הינו משולב בקבוצת התמודדות במעצר ובחוג מדיטציה.",הראיות לעונש,ראיות לעונש,ראיות לעונש,ראיות לעונש,ראיות לעונש,ראיות לעונש
ME-22-12-47987-640,"ב""כ המאשימה הודיע כי הוא מבקש להגיש מסמך ממשרד הבריאות ביחס לסם המסוכן אשר ייבא הנאשם. ב""כ הנאשם התנגד להגשת המסמך אשר טען כי הינו חוות דעת. לאור התנגדות ב""כ הנאשם הודיע ב""כ המאשימה כי הוא מוותר על הגשת המסמך הואיל והשתמע כי ב""כ הנאשם יבקש לחקור את עורכת המסמך.",הראיות לעונש,ראיות לעונש,ראיות לעונש,טיעוני הצדדים,ראיות לעונש,ראיות לעונש
ME-22-12-47987-640,"בהמשך ביקש ב""כ המאשימה להגיש מידע שהדפיס מאתר הכנסת והוסיף כי כאן אין לחקור את עורך המסמך, וב""כ הנאשם התנגד גם לכך.",הראיות לעונש,ראיות לעונש,ראיות לעונש,טיעוני הצדדים,ראיות לעונש,ראיות לעונש
ME-22-12-47987-640,"בהחלטה שניתנה נקבע כי אין להתיר הגשת המסמך הואיל וההגשה אינה על פי דיני הראיות. עוד נקבע כי ככל שב""כ המאשימה מעוניין להגיש ראיה כלשהיא הוא רשאי לעשות כן ובלבד שההגשה הינה על פי דיני הראיות. בעקבות זאת ב""כ המאשימה הודיע כי אינו מבקש להגיש ראיה כלשהי לעונש.",הראיות לעונש,ראיות לעונש,ראיות לעונש,מידע אחר,ראיות לעונש,ראיות לעונש
ME-22-12-47987-640,"יש להעיר כי לא היתה מניעה כי ב""כ המאשימה יפעלו להגשת חוות דעת על פי דיני הראיות, אולם לבסוף הם בחרו שלא לעשות כן. כדוגמא להגשת חוות דעת ר' ע""פ 4346/21 מ""י נ' עצטה (28.7.2021), שם הוגשה חוות דעת בהסכמה, ביחס לסם מסוכן מסוג אחר. מובן שהגשה על פי דיני הראיות אינה צריכה להסכמה.",הראיות לעונש,ראיות לעונש,ראיות לעונש,מידע אחר,ראיות לעונש,ראיות לעונש
ME-22-12-47987-640,בעניינו של הנאשם הוגש תסקיר שירות מבחן אשר יפורט אך בחלקו לאור צנעת הפרט.,תסקיר שירות מבחן,תסקיר שירות מבחן,תסקיר שירות מבחן,תסקיר שירות מבחן,תסקיר שירות מבחן,תסקיר שירות מבחן
ME-22-12-47987-640,"על פי התסקיר, הנאשם כבן 27, גרוש ואב לילדה, לא גויס לצבא בשל בעיות בריאות. הנאשם נעדר עבר פלילי, החל לצרוך סמים בגיל 13 בנסיבות חברתיות, ומגיל 17 החל לצרוך סמים מסוג קוקאין ו – LSD. לדבריו לא צרך כלל סמים מזה כ – 7 שנים, ואולם נכתב כי בחקירת המעצר עלה מידע שונה, כי אינו צורך סמים מזה כשנתיים. הנאשם שלל בעייתיות ונזקקות טיפולית בחום ההתמכרויות. הנאשם קיבל אחריות, ביטא חרטה על התנהלותו, והכרה בחומרת מעשיו.",תסקיר שירות מבחן,תסקיר שירות מבחן,תסקיר שירות מבחן,תסקיר שירות מבחן,תסקיר שירות מבחן,תסקיר שירות מבחן
ME-22-12-47987-640,"הנאשם השתתף בקבוצות טיפוליות שונות בעת מעצרו, ומסר כי נתרם מהן.",תסקיר שירות מבחן,תסקיר שירות מבחן,תסקיר שירות מבחן,תסקיר שירות מבחן,תסקיר שירות מבחן,תסקיר שירות מבחן
ME-22-12-47987-640,"לאחר בחינת גורמי סיכון, מתקשה שירות המבחן להעריך את מצבו של הנאשם בתחום הסמים, ואת מידת קרבתו ועומק קשריו עם חברה שולית.",תסקיר שירות מבחן,תסקיר שירות מבחן,תסקיר שירות מבחן,תסקיר שירות מבחן,תסקיר שירות מבחן,תסקיר שירות מבחן
ME-22-12-47987-640,"לאור מאפייני אישיותו, חומרת העבירה והשלכותיה על הסביבה, ושלילת נזקקות טיפולית בתחום ההתמכרויות או אחר, לא בא שירות המבחן בהלצה טיפולית בענינו.",תסקיר שירות מבחן,תסקיר שירות מבחן,תסקיר שירות מבחן,תסקיר שירות מבחן,תסקיר שירות מבחן,תסקיר שירות מבחן
ME-22-12-47987-640,"לנאשם היה מסייע ששמו מופיע בכתב האישום אך הנאשם הוא הדמות המרכזית העומדת מאחורי ייבוא הסם. במסגרת פסקי הדין שצוינו ע""י המאשימה ומוגשים לבית המשפט, עוסקים גזרי הדין בעיקרם בעבירות של ייבוא סמים מסוג מטאמפטאמינים, ונטען כי סם הקטמין על השפעותיו, אופן השימוש בו והמסוכנות מהפצתו, דומה לסם המטאמפטאמינים וחבריו, ומשכך יש לגזור גזירה שווה ביחס לעונש שיש להשית על הנאשם בגין עבירת הייבוא.","5.	לטענת ב""כ המאשימה:",טיעוני הצדדים,טיעוני הצדדים,עובדות המקרה,טיעוני הצדדים,טיעוני הצדדים
ME-22-12-47987-640,"ביחס לנסיבות הקשורות לביצוע העבירה, נטען כי קדם לה תכנון, הנאשם הוא שהגה והוציא אל הפועל את ביצוע העבירה, והנזק שהיה צפוי להיגרם מביצוע העבירה, ככל שהנאשם לא היה נתפס, הינו רב ומשמעותי לאור כך שמדובר בכמות גדולה של סם, ואין לזקוף את העובדה שלא נגרם נזק לזכותו של הנאשם, והנזק נמנע רק בשל עבודה משטרתית חקירתית ומודיעינית.","5.	לטענת ב""כ המאשימה:",טיעוני הצדדים,טיעוני הצדדים,טיעוני הצדדים,טיעוני הצדדים,טיעוני הצדדים
ME-22-12-47987-640,"מתחם העונש ההולם שהמאשימה סבורה שצריך להיקבע בעניינו של הנאשם, נע בין 40 ל- 70 חודשי מאסר בפועל. במסגרת גזירת העונש בתוך המתחם, יש לזקוף לזכותו של הנאשם את הודאתו וחסכון זמן שיפוטי. התסקיר אינו בא בהמלצה וגם מבחינת תוכנו, אנו סבורים שאינו מעלה ואינו מוריד בעניינו, ולאור האמור, התבקש למקם את עונשו של הנאשם בשליש התחתון של מתחם העונש ההולם.","5.	לטענת ב""כ המאשימה:",טיעוני הצדדים,טיעוני הצדדים,טיעוני הצדדים,טיעוני הצדדים,טיעוני הצדדים
ME-22-12-47987-640,"בנוסף, התבקש להשית מאסר על תנאי, פסילת רישיון נהיגה בפועל ועל תנאי וקנס משמעותי ויש חשיבות רבה לרכיב ענישה כלכלי משמעותי שירתיע את הנאשם ואחרים מלבצע עבירות דומות אשר מבוצעות ברגיל מתוך רצון לעשות רווח מהיר.","5.	לטענת ב""כ המאשימה:",טיעוני הצדדים,טיעוני הצדדים,טיעוני הצדדים,טיעוני הצדדים,טיעוני הצדדים
ME-22-12-47987-640,"הנאשם צעיר, בן 27, הודה ונטל אחריות מלאה על מעשיו.","5.	לטענת ב""כ המאשימה:",טיעוני הצדדים,טיעוני הצדדים,ראיות לעונש,טיעוני הצדדים,טיעוני הצדדים
ME-22-12-47987-640,"אין להקל ראש בעבירה שביצע הנאשם והוא צריך להיענש על כך, אין מחלוקת אך לא באופן ובדרך שבה מציעה המאשימה וגם לא במתחם שמציינת המאשימה שנטען כי הוא מנותק מהפסיקה שמוגשת על ידי ההגנה. כל פסקי הדין שהמאשימה הגישה, הם בעבירה של ייבוא סם אחר, זה לא סם הקטמין.","5.	לטענת ב""כ המאשימה:",טיעוני הצדדים,טיעוני הצדדים,טיעוני הצדדים,טיעוני הצדדים,טיעוני הצדדים
ME-22-12-47987-640,"מדובר במי שעצור תקופה ממושכת מאוד, מ- 4/12/22. כפי שעולה מהתסקיר, הוא עצור, בין היתר, בשל העדר חלופה, לו היה משוחרר, ניתן היה לשלבו בטיפול בקהילה, בעבודה. מדובר בנאשם עם פוטנציאל שיקומי טוב, שקיים אורח חיים נורמטיבי ותקין עד למעצרו.","5.	לטענת ב""כ המאשימה:",טיעוני הצדדים,טיעוני הצדדים,תסקיר שירות מבחן,טיעוני הצדדים,טיעוני הצדדים
ME-22-12-47987-640,"התסקיר חיובי, כבר עולה שהנאשם משלם מחיר על מעשיו, הוא גרוש, יש לו בת קטנה כבת שנתיים וחצי, אלה השנים הקריטיות, והנאשם לא זוכה לראותה בגלל מעשיו, וזה קושי ומחיר עצום, והתבקש להתחשב גם בכך. הנאשם איבד חבר, שותף לעסק בתחום התאורה וההגברה שעבד במסיבה ב""נובה"". זה לא בא לידי ביטוי בתסקיר כי הוא הוגש טרם המלחמה, וזו גם התמודדות קשה עם האובדן של חברו. מהתסקיר עולה שהנאשם מדבר בכנות, בשקיפות עם שרות המבחן, החל מהאבחנה בצעירותו כלוקה בהפרעות קשב וריכוז, שילוב בפנימייה, הקמת העסק של חברה להגברה ותאורה שעובדת עד היום וגם גילוי לב, שאומר לשרות המבחן כי צרך סמים בעברו. לעניין ביצוע העבירה, יש נטילת אחריות וביטוי חרטה על מעשיו והכרה בחומרת המעשים. באשר לנסיבות ביצוע העבירה, מדברים על תקופה, מבלי שזה ישמע כטריגר חלילה, מדובר בתקופה רגישה בחייו של הנאשם לאחר הליך גירושין.","5.	לטענת ב""כ המאשימה:",טיעוני הצדדים,טיעוני הצדדים,תסקיר שירות מבחן,טיעוני הצדדים,טיעוני הצדדים
ME-22-12-47987-640,"לא מדובר במי שמכור לסמים, לא ניתן לשלבו בהליך טיפולי בשירות המבחן כי הוא עצור ולא ניתן לשלבו בטיפול בקהילה וזו הסיבה שאין המלצה טיפולית.","5.	לטענת ב""כ המאשימה:",טיעוני הצדדים,טיעוני הצדדים,תסקיר שירות מבחן,טיעוני הצדדים,טיעוני הצדדים
ME-22-12-47987-640,"לסם קטמין יש גם שימוש חוקי, זה מופיע ברשימת החומרים הפסיכותראופטים, תוספת 4 של אמנת האו""ם. הוא מופיע גם בפקודת הסמים וזו עבירה. זה גם משמש לטיפול בדיכאון, בין היתר. הוא נמצא בפקודת הסמים המסוכנים.","5.	לטענת ב""כ המאשימה:",טיעוני הצדדים,טיעוני הצדדים,תסקיר שירות מבחן,טיעוני הצדדים,טיעוני הצדדים
ME-22-12-47987-640,"מתחם העונש ההולם הוא מאסר שיכול וירוצה בעבודות שרות ועד למאסר בפועל בן 18 חודשים. יש למקם את הנאשם שהודה ונעדר עבר, בתחתית המתחם.","5.	לטענת ב""כ המאשימה:",טיעוני הצדדים,טיעוני הצדדים,דיון והכרעה,טיעוני הצדדים,טיעוני הצדדים
ME-22-12-47987-640,"הנאשם עצור עד תום ההליכים, ולאור הזמן שחלף וההרתעה והמשברים שחווה והתפקוד התקין שלו עד לביצוע העבירה ובין כתלי הכלא, התבקש להסתפק בימי מעצרו.","5.	לטענת ב""כ המאשימה:",טיעוני הצדדים,טיעוני הצדדים,דיון והכרעה,טיעוני הצדדים,טיעוני הצדדים
ME-22-12-47987-640,"הנאשם אמר כי עצם העובדה שייחסו סם שהוא סם אונס מביישת אותו. יש לו אחות קטנה בת 20 שחלילה לא יקרה לה דבר כזה, ויש לו ילדה שהוא לא יכול לחשוב שיקרה לה דבר כזה, זאת לא היתה כוונתו. נאמר שהוא לקח אחריות, היה בתקופה מבולבלת וזה לא מצדיק את מעשיו, והוא מצטער מאוד.","5.	לטענת ב""כ המאשימה:",טיעוני הצדדים,טיעוני הצדדים,דיון והכרעה,טיעוני הצדדים,טיעוני הצדדים
ME-22-12-47987-640,"בביצוע העבירה פגע הנאשם בערכים המוגנים שהם שמירה על הסדר החברתי, שלטון החוק, שלום הציבור, והצורך למנוע השלכות פליליות וחברתיות הנובעות מהסם המסוכן.",הערכים המוגנים ומתחם העונש ההולם,דיון והכרעה,דיון והכרעה,דיון והכרעה,דיון והכרעה,דיון והכרעה
ME-22-12-47987-640,"הצורך להילחם בעבירות הסמים בכלל ובעבירות הייבוא בפרט, מודגש שוב ושוב בפסיקה. חומרת עבירות אלו, קיבלה ביטוי בענישה אשר נקבעה בחוק לצידן, ולצד העבירה של יבוא סם מסוכן מאסר למשך 20 שנים.",הערכים המוגנים ומתחם העונש ההולם,דיון והכרעה,דיון והכרעה,דיון והכרעה,דיון והכרעה,דיון והכרעה
ME-22-12-47987-640,"בייבוא סמים מסוכנים למדינת ישראל חומרה יתירה, ונפנה לדברים הבאים מע""פ 3249/12 עופר בנאום משה נ' מ""י (13.5.2013): ""בית משפט זה עמד פעמים רבות על החומרה הרבה המגולמת בעבירות שתכליתן החדרת סמים לתוך מדינת ישראל, והדברים מקבלים משנה תוקף כאשר מדובר בכמות כה גדולה של סם הקוקאין. יפים לענייננו הדברים שנקבעו ב-ע""פ 9482/09 ביטון נ' מדינת ישראל [פורסם בנבו] (24.07.2011): ""אכן, נגע הסמים הפוגע קשות בחברתנו מחייב מלחמת חורמה והעונשים שיגזרו על ידי בתי המשפט בשל עבירות סמים צריכים להשתלב במאבק הכולל להדברת הנגע. על כן, יש ליתן משקל ממשי לשיקול ההרתעתי אל מול השיקולים האישיים, אשר משקלם יהיה נמוך יותר במקרים כגון אלה. 'עונש הולם למחזיקי סמים שלא לשימוש עצמי – קרי: למשולבים במערך ההפצה – מכוון לקבוע בהכרת הכל את החומרה היתירה שאנו מייחסים להפצת הסמים, ולהרתיע עבריינים בכוח מלשלוח ידם בפעילות ההפצה. שתי תכליות מרכזיות אלו ניתן להשיג רק על ידי הטלת עונשים חמורים' ...""""",הערכים המוגנים ומתחם העונש ההולם,דיון והכרעה,דיון והכרעה,דיון והכרעה,דיון והכרעה,דיון והכרעה
ME-22-12-47987-640,"והדברים הבאים מע""פ 3759/03, תמיר נ' מ""י (19.2.2004): ""בעבירות של יבוא, יצוא, מסחר והספקה של סם מסוכן יש ליתן משקל נכבד ביותר בין מכלול שיקולי הענישה לשיקול של ההרתעה, וזאת על מנת להזהיר ולהעביר מסר חד וברור לעבריינים פוטנציאליים, מהו העונש הצפוי להם בגין עסקי הסמים למיניהם"".",הערכים המוגנים ומתחם העונש ההולם,דיון והכרעה,דיון והכרעה,דיון והכרעה,דיון והכרעה,דיון והכרעה
ME-22-12-47987-640,"לעניין חומרת עבירות הסמים, הצורך במלחמה בהן ונסיגת השיקולים האישיים של העבריין מפני אלו הקשורים בנזק אשר מביאים הסמים, ר' ע""פ 6029/06 מדינת ישראל  נ. שמאי, פד""י נח' (2) 734, רע""פ 4267/05 בוקובזה נ. מדינת ישראל  (11.5.2005), שם לא קיבל בימ""ש המלצת שירות המבחן תוך הדגשת המאבק בנגע הסמים,  ע""פ 7070/03 עמיעד זניד נ. מדינת ישראל , (3.4.2006), ע""פ 6373/06 מדינת ישראל  נ. אלנשאמי (6.9.2006), ע""פ 411/04 טטרו נ. מדינת ישראל  (9.1.2006) וע""פ 3759/03 תמיר נ. מדינת ישראל  (19.2.2004) שם נקבע כי יש משקל לשיקול ההרתעה ע""מ להזהיר ולהעביר מסר ברור לעבריינים פוטנציאלים.",הערכים המוגנים ומתחם העונש ההולם,דיון והכרעה,דיון והכרעה,דיון והכרעה,דיון והכרעה,דיון והכרעה
ME-22-12-47987-640,"נסיבות ביצוע עבירת יבוא הסם המסוכן על ידי הנאשם חמורות בכמה היבטים. הנסיבות מצביעות על תכנון מוקדם ומדוקדק, ועל הפעלה של אחר לצורך ביצוע העבירה.",הערכים המוגנים ומתחם העונש ההולם,דיון והכרעה,דיון והכרעה,דיון והכרעה,דיון והכרעה,דיון והכרעה
ME-22-12-47987-640,"הנאשם הינו הגורם המרכזי, המתכנן והמוציא אל הפועל של העבירה, תוך הסתייעות באחר והפעלתו.",הערכים המוגנים ומתחם העונש ההולם,דיון והכרעה,דיון והכרעה,דיון והכרעה,דיון והכרעה,דיון והכרעה
ME-22-12-47987-640,"הנאשם מתכנן ומבצע את היבוא למקום שהוא מתכנן מראש, גורם ליבוא ארבעה כדים בעלי דופן כפולה בהם הוסלקו הסמים במשקל של 700 גרם נטו.",הערכים המוגנים ומתחם העונש ההולם,דיון והכרעה,דיון והכרעה,דיון והכרעה,דיון והכרעה,דיון והכרעה
ME-22-12-47987-640,"הנאשם מנחה את המסייע לו להתקשר ולהגיע ברכב לקבלת הסם המסוכן, מתעדכן במהלך הדברים, מכווין אותו ולבסוף מקבל שני כדים שהותירה המשטרה בחבילה ואומר לו לשים אותם במושב הנהג של רכב.",הערכים המוגנים ומתחם העונש ההולם,דיון והכרעה,דיון והכרעה,דיון והכרעה,דיון והכרעה,דיון והכרעה
ME-22-12-47987-640,"נסיבות אלו של יבוא סם מסוכן בכמות גדולה של 700 גרם, תוך תכנון, הסלקה והכל תוך הפעלת אחר ומעורבות של גורמים נוספים, מעמידות את העבירה אשר ביצע הנאשם ברף גבוה של חומרה, בנסיבות בה בוצעה.",הערכים המוגנים ומתחם העונש ההולם,דיון והכרעה,דיון והכרעה,דיון והכרעה,דיון והכרעה,דיון והכרעה
ME-22-12-47987-640,"אשר לסוג הסם המסוכן ומידת פגיעתו, ב""כ המאשימה בחרו שלא להביא כל ראיה, על פי דיני הראיות, אך מדובר בכמות גדולה, ומדובר בנסיבות חמורות של ביצוע העבירה.",הערכים המוגנים ומתחם העונש ההולם,דיון והכרעה,דיון והכרעה,דיון והכרעה,דיון והכרעה,דיון והכרעה
ME-22-12-47987-640,"לטיבו של הסם, אפנה לאמור בת.פ. (מחוזי מרכז-לוד) 1352-08-22 מ""י נ' אקסל דוד ניסים אסייה (10.8.2023) (אליו הפנה ב""כ הנאשם ביחס לענישה), שם נקבע ביחס לסם זה כי:",הערכים המוגנים ומתחם העונש ההולם,דיון והכרעה,דיון והכרעה,דיון והכרעה,דיון והכרעה,דיון והכרעה
ME-22-12-47987-640,כל אלו מביאים למסקנה כי הפגיעה בערכים המוגנים על ידי הנאשם הינה ברף גבוה.,הערכים המוגנים ומתחם העונש ההולם,דיון והכרעה,דיון והכרעה,דיון והכרעה,דיון והכרעה,דיון והכרעה
ME-22-12-47987-640,"לקביעת מתחם העונש ההולם היבט אינדיבידואלי הקשור למקרה המסוים הנדון, ולנסיבות המסויימות של ביצוע העבירה. ר' ע""פ 1323/13 חסן ואח' נ' מדינת ישראל  (5.6.2013), המתייחס לצביון האינדיבידואלי אשר העניק המחוקק לשלב עיצוב המתחם. לאור זאת, את הפסיקה להלן יש לאבחן בהתייחס לנסיבות כל מקרה. הפסיקה אליה הפנו ב""כ המאשימה הינה לסוגי סמים אחרים, אך אין בכך כדי לשלול את ההתייחסות לפסיקה זו ולהתייחסות העונשית לעבירות ייבוא סמים מסוכנים. ב""כ הנאשם הפנה לענישה שכוללת גם עבירות בסם המסוכן קטמין, ואולם אינני מוצא כי יש בפסיקה אליה הפנה כדי להביא לעתירתו לקביעת מתחם עונש הולם כאמור לעיל, כך גם לא רק משקל הסמים קובע את הענישה, אלא מכלול הנסיבות בכל מקרה.",הערכים המוגנים ומתחם העונש ההולם,דיון והכרעה,דיון והכרעה,דיון והכרעה,דיון והכרעה,דיון והכרעה
ME-22-12-47987-640,"בע""פ 7757-21 אהרון קיי מרזוקי נ' מ""י (24.5.22) הורשע המערער בעבירות של יבוא סם מסוכן ושיבוש הליכי משפט בכך שייבא לישראל יחד עם אחר סם מסוכן מסוג מתאמפטמין במשקל של 2.975 ק""ג, יחד עם אחר. נקבע מתחם עונש הולם הכולל מאסר הנע בין 28 לבין 40 חודשים ונגזרו 28 חודשי מאסר בפועל, לצד ענישה נלווית. הערעור נדחה ונקבע: ""לא אחת הדגיש בית משפט זה את החומרה היתרה שנלווית לעבירות סמים ובפרט לעבירות שעניינן יבוא והפצת סמים מסוכנים. זאת, שכן בעבירות אלו יש כדי לסכן את שלום הציבור ולהרחיב את מעגל המשתמשים בסמים והמכורים להם ... כן נקבע בפסיקה, כי יש להטיל ענישה מחמירה ומרתיעה על מבצעי עבירות סמים, מתוך מטרה לתמוך במאבק למיגורן..."".",הערכים המוגנים ומתחם העונש ההולם,דיון והכרעה,דיון והכרעה,דיון והכרעה,דיון והכרעה,דיון והכרעה
ME-22-12-47987-640,"ברע""פ 3569-20 ארנל אלטאראוס נ' מ""י (7.6.20) הורשע המבקש לאחר שמיעת ראיות בביצוע עבירות של יבוא סם מסוכן וקשירת קשר לביצוע פשע, בכך שכאשר שהה בישראל יצר קשר עם אחר או אחרים במטרה לייבוא סם מסוג מתאמפיטמין לישראל. אדם אחר שלח חבילה מהפיליפינים לישראל, המכילה תיקיית קרטון ובה הוסלקו 14 שקיות שקופות, שבכל אחת מהן סם מסוכן מסוג מתאמפיטמין, במשקל כולל של כ-50 גרם נטו. החבילה לישראל הגיעה, נתפסה על ידי המכס והועברה למשטרה. המבקש נעצר במשרדי חברת השילוח לאחר שהציג את שובר החבילה. נקבע מתחם עונש הולם הנע בין 18 ל – 36 חודשי מאסר, ונגזר עונש של 22 חודשי מאסר בפועל לצד קנס בסך 7,500 ₪ וענישה נלווית. ערעור ובקשת רשות ערעור נדחו.",הערכים המוגנים ומתחם העונש ההולם,דיון והכרעה,דיון והכרעה,דיון והכרעה,דיון והכרעה,דיון והכרעה
ME-22-12-47987-640,"בע""פ 4659/12 סקלם סיריפונג נ' מ""י (22.10.2012) הורשע המערער בעבירת ייבוא סם מסוכן מסוג מתאמפטמין (1084 כדורים) וקשירת קשר לביצוע פשע, כאשר מסר לאדם שזהותו אינה ידועה את כתובת הדואר שלו בישראל וזה שלח לו חבילת דואר ובה הסם. נכרת הסדר טיעון אשר כלל רף עליון של 24 חודשים, ונגזר עונש של 18 חודשי מאסר, וזאת בשים לב להעדר עבר פלילי, גיל צעיר והיות המערער אזרח זר, והודגש כי מדובר בענישה ברף תחתון בעבירות דומות. הערעור נדחה.",הערכים המוגנים ומתחם העונש ההולם,דיון והכרעה,דיון והכרעה,דיון והכרעה,דיון והכרעה,דיון והכרעה
ME-22-12-47987-640,"בע""פ 1635/14 שי יהודה נ' מ""י (21.8.2014) הורשע המערער בעבירות של ייבוא סם מסוכן, החזקת סם מסוכן שלא לצריכה עצמית, קשירת קשר לביצוע פשע, והסתייעות ברכב לביצוע פשע, כאשר המערער שלח באמצעות דודו בדואר שתי חבילות שהכילו סם מסוכן מסוג Methylmethcathione (שנקבע כי ידוע כ - ""סם פיצוציות"") בכמות של כ – 8 ק""ג. על המערער נגזר עונש של 30 חודשי מאסר בפועל.  ביהמ""ש המחוזי קבע את מתחם העונש הנע בין 40 חודשים ל-6 שנות מאסר, וחרג לקולא נוכח נסיבותיו האישיות של המערער, וכן נוכח ההסכמה של המאשימה לעתור ל – 30 חדשי מאסר. ביהמ""ש העליון ציין את חומרת ייבוא סם והערעור נדחה.",הערכים המוגנים ומתחם העונש ההולם,דיון והכרעה,דיון והכרעה,דיון והכרעה,דיון והכרעה,דיון והכרעה
ME-22-12-47987-640,"בעפ""ג (י-ם) 39067-10-19 מ""י נ' אתי זקן (19.2.2020) אליו הפנה ב""כ הנאשם הורשע המשיב ביבוא סם מסוכן מסוג קטמין בנפח 311 מיליליטר אותם איחסן בבקבוקונים וסם מסוכן מסוג חשיש במשקל 6.75 גרם, הוא הטמינם בין חפציו ובגדיו ושלח בחבילה לבית הוריו, ואסף את החבילה באמצעות יפוי כח מאימו. נקבע מתחם עונש הולם הנע בין מאסר קצר בעבודות שירות עד 7 חדשי מאסר, ובחריגה מהמתחם משיקולי שיקום הוטל של""צ, מאסר מותנה וצו מבחן. ערעור המדינה על קולת העונש נדחה, תוך שצוין כי מקובלת מסקנת בית משפט קמא ביחס לשיקום משמעותי ומוצלח. הואיל והענישה שם, החריגה לקולא, ענינה בהליך השיקומי, אין הדבר ישים ביחס לנאשם כאן. ביחס למתחם שנקבע שם בבית משפט השלום, הנסיבות כאן חמורות באופן משמעותי.",הערכים המוגנים ומתחם העונש ההולם,דיון והכרעה,דיון והכרעה,דיון והכרעה,דיון והכרעה,דיון והכרעה
ME-22-12-47987-640,"הנאשם ייבא סם מסוכן תוך תכנון, הסלקה והפעלת גורמים נוספים, כאשר מדובר בסם מסוכן בכמות גדולה, סם אשר כאמור בת.פ. (מחוזי מרכז-לוד) 1352-08-22 מ""י נ' אקסל דוד ניסים אסייה (10.8.2023) ""... נכלל בקבוצת הסמים הקשים, מכונה ""סם המועדונים"" או ""סם האונס"", לרוב נעדר טעם, צבע וריח וגורם לתופעות לוואי חמורות.""",הערכים המוגנים ומתחם העונש ההולם,דיון והכרעה,דיון והכרעה,דיון והכרעה,דיון והכרעה,דיון והכרעה
ME-22-12-47987-640,מדובר בכמות גדולה אשר מובן כי נועדה להפצה ולבצע כסף.,הערכים המוגנים ומתחם העונש ההולם,דיון והכרעה,דיון והכרעה,דיון והכרעה,דיון והכרעה,דיון והכרעה
ME-22-12-47987-640,"על מתחם העונש ההולם לבטא את חומרת נסיבות ביצוע העבירה, ולבטא את הצורך במענה עונשי מחמיר לפגיעה ברף הגבוה בערכים המוגנים, ולענין זה נפנה לע""פ 5826/19 מ""י נ' רפאל (21.1.2020) בו נקבע: ""הצטברות נסיבות החומרה בעניינו של המשיב וכפי שפירטתי לעיל, אינו מותיר איפוא מקום לשקול ענישה שלא ייכלל בה רכיב של ריצוי מאסר בפועל כאמירה נורמטיבית המכוונת להילחם בתופעת הפצת הסם על כל חוליותיה.""",הערכים המוגנים ומתחם העונש ההולם,דיון והכרעה,דיון והכרעה,דיון והכרעה,דיון והכרעה,דיון והכרעה
ME-22-12-47987-640,"על המתחם לבטא את האמירה הנורמטיבית לשורת הנסיבות המחמירות, הן היבוא, הן נסיבות ביצועו והן סוג הסם המסוכן המיובא וכמותו.",הערכים המוגנים ומתחם העונש ההולם,דיון והכרעה,דיון והכרעה,דיון והכרעה,דיון והכרעה,דיון והכרעה
ME-22-12-47987-640,"לאור כל האמור לעיל, אני מוצא כי מתחם העונש ההולם לעבירה בנסיבות ביצועה ככולל מאסר בפועל בין 30 ל – 60 חודשים.",הערכים המוגנים ומתחם העונש ההולם,דיון והכרעה,דיון והכרעה,דיון והכרעה,דיון והכרעה,דיון והכרעה
ME-22-12-47987-640,"ההיבט הכלכלי המובהק בביצוע העבירה על ידי הנאשם, לצד הצורך להרתיע גם ביחס למניע זה, מצריך כי המענה העונשי יכלול קנס משמעותי, אשר במסגרתו יש להביא את מצבו הכלכלי של הנאשם. יש לציין כי לא הובאו בפני נתונים לקושי כלכלי.",הערכים המוגנים ומתחם העונש ההולם,דיון והכרעה,דיון והכרעה,דיון והכרעה,דיון והכרעה,דיון והכרעה
ME-22-12-47987-640,"להטלת קנסות בעבירות אלו ר' ע""פ 3669-14 משה גולן נ' מ""י (18.12.16), שם הורשע המערער בעבירות קשירת קשר לביצוע פשע וייבוא סמים מסוכנים מסוג קוקאין, ונגזרו עליו 6.5 שנות מאסר בפועל, מאסר על-תנאי ותשלום קנס בסך של 20,000 ש""ח. נקבע לענין הקנס: ""לבסוף ולעניין הקנס, בית המשפט המחוזי קבע בדין כי יש להטיל על המערער גם עונש של קנס, הואיל ולעבירות סמים יש ""ערך"" כלכלי, ויש להרתיע מביצוען גם באמצעות פגיעה ב""כיס"" של המבצעים (ראו עניין שץ, בפסקה 49) – כך בין אם עסקת הסמים הושלמה והכסף מצא דרכו לכיסם של העבריינים, ובין אם לאו. מעיון בפסקי הדין שנזכרו בפסקה 20 לעיל ובפסקי דין נוספים בעבירות סמים (ראו למשל, עניין שץ; ע""פ 1348/08 איסטחרוב נ' מדינת ישראל [פורסם בנבו] (18.5.2009)) עולה כי עונשי הקנס שהושתו בגין ביצוע העבירות שבהן הורשע המערער מצויים בטווח רחב, ונעים בין 2,000 ל-30,000 ש""ח. הקנס שהושת על המערער מצוי אפוא – בניגוד לטענת המערער – בגדרי המדיניות הנוהגת; ובהתאם לכך לא מצאתי מקום להתערב ברכיב זה בגזר הדין.""",הערכים המוגנים ומתחם העונש ההולם,דיון והכרעה,דיון והכרעה,דיון והכרעה,דיון והכרעה,דיון והכרעה
ME-22-12-47987-640,"בע""פ 4346-21 מ""י נ' רועי עצטה (28.7.21) הורשעו המשיבים בעבירה של יבוא סם מסוכן, בכך שייבאו סם מסוכן מסוג GBL במשקל של 4.315 ליטרים, ונגזר עליהם, בין היתר, קנס בסך של 10,000 ש""ח לכל אחד.",הערכים המוגנים ומתחם העונש ההולם,דיון והכרעה,דיון והכרעה,דיון והכרעה,דיון והכרעה,דיון והכרעה
ME-22-12-47987-640,"ברע""פ 3569-20 ארנל אלטאראוס נ' מ""י (7.6.20) המבקש ייבא חבילה ובה הוסלקו 14 שקיות שקופות, שבכל אחת מהן סם מסוכן מסוג מתאמפיטמין, במשקל כולל של כ-50 גרם נטו, הטרשע בייבוא וקשירת קשר לביצוע פשע והוטל עליו קנס בסך 7,500 ₪.",הערכים המוגנים ומתחם העונש ההולם,דיון והכרעה,דיון והכרעה,דיון והכרעה,דיון והכרעה,דיון והכרעה
ME-22-12-47987-640,"לאור מכלול הנסיבות, אני מוצא כי מתחם הקנס בנסיבות ביצוע העבירה, ובהיעדר אינדיקציות לקושי כלכלי, נע בין 10,000 ל – 50,000 ₪.",הערכים המוגנים ומתחם העונש ההולם,דיון והכרעה,דיון והכרעה,דיון והכרעה,דיון והכרעה,דיון והכרעה
ME-22-12-47987-640,הנאשם יליד 1996 ונעדר עבר פלילי. אינני מוצא הליך שיקומי  או שיקולי שיקום אשר יש בהם כדי להביא לירידה אל מתחת למתחם העונש ההולם.,הענישה ,דיון והכרעה,דיון והכרעה,דיון והכרעה,דיון והכרעה,דיון והכרעה
ME-22-12-47987-640,"על שיקולי הרתעת הרבים והרתעת היחיד לקבל משקל, ואולם לאחר ששקלתי את נסיבותיו האישיות של הנאשם, כפי שעולות מהתסקיר, היותו אב לילדה, גילו הצעיר והיעדר עבר פלילי, ושאר הנסיבות המפורטות שם, אני מוצא לנכון שלא להחמיר עימו מעל הרף התחתון של המתחם.",הענישה ,דיון והכרעה,דיון והכרעה,דיון והכרעה,דיון והכרעה,דיון והכרעה
ME-22-12-47987-640,"כך גם לגבי רכיב הפסילה שהתבקש, משיקולים הקשורים בשיקומו של הנאשם, אני מוצא שלא להטיל פסילה, שכן מובן שלנאשם יהיה צורך ברישיון לצורך פרנסתו לאחר השחרור.",הענישה ,דיון והכרעה,דיון והכרעה,דיון והכרעה,דיון והכרעה,דיון והכרעה
ME-22-12-47987-640,"אשר לקנס – גם כאן אני מוצא להטילו ברף התחתון של המתחם, מאותם שיקולים.",הענישה ,דיון והכרעה,דיון והכרעה,דיון והכרעה,דיון והכרעה,דיון והכרעה
ME-22-12-47987-640,"מאסר - מאסר בפועל לתקופה של  30 חודשים, בניכוי ימי מעצרו על פי רישומי שב""ס.","12.	לאור כל האמור, אני גוזר על הנאשם את העונשים הבאים: ",דיון והכרעה,דיון והכרעה,דיון והכרעה,דיון והכרעה,דיון והכרעה
ME-22-12-47987-640,"5129371מאסר על תנאי - מאסר על תנאי לתקופה של 12 חודשים. הנאשם יישא בעונש זה אם בתקופה של שלוש שנים מיום שחרורו יעבור על עבירה מסוג פשע לפי פקודת הסמים המסוכנים (נוסח חדש), התשל""ג – 1973.","12.	לאור כל האמור, אני גוזר על הנאשם את העונשים הבאים: ",דיון והכרעה,דיון והכרעה,דיון והכרעה,דיון והכרעה,דיון והכרעה
ME-22-12-47987-640,"54678313קנס - קנס בסך 10,000 ש""ח או מאסר למשך 50 יום תחתיו; הקנס ישולם ב- 10 תשלומים חודשיים שווים ורצופים. התשלום הראשון ישולם בתוך 120 יום מהיום ויתר התשלומים מידי 30 יום לאחר מכן.","12.	לאור כל האמור, אני גוזר על הנאשם את העונשים הבאים: ",דיון והכרעה,דיון והכרעה,דיון והכרעה,דיון והכרעה,דיון והכרעה
ME-23-01-46786-206,"פקודת הסמים המסוכנים [נוסח חדש], תשל""ג-1973: סע'  13, 19א",nothing,מידע אחר,מידע אחר,מידע אחר,מידע אחר,מידע אחר
ME-23-01-46786-206,"חוק העונשין, תשל""ז-1977: סע'  31, 58, 40יג, פרק ו'",nothing,מידע אחר,מידע אחר,מידע אחר,מידע אחר,מידע אחר
ME-23-01-46786-206,הנאשם הודה והורשע במסגרת הסדר טיעון בכתב אישום מתוקן בשני אישומים. האישום הראשון בעבירה של סחר בסם מסוכן – עבירה לפי סעיפים 13 + 19א לפקודת הסמים המסוכנים. האישום השני בעבירה של סיוע לסחר בסם מסוכן – עבירות לפי סעיפים 13 + 19א לפקודת הסמים המסוכנים + סעיף 31 לחוק העונשין.,כללי,עובדות המקרה,עובדות המקרה,עובדות המקרה,עובדות המקרה,עובדות המקרה
ME-23-01-46786-206,הסדר הטעון מתייחס לתיקון כתב האישום ואינו כולל הסכמות לעניין העונש שיוטל על הנאשם.,כללי,עובדות המקרה,עובדות המקרה,מידע אחר,עובדות המקרה,עובדות המקרה
ME-23-01-46786-206,"במהלך חודשים ינואר 2022 עד ינואר 2023 הפעילה משטרת סוכן משטרתי סמוי (להלן: ""הסוכן"") כנגד פעילות עבריינית בתחום הסמים והנשק. בין הנאשם לבין הסוכן הייתה היכרות.",עובדות כתב האישום המתוקן ,עובדות המקרה,עובדות המקרה,עובדות המקרה,עובדות המקרה,עובדות המקרה
ME-23-01-46786-206,"ע""פ האישום הראשון בתאריך 6.1.22 בשעה 12:35 ניסה הסוכן ליצור קשר טלפוני עם הנאשם באמצעות יישומון לתקשורת אינטרנטית מאובטחת ""Telegram""  (טלגרם) ובהמשך התקיים בין השניים קשר טלפוני במהלכו ביקש הסוכן לרכוש מהנאשם סמים מסוכנים מסוג קוקאין (להלן: ""הסם"" או ""הקוקאין"") והנאשם נענה בחיוב. בין השניים סוכם כי הנאשם ימכור לסוכן ""קוקאין"" במשקל 20 גרם נטו בתמורה לתשלום סך 5000 ₪ (להלן: ""העסקה"").לצורך הוצאת העסקה אל הפועל, שלח הנאשם לסוכן באמצעות ""הטלגרם"", חמש תמונות של סם מסוכן מסוג קוקאין. במועד הנ""ל, בשעה 16:45 שלח הנאשם לסוכן הודעה באמצעות ""הטלגרם"" בה ציין כי המפגש להשלמת העסקה יתקיים בשעה 18:30 סמוך לביתו של הנאשם. בשעה 18:38 ולצורך השלמת העסקה, הגיע הסוכן באמצעות רכבו סמוך לביתו של הנאשם, שם פגש את הנאשם אשר מסר לסוכן גוש עטוף בנייר ובו 20.02 גרם נטו של סם מסוכן מסוג קוקאין ובתמורה מסר לו הסוכן 5000 ₪, והאחרון עזב את המקום.",עובדות כתב האישום המתוקן ,עובדות המקרה,עובדות המקרה,עובדות המקרה,עובדות המקרה,עובדות המקרה
ME-23-01-46786-206,"ע""פ האישום השני בתאריך 4.7.22 בשעה 16:12 יצר הסוכן קשר טלפוני עם הנאשם במטרה שיסייע לו לרכוש סם   מסוכן מאדם  שזהותו אינה ידועה למאשימה (להלן: ""האחר""). משלא ענה הנאשם לשיחה הטלפונית, שלח לו הסוכן הודעה ""בטלגרם"" בה כתב ""תחזור אליי יש פרנסה"". בשעה 16:25 התקשר הנאשם לסוכן ובמהלך השיחה, סיכמו השניים כי האחר ימכור לסוכן 70 גרם של סם מסוכן מסוג קוקאין בסיועו של הנאשם. עוד סיכמו השניים שהנאשם ישוחח שוב עם הסוכן ויעדכן אותו בדבר עלותו הסופית של הסם לאחר שיבררו עם האחר. בסמוך לשעה 16:33, יצר הנאשם קשר טלפוני עם הסוכן ובמהלך השיחה מסר הנאשם לסוכן כי עלות הסם הינה 250 ₪ לגרם, זאת לאחר בירור עם האחר. עוד סיכמו השניים להוציא את העסקה אל הפועל יום למחרת. בתאריך 5.7.22 בשעה 14:35 התקשר הסוכן לנאשם באמצעות ""הטלגרם"" ולאחר מכן התקיים ביניהם קשר טלפוני במהלכו קבעו השניים שהעסקה תצא לפועל באותו היום סמוך לשעה 15:30 ברחוב יגאל אלון 11 קריית מוצקין . בשלב מסוים לפני העסקה קיבל הנאשם מידי האחר סם מסוכן מסוג קוקאין במשקל 67.96 גרם נטו (להלן: ""הסם"").ביום 5.7.22 בשעה 15:31 הגיע הסוכן ברכבו אל מקום המפגש. סמוך לכך הגיע גם הנאשם למקום, על מנת לסייע לאחר, זאת כשהוא מלווה בקטינה שזהותה אינה ידועה במדויק למאשימה. מיד לאחר מכן, נכנס הנאשם לרכבו של הסוכן בעוד הקטינה המתינה מחוצה לו. ברכב מסר הנאשם לסוכן שתי שקיות שהכילו את הסם והסוכן העביר לו בתמורה 17,500 ₪ והנאשם עזב את המקום.",עובדות כתב האישום המתוקן ,עובדות המקרה,עובדות המקרה,עובדות המקרה,עובדות המקרה,עובדות המקרה
ME-23-01-46786-206,"הוגשו חוות דעת שב""ס (נ/1), חוות דעת בית חם (נ/2), מסמכים רפואיים של אמו של הנאשם (נ/3), מסמכים רפואיים של בנו של הנאשם (נ/4), תעודת נישואין (נ/5).",ראיות ההגנה לעונש ,ראיות לעונש,ראיות לעונש,ראיות לעונש,ראיות לעונש,ראיות לעונש
ME-23-01-46786-206,"המאשימה הדגישה את חומרת העבירות בהן הורשע הנאשם, הפנתה לערכים המוגנים בעבירות הסמים, בין היתר לחובה להגן על בריאותו, שלומו הפיזי והנפשי של הציבור, והצורך למנוע פגיעה ונזק לחברה. הפנתה לפגיעה בצרכני הסמים ולנזקים הנלווים, לרבות ביצוע עבירות רכוש ואלימות לשם השגת המימון לרכישת הסם. הדגישה את הצורך להילחם בעבירת סחר בסמים מסוכנים והפצתם על מנת לעצור את התפשטות נגע הסמים בחברה, בין היתר על ידי השתת ענישה מרתיעה על הנוטלים חלק במערך הפצת הסמים. באשר לנסיבות ביצוע העבירות, הפנתה לעובדה כי חלקו של הנאשם באישום הראשון הוא בלעדי, ובאישום השני חלקו היה מרכזי עת מסר לסוכן את הסמים ונטל ממנו כסף בתמורה כאשר העבירות בוצעו מתוך תאוות בצע. מדובר בנאשם בגיר, ללא כל לקות שכלית או קרבה לסייג לאחריות פלילית, הוא הבין את חומרת מעשיו ואת השלכותיהם, ויכל להימנע מביצועם. ציינה כי העבירות בוצעו לאחר תכנון לא מבוטל, הנאשם ידע כיצד להשיג את הסמים, בכמויות לא מבוטלות ופעל כדי לסחור בהם. הפנתה לנזק שהיה עלול להיגרם מביצוע העבירות, שכן מדובר בכמות גדולה של סמים מסוכנים מסוג קוקאין שאלמלא היו נמכרים לסוכן משטרתי היו מופצים בקרב הציבור עצמו והיה נגרם נזק רב. הדגישה לחומרה את העובדה העולה מהאישום השני, שכן הנאשם הוא היה מלווה בקטינה שנכחה באירוע עצמו במסגרתו הועברו לידי הסוכן כ-70 גרם של סם מסוג קוקאין. בכל הקשור לנסיבות שאינן קשורות בביצוע העבירות, הפנתה להודאת הנאשם בכתב האישום המתוקן, לעברו הפלילי הכולל 10 הרשעות קודמות בעבירות שונות בעיקר בעבירות סמים בגינן אף ריצה עונשי מאסר בפועל, ולעובדה כי תלוי ועומד נגדו מאסר על תנאי בר הפעלה למשך 6 חודשים. באשר למדיניות הענישה וקביעת מתחם העונש ההולם, הפנתה לפסיקה רלוונטית, ביקשה לראות בכל אחד משני האירועים המתוארים בכתב האישום המתוקן כאירוע נפרד, שכן אין ביניהם קשר הדוק ואין מדובר ברצף אחד של מעשים, כאשר בין שני האישומים חלפו כ-7 חודשים שיש בהם כדי לנתק כל קשר בין האירועים. ובהתאם, ביקשה לקבוע במסגרת האישום הראשון מתחם עונש הולם שנע בין 24 ועד 48 חודשי מאסר בפועל, ובמסגרת האישום השני, מאסר שנע בין 18 ועד 30 חודשי מאסר בפועל. לאור כל האמור לעיל, ביקשה למקם את עונשו של הנאשם בחלקו הבינוני של כל אחד מהמתחמים, וביקשה להפעיל את המאסר התלוי ועומד נגד הנאשם במצטבר לעונש שיוטל עליו. בנוסף, ביקשה להטיל עליו עונשי מאסר על תנאי ארוכים ומשמעותיים, קנס כספי גבוה, פסילת רישיון נהיגה בפועל ופסילה מותנית.",עיקר טיעוני המאשימה לעונש,טיעוני הצדדים,טיעוני הצדדים,טיעוני הצדדים,טיעוני הצדדים,טיעוני הצדדים
ME-23-01-46786-206,"ב""כ הנאשם הפנה להודאתו המידית של הנאשם, לחיסכון בשמיעת העדים ובזמן שיפוטי יקר. עוד הפנה לנסיבותיו האישות של הנאשם, בין היתר, היותו נשוי ואב לארבעה ילדים, למצבו הבריאותי של בנו השוהה בבית חולים בעקבות תאונה קשה, ולעובדה שגדל בבית עם אב  עבריין מכור לסמים והימורים. ביקש להתחשב בתקופה הארוכה בה הנאשם נתון במעצר עד תום ההליכים  והדגיש את העובדה שתנאי מעצר קשים מתנאי מאסר כן הפנה לקשיים אותם עבר עת אמו קיבלה אירוע מוחי בזמן שהותו במעצר  והעובדה שלא נכח בחתונת אחותו. עוד הפנה לחוות דעת שב""ס ממנה ניתן ללמוד על התנהגותו הטובה, ולמכתב מבית חם ממנו עולה כי הנאשם עושה מאמצים לשקם את חייו. לגבי נסיבות ביצוע העבירות, ציין כי מדובר ברף חומרה נמוך ביחס למשקל הסם. בכל הקשור לנוכחותה של הקטינה, טען כי אין בדבר כדי להוות נסיבה מחמירה מהטעם, שלא ניתן ללמוד מכתב האישום על טיב הקשר עם הקטינה, על מעורבותה או חשיפתה לעסקה, ואין להניח דבר לחובתו של הנאשם בהקשר זה. עוד ציין כי בביתו של הנאשם לא נתפסו כספים או סמים, כך, שלא מדובר במי שמצוי בשלב גבוה בשרשרת הסמים. באשר למדיניות הענישה, הפנה לפסיקה רלוונטית, וביקש לראות בכלל האירועים כאירוע אחד שכן מדובר בעבירות שנעברו באותן נסיבות עם אותו סוכן משטרתי. ביקש לקבוע מתחם עונש הולם אחד החל מ- 8 ועד 20 חודשי מאסר בפועל, ולמקם את עונשו של הנאשם במרכז של המתחם בניכוי ימי מעצרו. באשר למאסר המותנה, ביקש שיופעל בחופף, או לחילופין שחלק נכבד ממנו יופעל באופן חופף. בכל הקשור לרכיב הקנס, ביקש להתחשב במצבו הכלכלי הקשה והעובדה כי בסופו של יום הקנס יוטל על כתפי אשתו של הנאשם המגדלת את ארבעת ילדיהם.",עיקר טיעוני ההגנה לעונש,טיעוני הצדדים,טיעוני הצדדים,טיעוני הצדדים,טיעוני הצדדים,טיעוני הצדדים
ME-23-01-46786-206,"הגב' רותם ממן, אשתו של הנאשם, הפנתה למצבו הקשה של בנם אשר עבר תאונת אופנוע קשה. הדגישה את רצונו של הנאשם לעשות שינוי, והביעה מוכנות ורצון לעזור לו. ציינה כי היא אישה עובדת אשר מנהלת אורח חיים נורמטיבי. ביקשה להתחשב בנאשם, ולהחזירו לחיק משפחתו, לילדיו ולאורח חיים נורמטיבי.",עיקר טיעוני ההגנה לעונש,טיעוני הצדדים,טיעוני הצדדים,טיעוני הצדדים,טיעוני הצדדים,טיעוני הצדדים
ME-23-01-46786-206,"הנאשם עצמו הצטער על מעשיו , קיבל אחריות עליהם, וציין כי הוא חש בושה  על ביצוע העבירות.",עיקר טיעוני ההגנה לעונש,טיעוני הצדדים,טיעוני הצדדים,טיעוני הצדדים,טיעוני הצדדים,טיעוני הצדדים
ME-23-01-46786-206,"פרק ו' סימן א' 1  לחוק העונשין דן בהבניית שיפוט הדעת השיפוטי בענישה (סעיפים 40א-טו) וקובע  בין היתר, כי העיקרון המנחה בגזירת הדין הינו עקרון ההלימה, קרי קיומו של יחס הולם בין חומרת מעשה העבירה בנסיבותיו ומידת האשמה של הנאשם ובין סוג ומידת העונש המוטלים עליו. ראשון השיקולים הוא הלימה ואחריו שיקום, הגנה על שלום הציבור, הרתעה אישית והרתעת הרבים. בשלב ראשון יש לקבוע את מתחם העונש ההולם, אשר נגזר מחומרת העבירה ונסיבות ביצועהּ, הערך החברתי עליו יש להגן, מידת הפגיעה בערך זה, ומדיניות הענישה הנהוגה ביחס לאותה עבירה.",קביעת מתחם העונש ההולם,דיון והכרעה,דיון והכרעה,דיון והכרעה,דיון והכרעה,דיון והכרעה
ME-23-01-46786-206,"עבירות הסמים ובפרט עבירות הסחר, הייבוא והייצור, פוגעות בערכים החברתיים של הגנה על שלום הציבור, ביטחונו ובריאותו מפני הפגיעה ההרסנית הכרוכה בשימוש באותם סמים. בנוסף יש צורך לפעול למניעת אותם נזקים כלכליים וחברתיים עקיפים הנגרמים עקב השימוש באותם סמים. ההלכה הפסוקה עמדה על ההכרח להיאבק בנגע הסמים ועל הצורך להעביר מסר מרתיע מפני ביצוע עבירות אלה, בין היתר על-ידי הטלת עונשים מחמירים על מי שנותן ידו להפיכת הסמים לזמינים ונגישים. בית המשפט העליון עמד פעמים רבות על חומרתן היתרה של עבירות הסמים, ועל ההשלכות הקשות שיש לשימוש בסם על גופו ועל נפשו של המשתמש. ראו בעניין זה ע""פ 6029/03 מדינת ישראל נ' שמאי שם נקבע כי הענישה אמורה ""לשקף את הצורך הדוחק להביא להדברת הנגע"", וכן ע""פ 7952/15 מדינת ישראל נ' שץ שם נקבע: ""בית משפט זה עמד לא אחת על החומרה הרבה הטמונה בעבירות סחר והפצה של סמים, לא כל שכן סמים מסוכנים המוגדרים 'קשים' (ראו למשל: ע""פ 6747/11 מדינת ישראל נ' אבו רקיק (3.1.2013)), ועל הצורך להיאבק בהן באמצעות ענישה משמעותית ומרתיעה (ע""פ 9482/09 ביטון נ' מדינת ישראל, פסקה 24 (24.7.2011)). זאת, לאור הנזק הרב שהן מסבות לא אך למשתמשים הישירים בסם, אלא לחברה כולה, הסובלת מעבירות רכוש ואלימות מצד העוסקים בסחר ומלקוחותיהם"".ראו בעניין זה דבריו של כב' השופט א. רובינשטיין בע""פ 1345/08 ארקדי איסטרחוב נ' מדינת ישראל: ""אין מנוס מהכבדת היד על המחזיקים סמים שלא לצריכה עצמית, שכל בר דעת מבין כי נועדו לצריכת הזולת, קרי, להוספת שמן על מדורת הסמים אשר להבותיה אופפות רבים וטובים, או רבים שהיו טובים. עבירה זו היא תאומתה הסטטוטורית של עבירת הסחר בסמים, אלא שלא ניתן להוכיח לגביה את הסחר עצמו, ונקבע לשתיהן עונשה זהה, עונש מירבי של עשרים שנות מאסר וקנס פי עשרים וחמישה מזה הקבוע בסעיף 61(א)(4) לחוק העונשין, העומד כיום על 202,000 ₪... יידעו המעורבים בסמים שלא לצריכה עצמית, כי יד המשפט תכבד עליהם"". וכן דברי כב' השופט א. רובינשטיין בע""פ 972/11 מדינת ישראל נ' יניב יונה: ""את נגע הסמים יש לעקור מן השורש. ייצור, הפצה, סחר וכמובן גם שימוש בסמים – כל אלו מסבים נזק עצום. הנזק נגרם לא רק למעגל הסגור של המעורבים הישירים בביצוע העבירות, אלא גם לחברה בכללותה... למאבק בנגע הסמים יש שותפים רבים. חלקם מתמקדים בחינוך מניעתי ובהסברה. אחרים מסייעים בהליכי הגמילה. לצידם פועלים גם אנשי אכיפת החוק, שתפקידם לסכל את עבירות הסמים וללכוד את העבריינים. אף בית המשפט נוטל חלק חשוב במאבק, באמצעות הטלת עונש מרתיע על מי שהורשע בעבירות סמים. בכל זאת תוך מתן משקל - בין היתר - לכמות הסם ואיכותו, טיב עבירת הסמים שבוצעה, תרומתו של הנאשם להתגשמות העבירה ועברו הפלילי (השוו: ע""פ 8031/10 אורוסקו-צ'אבז נ' מדינת ישראל (1.3.2012))"". וראו גם דברי כב' השופט א. שהם ברע""פ 4512/15 אברהם הרוש נ' מדינת ישראל : ""ראוי להזכיר, כי כאשר בעבירות סמים עסקינן, על בית המשפט לנקוט ביד קשה כדי להרתיע עבריינים פוטנציאליים מפני ביצוען. כפי שנאמר בע""פ 211/09 אזולאי נ' מדינת ישראל : 'הענישה בעבירות מסוג זה נועדה, קודם לכל, לשרת את מטרת הגמול לעבריין על עיסוק בסם העלול לסכן חיי אדם ולפגוע בבריאות המשתמשים בו; שנית, על העונש להעביר מסר חד-משמעי של הרתעה ביחס לעבריינים פוטנציאליים [...] מזה זמן רב, מדגישים בתי המשפט בפסיקתם את חשיבות הערך הענישתי בעבירות סמים כאחד הכלים החשובים בפעילות לביעורו של נגע הסמים. ההחמרה בענישה בגין עבירות סמים משרתת את מטרות הגמול וההרתעה, שהן היעדים העיקריים של הענישה בתחום הסמים' (ראו גם: ע""פ 3623/13 ברון נ' מדינת ישראל (26.11.2014); ע""פ 4597/13 פיצו נ' מדינת ישראל (22.9.2014))"".",הערכים החברתיים עליהם יש להגן,דיון והכרעה,דיון והכרעה,דיון והכרעה,דיון והכרעה,דיון והכרעה
ME-23-01-46786-206,נסיבות ביצוע העבירות פורטו בהרחבה במסגרת תיאור עובדות כתב האישום המתוקן.,נסיבות ביצוע העבירות,דיון והכרעה,דיון והכרעה,דיון והכרעה,דיון והכרעה,דיון והכרעה
ME-23-01-46786-206,"הנאשם סחר בהזדמנות אחת וסייע לסחר בהזדמנות שנייה. בפעם הראשונה מדובר במשקל של כ-20 גרם סם מסוג קוקאין ובפעם השנייה במשקל של  כ-70 גרם סם מסוג קוקאין. מדובר בנאשם בגיר אשר הבין את הפסול במעשיו ואת השלכותיהם, יכול היה לחדול ממעשיו אך הוא לא עשה כן, וחלקו בביצוע העבירות נשוא האישום הראשון הינו בלעדי. הנאשם היה שותף מלא בתכנון ובהוצאה לפועל של העסקה ומעורבותו הייתה מרכזית. באישום השני פעולות הסיוע שהנאשם ביצע היו משמעותיות וממשיות ולא מדובר בסיוע מינורי. הנאשם הוא זה שסייע לסוכן לרכוש סם מסוכן מהאחר,  קיבל את הסם לידיו, הגיע למקום המפגש, העביר לסוכן את הסם וקיבל לידיו את סכום התמורה עבור הסם.",נסיבות ביצוע העבירות,דיון והכרעה,דיון והכרעה,דיון והכרעה,דיון והכרעה,דיון והכרעה
ME-23-01-46786-206,"מדובר בסם מסוכן מסוג קוקאין שפגיעתו קשה, והעבירות בוצעו ממניע כלכלי. הסם לא הופץ והנזק שיכול היה להיגרם נמנע, אך אין לזקוף זאת לזכותו של הנאשם, אלא לעובדה שהסם נמסר לסוכן, ובסופו של יום הגיע לידי המשטרה.",נסיבות ביצוע העבירות,דיון והכרעה,דיון והכרעה,דיון והכרעה,דיון והכרעה,דיון והכרעה
ME-23-01-46786-206,"בכל הנוגע לעובדה שבאישום השני הנאשם היה מלווה בקטינה עד הגעתו למקום המפגש, הרי שאין להתעלם מכך, ולו מהטעם שהקטינה הייתה עלולה להיחשף למעשיו השליליים של הנאשם ובכך טמון נזק פוטנציאלי לא מבוטל. עם זאת, כתב האישום אינו מפרט האם הקטינה נחשפה לעסקה בדרך כלשהי, ואין מחלוקת כי היא לא נכנסה לרכב. בנסיבות אלו לא ניתן לזקוף לחובתו של הנאשם כל מעורבות או ידיעה  בפועל מצד קטינה.",נסיבות ביצוע העבירות,דיון והכרעה,דיון והכרעה,דיון והכרעה,דיון והכרעה,דיון והכרעה
ME-23-01-46786-206,"משקל מסוים לקולה יינתן לעובדה שהיה זה הסוכן שיצר קשר עם הנאשם בשתי העסקאות,  אך יודגש כי לא מדובר במקרה של סוכן ""מדיח"",  ואף לא הועלתה  מצד ההגנה טענה בהקשר זה.",נסיבות ביצוע העבירות,דיון והכרעה,דיון והכרעה,דיון והכרעה,דיון והכרעה,דיון והכרעה
ME-23-01-46786-206,במכלול הנסיבות אני סבור כי הפגיעה בערכים המוגנים במקרה זה הייתה משמעותית והעבירות שבוצעו מצויות כולן (כל אחת בפני עצמה)  ברף חומרה בינוני.,נסיבות ביצוע העבירות,דיון והכרעה,דיון והכרעה,דיון והכרעה,דיון והכרעה,דיון והכרעה
ME-23-01-46786-206,"כתב האישום המתוקן מכיל שני אישומים בגין עסקאות סמים. בהתאם לסעיף 40יג לחוק העונשין,  על בית המשפט לבחון האם מדובר בעבירות המהוות אירוע אחד או מספר אירועים נפרדים, ובהתאם לקבוע מתחם ענישה הולם  לכל אירוע בנפרד או לכלל האירועים יחדיו. בית המשפט העליון בע""פ 4910/13 ג'אבר נגד מדינת ישראל דן בשאלת סיווגה של מסכת התרחשויות כ""אירוע אחד"", כמשמעותו בסעיף 40יג לחוק העונשין.  נקבעו מספר מבחני עזר לצורך הכרעה  בשאלת ""הקשר ההדוק"" בין העבירות. כך לדוגמא: האם ביצוען מאופיין בתכנון ובשיטתיות, האם בוצעו בסמיכות של זמן או מקום, האם ביצועה של עבירה אחת נועד לאפשר ביצועה של עבירה אחרת, או את ההימלטות לאחר ביצועה, האם מדובר בקורבנות שונים וכתובות שונות וכד'.",אירוע אחד או מספר אירועים ,דיון והכרעה,דיון והכרעה,דיון והכרעה,דיון והכרעה,דיון והכרעה
ME-23-01-46786-206,"לאחר ששקלתי את טיעוני הצדדים,  החוק והפסיקה, אני סבור שנכון לקבוע מתחם עונש הולם אחד ביחס לשני האישומים. מדובר בשתי עסקאות של סמים אשר בוצעו באותה השיטה בדיוק, מול אותו סוכן משטרתי, ביחס לאותו סוג סם, אותה שיטת סחר, באותו אזור (קרית מוצקין), ולשם אותה המטרה.  למעשה מדובר  בתכנית עבריינית אחת ומתקיים ""מבחן הקשר ההדוק"", גם בהתחשב בפרק הזמן שחלף בין העסקאות.",אירוע אחד או מספר אירועים ,דיון והכרעה,דיון והכרעה,דיון והכרעה,דיון והכרעה,דיון והכרעה
ME-23-01-46786-206,"יובהר כי גם אם מעשיו של הנאשם מהווים אירוע אחד, אין בכך כדי להשליך באופן מהותי על מידת העונש, מהטעם שעל בית המשפט לתת משקל למספרם, טיבם, וחומרתם של המעשים. ראה בהקשר זה ע""פ 1082/14 ג'סאר נגד מדינת ישראל שם נאמר בין היתר כי:""... גם כאשר כמה מעשים נחשבים כחלק מ""אירוע"" אחד הרי שבקביעת מתחם הענישה יש תמיד להביא בחשבון את מספרם וחומרתם של המעשים, כך שמתחם הענישה בגין האירוע יכול לעלות אף על עונש המקסימום בגין מעשה אחד"".",אירוע אחד או מספר אירועים ,דיון והכרעה,דיון והכרעה,דיון והכרעה,דיון והכרעה,דיון והכרעה
ME-23-01-46786-206,"בע""פ 1654/16 גל שרר נ' מדינת ישראל הנאשם הורשע בעבירות של סחר בסם מסוכן,  סיוע לסחר בסם מסוכן והחזקת סם מסוכן שלא לצריכה עצמית. האישום הראשון באותו מקרה כלל שני אירועי מכירה לסוכן משטרתי (16.6 גרם ו-19.6 גרם קוקאין) והחזקת סם שלא לצריכה עצמית ונקבע מתחם ענישה הולם שבין 24 ל-48 חודשי מאסר. האישום השני כלל סיוע לשתי עסקאות (99.2 גרם ו-88.9 גרם קוקאין) ונקבע מתחם  עונש הולם בין 36 ל-60 חודשי מאסר. על הנאשם הוטלו  54 חודשי מאסר בפועל, מאסרים מותנים, קנס בסך 25,000 ₪, ופסילת רישיון נהיגה. ערעור על חומרת העונש נדחה. בע""פ 1965/20 כרים בדואי נ' מדינת ישראל הנאשם הורשע בעבירות של סיוע לסחר בסם מסוכן  (כ-39 ג' קוקאין) ובסחר בסם מסוכן (כ- 29 ג' קוקאין) לסוכן. נקבע מתחם עונש הולם אחד בגין שני האישומים שנע בין 25 ל-50 חודשי מאסר. על הנאשם, בעל עבר פלילי, הוטלו 30 חודשי מאסר, הופעל מאסר מותנה במצטבר למשך 4 חודשים, מאסר מותנה וקנס בסך 26,600 ₪. ערעור על חומרת העונש התקבל בחלקו כך שהמאסר המותנה הופעל  באופן בחופף. בע""פ 1478/19 יאסין סעדי נ' מדינת ישראל הנאשם הורשע בעבירה של סחר בסם מסוכן, לאחר שמכר בצוותא עם אדם נוסף לסוכן משטרתי סם מסוכן מסוג קוקאין במשקל 58.78 גרם תמורת 24,500 ₪. נקבע מתחם עונש הולם שבין 38 ל-60 חודשי מאסר. על הנאשם בעל עבר פלילי הוטלו  54 חודשי מאסר בפועל, מאסרים מותנים וקנס בסך 20,000 ₪. ערעור על חומרת העונש התקבל באופן שעונשו של הנאשם הופחת ל-40 חודשי מאסר בפועל והקנס הופחת ל-10,000 ₪ על בסיס עיקרון אחידות הענישה, בהינתן עונשו של שותפו של הנאשם לביצוע העסקה. ברע""פ 2275/15 אלכסנדר אברמוב נ' מדינת ישראל הנאשם הורשע בעבירה סחר בכך שמכר לסוכן משטרתי 19.98 גרם סם מסוכן מסוג הרואין ו-20.05 סם מסוכן מסוג קוקאין, בעלות כוללת של 11,000 ₪. נקבע מתחם עונש בין 27 ל-54 חודשי מאסר. על הנאשם בעל עבר פלילי הוטלו 48 חודשי מאסר בפועל; מאסר על תנאי; קנס בסך של 10,000 ₪; פסילת רישיון נהיגה וחילוט רכוש. ערעור על חומרת העונש נדחה. בע""פ 1987/15 עופר דורי נ' מדינת ישראל הנאשם הורשע בעבירה של סחר בסם מסוכן בכך שמכר לסוכן משטרתי 50 גרם קוקאין תמורת 19,000 ₪. נקבע מתחם עונש שבין 24 ל-44 חודשי מאסר. על הנאשם, ללא עבר פלילי, הושת עונש של 26 חודשי מאסר בפועל, מאסר על תנאי וקנס בסך 40,000 ₪. ערעור על חומרת העונש נדחה.  בע""פ 2173/16 הישאם אבו צעלוק נ' מדינת ישראל הנאשם הורשע בביצוע עבירה של סחר בסם מסוכן, בכך שמכר 51.05 גרם קוקאין לסוכן משטרתי תמורת 19,000 ₪. נקבע מתחם ענישה שבין 3 ל-5 שנות מאסר. על הנאשם בעל עבר פלילי בעבירת נשק, הוטלו 48 חודשי מאסר ומאסר מותנה. ערעור על חומרת העונש נדחה. בע""פ 2467/19 ארנסט גרשומוב נ' מדינת ישראל הנאשם הורשע בשתי עבירות: סיוע לסחר בסם מסוכן וסחר בסם מסוכן, בכך שסייע לביצוע עסקת סחר במסגרתה מסר לסוכן משטרתי סם מסוג קוקאין בכמות של 48.25 גרם תמורת 21,500 ₪; וכן ביצע עסקת סחר בכך שמכר לסוכן 49.22 גרם של סם מסוג קוקאין תמורת 21,500 ₪. נקבע מתחם עונש הולם שבין 24 לבין 48 חודשי מאסר. על הנאשם, בעל עבר פלילי, הוטלו 27 חודשי מאסר בפועל, מאסר על תנאי, פסילת רישיון וחילוט רכוש. ערעור על חומרת העונש התקבל בחלקו שכך קוצרה תקופת פסילת רישיון הנהיגה. בע""פ 8367/18 נס נ' מדינת ישראל, הנאשם הורשע בשתי עבירות של סחר בסם מסוכן מסוג קוקאין לסוכן משטרתי. בגין העסקה הראשונה, בה מכר לסוכן 29.9 גרם קוקאין; ונקבע מתחם עונש הולם בין 23 ועד 50 חודשי מאסר בפועל. בגין העסקה השנייה מכר לסוכן 50.4 גרם קוקאין, ונקבע מתחם עונש הולם בין 27 ועד ל-54 חודשי מאסר בפועל. על הנאשם בעל עבר פלילי הוטלו 36 חודשי מאסר בפועל. ערעור על חומרת העונש התקבל ועונשו הופחת ל-30 חודשי מאסא בפועל וזאת בעיקר משום עיקרון אחידות בענישה  בהתייחס לאשם אחר באותה פרשה.",מדיניות הענישה והפסיקה הנהוגה,דיון והכרעה,דיון והכרעה,דיון והכרעה,דיון והכרעה,דיון והכרעה
ME-23-01-46786-206,"המאשימה הפנתה למספר פסקי דין, כאשר המתחמים נעים בין 24 ועד 70 חודשי מאסר בפועל והעונשים נעים בין 36 ועד 60 חודשי מאסר בפועל.",מדיניות הענישה והפסיקה הנהוגה,דיון והכרעה,דיון והכרעה,דיון והכרעה,דיון והכרעה,דיון והכרעה
ME-23-01-46786-206,"ב""כ הנאשם הפנה למספר פסקי דין כאשר המתחמים נעים בין 24 ועד 48 חודשי מאסר בפועל, והעונשים נעים בין 14 ועד 32 חודשי מאסר בפועל.",מדיניות הענישה והפסיקה הנהוגה,דיון והכרעה,דיון והכרעה,דיון והכרעה,דיון והכרעה,דיון והכרעה
ME-23-01-46786-206,"בקביעת המתחם יש להתחשב גם במתחמים שנקבעו ביחס לנאשמים אחרים באותה פרשייה כל אחד בהתאם לנסיבותיו וחלקו באירועים. ""כידוע, עקרון אחידות הענישה הוא עקרון יסוד בשיטתנו, ואחת מנגזרותיו היא החובה להבטיח יחס הולם בין עונשיהם של המעורבים השונים באותה פרשה, כך שמדרג הענישה ישקף את חלקם היחסי של כל אחד מהמעורבים בה (ע""פ 8172/21 חג'אזי נ' מדינת ישראל, פסקה 18 [פורסם בנבו] (15.5.2022); ע""פ 4536/21 פרץ נ' מדינת ישראל, פסקה 15 [פורסם בנבו] (4.11.2021)). יישומה של חובה זו משתנה מטבעם של דברים ממקרה למקרה, ועל בית המשפט לשקול, בין היתר, את חומרת המעשים שביצע כל אחד מן הנאשמים ביחס לאחרים בשים לב לנסיבותיו האישיות של כל נאשם (עניין עשור, פסקה 20).""",מדיניות הענישה והפסיקה הנהוגה,דיון והכרעה,דיון והכרעה,דיון והכרעה,דיון והכרעה,דיון והכרעה
ME-23-01-46786-206,להלן אסקור בקצרה חלק מפסקי הדין שניתנו בעניין נאשמים שהיו מעורבים בעבירות סמים עם אותו סוכן משטרתי במסגרת אותה הפרשייה.,מדיניות הענישה והפסיקה הנהוגה,דיון והכרעה,דיון והכרעה,דיון והכרעה,דיון והכרעה,דיון והכרעה
ME-23-01-46786-206,"בת""פ 54293-01-23 מדינת ישראל נ' עזרן ואח' הנאשם 1 הורשע באישום הראשון בעבירה של תיווך לעסקה בסמים של 250 כדורים של אקסטזי , באישום השני בעבירות של סחר בסם מסוכן ועסקה אחרת בסם מסוכן בכמות של כ-37 גרם סם מסוג קוקאין. נקבע מתחם עונש הולם אשר נע בין 30 ועד 60 חודשי מאסר בפועל. בית המשפט סטה לקולה ממתחם העונש לאור סיכויי ממש של שיקום. על הנאשם הוטלו 24 חודשי מאסר בפועל. הנאשם 2 הורשע באישום השני בעבירה של סחר בסם מסוכן בכמות של כ-37 גרם סם מסוג קוקאין. נקבע מתחם עונש הולם אשר נע בין 12 ועד 24 חודשי מאסר בפועל. על הנאשם הוטלו 14 חודשי  מאסר בפועל.",מדיניות הענישה והפסיקה הנהוגה,דיון והכרעה,דיון והכרעה,דיון והכרעה,דיון והכרעה,דיון והכרעה
ME-23-01-46786-206,"בת""פ 53614-01-23 מדינת ישראל נ' ממן הנאשם הורשע באישום ראשון בעבירה של סיוע לסחר בסם מסוכם מסוג קוקאין במשקל של 40 גרם, באישום השני בעבירה של סחר בסם מסוכן מסוג קוקאין במשקל של 69.47 גרם, באישום השלישי, בעבירה של החזקת בסם מסוכן מסוג קוקאין במשקל של 0.7976 . נקבע מתחם עונש הולם כולל לאישומים הראשון והשני אשר נע בין 24 ועד 48 חודשי מאסר בפועל, ובגין האישום השלישי נקבע מתחם עונש הולם אשר נע בין 6 ועד 12 חודשי מאסר בפועל. על הנאשם הוטל עונש כולל של 30 חודשי מאסר בפועל והופעל מאסר מותנה בן 9 חודשים, כאשר 6 חודשים הופעלו במצטבר ו-3 חודשים בחופף.",מדיניות הענישה והפסיקה הנהוגה,דיון והכרעה,דיון והכרעה,דיון והכרעה,דיון והכרעה,דיון והכרעה
ME-23-01-46786-206,"עונש המאסר המרבי הקבוע בחוק ביחס לעבירות נשוא האישומים עומד על 20 שנה בעבירה של סחר בסם מסוכן, ו- 10 שנים לעבירה של סיוע לסחר בסם מסוכן.",לסיכום מתחם העונש ההולם,דיון והכרעה,דיון והכרעה,דיון והכרעה,דיון והכרעה,דיון והכרעה
ME-23-01-46786-206,"יצוין כי בצד עבירת הסיוע קבוע עונש מקסימלי שגובהו מחצית מעונשו של המבצע העיקרי, ויש להביא זאת בחשבון במסגרת קביעת מתחם העונש ההולם. עם זאת, לא מדובר בחישוב אריתמטי בהכרח ויש להביא בחשבון את כלל הנסיבות לרבות חלקו של המסייע בביצוע העבירה. ר' בהקשר זה  ארנבורג נ' מדינת ישראל . ראה גם ע""פ 1438/14 חסן בראזי נ' מדינת ישראל בו נפסק: ""מלאכת קביעת מתחם העונש מחייבת להתחשב, בשינויים המחייבים, גם בנסיבות המנויות בסעיף 40ט(א) לחוק העונשין, ובין היתר בשאלה אם מדובר בסיוע במעשה או במחדל; אם הסיוע קדם לביצוע העבירה העיקרית או שהוא ניתן במהלך ביצועה; מידת תרומתו של הסיוע לביצוע העבירה העיקרית; תרומת הסיוע לנזק שהיה צפוי להיגרם ושנגרם בפועל; יכולתו של נאשם להבין את משמעות פעולותיו לרבות בשל גילו; ועוד..""",לסיכום מתחם העונש ההולם,דיון והכרעה,דיון והכרעה,דיון והכרעה,דיון והכרעה,דיון והכרעה
ME-23-01-46786-206,"לאחר ששקלתי את חומרת העבירות, נסיבות ביצועּן כמפורט לעיל, הערכים החברתיים עליהם יש להגן, מידת הפגיעה בהם והפסיקה הנהוגה, אני סבור כי מתחם העונש ההולם  צריך לכלול רכיב של מאסר בפועל שלא יפחת מ- 25 חודשים ולא יעלה על 50 חודשים בצד עונשים נלווים.",לסיכום מתחם העונש ההולם,דיון והכרעה,דיון והכרעה,דיון והכרעה,דיון והכרעה,דיון והכרעה
ME-23-01-46786-206,"לקולה אני מביא בחשבון את: קבלת האחריות; הבעת החרטה; ההודאה בכתב האישום המתוקן, החיסכון בזמן שיפוטי רב; נסיבותיו האישיות והמשפחתיות כמפורט בטיעוני ההגנה ובדברי הנאשם ואשתו ובפרט מצבו הרפואי של בנו; תקופת המעצר הארוכה בה הוא היה נתון עד היום  (כידוע תנאי המעצר קשים מתנאי מאסר) והשלכות המעצר/מאסר על הנאשם ומשפחתו, את האמור בחוות דעת של שב""ס (נ/1) ממנה עולה כי הנאשם מתפקד באופן תקין ללא עבירת משמעת או שלילת טובת הנאה ומביע מוטיבציה מילולית לטיפול , את המכתב מאת בית חם (נ/2) ממנו עולה כי הנאשם פנה למרכז בבקשה להתקבל למסגרת אישפוזית לטיפול גמילה מהתמכרותו בתחילת חודש נובמבר 2023.",נסיבות שאינן קשורות בביצוע העבירות,דיון והכרעה,דיון והכרעה,דיון והכרעה,דיון והכרעה,דיון והכרעה
ME-23-01-46786-206,"לחומרה אני מביא בחשבון את עברו הפלילי של הנאשם הכולל 10 הרשעות קודמות, ביניהם עבירות שונות בעיקר בתחם הסמים ועוד, והעובדה כי העבירות בוצעו כאשר תלוי ועומד נגדו מאסר על תנאי למשך 6 חודשים.",נסיבות שאינן קשורות בביצוע העבירות,דיון והכרעה,דיון והכרעה,דיון והכרעה,דיון והכרעה,דיון והכרעה
ME-23-01-46786-206,"במכלול הנסיבות כמפורט לעיל, אני סבור שנכון לגזור על הנאשם עונש מאסר בפועל לתקופה המצויה בין מרכז המתחם לחלקו התחתון.",נסיבות שאינן קשורות בביצוע העבירות,דיון והכרעה,דיון והכרעה,דיון והכרעה,דיון והכרעה,דיון והכרעה
ME-23-01-46786-206,"בכל הנוגע לאופן הפעלת המאסר המותנה, הכלל הוא שעונש מאסר על תנאי אשר מופעל ירוצה באופן מצטבר לעונש המאסר שגוזר בית המשפט בשל העבירה הנוספת (ראו סעיף 58 לחוק העונשין(. גם ההלכה בסוגיה זו ברורה, וקובעת כי מאסרים מותנים יש להפעיל באופן מצטבר והפעלתם באופן חופף תתאפשר רק כאשר קיימים טעמים מוצדקים ומנומקים. ר' ע""פ 4654/03 ווליד נ' מדינת ישראל שם נקבע כי:  ""דרישת 'טעמים שיירשמו' מצמצמת את שיקול דעת בית המשפט, וזאת על מנת לא לפגוע בכוחו של עונש המאסר כעונש ממשי ומוחשי.....עונש מאסר מותנה משמעו מאסר שהחברה נכונה לדחות ביצועו ובהמשך לוותר על ריצויו כליל אם לא יבצע הנידון עבירה נוספת בתקופת התנאי. מאחורי נכונות זו להקל עם מי שהורשע ונידון למאסר עומד, בין היתר, הרצון לאפשר לו לחזור אל מסלול חיים נורמטיבי וההכרה בכך שהתועלת שתצמח לחברה מהוצאתו מן המעגל העברייני עולה על התועלת מהשמתו מאחורי סורג ובריח כדי להשיב לו כגמולו. זאת, הגם שעונש מאסר על תנאי אינו כולל רכיב שיקומי של ממש אלא מהווה מתן הזדמנות חוזרת לנידון לתקן דרכיו ... המאסר המותנה הינו אם כן בבחינת כרטיס כניסה מחודש אל החברה. אולם, אם נכזבה הציפיה כי המאסר המותנה התלוי ועומד נגד הנידון ירתיעו מלשוב ולבצע עבירות, הרי שנחלש באופן ניכר משקלו של אינטרס השיקום וגובר משקלם של אינטרס הגמול, ההגנה על הציבור, הצורך בהרחקה מהציבור ושיקום בעת המאסר"". בית המשפט לא יטה להקל עם הנאשם ולא יחפוף את עונשי המאסר, ככל שהעבירות בהן הורשע הינן חמורות יותר, ככל שקשות נסיבות ביצוען, וככל שיש בביצוען משום פגיעה קשה בערכי היסוד החברה בה אנו חיים ( ע""פ 6535/01 קוזירוב נ' מדינת ישראל, ע""פ 1899/04 ליבוביץ נ' מדינת ישראל).",אופן הפעלת המאסר המותנה ,דיון והכרעה,דיון והכרעה,דיון והכרעה,דיון והכרעה,דיון והכרעה
ME-23-01-46786-206,"העבירות הנוספות בהן הורשע הנאשם הינן עבירות סמים, והעובדה שמדובר בעבירות דומות וחמורות, מהווה שיקול משמעותי להפעלת המאסר המותנה באופן מצטבר. כך גם יש לתת משקל לשיקולי ההרתעה הפרטניים עת הנאשם חוזר ומבצע עבירות חמורות. על הנאשם להפנים את העובדה שעונש מאסר מותנה שובר בצדו, וככל שמבוצעת עבירה נוספת, יופעל המאסר המותנה באופן מצטבר.",אופן הפעלת המאסר המותנה ,דיון והכרעה,דיון והכרעה,דיון והכרעה,דיון והכרעה,דיון והכרעה
ME-23-01-46786-206,אני גוזר על הנאשם מאסר בפועל לתקופה של  30 חודשים .,"לאור כל האמור לעיל, אני גוזר על הנאשם  את העונשים הבאים:",דיון והכרעה,דיון והכרעה,דיון והכרעה,דיון והכרעה,דיון והכרעה
ME-23-01-46786-206,"אני מפעיל את המאסר המותנה שהוטל  על הנאשם בבימה""ש השלום בקריות בתיק 38754-10-19 מיום 27.07.20  למשך שישה חודשים במצטבר למאסר שהוטל על הנאשם בתיק זה.","לאור כל האמור לעיל, אני גוזר על הנאשם  את העונשים הבאים:",דיון והכרעה,דיון והכרעה,דיון והכרעה,דיון והכרעה,דיון והכרעה
ME-23-01-46786-206,סך הכל ירצה הנאשם  36 חודשי מאסר בפועל בניכוי ימי מעצרו מיום 10.01.23 ועד היום.,"לאור כל האמור לעיל, אני גוזר על הנאשם  את העונשים הבאים:",דיון והכרעה,דיון והכרעה,דיון והכרעה,דיון והכרעה,דיון והכרעה
ME-23-01-46786-206,אני גוזר על הנאשם מאסר על תנאי לתקופה של 10 חודשים והתנאי הוא  שלא יעבור בתוך 3 שנים מיום שחרורו ממאסרו עבירת סמים מסוג פשע ויורשע בגינה.,"לאור כל האמור לעיל, אני גוזר על הנאשם  את העונשים הבאים:",דיון והכרעה,דיון והכרעה,דיון והכרעה,דיון והכרעה,דיון והכרעה
ME-23-01-46786-206,אני גוזר על הנאשם מאסר על תנאי לתקופה של 6 חודשים והתנאי הוא  שלא יעבור בתוך 3 שנים מיום שחרורו ממאסרו עבירת סמים מסוג עוון ויורשע בגינה.,"לאור כל האמור לעיל, אני גוזר על הנאשם  את העונשים הבאים:",דיון והכרעה,דיון והכרעה,דיון והכרעה,דיון והכרעה,דיון והכרעה
ME-23-01-46786-206,אני גוזר על הנאשם 18 חודשי פסילה בפועל מלנהוג או מלקבל או מלהחזיק ברישיון נהיגה החל מיום שחרורו ממאסר ובמצטבר לכל פסילה אחרת.,"לאור כל האמור לעיל, אני גוזר על הנאשם  את העונשים הבאים:",דיון והכרעה,דיון והכרעה,דיון והכרעה,דיון והכרעה,דיון והכרעה
ME-23-01-46786-206,"לאור העובדה שהנאשם אינו מורשה לנהיגה, חישוב הפסילה יחל מיד לאחר שחרורו ממאסר ללא צורך בהפקדה רישיון נהיגה או תצהיר.","לאור כל האמור לעיל, אני גוזר על הנאשם  את העונשים הבאים:",דיון והכרעה,דיון והכרעה,דיון והכרעה,דיון והכרעה,דיון והכרעה
ME-23-01-46786-206,"אני מטיל על הנאשם קנס כספי בסך 15,000 ₪ או  60 ימי מאסר תמורתו.","לאור כל האמור לעיל, אני גוזר על הנאשם  את העונשים הבאים:",דיון והכרעה,דיון והכרעה,דיון והכרעה,דיון והכרעה,דיון והכרעה
ME-23-04-8444-574,"פקודת הסמים המסוכנים [נוסח חדש], תשל""ג-1973: סע'  13, 14, 19א",nothing,מידע אחר,מידע אחר,מידע אחר,מידע אחר,מידע אחר
ME-23-04-8444-574,"חוק העונשין, תשל""ז-1977: סע'  25, 144(ב2)",nothing,מידע אחר,מידע אחר,מידע אחר,מידע אחר,מידע אחר
ME-23-04-8444-574,"הנאשם הורשע, על פי הודאתו בכתב האישום המתוקן, במסגרת הסדר טיעון, בעבירות של תיווך לסחר בסם מסוכן, לפי סעיף 14 לפקודת הסמים המסוכנים [נוסח חדש], תשל""ג-1973 (להלן: ""הפקודה"") בצירוף סעיף 19א לפקודה, ושל ניסיון סחר בנשק, לפי סעיף 144(ב2) לחוק העונשין, תשל""ז-1977 (להלן: ""החוק"") בצירוף סעיף 25 לחוק.",רקע,עובדות המקרה,עובדות המקרה,עובדות המקרה,עובדות המקרה,עובדות המקרה
ME-23-04-8444-574,"במסגרת הסדר הטיעון לא הייתה הסכמה בין הצדדים לעניין העונש, וכל צד נותר חופשי בטיעוניו. הטיעונים לעונש נדחו עד להגשת תסקיר שירות המבחן בעניינו של הנאשם.",רקע,עובדות המקרה,עובדות המקרה,מידע אחר,עובדות המקרה,עובדות המקרה
ME-23-04-8444-574,"על פי עובדות החלק הכללי של כתב האישום המתוקן, נ.פ 447/21 שימש במועדים הרלוונטיים לכתב האישום המתוקן בתור ""סוכן"" מטעם משטרת ישראל (להלן: ""הסוכן""). בתקופת הפעלתו של הסוכן, נוצר קשר בין הסוכן לנאשם, זאת על רקע עיסוקו של הנאשם בסחר בסמים מסוג קוקאין. כמו כן, בין הסוכן לאדהם אלעזאמי (להלן: ""אדהם"") קיימת היכרות מוקדמת מספר שנים עובר למועדים הרלוונטיים בכתב האישום המתוקן. כפי שיפורט להלן, במסגרת הקשר בין הסוכן לנאשם, ביצע הנאשם יחד עם אדהם עסקאות בהם מכרו לסוכן סמים מסוכנים מסוג קוקאין בתמורה כספית גבוהה, וזאת תמורת עמלת תיווך אותה קיבל הנאשם מהסוכן. בנוסף, ניסה הנאשם למכור לסוכן כלי נשק.",רקע,עובדות המקרה,עובדות המקרה,עובדות המקרה,עובדות המקרה,עובדות המקרה
ME-23-04-8444-574,"כתב האישום המתוקן חובק שני אישומים. על פי עובדות האישום הראשון לכתב האישום המתוקן, ביום 11.2.22 נפגשו הנאשם והסוכן בלוד. במהלך הפגישה שאל הנאשם את הסוכן כמה סם מסוג קוקאין הוא מבקש וציין, כי יש לו כל כמות שצריך. הסוכן ענה לנאשם כי הוא צריך 1 ק""ג. הנאשם אמר לסוכן כי כמות כזו תעלה לסוכן 200,000 ₪ במזומן או בין 250,000 ל-300,000 ₪ בתשלומים. בהמשך לאמור, במספר הזדמנויות עובר ליום 23.2.22, יצר הנאשם קשר עם הסוכן במטרה לוודא, כי הסוכן עדיין מעוניין ברכישת הקוקאין.",רקע,עובדות המקרה,עובדות המקרה,עובדות המקרה,עובדות המקרה,עובדות המקרה
ME-23-04-8444-574,"ביום 23.2.22 יצר הסוכן קשר עם הנאשם וביקש ממנו לרכוש כמות קטנה של סם מסוכן מסוג קוקאין לצורך בדיקת איכות הסם. הנאשם הציע לסוכן לרכוש את הקוקאין במחיר של 250 ₪ לגרם אחד, ובסופו של דבר סוכם כי הנאשם ימכור לסוכן 40 גרם של סם מסוכן מסוג קוקאין בסכום של 12,000 ₪.",רקע,עובדות המקרה,עובדות המקרה,עובדות המקרה,עובדות המקרה,עובדות המקרה
ME-23-04-8444-574,"בהמשך, ביום 24.2.22, נקבעה פגישה בין הנאשם והסוכן לצורך מימוש העסקה. הנאשם נפגש עם הסוכן בתחנת דלק ""פז"" ויסוצקי ברחוב אבא הלל סילבר בלוד (להלן בשני האישומים: ""תחנת דלק ""פז"" ""), שם עבר הסוכן לשבת ברכבו של הנאשם והשניים נסעו יחד לרכוש את הסם. בהמשך, במיקום שאינו ידוע במדויק למאשימה, באזור לוד, נפגשו הסוכן והנאשם עם אדהם. במהלך הפגישה הבינו אדהם והסוכן כי קיימת ביניהם היכרות מוקדמת, ואדהם אמר כי ייסע להביא לסוכן 40 גרם של קוקאין ""איכותי"".",רקע,עובדות המקרה,עובדות המקרה,עובדות המקרה,עובדות המקרה,עובדות המקרה
ME-23-04-8444-574,"לאחר כחצי שעה, נפגשו אדהם, הנאשם והסוכן בתחנת הדלק ""סונול"" ברחוב אבא הלל סילבר בלוד. אדהם נכנס לרכבו של הנאשם כשבהחזקתו 40.38 גרם של סם מסוכן מסוג קוקאין, ומסר את החבילה ובה הסם לסוכן, אשר מסר תמורת הסם לנאשם 10,000 ₪. כמו כן, במהלך הפגישה אמר הסוכן לנאשם ולאדהם, כי אם הקוקאין יהיה טוב, הוא יבקש לרכוש קילו קוקאין, ובתגובה אמר לו אדהם, כי הוא יכול למכור לו קוקאין בכל כמות ובכל זמן, וקבעו להמשיך את הקשר ביניהם. בסמוך לשעה 19:00 נסעו הנאשם והסוכן לתחנת הדלק ""פז"". כשהגיעו לרכבו של הסוכן, הסליק הנאשם את הסם בתא המטען של רכב הסוכן, וקיבל מהסוכן סכום של 500 ₪ בתמורה לפועלו.",רקע,עובדות המקרה,עובדות המקרה,עובדות המקרה,עובדות המקרה,עובדות המקרה
ME-23-04-8444-574,"בהמשך למתואר, לאחר שהסוכן אמר לנאשם כי הוא מרוצה מהסם שנמכר לו, שוחחו הנאשם והסוכן במספר הזדמנויות בקשר לרכישת סמים בכמות גדולה יותר. ביום 7.3.22 התקשר הסוכן לאדהם וביקש לרכוש חצי ק""ג קוקאין כפי שסיכמו עובר לאותו יום. במהלך השיחה סוכם כי תמורת הסם יעביר הסוכן לנאשם ולאדהם 110,000 ₪. בהמשך, שוחח הנאשם עם אדהם על מנת להשיג מחיר זול יותר אך ללא הצלחה. הסוכן, הנאשם ואדהם קבעו להיפגש ביום 8.3.22 בשעה 14:00 בבית אדהם בלוד.",רקע,עובדות המקרה,עובדות המקרה,עובדות המקרה,עובדות המקרה,עובדות המקרה
ME-23-04-8444-574,"ביום 8.3.22 בשעות הצהריים קבעו הנאשם והסוכן להיפגש בתחנת דלק ""פז"". כאשר הגיע הסוכן למקום המפגש, הנאשם ישן והסוכן המשיך לבדו לביתו של אדהם, שם נפגש הסוכן עם אדהם ברחוב דב גרונר בלוד, לצורך ביצוע עסקת הסמים. בשלב מסוים הצטרף הנאשם למפגש. במהלך הפגישה, הציג אדהם לסוכן ולנאשם חצי קילוגרם קוקאין שחולק ל-7 שקיות שונות (להלן: ""הקוקאין""). או אז, הלכו אדהם והסוכן לרכבו של הסוכן כשאדהם מחזיק בקוקאין. כאשר התיישב אדהם ברכבו, מסר אדהם לסוכן את הקוקאין ובתמורה קיבל מהסוכן סכום של 110,000 ₪. בהמשך, נסעו הנאשם והסוכן לתחנת הדלק ""פז"", שם העביר הסוכן לנאשם סכום של 6,000 ₪ תמורת פועלו לביצוע העסקה.",רקע,עובדות המקרה,עובדות המקרה,עובדות המקרה,עובדות המקרה,עובדות המקרה
ME-23-04-8444-574,"במעשיו המתוארים לעיל, תיווך הנאשם, בתמורה, בעסקת סחר בה נמכרו סמים מסוכנים מסוג קוקאין, ללא שהותר הדבר בפקודה, בתקנות או ברישיון מאת המנהל.",רקע,עובדות המקרה,עובדות המקרה,עובדות המקרה,עובדות המקרה,עובדות המקרה
ME-23-04-8444-574,"על פי עובדות האישום השני לכתב האישום המתוקן, ביום 13.3.22 אמר הנאשם לסוכן כי הוא מחזיק באקדח ללא נוקר ומבקש לרכוש נוקר, וביקש את עזרת הסוכן בכך. יומיים לאחר מכן, ביום 14.3.22, הציע הנאשם לסוכן לרכוש אקדח בסכום של 15,000 ₪. הנאשם שלח לסוכן תמונות של האקדח, והסוכן הודיע לנאשם שמדובר באקדח מורכב והמחיר המוצע עליו גבוה (להלן: ""האקדח""). למחרת היום, ביקש הנאשם מהסוכן לבוא לראות את האקדח על מנת לבחון אותו.",רקע,עובדות המקרה,עובדות המקרה,עובדות המקרה,עובדות המקרה,עובדות המקרה
ME-23-04-8444-574,"ביום 23.3.22 נפגשו הנאשם והסוכן במקום שאינו ידוע במדויק למאשימה בעיר לוד. במהלך הפגישה, הגיע אדם שזהותו אינה ידועה למאשימה, והנאשם הציע לסוכן לסחור עמו בסמים מסוכנים מסוג קוקאין. בהמשך הציג הנאשם לסוכן חפץ הנחזה להיות אקדח, וביקש מהסוכן שייקח את האקדח וימכור אותו עבורו. הסוכן אמר, כי יוכל לקבל עבור האקדח סכום של 10,000 ₪, והנאשם הסכים, אך העסקה לא יצאה לפועל, שכן הסוכן סירב לקחת את האקדח באותו יום, והוחלט שיקבעו למועד אחר.",רקע,עובדות המקרה,עובדות המקרה,עובדות המקרה,עובדות המקרה,עובדות המקרה
ME-23-04-8444-574,"במעשיו המתוארים לעיל, ניסה הנאשם לסחור באקדח ללא רשות על פי דין.",רקע,עובדות המקרה,עובדות המקרה,עובדות המקרה,עובדות המקרה,עובדות המקרה
ME-23-04-8444-574,"יצוין, כי ביום 2.7.23 גזר בית המשפט את דינו של אדהם, אשר הודה והורשע, במסגרת הסדר טיעון, בשלוש עבירות של סחר בסם מסוכן לפי סעיף 13 לפקודה בצירוף סעיף 19א לפקודה, והטיל עליו עונש של 63 חודשי מאסר בפועל (ת""פ 53315-09-22). אדהם צירף להליך זה הליך נוסף אשר במסגרתו הודה והורשע בעבירה אחת של סחר בסם מסוכן לפי סעיף 13 לפקודה בצירוף סעיף 19א לפקודה, ובית המשפט גזר עליו 24 חודשי מאסר בפועל, וקבע שירצה 18 חודשים מתוכם בחופף לעונש בהליך העיקרי ושישה חודשים במצטבר, ומכאן שבסך הכל ירצה 69 חודשי מאסר בפועל. כמו כן, הוטל על אדהם עונש מאסר על תנאי וקנס בסך 165,000 ₪.",רקע,עובדות המקרה,עובדות המקרה,עובדות המקרה,עובדות המקרה,ראיות לעונש
ME-23-04-8444-574,"מתסקיר שירות המבחן מיום 9.1.24 עולה, כי הנאשם בן 23, רווק, וטרם מעצרו התגורר לבדו בדירה שכורה בכפר עקב בירושלים ועבד כשליח. הנאשם מסר, כי גדל במשפחה נורמטיבית, סיים 12 שנות לימוד עם תעודת בגרות חלקית, ושלל כל מעורבות בפלילים או שימוש באלכוהול או בסמים כנער. לאחר סיום התיכון החל לעבוד בתור עוזר לנהג משאית, יחד עם אביו, עד למעצרו בשנת 2020, ומאז שחרורו ממעצר עבד בעבודות מזדמנות במרכול ובתחנת דלק. כמו כן, מסר הנאשם כי הוא שואף להשתלב בלימודים אקדמיים בתחום ראיית חשבון, והביע שאיפות בתחום המשפחתי, כשלדבריו הוא מאורס לצעירה שלומדת סיעוד במכללה במרכז הארץ.",תסקיר שירות המבחן,תסקיר שירות מבחן,תסקיר שירות מבחן,תסקיר שירות מבחן,תסקיר שירות מבחן,תסקיר שירות מבחן
ME-23-04-8444-574,"שירות המבחן ציין, כי משפחת מוצאו של הנאשם מונה הורים ושלושה ילדים, כאשר הנאשם הוא הבכור. אביו עובד כנהג משאית ואמו בעלת מספרה עצמאית. שירות המבחן ציין, כי למיטב הבנתו, האם ילידת ירדן ונמצאת בישראל במסגרת איחוד משפחות. עוד צוין, כי מדובר בהורים שעסוקים שעות רבות בפרנסת משפחתם, באופן המשפיע על מעורבותם בחיי ילדיהם, אך נראה שהם עושים מאמצים לבסס סמכותם כפי יכולתם.",תסקיר שירות המבחן,תסקיר שירות מבחן,תסקיר שירות מבחן,תסקיר שירות מבחן,תסקיר שירות מבחן,תסקיר שירות מבחן
ME-23-04-8444-574,"בכל הנוגע לקיומה של היסטוריה עבריינית, צוין כי מעיון בגיליון רישומו הפלילי של הנאשם עולה שהוא נעדר הרשעות קודמות, אך תלוי ועומד נגדו תיק פתוח בשל עבירות סחר בסמים המתנהל בבית משפט השלום ברמלה. שירות המבחן הוסיף, כי במסגרת אותו  הליך הוגשו בעניינו של הנאשם מספר תסקירים, שהאחרון שבהם מיום 5.12.22, אך הטיפול הופסק בשל התליית ההליכים נגדו. עם זאת, שירות המבחן מסר כי למיטב הבנתו בעקבות ההליך דנן חודשו ההליכים בתיק זה ודיון צפוי להתקיים ביום 6.2.24.",תסקיר שירות המבחן,תסקיר שירות מבחן,תסקיר שירות מבחן,תסקיר שירות מבחן,תסקיר שירות מבחן,תסקיר שירות מבחן
ME-23-04-8444-574,"במסגרת אותו הליך שירות המבחן התרשם שהנאשם נקט בגישה מצמצמת ביחס לחומרת העבירות, וטען שלא פעל מתוך מניע כלכלי אלא נגרר חברתית, כשסייע לאחרים להשיג סמים מבלי לקבל על כך תמורה כספית. מבדיקת שתן שמסר במסגרת האבחון הקודם נמצאו שליליות והעידו על ניקיונו מסמים. הנאשם השתלב בקבוצה טיפולית בשירות המבחן למשך כ-5 חודשים, במהלכם הוא עשה מאמץ לקחת חלק פעיל במפגשים ולללמוד מהם. עם זאת, כאמור, חדל הנאשם להגיע לקבוצה וניתק את הקשר עם שירות המבחן.",תסקיר שירות המבחן,תסקיר שירות מבחן,תסקיר שירות מבחן,תסקיר שירות מבחן,תסקיר שירות מבחן,תסקיר שירות מבחן
ME-23-04-8444-574,"אשר ליחסו של הנאשם לעבירות בהליך דנן- מסר הנאשם, כי היה צעיר ושאף להשיג רווח מהיר וקל. עוד מסר, כי בעת ביצוע העבירות טשטש את הבעייתיות שבמכירת סמים, וכיום מבין את הקשיים בהתמכרות לסמים, לאחר שנחשף למכורים בעת מעצרו. צוין, כי הנאשם הביע צער וחרטה על מעשיו וקיבל עליהם אחריות מלאה. הנאשם תיאר לפני שירות המבחן, כי סחר בסמים מקובל באזור מגוריו, אך כיום הוא מעוניין להתרחק מהעיר לוד ומהחברה השולית אליה השתייך, ותיאר את רתיעתו מריצוי מאסר, ואת רצונו לנהל אורח חיים נורמטיבי בתחומי המשפחה והעבודה. הנאשם הדגיש, כי בעת ביצוע העבירות התנהל באופן פזיז וחסר מחויבות והיה ממוקד בהשגת רווח ובהפגנת יכולת וצורכי נראות ודימוי גברי.",תסקיר שירות המבחן,תסקיר שירות מבחן,תסקיר שירות מבחן,תסקיר שירות מבחן,תסקיר שירות מבחן,תסקיר שירות מבחן
ME-23-04-8444-574,"אשר לעבירת הנשק- מסר הנאשם, כי פעל מתוך מניע כלכלי על רקע תפיסות שגויות הרווחות באזור מגוריו. לדבריו, ביקש למכור לסוכן אקדח ""אייר סופט"", אף שידע שחפץ זה עלול להפוך לכלי נשק המסוגל להמית אדם. הנאשם ציין, כי הוא מתחרט על מעשיו, בין היתר, על רקע ריבוי מקרי הרצח בחברה הערבית, והבנתו את הסיכון והפסול במעשיו. הנאשם התייחס גם לרצונו להשתלב בקבוצות טיפול בשב""ס, כמו גם בליווי של הרשות לשיקום האסיר, כאשר כבר כיום הוא משולב בקבוצה לתקשורת בין אישית במסגרת מעצרו.",תסקיר שירות המבחן,תסקיר שירות מבחן,תסקיר שירות מבחן,תסקיר שירות מבחן,תסקיר שירות מבחן,תסקיר שירות מבחן
ME-23-04-8444-574,"שירות המבחן התרשם מנאשם בעל יכולות תפקוד טובות, וורבלי ונבון, שקודם למעצרו נטה להיגררות חברתית וחיפש מענה לסיפוק צרכים מידיים, לרבות באמצעים שוליים, היה חשוף לסביבה הנותנת לגיטימציה לעבריינות, והחזיק בדפוסי חשיבה עבריינים. עם זאת, שירות המבחן ציין כי לנוכח הגבול שהוצב לו, מעצרו והבנתו את חומרת מצבו המשפטי, כמו גם לנוכח תכניות אישיות ומשפחתיות, הנאשם מבטא רתיעה מהמשך ניהול אורח חיים עברייני, ומביע כוונות להתמסדות בתחומי המשפחה והעבודה.",תסקיר שירות המבחן,תסקיר שירות מבחן,תסקיר שירות מבחן,תסקיר שירות מבחן,תסקיר שירות מבחן,תסקיר שירות מבחן
ME-23-04-8444-574,"בבואו להעריך את סיכויי השיקום אל מול הסיכון בהישנות העבירות, כגורמי סיכון, שירות המבחן לקח בחשבון את אופי העבירות נושא ההליך דנן, אשר מעידות על קרבה והיכרות עם גורמים עברייניים, לרבות בעולם הסם ונגישות לנשק, כמו גם על עמדות בעייתיות כלפי חוק. בנוסף נלקחו בחשבון לחצים כלכליים מתמשכים, קושי ביצירת קשרים חברתיים נורמטיביים ומקדמים, ונטייתו להתנהלות מרצה באינטראקציות חברתיות, וקושי להציב לעצמו גבול למול פיתוי לרווח. עוד נלקח בחשבון תפקודו הבלתי יציב, כפי שבא לידי ביטוי במסגרת האבחון הקודם, ובכלל זה בניתוק הקשר עם שירות המבחן והתליית ההליכים נגדו, וכן קווי אישיות בלתי בשלה והתייחסות ילדותית וקונקרטית לבחירותיו. מנגד, כגורמי סיכוי לשיקום, שירות המבחן לקח בחשבון את שאיפותיו הנורמטיביות של הנאשם, את העורף המשפחתי המתנגד להתנהלות שולית ומעודד יציבות. כמו כן, נלקח בחשבון שההליך המשפטי מהווה עבורו גורם מרתיע ומציב גבול, ופנייתו לגורמי טיפול בבית הכלא. בנוסף, העריך שלנאשם אין בעיה בהיבט ההתמכרותי, באופן שמגביר את סיכויי שיקומו במסגרת קבלת עזרה בשב""ס ובהמשך ברשות לשיקום האסיר.",תסקיר שירות המבחן,תסקיר שירות מבחן,תסקיר שירות מבחן,תסקיר שירות מבחן,תסקיר שירות מבחן,תסקיר שירות מבחן
ME-23-04-8444-574,"לסיום צוין, כי הנאשם הפנים שפניו לרצוי עונש מאסר, ועל כן שירות המבחן עודד אותו לפנות לגורמי הטיפול בשב""ס, והעריך שהוא זקוק לליווי גורמי טיפול כדי להפחית את הסיכון לחזרתיות בעתיד.",תסקיר שירות המבחן,תסקיר שירות מבחן,תסקיר שירות מבחן,תסקיר שירות מבחן,תסקיר שירות מבחן,תסקיר שירות מבחן
ME-23-04-8444-574,"ב""כ הצדדים לא הגישו ראיות לעונש.",ראיות לעונש,ראיות לעונש,ראיות לעונש,מידע אחר,ראיות לעונש,ראיות לעונש
ME-23-04-8444-574,"ב""כ המאשימה טענה, כי מכתב האישום המתוקן עולה, כי הקשר בין הסוכן והנאשם נוצר על רקע עיסוקו של הנאשם בעולם הסמים, ולא מדובר במי שעולם זה זר לו או מי שנקלע במקרה לביצוע העבירות. ב""כ המאשימה ציינה, כי באישום הראשון מתוארות עסקאות סחר בסמים בהן שימש הנאשם כמתווך, כאשר מדובר בעסקה אחת שמחולקת לשני חלקים, ועבור פועלו כמתווך קיבל עמלה בסך 6,500 ₪. עוד ציינה ב""כ המאשימה, כי הנאשם הוא הכתובת הראשונית של הסוכן, הוא זה שמחבר את הסוכן לאדהם שבחזקתו סמים, הנאשם לוקח חלק במשא ומתן, בהצגת הסמים, בקביעת המחירים ובפגישות בהן נמסרו הסמים והוחלפה התמורה. לטענת ב""כ המאשימה, הפגיעה בערכים המוגנים נמצאת ברף הגבוה, ואין משמעות לכך שהסמים בסופו של דבר הועברו לסוכן משטרתי ולא הופצו בשוק הרחב. לדבריה, מדובר בעבירה אחת, מתמשכת, בה בוצעו עסקאות שבהן נמכרו בסך הכל 540 גרם קוקאין לסוכן בשתי פעימות.",טיעוני הצדדים לעונש,טיעוני הצדדים,טיעוני הצדדים,טיעוני הצדדים,טיעוני הצדדים,טיעוני הצדדים
ME-23-04-8444-574,"אשר לאישום השני- ב""כ המאשימה טענה, כי המתואר בכתב האישום המתוקן מלמד על עיסוקו של הנאשם לא רק בסמים, אלא גם בעולם הנשק. במסגרת העבירה ניסה הנאשם למכור אביזר עבור אקדח ואקדח לסוכן, כאשר הוא הציע לסוכן את האקדח, ניהל איתו משא ומתן על המחיר והזמין אותו לפגישה. נטען, כי מבחינת הנאשם, העסקה כמעט נסגרה, האקדח הוצג לסוכן ונקבע מחיר, וכישלון העסקה אינו בשל חרטת הנאשם, אלא בגלל סירוב הסוכן לקנות אותו. לכן, לדידה, מדובר ברף העליון של עבירת הניסיון, של מי שעשה כל שביכולתו כדי שהעסקה תצא לפועל.",טיעוני הצדדים לעונש,טיעוני הצדדים,טיעוני הצדדים,טיעוני הצדדים,טיעוני הצדדים,טיעוני הצדדים
ME-23-04-8444-574,"ב""כ המאשימה טענה, כי שני האישומים כוללים עבירות שנעשו במסגרת הקשר בין הנאשם והסוכן, אך יש ביניהן שוני מהותי והמעשים אינם חופפים בזמן, ועל כן היא סבורה כי יש לקבוע שני מתחמי ענישה נפרדים ביחס לכל אחד מהאישומים. כמו כן, הפנתה לפסיקה לעניין מדיניות הענישה, וציינה כי בית המשפט העליון עמד פעמים רבות על כך שיש לנקוט בענישה מחמירה מול כל אחת מחוליות הפצת הסם.",טיעוני הצדדים לעונש,טיעוני הצדדים,טיעוני הצדדים,טיעוני הצדדים,טיעוני הצדדים,טיעוני הצדדים
ME-23-04-8444-574,"סופו של דבר, עתרה ב""כ המאשימה לקביעת מתחם עונש הולם באישום הראשון הנע בין 40 ל-60 חודשי מאסר בפועל, ובאישום השני עתרה לקביעת מתחם עונש הולם הנע בין 30 ל-50 חודשי מאסר בפועל.",טיעוני הצדדים לעונש,טיעוני הצדדים,טיעוני הצדדים,טיעוני הצדדים,טיעוני הצדדים,טיעוני הצדדים
ME-23-04-8444-574,"לעניין קביעת העונש בתוך מתחם העונש צוין, כי הנאשם נעדר עבר פלילי, הודה ונטל אחריות, חסך את ניהול המשפט, אולם מנגד יש להתחשב בהתרשמות שירות המבחן בדבר עמדתו הבעייתית כלפי החוק ונגישותו לסמים ונשק, ולהמלצה בדבר הליך שיקומי בין כותלי הכלא במסגרת מאסר ממושך. על כן, ב""כ המאשימה ביקשה למקם את הנאשם בשליש התחתון של מתחמי העונש ההולם אך לא בתחתיתו, ולגזור עליו, תוך חפיפה מסוימת בין המתחמים, עונש של 5.5 שנות מאסר בפועל, לצד מאסר על תנאי מרתיע וקנס שיבהיר את חוסר הכדאיות הכלכלית בעבירות שביצע. לבסוף, התבקש בית המשפט לחלט את הטלפונים הניידים של הנאשם ששימשו לביצוע העבירות, להכריז על הנאשם כסוחר סמים, וכן להורות על חילוט או השמדת הסמים שנתפסו במסגרת החקירה.",טיעוני הצדדים לעונש,טיעוני הצדדים,טיעוני הצדדים,טיעוני הצדדים,טיעוני הצדדים,טיעוני הצדדים
ME-23-04-8444-574,"מנגד, טען ב""כ הנאשם כי ישנו פער בין העובדות המתוארות בכתב האישום המתוקן לבין העונש לו עתרה המאשימה. לדבריו, על אדהם, שהוא הנאשם המרכזי שמכר את הסמים והפיק את הרווחים, נגזר אותו העונש שבית המשפט מתבקש כעת לגזור על הנאשם. לטענתו, יש להתחשב בפער בין אדהם הסוחר, לבין הנאשם ששימש כמתווך בלבד.",טיעוני הצדדים לעונש,טיעוני הצדדים,טיעוני הצדדים,טיעוני הצדדים,טיעוני הצדדים,טיעוני הצדדים
ME-23-04-8444-574,"ב""כ הנאשם ציין, כי הנאשם הוא בחור צעיר, יליד שנת 2001, נעדר עבר פלילי, אשר גדל בשכונה לא פשוטה בלוד. ברם, למרות נקודת המוצא של הנאשם, שאיפותיו כיום הינן שאיפות נורמטיביות, הוא ניסה לשמור על עצמו ולהתרחק מחברה רעה, הוא בעל שאיפות אקדמיות ומאורס לבחורה משכילה.",טיעוני הצדדים לעונש,טיעוני הצדדים,טיעוני הצדדים,ראיות לעונש,טיעוני הצדדים,טיעוני הצדדים
ME-23-04-8444-574,"לעניין האישום הראשון, טען ב""כ הנאשם שמעובדות כתב האישום המתוקן עולה, כי חלקו של הנאשם בעסקאות אינו גדול. לדבריו, בעסקה הראשונה ניתנה תמורה בסך 10,000 ₪ בעוד שהעמלה אותה קיבל הנאשם היתה בסך 500 ₪ בלבד, ואילו בעסקה השנייה קיבל עמלה בסך 6,000 ₪ כשהתמורה עבור העסקה הייתה 110,000 ₪. לדבריו, במסגרת העסקה השנייה מי שקבע את הכמויות, המיקום ואת יתר הפרטים הוא אדהם, וחלקו של הנאשם בה אינו משמעותי, ואף התיווך שלו היה בדיעבד. לעניין האישום השני, טען ב""כ הנאשם שמדובר בניסיון לבצע עסקה בחפץ שנחזה להיות אקדח, והמחיר של 10,000 ₪ מלמד שלא מדובר באקדח אמיתי.",טיעוני הצדדים לעונש,טיעוני הצדדים,טיעוני הצדדים,טיעוני הצדדים,טיעוני הצדדים,טיעוני הצדדים
ME-23-04-8444-574,"ב""כ הנאשם הוסיף וטען, כי תסקיר שירות המבחן אינו שלילי, ועולה ממנו שהנאשם שונה מעבריינים אחרים גם בהתנהלותו, וגם בכך שהוא בעל אופק ממשי לנהל אורח חיים נורמטיבי, הוא מכיר בטעויות שלו, מודה בהן הודאה מלאה ולוקח אחריות. כמו כן, הנאשם שהה במעצר, בתנאים קשים יותר מאלה של מאסר במשך חודשים ארוכים. לדבריו, הנאשם כבר קיבל את המכה הקשה ולמד את הלקח, וביקש שבית המשפט יטיל עונש שאינו נותן ביטוי רק לעיקרון ההלימה אלא גם ייתן אופק מסוים לנאשם, צעיר שלרוע מזלו הכיר את האנשים הלא נכונים.",טיעוני הצדדים לעונש,טיעוני הצדדים,טיעוני הצדדים,טיעוני הצדדים,טיעוני הצדדים,טיעוני הצדדים
ME-23-04-8444-574,"לעניין מדיניות הענישה- טען ב""כ הנאשם, כי לא מצא מקרים דומים לעניינו של הנאשם בהם מדובר במתווך שאינו מאוד פעיל. לכן, לשיטתו, באישום הראשון יש לקבוע מתחם עונש הולם הנע בין 10 ל-24 חודשי מאסר בפועל; ובאישום השני יש לקבוע מתחם עונש הולם הנע בין מאסר שיכול שירוצה בעבודות שירות ועד ל-18 חודשי מאסר בפועל. כמו כן, טען כי צריכה להיות חפיפה מסוימת בין העונשים. ב""כ הנאשם סבר, כי חיבור שני מתחמי הענישה שציין וחפיפתם מביאים למתחם הנע בין 15 ל-28 חודשי מאסר בפועל, וביקש למקם את עונשו של הנאשם בחלקו התחתון של המתחם. כמו כן, ציין כי הנאשם קיבל במסגרת העבירות סכום כולל של 6,500 ₪, שהוא סכום קטן בהרבה מזה שקיבל אדהם, ועל כן ענישה כלכלית ככל שתהיה צריכה להיות מותאמת למידותיו.",טיעוני הצדדים לעונש,טיעוני הצדדים,טיעוני הצדדים,טיעוני הצדדים,טיעוני הצדדים,טיעוני הצדדים
ME-23-04-8444-574,"הנאשם בדבריו לבית המשפט אמר, כי נקלע לעולם הסמים, אך למד מהטעויות שעשה והוא משלם את המחיר על כך בבית הסוהר. לדבריו, לאחרונה הוא התארס ושינה את דרכיו.",טיעוני הצדדים לעונש,טיעוני הצדדים,טיעוני הצדדים,טיעוני הצדדים,טיעוני הצדדים,טיעוני הצדדים
ME-23-04-8444-574,"במקרה דנן הצדדים אינם חלוקים וטענו שניהם לקביעת מתחם עונש הולם נפרד עבור כל אחד מהאישומים. אף אני סבורה כי במקרה זה יש לקבוע מתחם עונש הולם עבור כל אחד מהאישומים, וזאת מאחר שאף שמדובר בפעילות מול אותו סוכן, כל אחד מהאישומים עוסק בעבירות מתחום אחר אשר באים להגן על ערכים חברתיים שונים, וכן מדובר באירועים שהתרחשו במועדים שונים.",מתחם העונש ההולם,דיון והכרעה,דיון והכרעה,דיון והכרעה,דיון והכרעה,דיון והכרעה
ME-23-04-8444-574,"העיקרון המנחה בענישה הוא הלימה, קרי: יחס הולם בין חומרת מעשה העבירה ונסיבותיו ומידת אשמו של הנאשם, לבין סוג ומידת העונש המוטל עליו. בקביעת מתחם העונש ההולם, על בית המשפט להתחשב בערך החברתי שנפגע, במידת הפגיעה בו, במדיניות הענישה הנהוגה ובנסיבות הקשורות לביצוע העבירה.",מתחם העונש ההולם,דיון והכרעה,דיון והכרעה,דיון והכרעה,דיון והכרעה,דיון והכרעה
ME-23-04-8444-574,"עבירות הסמים בכללותן פוגעות בערכים של הגנה על בריאות הציבור, על ביטחונו ועל שלומו הפיזי והנפשי מפני הנזקים הישירים והעקיפים הנגרמים עקב השימוש בסמים. הפסיקה אף מדגישה את הצורך בענישה מחמירה ומרתיעה בעבירות של סחר בסמים, בין השאר, בשל הפיתוי האמור לעשיית רווחים קלים מביצוען.",האישום הראשון,דיון והכרעה,דיון והכרעה,דיון והכרעה,דיון והכרעה,דיון והכרעה
ME-23-04-8444-574,"רבות נאמר על חומרתן של עבירות הסמים בהן נדחות הנסיבות האישיות מפני האינטרס הציבורי ועל בית המשפט להילחם בתופעה הקשה של נגע הסמים ולהרתיע היחיד והרבים מפני עבירות הסמים, ראו ע""פ 1987/15 דרורי נ' מדינת ישראל (17.8.15): ""על חומרתן של עבירות סחר והפצה של סמים מסוכנים ועל הצורך להיאבק בהן באמצעות ענישה משמעותית ומרתיעה עמד בית משפט זה לא אחת, תוך הדגשה שבעבירות אלה יש ליתן משקל ממשי לשיקול ההרתעתי אל מול השיקולים האישיים"".",האישום הראשון,דיון והכרעה,דיון והכרעה,דיון והכרעה,דיון והכרעה,דיון והכרעה
ME-23-04-8444-574,"בית המשפט העליון בע""פ 4522/18 מדינת ישראל נ' אסאבן (1.11.18) בהתייחסו לעבירות סחר בסמים לחומרתן ולנזקיהן אמר את הדברים הבאים: ""בית משפט זה עמד פעמים רבות על חומרתן של עבירות הסמים, ובפרט עבירת הסחר בסמים. חומרה זו נובעת, בין היתר, מנזקיהם הקשים של הסמים – במיוחד כך לגבי סמים המוגדרים 'קשים' – הן למשתמשים, הן לסביבתם"" (ע""פ 7952/15 מדינת ישראל נ' שץ (15.2.2016)); ע""פ 4998/95 מדינת ישראל נ' גומז-קרדוסו, פ""ד נא(3) 769 (1997)). לפיכך, נפסק לא אחת כי עבירות אלו מחייבות מענה החלטי על דרך של ענישה מחמירה ומרתיעה (ראו ע""פ 8988/16 בן סימון נ' מדינת ישראל, פסקה 10 (8.3.2017); ע""פ 5953/13 מדינת ישראל נ' דוידי, פסקה 17 (6.7.2014)). כבר צוין, כי הענישה בעבירות סמים מאופיינת בשונות רבה, נוכח ""האינדיבידואליות בענישה והייחודיות של המקרים השונים"" (ע""פ 3931/13 באום נ' מדינת ישראל, פסקה 13 (10.6.2014)). במסגרת זו יש ליחס משקל גם לסוג הסם ולכמותו.",האישום הראשון,דיון והכרעה,דיון והכרעה,דיון והכרעה,דיון והכרעה,דיון והכרעה
ME-23-04-8444-574,"אשר לסיבות הקשורות לביצוע העבירה- שקלתי את התכנון שקדם לעסקאות הסמים, ואת חלקו המשמעותי של הנאשם בביצוע העסקאות לאורך כל שלביהן. במסגרת העסקה הראשונה, נמכרו לסוכן 40.38 גרם קוקאין תמורת 10,000 ₪, כאשר הנאשם קיבל עמלה בסך 500 ₪ עבור פועלו. מעובדות כתב האישום המתוקן עולה, כי ניכר שהנאשם ערך מאמצים רבים על מנת לקדם ולהוציא לפועל את העסקה. הנאשם שאל את הסוכן בפגישתם כמה סם מסוג קוקאין הוא צריך, אמר לו כי יוכל לדאוג לספק לו כל כמות שיבקש, ולאחר הפגישה יצר עם הסוכן קשר במספר הזדמנויות על מנת לוודא שהוא עדיין מעוניין ברכישת הקוקאין. הנאשם אף הפגין מיומנות וניסיון במשא ומתן בתחום עסקאות הסמים, בכך שהציע מחיר עבור תשלום התמורה במזומן או מחיר אחר עבור תשלום בתשלומים. הנאשם, אף ששימש כמתווך בלבד, היה פעיל ודומיננטי לא רק במשא ומתן על תנאי העסקה אלא גם בהוצאתה לפועל. הנאשם אסף את הסוכן ברכבו והשניים נסעו יחד לרכוש את הסם, וכשהגיעו למקום המפגש עם אדהם הוא נכנס למכוניתו של הנאשם, ובתוכה בוצעה העסקה, אדהם מסר את הסמים לסוכן והוא העביר לאדהם את התמורה הכספית. אף בהמשך, הנאשם הוא זה שהסליק את הסם בתא המטען של רכב הסוכן.",האישום הראשון,דיון והכרעה,דיון והכרעה,דיון והכרעה,דיון והכרעה,דיון והכרעה
ME-23-04-8444-574,"במסגרת העסקה השנייה, נמכר לסוכן חצי ק""ג קוקאין תמורת 110,000 ₪, כאשר הנאשם קיבל עמלה בסך 6,000 ₪ עבור פועלו. הנאשם שוחח עם הסוכן במספר הזדמנויות בקשר לרכישת סמים בכמות גדולה יותר, והיה פעיל גם במסגרת ניהול המשא ומתן על תנאי עסקה זו, בכך שהציג הצעת מחיר ואף שוחח עם אדהם על מנת לנסות להשיג מחיר זול יותר, ללא הצלחה. אומנם, כאשר הגיע הסוכן למקום המפגש, הנאשם ישן והסוכן המשיך לבדו לביתו של אדהם לצורך העסקה. אולם דומה, כי אין בכך כדי להצביע על כך שמעורבותו בעסקה השנייה הייתה נמוכה. זאת לאור מעורבותו הפעילה, כאמור, בניהול המשא ומתן, כך שבעת ביצוע העסקה תנאיה כבר סוכמו. בנוסף, היות שבמסגרת העסקה הראשונה הבינו הסוכן ואדהם שקיימת ביניהם היכרות מוקדמת, ייתכן שהסוכן חש בנוח לנסוע לפגוש את אדהם לבדו ולא נזקק לנאשם. בין כה וכה, הרי שבשלב מסוים הנאשם הצטרף למפגש, מה שמעיד על נחישותו לוודא שהעסקה תושלם בהצלחה.",האישום הראשון,דיון והכרעה,דיון והכרעה,דיון והכרעה,דיון והכרעה,דיון והכרעה
ME-23-04-8444-574,"בנוסף לאמור לעיל, שקלתי כי הנזק שהיה צפוי להיגרם לו הסמים היו מופצים ברבים, הינו משמעותי, לנוכח הכמות הגדולה וסוג הסם שבו מדובר. אומנם נזק זה לא נגרם בפועל בענייננו מפני שהסם נמכר לסוכן, אך יש לתת לכך משקל מוגבל. ראשית, מפני שהנאשם לא היה מודע בעת ביצוע העבירה לכך שהסמים לא יתגלגלו לסוחרים ולמשתמשים נוספים, ושנית, מפני שנגרם נזק בדמות המשאבים הרבים שהשקיעה המדינה לצורך תפיסת הסמים אשר מתבטא בהפעלת הסוכן ובתשלום התמורה הגבוהה. כמו כן, שקלתי כי המניע העיקרי של הנאשם לביצוע העבירות הוא בצע כסף.",האישום הראשון,דיון והכרעה,דיון והכרעה,דיון והכרעה,דיון והכרעה,דיון והכרעה
ME-23-04-8444-574,"הענישה הנוהגת ביחס לעבירה בגינה הורשע הנאשם, משתנה ממקרה למקרה והיא תלויה בסוג הסם, בכמות שנמכרה, בגובה התמורה שהתקבלה בעדו, מחלקו של הנאשם במסכת העבריינית הכוללת, בהישנות המקרים ובנסיבותיו האישיות של הנאשם, כפי שניתן ללמוד מהפסיקה שלהלן:",האישום הראשון,דיון והכרעה,דיון והכרעה,דיון והכרעה,דיון והכרעה,דיון והכרעה
ME-23-04-8444-574,"בע""פ 5811/22 עומר אגבריה נ' מדינת ישראל (2.2.23), נדון עניינו של מי שהורשע, על יסוד הודאתו בהסדר טיעון, בעבירות של תיווך בסחר בסם מסוכן וסיוע לסחר בנשק. על פי האישום הראשון, המערער תיווך בעסקה שבמסגרתה נמכרו לסוכן משטרתי סמים מסוג קוקאין במשקל 504.02 גרם תמורת 150,000 ₪. על פי האישום השני, הנאשם סייע לביצוע עסקת מכירה של רובה מסוג M16 עם מחסנית תואמת לרובה ו-115 כדורים לסוכן משטרתי תמורת 110,000 ₪. בית המשפט המחוזי קבע ביחס לעבירת התיווך לעסקה בסם מסוכן מתחם עונש הולם שנע בין 30 ל-50 חודשי מאסר בפועל, ביחס לעבירת הנשק קבע מתחם עונש הולם שנע בין 15 ל-24 חודשי מאסר בפועל, וקבע מתחם ענישה לעבירות בהן הורשע שנע בין 40 ל-55 חודשי מאסר בפועל. לבסוף, בית המשפט המחוזי גזר על הנאשם עונש של 44 חודשי מאסר בפועל, לצד ענישה נלווית הכוללת קנס וחילוט. בית המשפט העליון דחה את הערעור.",האישום הראשון,דיון והכרעה,דיון והכרעה,דיון והכרעה,דיון והכרעה,דיון והכרעה
ME-23-04-8444-574,"בע""פ 3811/21 אלעד כהן נ' מדינת ישראל (13.1.22), נדון עניינו של מערער 2, אשר הורשע, על יסוד הודאתו בהסדר טיעון, בשתי עבירות של תיווך לעסקה בסם מסוכן. בעסקה הראשונה, נמכר לסוכן משטרתי חצי ק""ג סם מסוכן מסוג קוקאין בתמורה לסכום של 150,000 ₪, כאשר 10,000 ₪ שולמו למערער 2. בעסקה השנייה, נמכר לסוכן משטרתי חצי ק""ג סם מסוכן מסוג קוקאין בתמורה לסכום של 150,000 ₪. בית המשפט המחוזי קבע מתחם עונש הולם שנע בין 30 ל-50 חודשי מאסר בפועל, וגזר על מערער 2 עונש של 36 חודשי מאסר בפועל. בית המשפט העליון דחה את ערעורו של מערער 2, קיבל את ערעור המדינה על קולת העונש והעמידו על 46 חודשי מאסר בפועל.",האישום הראשון,דיון והכרעה,דיון והכרעה,דיון והכרעה,דיון והכרעה,דיון והכרעה
ME-23-04-8444-574,"בע""פ 3578/12 אליאל עזמה נ' מדינת ישראל (17.1.13), נדון עניינו של מי שהורשע, על יסוד הודאתו בהסדר טיעון, בשתי עבירות של תיווך בסחר בסמים. על פי האישום הראשון, המערער תיווך בעסקה שבה נמכר סם מסוג קוקאין במשקל 96.53 גרם לסוכן משטרתי תמורת 32,500 ₪, כאשר המערער קיבל על התיווך 2,500 ₪; על פי האישום השני, המערער תיווך בעסקה שבה נמכר סם מסוג קוקאין במשקל  199.68 גרם לסוכן משטרתי תמורת 66,000 ₪. בית המשפט המחוזי גזר על המערער עונש של 50 חודשי מאסר בפועל, 12 חודשי מאסר על תנאי וקנס בסך 10,000 ₪. בית המשפט העליון דחה את הערעור.",האישום הראשון,דיון והכרעה,דיון והכרעה,דיון והכרעה,דיון והכרעה,דיון והכרעה
ME-23-04-8444-574,"בת""פ 74742-06-20 מדינת ישראל נ' אורן עזרא (29.12.22), נדון עניינו של מי שהורשע, על יסוד הודאתו, בשתי עבירות של תיווך לסחר בסם מסוג קוקאין מול סוכן משטרתי. על פי האישום הראשון, נמכרו לסוכן משטרתי סמים מסוג קוקאין במשקל 300 גרם, ועל פי האישום השני נמכרו לסוכן המשטרתי סמים מסוג קוקאין במשקל 499.29 גרם. בית המשפט המחוזי קבע מתחם עונש הולם שנע בין 45 ל-65 חודשי מאסר בפועל, וגזר על הנאשם עונש של 38 חודשי מאסר בפועל.",האישום הראשון,דיון והכרעה,דיון והכרעה,דיון והכרעה,דיון והכרעה,דיון והכרעה
ME-23-04-8444-574,"בעפ""ג (מחוזי ב""ש) 263-02-11 וידל בראנס נ' מדינת ישראל (23.3.11) התקבל ערעורו של נאשם שהורשע על פי הודאתו בארבע עבירות תיווך בסם מסוכן. במקרה הראשון, המערער סיפק לסוכן המשטרתי חשיש במשקל של כ-288 גרם. במקרים האחרים, תיווך המערער בין הסוכן המשטרתי לאחרים, אשר סיפקו לסוכן המשטרתי קוקאין במשקל 0.72 גרם, קנביס במשקל 750 גרם וכן כמות נוספת של קנביס במשקל 250 גרם. בית משפט השלום הטיל על המערער 40 חודשי מאסר בפועל. בית המשפט המחוזי, לאחר ששקל את עברו הפלילי הלא מכביד של המערער, את נסיבותיו האישיות ואת העובדה שהמערער ביצע את המעשים ללא תמורה, קיבל את הערעור, הפחית את העונש והעמיד אותו על 24 חודשי מאסר בפועל.",האישום הראשון,דיון והכרעה,דיון והכרעה,דיון והכרעה,דיון והכרעה,דיון והכרעה
ME-23-04-8444-574,"בהינתן הערכים החברתיים המוגנים שנפגעו כתוצאה מביצוע העבירות, ובהינתן הנסיבות הקשורות בביצוע העבירות, ובהתחשב במדיניות הענישה הנוהגת, ובכך שמדובר בעבירת תיווך אחת, אני קובעת כי מתחם העונש ההולם נע בין 24 ל-48 חודשי מאסר בפועל.",האישום הראשון,דיון והכרעה,דיון והכרעה,דיון והכרעה,דיון והכרעה,דיון והכרעה
ME-23-04-8444-574,"הערכים החברתיים עליהם יש להגן מפני אלה המבצעים עבירות בנשק, הם ההגנה על שלום הציבור וביטחונו, והיכולת לקיים שיגרת חיים תקינה, שמירה על שלמות גופו ורכושו של אדם ומניעת פגיעה משמעותית בו כתוצאה משימוש בנשק חם, על ידי מי שאינו מיומן בכך. בית המשפט העליון חזר פעם אחר פעם על החומרה הגלומה בעבירות נשק, ועל פוטנציאל הפגיעה בנפש וברכוש שעלולים להיגרם כתוצאה מהשימוש בו. עוד נפסק, כי בשל הסכנה הרבה הטמונה בעבירות אלה, על בית המשפט לתת משקל משמעותי יותר לאינטרס הציבורי ולצורך להרתיע עבריינים מלבצע עבירות דומות, על פני הנסיבות האישיות של העבריין.",האישום השני,דיון והכרעה,דיון והכרעה,דיון והכרעה,דיון והכרעה,דיון והכרעה
ME-23-04-8444-574,"על עוצמת הערך המוגן, ניתן ללמוד מכך שהעונש המֵרבי הקבוע לצד עבירת הסחר בנשק עומד על 15 שנות מאסר. עבירות הנשק ובעיקר סחר בלתי חוקי בנשק, עלולות להביא, בסופו של יום, לביצוע עבירות שלצדן אלימות קשה ואף חלילה לקיפוד חיי אדם, וכן עלול להיגרם נזק גדול לביטחון המדינה, ועל כן מהוות שיקול משמעותי. עם זאת, ""כבכל עבירה, גם בעבירות נשק קיים מדרג של חומרה, ושומה על בית המשפט להביאו בחשבון בבואו לקבוע את מתחם העונש ההולם"" (ע""פ 9702/16 אלוליאיה נ' מדינת ישראל, פסקה 8 (13.9.17)). על כן, בקביעת מתחם העונש ההולם בעבירות של סחר בנשק יש לתת משקל לסוג הנשק, נסיבות תפיסתו, מידת קטלניותו ולכמותו.",האישום השני,דיון והכרעה,דיון והכרעה,דיון והכרעה,דיון והכרעה,דיון והכרעה
ME-23-04-8444-574,"המגמה להחמיר בענישה בעבירות נשק באה לידי ביטוי בשורה ארוכה של פסקי דין שניתנו על ידי בית משפט העליון, בין היתר, בע""פ 1323/13 רך חסן נ' מדינת ישראל (5.6.13), שם קבעה כבוד השופטת ע' ארבל:",האישום השני,דיון והכרעה,דיון והכרעה,דיון והכרעה,דיון והכרעה,דיון והכרעה
ME-23-04-8444-574,"זאת ועוד, מגמת ההחמרה בעבירות הנשק באה לאחרונה לידי ביטוי גם בדבריו של כב' השופט י' אלרון ברע""פ 5613/20 אלהוזייל נ' מדינת ישראל (25.08.20): ""עבירות בנשק הפכו בשנים האחרונות, למרבה הצער, לתופעה נפוצה בקרב אוכלוסיות שונות בחברה הישראלית, המביאה לעתים מזומנות לפגיעה בחפים מפשע ולאובדן חיי אדם. כתוצאה מכך, בית משפט זה שב וקבע כי מתחייבת החמרה ממשית בענישה על עבירות אלו, על מנת לשדר מסר מרתיע מפני ביצוען"". עוד ר' בע""פ 8017/20 מדינת ישראל נ' פאדי גריפאת (22.12.2020): ""בית משפט זה עמד בשורה ארוכה של פסקי דין על החומרה היתרה של עבירות הנשק ועל הסכנה הגבוהה שנשקפת מהן לשלום הציבור ולביטחונו"" (ר' גם בע""פ 6068/21 מדינת ישראל נ' פקיה (19.12.21); ע""פ 4456/21 מדינת ישראל נ' אבו עבסה (23.1.22)); ע""פ 4103/22 מדינת ישראל נ' אמון (6.11.22)).",האישום השני,דיון והכרעה,דיון והכרעה,דיון והכרעה,דיון והכרעה,דיון והכרעה
ME-23-04-8444-574,"אשר לנסיבות הקשורות בביצוע העבירה- שקלתי, כי הנאשם היה פעיל ודומיננטי, הוא זה שיזם את ביצוע העבירה בכך שפנה אל הסוכן והציע לו לרכוש אקדח בסכום של 15,000 ₪, ושלח לו תמונות של האקדח. גם כאשר הסוכן אמר שהמחיר המוצע גבוה, הנאשם לא ויתר וביקש ממנו לבוא לראות את האקדח על מנת לבחון אותו. כמו כן, בהמשך נפגשו הסוכן והנאשם, שהציג לסוכן חפץ הנחזה להיות אקדח, ביקש מהסוכן שייקח את האקדח וימכור אותו עבורו, והוסכם כי הסוכן ימכור את האקדח תמורת 10,000 ₪. עסקה זאת לא יצאה בסופו של דבר לפועל, אולם זאת רק מפני שהנאשם והסוכן החליטו לקבוע למועד אחר.",האישום השני,דיון והכרעה,דיון והכרעה,דיון והכרעה,דיון והכרעה,דיון והכרעה
ME-23-04-8444-574,"עוד שקלתי, כי הנזק שהיה צפוי להיגרם לו האקדח היה בסופו של דבר נמכר ומופץ ברבים הינו גבוה, לאור ההשלכות הקשות של כלי נשק בלתי חוקיים כפי שצוין לעיל, אולם בפועל לא נגרם נזק מביצוע העבירה, שכן כאמור היא לא הושלמה. כמו כן, גם העבירה נושא האישום השני מקורה ברצונו של הנאשם בעשיית רווח כספי מהיר, כאשר ההשלכות החמורות שעלולות לקרות כתוצאה ממעשיו לא עומדות לנגד עיניו. מנגד, שקלתי כי העסקה לא הושלמה, כאמור, וכי אין מדובר באקדח תיקני אלא בחפץ ""הנחזה להיות אקדח"", כך שמעבר להיותו נשק קצר שמידת הקטלניות שלו קטנה יותר מנשק ארוך, מאחר שאין מדובר באקדח תיקני גם יכולותיו אינן ברורות.",האישום השני,דיון והכרעה,דיון והכרעה,דיון והכרעה,דיון והכרעה,דיון והכרעה
ME-23-04-8444-574,"כאמור, בקביעת מתחם העונש ההולם בעבירות נשק יש לתת משקל לסוג הנשק, נסיבות תפיסתו, מידת קטלניותו ולכמותו. בחינת מדיניות הענישה הנהוגה מעלה, כי במקרים דומים הוטלו על נאשמים עונשי מאסר בפועל מאחורי סורג ובריח לתקופות משתנות, כפי שיפורט להלן:",האישום השני,דיון והכרעה,דיון והכרעה,דיון והכרעה,דיון והכרעה,דיון והכרעה
ME-23-04-8444-574,"בע""פ 587/22 עדאב אבו נאעסה נ' מדינת ישראל (24.5.22), נדון עניינו של מי שהורשע, על יסוד הודאתו בהסדר טיעון, בעבירות של נשיאה והובלה של תחמושת, סיוע לעסקה אחרת בתחמושת וניסיון לעסקה אחרת בנשק. לפי כתב האישום המתוקן, באישום הראשון, המערער סיפק לאחר 300 כדורי תחמושת לרובה M16 בתמורה לכ-500 ₪. באישום השני, המערער ניסה לתווך בעסקת נשק למכירת אקדח תמורת 29,000 ₪, אך לאחר שהעביר הרוכש את הכסף עבור האקדח, הודיע כי אינו מעוניין בו עוד, והעסקה לא יצאה אל הפועל.  בית המשפט המחוזי קבע עבור כל אחד מהאישומים מתחם עונש הולם שנע בין 18 ל-36 חודשי מאסר בפועל, וגזר על הנאשם עונש של 20 חודשי מאסר בפועל, לצד ענישה נלווית. בית המשפט העליון דחה את הערעור.",האישום השני,דיון והכרעה,דיון והכרעה,דיון והכרעה,דיון והכרעה,דיון והכרעה
ME-23-04-8444-574,"בע""פ 3793/20 השאם מורייחי נ' מדינת ישראל (23.11.20), נדון עניינו של מי שהורשע, על יסוד הודאתו במסגרת הסדר טיעון, בעבירה של ניסיון לעסקה אחרת בנשק. בכתב האישום המתוקן תואר, כי המערער קשר קשר עם תושב הרשות הפלסטינית ועם אחרים כדי לבצע מכירה והעברה של אקדח תמורת 30,000 ₪, אולם העסקה לא הושלמה בשל מעצרם של המעורבים. בית המשפט המחוזי קבע מתחם עונש הולם שנע בין 18 ל-52 חודשי מאסר בפועל, וגזר על הנאשם עונש של 30 חודשי מאסר בפועל, לצד ענישה נלווית. בית המשפט העליון דחה את הערעור.",האישום השני,דיון והכרעה,דיון והכרעה,דיון והכרעה,דיון והכרעה,דיון והכרעה
ME-23-04-8444-574,"בע""פ 5330/20 סמיר ענבתאוי נ' מדינת ישראל (22.11.20), נדון גם עניינו של מי שהורשע בעבירות החזקה, נשיאה והובלה של נשק ושל עסקה אחרת בנשק, על יסוד הודאתו במסגרת הסדר טיעון, בכך שהיה מעורב בתיאום עסקת סחר באקדח שרכש חברו מאחר. בית המשפט המחוזי קבע מתחם עונש הולם הנע בין 24 ל-42 חודשי מאסר בפועל, וגזר על המערער עונש של 28 חודשי מאסר בפועל, לצד ענישה נלווית. הערעור לבית המשפט העליון נדחה.",האישום השני,דיון והכרעה,דיון והכרעה,דיון והכרעה,דיון והכרעה,דיון והכרעה
ME-23-04-8444-574,"בע""פ 7552/14 יוסף אגבאריה נ' מדינת ישראל (23.6.15), דחה בית המשפט העליון ערעור על גזר דינו של בית המשפט המחוזי, במסגרתו הושת על המערער עונש מאסר בן 32 חודשי מאסר בפועל בגין עבירה של סחר בנשק (אקדח) שבוצע בצוותא, עבירה של הפרעה לשוטר בעת מילוי תפקידו ועבירת איומים.",האישום השני,דיון והכרעה,דיון והכרעה,דיון והכרעה,דיון והכרעה,דיון והכרעה
ME-23-04-8444-574,"בע""פ 2422/14 עלי חד'ר נ' מדינת ישראל (21.12.14), דחה בית המשפט העליון ערעור על גזר דינו של בית המשפט המחוזי, במסגרתו הושתו על המערער 36 חודשי מאסר בפועל, בגין ביצועה של עבירת סחר בנשק. המערער מכר, תמורת 9,000 ₪, לסוכן משטרתי, רובה מסוג ""קרל גוסטב"". נאשם נוסף בפרשה, הורשע אף הוא בעבירת סחר בנשק בגינה הושתו עליו 20 חודשי מאסר לריצוי בפועל והוא שימש למעשה כמתווך בה.",האישום השני,דיון והכרעה,דיון והכרעה,דיון והכרעה,דיון והכרעה,דיון והכרעה
ME-23-04-8444-574,"בע""פ 2186/13 עקול נ' מדינת ישראל (18.2.14), בית המשפט העליון לא התערב במתחם ענישה שנע בין 24 ל-48 חודשי מאסר שנקבעו בבית המשפט המחוזי בגין עבירות של נשיאת נשק וסחר בנשק (אקדח, מחסנית וכדורים) לסוכן משטרתי.",האישום השני,דיון והכרעה,דיון והכרעה,דיון והכרעה,דיון והכרעה,דיון והכרעה
ME-23-04-8444-574,"בת""פ 50474-09-22 מדינת ישראל נ' מוחמד סמאר (18.9.23), נדון עניינם של שני נאשמים שהורשע, על יסוד הודאתם בהסדר טיעון, בעבירה של סחר בנשק בצוותא. מדובר בהליך אשר מהווה חלק מהפרשייה בה היה מעורב הסוכן בעניינו של הנאשם בהליך דנן. בכתב האישום המתוקן צוין, כי הנאשמים מכרו לסוכן אקדח תמורת 51,000 ₪. בית המשפט המחוזי קבע מתחם עונש הולם שנע בין 32 ל-62 חודשי מאסר בפועל, וגזר על הנאשם עונש של 42 חודשי מאסר בפועל, לצד ענישה נלווית.",האישום השני,דיון והכרעה,דיון והכרעה,דיון והכרעה,דיון והכרעה,דיון והכרעה
ME-23-04-8444-574,"בת""פ 52782-09-22 מדינת ישראל נ' מחמוד עסילה (31.5.23), נדון עניינם של ארבעה נאשמים שהורשעו בעבירות נשק שונות. מדובר גם כן בהליך אשר מהווה חלק מהפרשייה בה היה מעורב הסוכן בעניינו של הנאשם בהליך דנן. נאשם 1 הורשע בשלוש עבירות של סחר בנשק ובעבירה של עסקה אחרת בנשק, במסגרתן נמכרו לסוכן שלושה אקדחים ורובה M16, כאשר נאשם 1 קיבל בסך הכל 9,000 ₪ דמי עמלה עבור פועלו. בית המשפט המחוזי גזר על נאשם 1 עונש של 8 שנות מאסר בפועל לצד ענישה נלווית, ובהמשך בית המשפט העליון הפחית בעונשו והעמידו על 7 שנות מאסר בפועל; נאשם 3 הורשע בעבירה אחת של סיוע לסחר בנשק בעסקה אחת ונדון ל-20 חודשי מאסר בפועל; נאשם 4 הורשע בעבירה אחת של סחר בנשק, במסגרתה נמכר לסוכן רובה אוויר שהוסב לחפץ דמוי רובה מסוג M16 יחד עם מחסנית תואמת וחמישה כדורים. בית המשפט המחוזי גזר על נאשם 4 עונש של 54 חודשי מאסר לצד ענישה נלווית, ובהמשך בית המשפט העליון הפחית בעונשו והעמידו על 42 חודשי מאסר בפועל; נאשם 5 הורשע בעבירה אחת של סחר בנשק, במסגרתה נמכר לסוכן רובה M16. בית המשפט המחוזי גזר על נאשם 4 עונש של 36 חודשי מאסר בפועל לצד ענישה נלווית, ולא הוגש ערעור לבית המשפט העליון. ביום 11.9.23 ניתן גזר דינו של נאשם 2, אשר הורשע בעבירה אחת של סחר בנשק, במסגרתה מכר לסוכן אקדח. בית המשפט המחוזי גזר על נאשם 2 עונש של 34 חודשי מאסר בפועל לצג ענישה נלווית.",האישום השני,דיון והכרעה,דיון והכרעה,דיון והכרעה,דיון והכרעה,דיון והכרעה
ME-23-04-8444-574,"בהינתן הערכים החברתיים המוגנים שנפגעו כתוצאה מביצוע העבירות, ובהינתן הנסיבות הקשורות בביצוע העבירות, ובהתחשב במדיניות הענישה הנוהגת, במגמת ההחמרה בעבירות הנשק ובכך שמדובר בעבירה אחת של ניסיון סחר בנשק, אני קובעת כי מתחם העונש ההולם נע בין 15 ל-30 חודשי מאסר בפועל.",האישום השני,דיון והכרעה,דיון והכרעה,דיון והכרעה,דיון והכרעה,דיון והכרעה
ME-23-04-8444-574,"אשר לנסיבות שאינן קשורות לביצוע העבירה ביחס לנאשם- לקולה שקלתי, כי הנאשם לקח אחריות על מעשיו, הודה וחסך זמן שיפוטי. כמו כן, שקלתי את גילו הצעיר של הנאשם, בן 23 כיום ובן 22 במועד ביצוע העבירה, אשר גדל במשפחה נורמטיבית אך בסביבה חברתית מורכבת אשר, כפי שעולה מתסקיר שירות המבחן, השפיעה על תפיסותיו את החוק ואת ההשלכות של הפצת סמים ונשק ברבים. עוד שקלתי, כי הנאשם נעדר הרשעות קודמות. בנוסף, שקלתי את התרשמות שירות המבחן לעניין האופק השיקומי של הנאשם: הוא מביע צער וחרטה על מעשיו; מבין כיום יותר את ההשלכות של התמכרות לסמים והסכנה בכלי הנשק; אינו משתמש בסמים או באלכוהול; מגלה שאיפות נורמטיביות לעתיד, מאורס, שואף ללמוד לימודים אקדמיים, ומביע רצון להתרחק מהחברה השולית אליה השתייך בעבר; כמו כן מעוניין להשתלב בקבוצות טיפול בשב""ס ובהמשך ברשות שיקום האסיר. בנוסף, ההליך הפלילי והשלכותיו הציבו לו גבול ברור, והנאשם שוהה במעצר במשך למעלה מ-10 חודשים וידוע שתנאי מעצר קשים מתנאי מאסר. עם זאת, שקלתי כי בחודש אפריל 2022 חדל הנאשם להגיע לקבוצה טיפולית בשירות המבחן שבה שולב וניתק קשר עם שירות המבחן.",העונש המתאים,דיון והכרעה,דיון והכרעה,דיון והכרעה,דיון והכרעה,דיון והכרעה
ME-23-04-8444-574,"במכלול השיקולים, אני סבורה כי בעניינו של הנאשם, על העונש לתת ביטוי לשיקול הרתעת הרבים והיחיד, אך גם לתת ביטוי לכברת הדרך האישית שעבר הנאשם בתפיסותיו המחשבתיות ובשאיפותיו להתרחק מהעולם העברייני, ועל כן העונש שהוטל הוא ברף הנמוך של המתחמים תוך חפיפה מסוימת בין העונשים.",העונש המתאים,דיון והכרעה,דיון והכרעה,דיון והכרעה,דיון והכרעה,דיון והכרעה
ME-23-04-8444-574,"אשר על כן, הנני גוזרת על הנאשם עונש כולל כדלקמן:",העונש המתאים,דיון והכרעה,דיון והכרעה,דיון והכרעה,דיון והכרעה,דיון והכרעה
ME-23-04-8444-574,"36 חודשי מאסר בפועל, ירוצו מיום מעצרו 27.3.23.",העונש המתאים,דיון והכרעה,דיון והכרעה,דיון והכרעה,דיון והכרעה,דיון והכרעה
ME-23-04-8444-574,"12 חודשי מאסר, הנאשם לא ירצה עונש זה, אלא אם יעבור תוך תקופה של 3 שנים מיום שחרורו מהמאסר כל עבירת נשק או סמים מסוג פשע.",העונש המתאים,דיון והכרעה,דיון והכרעה,דיון והכרעה,דיון והכרעה,דיון והכרעה
ME-23-04-8444-574,"6 חודשי מאסר, הנאשם לא ירצה עונש זה, אלא אם יעבור תוך תקופה 3 שנים מיום שחרורו מהמאסר כל עבירת סמים או נשק מסוג עוון.",העונש המתאים,דיון והכרעה,דיון והכרעה,דיון והכרעה,דיון והכרעה,דיון והכרעה
ME-23-04-8444-574,"קנס בסך 10,000 ₪ או חודשיים מאסר תחתיו. הקנס ישולם בעשרה תשלומים שווים ורצופים, החל מיום 1.1.25 ובכל האחד לחודש שלאחריו. לא ישולם תשלום במועדו או במלואו תעמוד יתרת הקנס לפירעון מידי.",העונש המתאים,דיון והכרעה,דיון והכרעה,דיון והכרעה,דיון והכרעה,דיון והכרעה
ME-23-04-8444-574,אני מורה על חילוט הטלפונים הניידים השייכים לנאשם.,העונש המתאים,דיון והכרעה,דיון והכרעה,דיון והכרעה,דיון והכרעה,דיון והכרעה
ME-23-04-8444-574,אני מכריזה על הנאשם סוחר סמים ומורה על חילוט או השמדת הסמים שנתפסו.,העונש המתאים,דיון והכרעה,דיון והכרעה,דיון והכרעה,דיון והכרעה,דיון והכרעה
ME-23-04-8444-574,"בטרם חתימה, תשומת לב שב""ס לרצונו של הנאשם להשתלב בתוכנית טיפול המותאמת לצרכיו במסגרת שב""ס בעת מאסרו והרשות לשיקום האסיר לאחר שחרורו, כפי שגם הומלץ על ידי שירות המבחן.",העונש המתאים,דיון והכרעה,דיון והכרעה,דיון והכרעה,דיון והכרעה,דיון והכרעה
ME-23-08-41833-827,"פקודת הסמים המסוכנים [נוסח חדש], תשל""ג-1973: סע'  13, 19א",nothing,מידע אחר,מידע אחר,מידע אחר,מידע אחר,מידע אחר
ME-23-08-41833-827,"הנאשם הורשע על פי הודאתו שניתנה במסגרת הסדר טיעון, בעבירה של יבוא סם מסוכן, לפי סעיפים 13 ו-19א בפקודת הסמים המסוכנים [נוסח חדש], תשל""ג-1973.",הרקע:,עובדות המקרה,עובדות המקרה,עובדות המקרה,עובדות המקרה,עובדות המקרה
ME-23-08-41833-827,הסדר הטיעון לא כלל הסכמה בנוגע לעונש.,הרקע:,עובדות המקרה,עובדות המקרה,עובדות המקרה,עובדות המקרה,עובדות המקרה
ME-23-08-41833-827,"על פי עובדות כתב האישום, בתמצית רבה, ביום 31/7/2023 טס הנאשם מגרמניה לישראל כשברשותו מזוודה בעלת דופן כפולה, ובה סם מסוכן מסוג קטמין במשקל של 11.4 ק""ג, כשהוא מחולק לשלוש חבילות. הנאשם נתפס על ידי עובדי המכס, לאחר שניגש עם המזוודה למסלול הירוק.",הרקע:,עובדות המקרה,עובדות המקרה,עובדות המקרה,עובדות המקרה,עובדות המקרה
ME-23-08-41833-827,"בתסקירו פירט שירות המבחן את נסיבותיו האישיות, המשפחתיות, הכלכליות והנורמטיביות של הנאשם. שירות המבחן עמד על קשייו של הנאשם, מאפייניו ואופן חווייתו את עצמו ואת סביבתו.",תסקיר שירות המבחן:,תסקיר שירות מבחן,תסקיר שירות מבחן,תסקיר שירות מבחן,תסקיר שירות מבחן,תסקיר שירות מבחן
ME-23-08-41833-827,"על פי המפורט בתסקיר, הנאשם צעיר כבן 27, גרוש ואב לילד בן שלוש. לנאשם הרשעה אחת קודמת, בעבירה של קבלת רכב גנוב, בגינה טרם נגזר דינו. להתרשמות שירות המבחן, העבירה נעברה לשם רווח כספי, במטרה לשלם את חובותיו.",תסקיר שירות המבחן:,תסקיר שירות מבחן,תסקיר שירות מבחן,תסקיר שירות מבחן,תסקיר שירות מבחן,תסקיר שירות מבחן
ME-23-08-41833-827,"הנאשם ביטא נזקקות טיפולית בתחום ההתמכרויות. לדבריו, כבר בגיל 14 החל להמר, ובמהרה התמכר להימורים מתוך צורך בחוויה של ריגוש, ופיתח תלות רגשית בהימורים באופן אינטנסיבי ויומיומי. לצורך ההימורים, עוד בהיותו בגיל צעיר, נהג לגנוב כסף מסבתו. לאחר שהנאשם החל לעבוד לפרנסתו, הוא השקיע את כל כספו בהימורים, נטל הלוואות מבנקים ומגורמים שוליים וצבר הפסדים כספיים גדולים. לאורך השנים נעשו על ידי הנאשם ניסיונות להשתלב בטיפול בתחום ההתמכרויות. הוא השתלב בקהילה הטיפולית ""רטורנו"", אך לאחר כחודש וחצי עזב. לאחר מכן הנאשם השתלב באשפוזית פרטית, ולאחר שלושה חודשים סיים אותה בהצלחה. למרות זאת, בהמשך הנאשם חזר להמר והמשיך לצבור חובות לגורמים שוליים. לדבריו, כיום, בשונה מהעבר, הוא מבין יותר לעומק את דפוסיו ההתמכרותיים ובשל להשתלב בהליך טיפולי ממושך בקהילה טיפולית.",תסקיר שירות המבחן:,תסקיר שירות מבחן,תסקיר שירות מבחן,תסקיר שירות מבחן,תסקיר שירות מבחן,תסקיר שירות מבחן
ME-23-08-41833-827,"קצינת המבחן פירטה כי: הנאשם משולב בתעסוקה במהלך מעצרו; לא נערכו בעניינו דיונים משמעתיים; ארבע בדיקות סמים שנערכו לו נמצאו נקיות. הנאשם הביע רצון ומוטיבציה להשתלב בטיפול בתחום התמכרויות, נמצא מתאים להשתתף בתוכנית הכנה לטיפול והחל להשתתף בה. הוא השתתף באופן פעיל בקבוצות, והביע מודעות לדפוסים שעדיין מצריכים עבודה ושינוי. ברם, לאחר שלא עמד בכללים ויצר קשר עם אסירים נוספים שלא משתתפים בתוכנית, הוא הורחק ממנה.",תסקיר שירות המבחן:,תסקיר שירות מבחן,תסקיר שירות מבחן,תסקיר שירות מבחן,תסקיר שירות מבחן,תסקיר שירות מבחן
ME-23-08-41833-827,"לפני קצינת המבחן הנאשם ביטא חרטה מילולית על מעשיו. בייחסו לעבירה הנאשם נקט בעמדה קורבנית. לטענתו, הוצע לו על ידי גורמים עברייניים לקחת חלק ביבוא סם על מנת לסלק את חובותיו כלפיהם. הוא סבר שבמזוודה יש שעונים, ורק כשנעצר הבין שמדובר בסמים.",תסקיר שירות המבחן:,תסקיר שירות מבחן,תסקיר שירות מבחן,תסקיר שירות מבחן,תסקיר שירות מבחן,תסקיר שירות מבחן
ME-23-08-41833-827,"להתרשמות שירות המבחן, לנאשם דפוסים התמכרותיים עמוקים ונטייה להתמכרות להימורים. הנאשם מתקשה להציב לעצמו גבול פנימי ולהיענות לגבולות חיצוניים, מאופיין בדימוי עצמי נמוך ובתחושת נחיתות ונעדר כלים להתמודדות אדפטיבית עם מצבי דחק ומשבר. העבירה נעברה על ידו על רקע קשריו השוליים, דפוסיו ההתמכרותיים להימורים ורצונו ברווח כספי קל. להערכת קצינת המבחן, קיים סיכון ממשי לכך שהנאשם יחזור בעתיד ויעבור עבירות דומות, והפרוגנוזה לשיקומו נמוכה.",תסקיר שירות המבחן:,תסקיר שירות מבחן,תסקיר שירות מבחן,תסקיר שירות מבחן,תסקיר שירות מבחן,תסקיר שירות מבחן
ME-23-08-41833-827,"לאור כל האמור נמנע שירות המבחן מהמלצה טיפולית במסגרת הקהילה, והמליץ להורות לשב""ס לבחון את שילובו של הנאשם מחדש בהליך טיפולי בתחום ההתמכרויות.",תסקיר שירות המבחן:,תסקיר שירות מבחן,תסקיר שירות מבחן,תסקיר שירות מבחן,תסקיר שירות מבחן,תסקיר שירות מבחן
ME-23-08-41833-827,"המאשימה הגישה את כתב האישום המתוקן שהוגש בעניינו של הנאשם בת""פ (שלום בית שמש) 20080-06-20 במסגרת הסדר טיעון, ואת הכרעת הדין שניתנה ביום 18/1/2023, בה הורשע בעבירה של קבלת רכב גנוב.",ראיות לעונש:,ראיות לעונש,ראיות לעונש,עובדות המקרה,עובדות המקרה,ראיות לעונש
ME-23-08-41833-827,"ההגנה הגישה שתי אסמכתאות לכך שהנאשם שולב בהליכים טיפוליים לצורך גמילה מהתמכרות: בקהילה הטיפולית רטורנו במשך 15 יום, מיום 12/9/2021 ועד ליום 27/9/2021; ובניקה-ישראל, טיפול גמילה באשפוז מלא, במשך כשלושה חודשים, מיום 8/7/2022 ועד ליום 7/10/2022.",ראיות לעונש:,ראיות לעונש,ראיות לעונש,ראיות לעונש,ראיות לעונש,ראיות לעונש
ME-23-08-41833-827,"המאשימה טוענת כי מתחם העונש ההולם למעשה העבירה שהנאשם עבר נע בין ארבע שנות מאסר וחצי לבין שמונה שנות מאסר, וביקשה להטיל עליו עונש מאסר בפועל למשך חמש שנים, מאסר על תנאי, פסילה בפועל, פסילה על תנאי וקנס. בנוסף, המאשימה ביקשה כי רכב הנאשם ומכשיר הטלפון שלו יחולטו.",תמצית טיעוני המאשימה:,טיעוני הצדדים,טיעוני הצדדים,טיעוני הצדדים,טיעוני הצדדים,טיעוני הצדדים
ME-23-08-41833-827,"לעמדת המאשימה, קיימים שלושה פרמטרים במעשיו של הנאשם המביאים למסקנה כי הוא פגע פגיעה גבוהה בערכים המוגנים: העובדה שמדובר בעבירה של יבוא סם מסוכן, שהיא מהחמורה שבעבירות הסמים; כמות הסם, כ-11 ק""ג; העובדה שמדובר בסם קשה מסוג קטמין, הגם שאינו מהסמים הקשים ביותר.",תמצית טיעוני המאשימה:,טיעוני הצדדים,טיעוני הצדדים,טיעוני הצדדים,טיעוני הצדדים,טיעוני הצדדים
ME-23-08-41833-827,"לביסוס עמדתה אשר למתחם הענישה שנטען על ידה, הפנתה המאשימה לפסקי הדין הבאים:",תמצית טיעוני המאשימה:,טיעוני הצדדים,טיעוני הצדדים,טיעוני הצדדים,טיעוני הצדדים,טיעוני הצדדים
ME-23-08-41833-827,"ת""פ (מחוזי מרכז) 1352-08-22 מדינת ישראל נ' אסייה, 10/8/2023: גזר דין שניתן בעניינו של נאשם שהורשע, בין היתר, בעבירה של יבוא סם מסוכן. הנאשם שב ארצה מצרפת כשברשתו מזוודה שבבטנה הוסתרו סמים מסוג קטמין במשקל של 9.359 ק""ג וקוקאין במשקל של 812.62 גר', כשהם עטופים בנייר דבק ומחולקים לשלוש אריזות. נקבע כי מתחם העונש ההולם למעשה עבירה זה נע בין ארבע שנות מאסר וחצי לבין שמונה שנות מאסר.",תמצית טיעוני המאשימה:,טיעוני הצדדים,טיעוני הצדדים,עובדות המקרה,טיעוני הצדדים,טיעוני הצדדים
ME-23-08-41833-827,"ת""פ (מחוזי ב""ש) 47987-12-22 מדינת ישראל נ' דבס, 7/1/2024: גזר דין שניתן בעניינו של נאשם שייבא ארצה מהודו סם מסוכן מסוג קטמין במשקל של 700 גרם. נקבע כי מתחם העונש ההולם נע בין 30 חודשי מאסר בפועל לבין 60 חודשי מאסר בפועל. לצורך קביעת מתחם הענישה במקרה זה נמנו, בין היתר, השיקולים הבאים: הנאשם היה הגורם המרכזי, המתכנן והמוציא לפועל של העבירה; לצורך כך הוא הפעיל אדם אחר, הנחה אותו, הכווין אותו לצורך ביצוע העבירה, סייע לו להתקשר ולקבל את הסם וקיבל ממנו עדכונים במהלך הדברים.",תמצית טיעוני המאשימה:,טיעוני הצדדים,טיעוני הצדדים,עובדות המקרה,טיעוני הצדדים,טיעוני הצדדים
ME-23-08-41833-827,"לזכותו של הנאשם המאשימה זקפה את הודאתו. לעמדתה, הנאשם קיבל אחריות מלאה על מעשיו. עם זאת טענה, כי תסקיר שירות המבחן מלמד שהנאשם נעדר תובנה מלאה לביצוע העבירה, וכי שירות המבחן נמנע מהמלצה בעניינו. עוד טענה המאשימה כי במקרה זה יש לשקול שיקולים של הרתעת הרבים והיחיד, וכי בהתאם לפסיקה יש לגזור עונשים חמורים בעבירות סמים.",תמצית טיעוני המאשימה:,טיעוני הצדדים,טיעוני הצדדים,טיעוני הצדדים,טיעוני הצדדים,טיעוני הצדדים
ME-23-08-41833-827,"בניגוד לעמדת ההגנה, המאשימה טוענת כי לא ניתן להטיל צו מבחן לצד עונש של מאסר בפועל, אלא אם מדובר במאסר שירוצה בדרך של עבודות שירות.",תמצית טיעוני המאשימה:,טיעוני הצדדים,טיעוני הצדדים,טיעוני הצדדים,טיעוני הצדדים,טיעוני הצדדים
ME-23-08-41833-827,"ההגנה טענה כי מתחם העונש ההולם נע בין 16 חודשי מאסר לבין 36 חודשי מאסר, וביקשה להטיל על הנאשם עונש מאסר לתקופה שלא תעלה על 24 חודשים וצו מבחן.",תמצית טיעוני ההגנה:,טיעוני הצדדים,טיעוני הצדדים,טיעוני הצדדים,טיעוני הצדדים,טיעוני הצדדים
ME-23-08-41833-827,"לטענת ההגנה, האמור בתסקיר שירות המבחן והאינדיקציות הברורות לכך שהמניע לביצוע העבירה הוא התמכרותו של הנאשם להימורים, מצדיקים לקבוע מתחם ענישה נמוך מזה הנטען על ידי המאשימה, ולאמץ את זה שנטען על ידי ההגנה.",תמצית טיעוני ההגנה:,טיעוני הצדדים,טיעוני הצדדים,טיעוני הצדדים,טיעוני הצדדים,טיעוני הצדדים
ME-23-08-41833-827,"בתמיכה לטענתה לעניין מתחם ענישה, הפנתה ההגנה לפסקי הדין הבאים:",תמצית טיעוני ההגנה:,טיעוני הצדדים,טיעוני הצדדים,טיעוני הצדדים,טיעוני הצדדים,טיעוני הצדדים
ME-23-08-41833-827,"ת""פ (מחוזי ת""א) 38450-09-20 מדינת ישראל נ' סקוט, 1/2/2022: הנאשם הורשע על פי הודאתו שניתן בהסדר טיעון בעבירה של יבוא סם מסוכן. הנאשם הזמין מחו""ל שבעה ליטרים של סם מסוכן מסוג GBL. לאחר שהסמים הגיעו לנמל התעופה בן גוריון, הם נמסרו לנאשם בביתו באמצעות שוטר שהתחזה לשליח. נקבע כי מתחם העונש ההולם למעשה העבירה שהנאשם עבר נע בין 12 חודשי מאסר לבין 30 חודשי מאסר. בית המשפט פירט כי במקרה זה מידת הפגיעה בערכים המוגנים לא היתה חמורה במיוחד, וכי נסיבות ביצוע העבירה, ברובן, לא היו חמורות. צוין כי: מדובר בסם נפוץ בקהילה הלהט""בית עליה נמנה הנאשם; לא הוצגה ראייה שהיה בכוונתו לעשות בסם שימוש לצורך ביצוע עבירות מין; קיימת אפשרות סבירה לכך שכוונת הנאשם היתה לעשות שימוש עצמי בסם; לא נגרם נזק קונקרטי כיוון שהסמים נתפסו על ידי המשטרה; פוטנציאל הנזק לא גבוה, כיוון שלא היה בכוונת הנאשם להפיץ את הסמים; יבוא הסם נעשה ללא תחכום, תכנון או ניסיון להסתרת המעשה.",תמצית טיעוני ההגנה:,טיעוני הצדדים,טיעוני הצדדים,עובדות המקרה,טיעוני הצדדים,טיעוני הצדדים
ME-23-08-41833-827,"ע""פ 667/21 מדינת ישראל נ' בן פורת, 10/32021: פסק דין בו נדון ערעור שהגישה המדינה על גזר דין בו הוטלו עונשי מאסר בדרך של עבודות שירות למשך תשעה חודשים על שני נאשמים שהיו מעורבים ביבוא והפצת עשרות ליטרים של סם מסוכן מסוג GBL. אחד הנאשמים הורשע, בין היתר, בארבע עבירות של יבוא וסחר בסם מסוכן, לאחר שבארבע הזדמנויות בהן טס ארצה הביא עמו כ-73 ליטר סם מסוכן מסוג GBL. הנאשם האחר הורשע בעבירות אחרות. בבית המשפט המחוזי נקבע כי מתחם העונש ההולם נע בין 18 חודשי מאסר בפועל לבין 48 חודשי מאסר בפועל, ונמצא לחרוג ממתחם העונש שנקבע משיקולי שיקום. בית המשפט העליון קבע בפסק דינו כי האינטרס הציבורי שבהחמרת הענישה בגין עבירות מסוג זה גובר על שיקולים הנוגעים לנסיבותיו האישיות של נאשם, וכי מתחייב להטיל נגד המשיבים ענישה מחמירה, חרף שיקולי השיקום. עונשו של המשיב שהורשע ביבוא סם מסוכן הועמד על 20 חודשי מאסר בפועל. הודגש בפסק הדין, כי ראוי היה להטיל עונש חמור מזה, אלמלא הכלל לפיו ערכאת הערעור לא ממצה את הדין.",תמצית טיעוני ההגנה:,טיעוני הצדדים,טיעוני הצדדים,עובדות המקרה,טיעוני הצדדים,טיעוני הצדדים
ME-23-08-41833-827,"לטענת הסנגור, גזרי הדין הנ""ל של בית המשפט המחוזי מלמדים שקיימת נכונות לסייע לנאשמים ביום שלאחר המאסר. הסנגור הוסיף וטען, כי בהתאם לפסיקתו של בית המשפט העליון ניתן להטיל צו מבחן על נאשם גם כאשר מוטל עליו עונש מאסר בפועל שלא בדרך של עבודות שירות. לעניין זה הפנה לרע""פ 2169/19 אופיר נ' מדינת ישראל, 15/5/2019, בו נקבע: ""על פי פסיקתו של בית משפט זה, רשאי בית משפט, בהסכמת הצדדים, להורות על הטלת צו מבחן לצד עונש מאסר מאחורי סורג ובריח, בכפוף לבחינת התאמתו האינדיבידואלית של הנאשם למסגרת הטיפולית"".",תמצית טיעוני ההגנה:,טיעוני הצדדים,טיעוני הצדדים,טיעוני הצדדים,טיעוני הצדדים,טיעוני הצדדים
ME-23-08-41833-827,"לעמדת ההגנה, יש להביא בחשבון כי הנאשם עתיד לסיים טיפול לא מבוטל במסגרת מאסרו, וכי שהותו בבית הסוהר קשה עליו, ועלולה לגרום לו לחבור לחברה שולית. צו מבחן, כך נטען, ישמש עבור הנאשם תמרור אזהרה ומנגנון אפקטיבי שימנע ממנו לחזור ולעבור עבירות מכל סוג.",תמצית טיעוני ההגנה:,טיעוני הצדדים,טיעוני הצדדים,טיעוני הצדדים,טיעוני הצדדים,טיעוני הצדדים
ME-23-08-41833-827,"בהסכמת המאשימה, סבתו של הנאשם, גב' שושי חברוני, הוסיפה לדברי הסנגור וטענה כי הוא ילד טוב שטעה, תנאי המאסר קשים לו מאוד, היא דואגת לו והיחידה שנותנת לו כוח. לדבריה, הנאשם אוהב אותה וצמוד אליה. במהלך השנים הנאשם ביקר אותה, סייע לה ונעזר בה, והיא משוכנעת שישמע בקולה ויתאפשר לה להציב לו גבולות.",תמצית טיעוני ההגנה:,טיעוני הצדדים,טיעוני הצדדים,טיעוני הצדדים,טיעוני הצדדים,טיעוני הצדדים
ME-23-08-41833-827,"בדבריו לבית המשפט הנאשם הביע צער על מעשיו, התנצל, אמר שהוא מעוניין לגדל את בנו, לחיות איתו, להיות אבא טוב ולעבור שינוי. הנאשם תאר כי הוא סובל קשיים בבית הכלא, וטען כי הוא ""עובר שם גיהינום אחד שלם"".",תמצית טיעוני ההגנה:,טיעוני הצדדים,טיעוני הצדדים,טיעוני הצדדים,טיעוני הצדדים,טיעוני הצדדים
ME-23-08-41833-827,"פעמים רבות נקבע בפסיקה כי עבירות הסמים פוגעות פגיעה ממשית בבריאותה של החברה ובציבור בכללותו. לא רק צרכן הסם המתמכר לו נפגע ממנו, אלא גם משפחתו וסביבתו הקרובה. בנוסף, עבירות אלו גורמות לפגיעה בערכים חברתיים אחרים, שכן משתמשים בסמים מבצעים עבירות אחרות כדי לממן את צריכת הסמים.",מתחם העונש ההולם:,דיון והכרעה,דיון והכרעה,דיון והכרעה,דיון והכרעה,דיון והכרעה
ME-23-08-41833-827,"זה מכבר קבע בית המשפט העליון כי יש צורך להיאבק בעבירות הסמים בכלל, ובמיוחד בעבירות של יבוא והפצת הסמים:",מתחם העונש ההולם:,דיון והכרעה,דיון והכרעה,דיון והכרעה,דיון והכרעה,דיון והכרעה
ME-23-08-41833-827,"(ע""פ 966/94 אמזלג נ' מדינת ישראל, 10/12/1995)",מתחם העונש ההולם:,דיון והכרעה,דיון והכרעה,דיון והכרעה,דיון והכרעה,דיון והכרעה
ME-23-08-41833-827,"וראו גם: ע""פ 4346/21 מדינת ישראל נ' עצטה, 28/7/2021; ע""פ 8048/19 פיצ'חדזה נ' מדינת ישראל, 4/62020.",מתחם העונש ההולם:,דיון והכרעה,דיון והכרעה,דיון והכרעה,דיון והכרעה,דיון והכרעה
ME-23-08-41833-827,"על מנת לעמוד על מידת הפגיעה של מעשה עבירת הסם בערכים החברתיים המוגנים יש לבחון, בין היתר, את כמות הסם בו בוצעה העבירה. כפי שנפסק:",מתחם העונש ההולם:,דיון והכרעה,דיון והכרעה,דיון והכרעה,דיון והכרעה,דיון והכרעה
ME-23-08-41833-827,"(ע""פ 5741/11 סוארכה נ' מדינת ישראל, 20/1/2013)",מתחם העונש ההולם:,דיון והכרעה,דיון והכרעה,דיון והכרעה,דיון והכרעה,דיון והכרעה
ME-23-08-41833-827,"(ע""פ 4008/11 גוארדיה נ' מדינת ישראל, 6/3/2012)","""הבדל מסויים בין העונש של המערער לזה של המערערת, נעוץ בכמויות הסם ובנסיבות האישיות""",דיון והכרעה,דיון והכרעה,דיון והכרעה,דיון והכרעה,דיון והכרעה
ME-23-08-41833-827,"סוג הסם בו נעברה העבירה משמש גם הוא שיקול לעניין זה. אף כי כל סם מסוכן פוגע פגיעה ממשית בערכים החברתיים המוגנים, הרי שמידת הפגיעה הולכת וגוברת ככל שמדובר בסמים קשים יותר (השוו: ע""פ 1654/16 שרר נ' מדינת ישראל, פסקה 9, 27/2/2017).","""הבדל מסויים בין העונש של המערער לזה של המערערת, נעוץ בכמויות הסם ובנסיבות האישיות""",דיון והכרעה,דיון והכרעה,דיון והכרעה,דיון והכרעה,דיון והכרעה
ME-23-08-41833-827,"במקרה זה, הנאשם תרם ממשית למערך הפצת הסם. מעשה של יבוא סם מסוכן ארצה עומד בשלבים המוקדמים וההכרחיים של פעולות הפצת הסם. אכן, סם מסוג קטמין אינו נמנה על הסמים המצויים במדרג החומרה הגבוה ביותר. אולם, מדובר בסם הנמנה על קבוצת הסמים הקשים (ת""פ (מחוזי מרכז) 1352-08-22 מדינת ישראל נ' אסייה,  פיסקה 12, 10/8/2023), העלול לגרום להתמכרות קשה, משמש גם כ""סם אונס"" ועלול לגרום לפגיעה בבריאותם הפיזית והנפשית של הצורכים אותו. אין צורך לומר כי כמות הסם אותו הנאשם ייבא ארצה, 11.4 ק""ג, גדולה מאוד.","""הבדל מסויים בין העונש של המערער לזה של המערערת, נעוץ בכמויות הסם ובנסיבות האישיות""",דיון והכרעה,דיון והכרעה,דיון והכרעה,דיון והכרעה,דיון והכרעה
ME-23-08-41833-827,"יש בפסיקה אליה הפנו הצדדים כדי לסייע בעמידה על מדיניות הענישה הנהוגה. ברם, אין להתעלם מכך שבפסיקה אליה המאשימה הפנתה נדון עניינו של נאשם שבנוסף לכמות גדולה של קטמין, ייבא גם כמות גדולה מאוד של קוקאין. כמו כן, נדונו נסיבות מחמירות שלא מתקיימות במקרה שלפניי. לעומת זאת, בפסיקה אליה ההגנה הפנתה, פורטו שיקולים חריגים לקולה שאינם מתקיימים במקרה זה, ואף נקבע על ידי בית המשפט העליון כי ראוי היה לקבוע עונש חמור יותר.","""הבדל מסויים בין העונש של המערער לזה של המערערת, נעוץ בכמויות הסם ובנסיבות האישיות""",דיון והכרעה,דיון והכרעה,דיון והכרעה,דיון והכרעה,דיון והכרעה
ME-23-08-41833-827,"בנוסף לפסקי הדין הנ""ל, ניתן להפנות לפסקי הדין שלהלן:","""הבדל מסויים בין העונש של המערער לזה של המערערת, נעוץ בכמויות הסם ובנסיבות האישיות""",דיון והכרעה,דיון והכרעה,דיון והכרעה,דיון והכרעה,דיון והכרעה
ME-23-08-41833-827,"ע""פ 5918/22 סאלי נ' מדינת ישראל, 2/1/2023: המערער הזמין מתאילנד חמש שקיות אטומות של סם מסוכן מסוג מתאמפטמין במשקל כולל של 415.737 גרם, במטרה לסחור בו בישראל. הסם התגלה על ידי רשויות המכס. בשל כך המערער הורשע בעבירות של יבוא סם מסוכן וניסיון להחזקת סם מסוכן שלא לצריכה עצמית. בית המשפט המחוזי קבע מתחם שנע בין 24 ל-48 חודשי מאסר בפועל, וגזר על המערער 30 חודשי מאסר בפועל. בדחותו את הערעור קבע בית המשפט העליון כי מתחם הענישה שנקבע לא סוטה מהמקובל, וכי לא נפלה טעות בקביעת העונש המתאים למערער.","""הבדל מסויים בין העונש של המערער לזה של המערערת, נעוץ בכמויות הסם ובנסיבות האישיות""",דיון והכרעה,דיון והכרעה,דיון והכרעה,דיון והכרעה,דיון והכרעה
ME-23-08-41833-827,"ע""פ 7757/21 מרזוקי נ' מדינת ישראל, 24/5/2022: המערער הורשע בעבירות של יבוא בצוותא של סם מסוכן מסוג מתאמפטמין במשקל של 2.975 ק""ג ושיבוש מהלכי משפט. המערער שכנע אדם אחר לייבא ארצה סם מסוכן, ותיאם עבורו את קשר עם גורם בחו""ל. לאחר שהאחר נחת בארץ, נתפס ונעצר, המערער הוזמן לשמש מתורגמן מטעם המשטרה במהלך החקירה, ושיבש את מהלך החקירה. בית המשפט המחוזי קבע כי מתחם העונש ההולם נע בין 28 חודשי מאסר בפועל לבין 40 חודשי מאסר בפועל, והטיל על המערער עונש מאסר למשך 28 חודשי מאסר. הערעור נדחה.","""הבדל מסויים בין העונש של המערער לזה של המערערת, נעוץ בכמויות הסם ובנסיבות האישיות""",דיון והכרעה,דיון והכרעה,דיון והכרעה,דיון והכרעה,דיון והכרעה
ME-23-08-41833-827,"ע""פ 4838/20 אברמסון נ' מדינת ישראל, 15.8.2021 - המערערת קשרה קשר לייבא סמים מהולנד. בהמשך נשלחו לה בדואר מהולנד שלוש חבילות, בהן סם מסוכן מסוג MDMA: 3,018 טבליות ועוד 394.45 גרם. כאשר המערערת ניגשה לדואר על מנת לאסוף את החבילות, היא הציגה תעודת זהות מזויפת. בחיפוש בביתה נמצאה כמות גדולה של סמים. בשל כך המערערת הורשעה בעבירות של קשירת קשר לביצוע פשע, יבוא סמים, החזקה וניסיון להחזקת סם מסכן שלא לצריכה עצמית ושימוש במסמך מזויף. בית המשפט המחוזי קבע כי מתחם הענישה נע בין 24 ל-60 חודשי מאסר, והטיל על המערערת עונש מאסר למשך 24 חודשים. הערעור על גזר הדין נדחה.","""הבדל מסויים בין העונש של המערער לזה של המערערת, נעוץ בכמויות הסם ובנסיבות האישיות""",דיון והכרעה,דיון והכרעה,דיון והכרעה,דיון והכרעה,דיון והכרעה
ME-23-08-41833-827,"ע""פ 1901/19 אסולין נ' מדינת ישראל, 31/5/2020: המערער הורשע בעבירות של יבוא סם מסוכן, קשירת קשר לביצוע פשע והחזקת סם מסוכן שלא לצריכה עצמית. המערער ואדם אחר קשרו קשר לייבא סם מסוכן מסוג MDMA מגרמניה, באמצעות דואר ישראל. המערער הזמין באמצעות פרטי הזהות של האחר חבילה ובה כעשרה קילוגרמים של טבליות סם, ואסף את החבילה באמצעות תעודת הזהות של האחר מסניף הדואר. בית המשפט המחוזי קבע כי מתחם העונש ההולם נע בין 54 חודשי מאסר לבין 90 חודשי מאסר, וגזר עליו מאסר למשך 54 חודשים. בית המשפט העליון קבע כי גם אם ניתן היה לגזור עונש מעט קל יותר, לא מדובר בטעות המצדיקה את התערבות.","""הבדל מסויים בין העונש של המערער לזה של המערערת, נעוץ בכמויות הסם ובנסיבות האישיות""",דיון והכרעה,דיון והכרעה,דיון והכרעה,דיון והכרעה,דיון והכרעה
ME-23-08-41833-827,"לאור כל האמור, בהתחשב בערכים החברתיים שנפגעו מביצוע העבירות, במידת הפגיעה בהם, במדיניות הענישה הנהוגה ובנסיבות הקשורות בביצוע העבירות, אני סבור כי מתחם העונש ההולם למעשיו של הנאשם נע בין שלוש שנות מאסר בפועל לבין שבע שנות מאסר בפועל.","""הבדל מסויים בין העונש של המערער לזה של המערערת, נעוץ בכמויות הסם ובנסיבות האישיות""",דיון והכרעה,דיון והכרעה,דיון והכרעה,דיון והכרעה,דיון והכרעה
ME-23-08-41833-827,"לצורך קביעת העונש המתאים לנאשם בתוך מתחם הענישה הנ""ל יש להביא בחשבון, לטובתו של הנאשם, את הודאתו שניתנה בשלב מוקדם מאוד של ההליכים, עוד במהלך הדיון המקדמי. עוד יש להתחשב בנזקים שיגרמו לנאשם ולמשפחתו כתוצאה מהעונש שיוטל עליו. לעניין זה יש לתת משקל גם להשלכה של העונש על סבתו של הנאשם, שהנאשם והתנהלותו מעסיקים אותה ומטרידים אותה עד מאוד. היא ליוותה את הנאשם באדיקות במהלך הדיונים, ועשתה כל שלאל ידה על מנת לסייע בידו. הכל, תוך הבנה מלאה של חומרת מעשיו ותקווה עזה כי יעלה בידו לשנות את דרכו. עוד עומדים לימינו של הנאשם מודעותו לדפוסיו המצריכים עבודה ושינוי, הרצון והמוטיבציה אותם הוא מביע להשתלב בטיפול והחרטה שהביע על מעשיו, גם אם מדובר בחרטה מילולית בלבד.",העונש המתאים לנאשם:,דיון והכרעה,דיון והכרעה,דיון והכרעה,דיון והכרעה,דיון והכרעה
ME-23-08-41833-827,"לחובתו של הנאשם עומדים: הרשעתו הקודמת בעבירה של קבלת רכב גנוב; העולה מהתסקיר כי הוא נמנע מלקבל על עצמו אחריות מלאה למעשיו; והאמור בתסקיר בדבר דפוסיו ההתמכרותיים העמוקים, כישלון ההליכים הטיפוליים הקודמים והסיכון הממשי להישנות עבירות דומות.",העונש המתאים לנאשם:,דיון והכרעה,דיון והכרעה,דיון והכרעה,דיון והכרעה,דיון והכרעה
ME-23-08-41833-827,"לנוכח השיקולים הנ""ל, ברגיל, היה מקום להטיל על הנאשם עונש מאסר המצוי קרוב למרכז מתחם העונש ההולם, בנוסף לעונש פסילת רישיון לתקופה משמעותית. ברם, מתוך תקווה כי הודאתו המוקדמת מבטאת צעד ראשוני לקראת השתלבות חוזרת בטיפול במסגרת מאסרו, ועל מנת לעודד אותו להוציא לפועל את רצונו להשתלב בטיפול, גם אם מאחורי סורג ובריח, ולממש את כוונתו להשלים בהצלחה הליך של גמילה מהימורים, החלטתי שלא לעשות כן. גזר הדין יבטא אפוא הקלה משמעותית עם הנאשם, ויכלול עונש מאסר המצוי בחלקו התחתון של המתחם, גם אם לא ברף התחתון, ועונש פסילה קצר.",העונש המתאים לנאשם:,דיון והכרעה,דיון והכרעה,דיון והכרעה,דיון והכרעה,דיון והכרעה
ME-23-08-41833-827,"במועד שנקבע להשמעת גזר הדין השלימו הצדדים את טיעוניהם לעונש, בעקבות זאת שביום 10/4/2024 ניתן בעניינו של הנאשם גזר דין בת""פ (שלום בית שמש) 20080-06-20  הנ""ל, בגדרו הוטל עליו, בין היתר, עונש מאסר בפועל למשך 11 חודשים. המדינה מבקשת כי עונש המאסר בהליך זה ירוצה במצטבר לעונש האמור. לטענתה, מדובר בעבירות שונות ובערכים מוגנים שונים. כמו כן, הנאשם לא ביקש לצרף את התיק הנ""ל לתיק זה. לכן, אין סיבה שהעונש לא יוטל במצטבר. לעומתה מבקשת ההגנה כי העונש יוטל בחופף, לפחות בחלקו. הסנגור הדגיש כי העבירה בה הורשע בבית משפט השלום נעברה בשנת 2019, וכי לאחר מכן הנאשם השתתף בשני הליכים טיפוליים. עוד הדגיש כי אין מדובר בנאשם רצידיוויסט, וכי יש להתחשב בנסיבותיו האישיות ולאפשר לו להביט קדימה.",העונש המתאים לנאשם:,דיון והכרעה,דיון והכרעה,דיון והכרעה,דיון והכרעה,דיון והכרעה
ME-23-08-41833-827,"כידוע, על פי הדין על בית המשפט להכריע בעניין זה באופן מנומק, בהתאם לנסיבותיו הפרטניות של כל מקרה, ובהתאם לשיקולים שהותוו בפסיקתו של בית המשפט עליון. ובראשם שיקולים שעניינם קיומה של זיקה בין העבירות בהן הורשע הנאשם ושיקולים הנוגעים למהות העבירה וחומרתה (ע""פ 7786/21 אזמה נ' מדינת ישראל, 14/7/2022; ע""פ  3834/10 והבה נ' מדינת ישראל, 6/3/2013). במקרה שלפניי אין זיקה בין העבירות. בבית משפט השלום הנאשם הורשע בעבירת רכוש, ובהליך זה בעבירת סמים. לעומת זאת, כאמור לעיל, במקרה דנן הנאשם הורשע בעבירה חמורה, הפוגעת פגיעה לא מבוטלת בערכים חברתיים רמי מעלה. כמו כן, כפי שנפסק, במקרים בהם מדובר באירועים נפרדים, אשר מקימים עבירות נפרדות, חפיפת עונשים איננה עולה בקנה אחד עם עיקרון ההלימה, במיוחד במקרים בהם מדובר בחפיפה מלאה של עונשים שהוטלו בהליכים שונים (רע""פ 3589/17 שמואל נ' מדינת ישראל, 10/2/2020).",העונש המתאים לנאשם:,דיון והכרעה,דיון והכרעה,דיון והכרעה,דיון והכרעה,דיון והכרעה
ME-23-08-41833-827,"לנוכח השיקולים הנ""ל, אני סבור שראוי לחפוף את מרבית עונש המאסר שהוטל על הנאשם בבית משפט השלום עם המאסר בהליך זה.",העונש המתאים לנאשם:,דיון והכרעה,דיון והכרעה,דיון והכרעה,דיון והכרעה,דיון והכרעה
ME-23-08-41833-827,אני דן אפוא את הנאשם לעונשים הבאים:,התוצאה:,דיון והכרעה,דיון והכרעה,דיון והכרעה,דיון והכרעה,דיון והכרעה
ME-23-08-41833-827,"מאסר בפועל למשך 38 חודשים החל מיום מעצרו, 31/7/2023. מתוך התקופה האמורה, שישה חודשי מאסר ירוצו בחוף עם עונש המאסר שהוטל על הנאשם בת""פ (שלום בית שמש) 20080-06-20, והיתרה תרוצה במצטבר.",התוצאה:,דיון והכרעה,דיון והכרעה,דיון והכרעה,דיון והכרעה,דיון והכרעה
ME-23-08-41833-827,"מאסר למשך עשרה חודשים, על תנאי למשך שלוש שנים מיום שחרורו ממאסר, אם יעבור עבירת סמים מסוג פשע.",התוצאה:,דיון והכרעה,דיון והכרעה,דיון והכרעה,דיון והכרעה,דיון והכרעה
ME-23-08-41833-827,פסילה מלקבל או מלהחזיק רישיון נהיגה לתקופה של ארבעה חודשים. הנאשם יפקיד רישיונו או אישור משרד הרישוי על העדר רישיון במזכירות בית המשפט עד למועד תום ריצוי עונש המאסר שהוטל עליו.,התוצאה:,דיון והכרעה,דיון והכרעה,דיון והכרעה,דיון והכרעה,דיון והכרעה
ME-23-08-41833-827,"פסילה מלקבל או מלהחזיק רישיון נהיגה לתקופה של 10 חודשים, על תנאי למשך שלוש שנים מיום שחרורו ממאסר, אם יעבור עבירת סמים מסוג פשע.",התוצאה:,דיון והכרעה,דיון והכרעה,דיון והכרעה,דיון והכרעה,דיון והכרעה
ME-23-08-41833-827,"קנס בסך 5,000 ₪, או חודש מאסר תמורתו. הקנס ישולם בעשרה תשלומים חודשיים החל מיום 2/6/2024. אולם, אם איזה מן התשלומים לא יבוצע במלואו או במועדו תעמוד מלוא יתרת הקנס לתשלום מידי.",התוצאה:,דיון והכרעה,דיון והכרעה,דיון והכרעה,דיון והכרעה,דיון והכרעה
ME-23-08-41833-827,"רכב הנאשם ומכשיר הטלפון שלו, שנתפסו על ידי המאשימה, יחולטו.",התוצאה:,דיון והכרעה,דיון והכרעה,דיון והכרעה,דיון והכרעה,דיון והכרעה
ME-23-08-41833-827,שירות בתי הסוהר מתבקש לשוב ולבחון את שילובו של הנאשם בהליך טיפולי בתחום ההתמכרויות במהלך ריצוי עונשו.,התוצאה:,דיון והכרעה,דיון והכרעה,דיון והכרעה,דיון והכרעה,דיון והכרעה
ME-23-12-14553-571,"פקודת הסמים המסוכנים [נוסח חדש], תשל""ג-1973: סע'  6, 7.א., 7.ג",nothing,מידע אחר,מידע אחר,מידע אחר,מידע אחר,מידע אחר
ME-23-12-14553-571,"חוק העונשין, תשל""ז-1977: סע'  40ח, 400",nothing,מידע אחר,מידע אחר,מידע אחר,מידע אחר,מידע אחר
ME-23-12-14553-571,"הנאשם הורשע על-פי הודאתו במסגרת הסדר טיעון בכתב אישום מתוקן (להלן: ""כתב האישום"") בביצוע עבירות של הכנה, ייצור והפקה (גידול) של סמים מסוכנים, החזקת סמים מסוכנים שלא לצריכה עצמית ונטילת חשמל בניגוד לחוק, עבירות לפי סעיפים 6 ו-7(א)+(ג) רישא לפקודת הסמים המסוכנים [נוסח חדש], התשל""ג – 1973 (להלן: ""פקודת הסמים"") ו- 400 לחוק העונשין, התשל""ז – 1977  (להלן חוק העונשין"").",	מבוא,עובדות המקרה,עובדות המקרה,עובדות המקרה,עובדות המקרה,עובדות המקרה
ME-23-12-14553-571,במסגרת ההסדר לא הושגה הסכמה בין הצדדים לעניין העונש וכל צד טען לעונש באופן חופשי.,	מבוא,עובדות המקרה,עובדות המקרה,טיעוני הצדדים,עובדות המקרה,עובדות המקרה
ME-23-12-14553-571,"יחד עם זאת, הצדדים הסכימו שהנאשם יוכרז כסוחר סמים וככל יוצא, הציוד המפורט בכתב האישום יחולט לטובת קרן החילוט – הסמים.",	מבוא,עובדות המקרה,עובדות המקרה,טיעוני הצדדים,עובדות המקרה,עובדות המקרה
ME-23-12-14553-571,"מעובדות כתב האישום עולה כי במועד שאינו ידוע במדויק ובמשך תקופה לא ידועה ועד ליום 30.11.2023 גידל הנאשם שתילים רבים של סם, בוילה ששכר מיום 1.7.2023 בקריית גת, לאחר שביצע בווילה פעולות שונות כדי להכשירה כמקום לגידול הסם. לצורך תפעול מקום גידול הסם והפעלת מכשירי החשמל בהם השתמש הנאשם לשם גידול הסם, יצר הנאשם חיבור פיראטי של חשמל בוילה. ביום 30.11.2023 בשעה 10:25 או בסמוך לכך במסגרת פעילות יזומה של משטרת ישראל הגיעו השוטרים לוילה וביקשו מהנאשם לפתוח את הדלת.",	כתב האישום,עובדות המקרה,עובדות המקרה,עובדות המקרה,עובדות המקרה,עובדות המקרה
ME-23-12-14553-571,"לאחר שהנאשם לא נענה לקריאתם, טיפסו השוטרים אל מעבר לגדר, דפקו על דלת הכניסה, הזדהו כשוטרים וביקשו מהנאשם לפתוח את דלת הכניסה. הנאשם לא נענה לקריאות השוטרים ואלו דפקו שנית על דלת הכניסה עם פטיש. הנאשם ביקש מהשוטרים להפסיק ואמר כי יפתח את הדלת והוא עשה כן.",	כתב האישום,עובדות המקרה,עובדות המקרה,עובדות המקרה,עובדות המקרה,עובדות המקרה
ME-23-12-14553-571,"במהלך חיפוש שביצעו השוטרים בוילה נמצאו בששה חדרים כ-700 שתילי סם מסוג קנבוס במשקל כולל של 180 ק""ג נטו אותם גידל הנאשם. בחדר נוסף נתפס שק שהכיל סם מסוכן מסוג קנבוס במשקל של 7.48 ק""ג נטו. בנוסף לאמור, נתפס בוילה ציוד רב ששימש לגידול הסם.",	כתב האישום,עובדות המקרה,עובדות המקרה,עובדות המקרה,עובדות המקרה,עובדות המקרה
ME-23-12-14553-571,"הנזק שנגרם לחברת חשמל כתוצאה ממעשיו של הנאשם נאמד בסך כולל של 99,717.18 ₪.",	כתב האישום,עובדות המקרה,עובדות המקרה,עובדות המקרה,עובדות המקרה,עובדות המקרה
ME-23-12-14553-571,"מתסקיר שירות המבחן שהתקבל בעניינו של הנאשם עלה כי זה כבן 27, רווק, בן להורים גרושים, עלה עם הוריו מאתיופיה בשנת 1997, סיים 12 שנות לימוד, סייע מגיל צעיר בפרנסת משפחתו, שוחרר משירות צבאי לאחר שירות של תקופה של שנתיים וארבעה חודשים, הוגדר כחייל בודד והתגורר בבית החייל, טרם מעצרו התגורר בגפו בדירה שכורה בקרית גת ועבד בעסק עצמאי לשליחויות.",	תסקיר שירות המבחן,תסקיר שירות מבחן,תסקיר שירות מבחן,תסקיר שירות מבחן,תסקיר שירות מבחן,תסקיר שירות מבחן
ME-23-12-14553-571,"הנאשם שיתף את שירות המבחן כי עזב את הבית עקב סכסוך עם אימו, כי שמר איתה ועם אחותו על קשר רופף וחידש איתם את הקשר לאחר מעצרו. הנאשם שיתף כי הוא בחובות על סך של 200,000 ₪ לבנקים ולחברת אשראי. הנאשם מסר כי התנסה לראשונה בשימוש בסמים בגיל 19, צרך סמים בתדירות נמוכה במסגרת מפגשים חברתיים, שלל בעיות התמכרות ושלל צורך בהתערבות טיפולית בתחום ההתמכרויות אף שמסר כי פנה להשתתף בקבוצה טיפולית במסגרת מעצרו אך טרם קיבל תשובה.",	תסקיר שירות המבחן,תסקיר שירות מבחן,תסקיר שירות מבחן,תסקיר שירות מבחן,תסקיר שירות מבחן,תסקיר שירות מבחן
ME-23-12-14553-571,"הנאשם הודה בפני שירות המבחן במיוחס לו, מסר כי ביצע את העבירות בגפו על רקע מצוקה כלכלית וחוסר יכולת למצוא אלטרנטיבה להתמודדות עם קשייו הכלכליים.",	תסקיר שירות המבחן,תסקיר שירות מבחן,תסקיר שירות מבחן,תסקיר שירות מבחן,תסקיר שירות מבחן,תסקיר שירות מבחן
ME-23-12-14553-571,"שירות המבחן התרשם כי הנאשם גדל בנסיבות משפחתיות מורכבות ללא תמיכה והצבת גבולות, ביצע את העבירות על רקע מצוקה כלכלית, הביע חרטה, מבין כי עליו לשלם את המחיר על מעשיו והביע שאיפות לחזור לתפקוד נורמטיבי.",	תסקיר שירות המבחן,תסקיר שירות מבחן,תסקיר שירות מבחן,תסקיר שירות מבחן,תסקיר שירות מבחן,תסקיר שירות מבחן
ME-23-12-14553-571,"לצד זאת, שירות המבחן התרשם כי הנאשם נעדר כלים להתמודדות במצבי מצוקה ולחץ, מתקשה להתנהל כלכלית, נעדר גורמי תמיכה, התקשה לחשוב על השלכות מעשיו, אינו מכיר בבעייתיות בצריכת סמים ואינו מעוניין בטיפול בתחום ההתמכרויות.",	תסקיר שירות המבחן,תסקיר שירות מבחן,תסקיר שירות מבחן,תסקיר שירות מבחן,תסקיר שירות מבחן,תסקיר שירות מבחן
ME-23-12-14553-571,"בהתאם לאמור, שירות המבחן לא בא בהמלצה טיפולית והמליץ להטיל על הנאשם ענישה מוחשית ומרתיעה.",	תסקיר שירות המבחן,תסקיר שירות מבחן,תסקיר שירות מבחן,תסקיר שירות מבחן,תסקיר שירות מבחן,תסקיר שירות מבחן
ME-23-12-14553-571,המאשימה טענה לעונש בכתב והשלימה טיעוניה על-פה.,	טיעוני הצדדים,טיעוני הצדדים,טיעוני הצדדים,טיעוני הצדדים,טיעוני הצדדים,טיעוני הצדדים
ME-23-12-14553-571,"המאשימה טענה כי מתחם העונש ההולם נע בין 42 ל-62 חודשי מאסר ועתרה להטיל על הנאשם 52 חודשי מאסר, מאסר מותנה, פיצוי וקנס.",	טיעוני הצדדים,טיעוני הצדדים,טיעוני הצדדים,טיעוני הצדדים,טיעוני הצדדים,טיעוני הצדדים
ME-23-12-14553-571,"לעניין הקנס טענה המאשימה למתחם שנע בין 50-120,000 ₪ ועתרה להטיל על הנאשם קנס שנמצא באמצע מתחם זה. בנוסף עתרה המאשימה להטיל על הנאשם פיצוי בסך של 99,000 ₪  לחברת חשמל.",	טיעוני הצדדים,טיעוני הצדדים,טיעוני הצדדים,טיעוני הצדדים,טיעוני הצדדים,טיעוני הצדדים
ME-23-12-14553-571,"המאשימה הפנתה בטיעוניה לערכים המוגנים שנפגעו, למידת הפגיעה הגבוהה בהם ולנסיבות ביצוע העבירות. ביחס לנסיבות ביצוע העבירות התייחסה לתכנון שקדם לביצוע העבירות המחייב לימוד הנושא, השקעה כספית, רכישת ציוד מתאים ושכירת מקום לגידול הסמים, לחלקו הבלעדי של הנאשם בביצוע העבירות, לסוג הסם, לכמות הסם הגדולה שהנאשם ייצר והפיק ולתפקידו בשרשרת הפצת הסם, לנזק שנגרם מביצוע העבירות לרבות הנזק שנגרם לחברת חשמל (עשרות אלפי שקלים),  לנזק שצפוי היה להיגרם לו הסם היה מופץ ולסיבות שהביאו את הנאשם לביצוע העבירות (מניע כלכלי).",	טיעוני הצדדים,טיעוני הצדדים,טיעוני הצדדים,טיעוני הצדדים,טיעוני הצדדים,טיעוני הצדדים
ME-23-12-14553-571,בטיעוניה הפנתה המאשימה לתסקיר שירות המבחן ולהמלצתו העונשית.,	טיעוני הצדדים,טיעוני הצדדים,טיעוני הצדדים,טיעוני הצדדים,טיעוני הצדדים,טיעוני הצדדים
ME-23-12-14553-571,לעניין הקנס טענה המאשימה כי בשים לב לכמות הסם הגדולה שגידל ולפוטנציאל הרווח העצום הנגזר מכך יש להטיל על הנאשם עיצומים כספיים בדמות קנס כספי משמעותי ופיצוי לחברת החשמל שירתיע ויאיין את הכדאיות הכלכלית מביצוע עבירות אלו. המאשימה צרפה פסיקה לתמיכה בעמדתה העונשית.,	טיעוני הצדדים,טיעוני הצדדים,טיעוני הצדדים,טיעוני הצדדים,טיעוני הצדדים,טיעוני הצדדים
ME-23-12-14553-571,"ב""כ הנאשם טען כי מתחם העונש ההולם נע בין 18 ל-36 חודשי מאסר ועתר לעונש של 18 חודשי מאסר לצד מאסר על תנאי ופיצוי בסך של 10,000 ש""ח. ב""כ הנאשם עתר שלא להטיל על הנאשם רכיב של קנס בשל מצבו הכלכלי הקשה של הנאשם ובשל כך שהוא לא הפיק  בסופו של יום רווח כלכלי מביצוע העבירות.",	טיעוני הצדדים,טיעוני הצדדים,טיעוני הצדדים,טיעוני הצדדים,טיעוני הצדדים,טיעוני הצדדים
ME-23-12-14553-571,באשר לנסיבות ביצוע העבירות הפנה לתיקון המשמעותי שנעשה בכתב האישום המלמד על פרק הזמן המינימלי שבו המעבדה פעלה (בהתאם לכתב האישום); על כך שמדובר בדירה ולא בחממה; על כך  שמדובר בדירה שבה התגורר הנאשם ולא בדירה שאותה שכר רק לצורך הגידול; על כך שמספר השתילים וכמות הסם אינם חריגים במיוחד ועל כך שמדובר בעבירת גידול ולא בעבירה של סחר בסמים.,	טיעוני הצדדים,טיעוני הצדדים,טיעוני הצדדים,טיעוני הצדדים,טיעוני הצדדים,טיעוני הצדדים
ME-23-12-14553-571,"ב""כ הנאשם הפנה לנסיבותיו האישיות-משפחתיות המורכבות של הנאשם, לגילו הצעיר, להודאת הנאשם, החרטה והצער שהביע, לכך שהוא נעדר עבר פלילי ולכך שמדובר במאסר ראשון שיוטל עליו.",	טיעוני הצדדים,טיעוני הצדדים,טיעוני הצדדים,טיעוני הצדדים,טיעוני הצדדים,טיעוני הצדדים
ME-23-12-14553-571,"ב""כ הנאשם התייחס בטיעוניו למתחם העונש ההולם ולעונש שאליהם עתרה המאשימה וטען כי אלו אינם מידתיים ואינם נתמכים בענישה הנוהגת, אף לא בזו אליה הפנתה המאשימה בטיעוניה. כן טען כי עמדת המאשימה למקם את עונשו של הנאשם במרכז המתחם לו עתרה אף הוא לא מתכתב עם העובדה שמדובר בנאשם צעיר, נעדר עבר פלילי אשר הודה בהזדמנות הראשונה.",	טיעוני הצדדים,טיעוני הצדדים,טיעוני הצדדים,טיעוני הצדדים,טיעוני הצדדים,טיעוני הצדדים
ME-23-12-14553-571,"ב""כ הנאשם הוסיף כי לנוכח נתוניו אלו ולנוכח נסיבותיו האישיות-משפחתיות יש למקם את עונשו של הנאשם בתחתית מתחם העונש שייקבע.",	טיעוני הצדדים,טיעוני הצדדים,טיעוני הצדדים,טיעוני הצדדים,טיעוני הצדדים,טיעוני הצדדים
ME-23-12-14553-571,"באשר לנזק שנגרם לחברת החשמל, הפנה ב""כ הנאשם למסמך של חברת החשמל (נ/1) וטען כי ממסמך זה עולה שהנזק המוזכר הוא בגדר הערכה בלבד. זאת, בין היתר בשל כך שמכתב האישום לא ברור מה היא התקופה שבה פעלה ה""מעבדה"" בוילה בעוד שמסמך של חברת החשמל מתייחס לתקופה מוגדרת. ב""כ הנאשם הוסיף כי בהתאם לאמור אין לזקוף לחובתו של הנאשם את מלוא התקופה שצוינה במסמך של חברת החשמל.",	טיעוני הצדדים,טיעוני הצדדים,טיעוני הצדדים,טיעוני הצדדים,טיעוני הצדדים,טיעוני הצדדים
ME-23-12-14553-571,"הנאשם אמר את דברו. הנאשם מסר כי בית הסוהר הוא מקום קשה עבורו, כי בעקבות מעצרו והוא חידש את הקשר עם משפחתו, כי הוא לוקח אחריות מלאה על מעשיו, מבין את חומרת מעשיו ומודע להשלכות. הנאשם הוסיף כי הוא נקלע לחובות בשל טעיות שעשה בעבר, כי הבין ש""הדרך הקצרה היא הדרך הארוכה"", כי הוא מעוניין לתקן את דרכיו וכי לא יחזור על הטעויות שביצע.",	טיעוני הצדדים,טיעוני הצדדים,טיעוני הצדדים,טיעוני הצדדים,טיעוני הצדדים,טיעוני הצדדים
ME-23-12-14553-571,"מתחם העונש ההולם צריך לנוע בין 28 ל-48 חודשי מאסר. בקביעת המתחם התחשבתי בערכים המוגנים של העבירות, במידת הפגיעה בהם, בנסיבות ביצוע העבירות ובענישה הנוהגת, והכל כמפורט להלן.",	דיון והכרעה,דיון והכרעה,דיון והכרעה,דיון והכרעה,דיון והכרעה,דיון והכרעה
ME-23-12-14553-571,הערכים המוגנים הרלוונטיים לענייננו הם שמירה על בטחון הציבור ובריאותו ושמירה על  הקניין.,	דיון והכרעה,דיון והכרעה,דיון והכרעה,דיון והכרעה,דיון והכרעה,דיון והכרעה
ME-23-12-14553-571,"נגע הסמים הוא נגע קשה, שיש למגרו. התוצאות של גידול והפצת סם הן תוצאות קשות ופוגעות פגיעה רוחבית במרקם החברה ובשלום הציבור לרבות ברכושו בעקיפין, וכמובן בבריאותם של צרכני הסם. בעניין זה יפים דבריו של השופט (כתוארו אז) מ' חשין בע""פ 6021/95 אוקטביו נ' מדינת ישראל (פורסם בנבו, 31.7.1997), פסקה 35:",	דיון והכרעה,דיון והכרעה,דיון והכרעה,דיון והכרעה,דיון והכרעה,דיון והכרעה
ME-23-12-14553-571,"כאמור, נכונים הדברים כנגד כל שרשרת מפיצי הסם והמסייעים בידיהם לרבות כלפי מי שמגדלים את הסם, אשר מהווים את החוליה הראשונה בשרשרת ואשר ביחס לעבירה שביצעו קבע המחוקק עונש של 20 שנות מאסר.",	דיון והכרעה,דיון והכרעה,דיון והכרעה,דיון והכרעה,דיון והכרעה,דיון והכרעה
ME-23-12-14553-571,"שכיחותה הגוברת של עבירת גידול הסמים שנעברת גם על-ידי אזרחים נורמטיביים כמקור לעשיית כסף קל מסיבות שונות, לרבות על-ידי אזרחים שנקלעו למצוקה כלכלית ולחובות כספיים בשוק האפור המתפתים לפתור את מצוקתם באמצעות גידול סמים, צריכה להיתקל בענישה מרתיעה ומשמעותית, זאת גם בהתייחס לגידול של סמים הנחשבים לסמים ""קלים"".",	דיון והכרעה,דיון והכרעה,דיון והכרעה,דיון והכרעה,דיון והכרעה,דיון והכרעה
ME-23-12-14553-571,"לעניין זה התייחס השופט י' עמית בע""פ 2596/18 זנזורי נ' מדינת ישראל  (פורסם בנבו, 12.8.2018), פסקה 8 (להלן: ""ענין זנזורי""):",	דיון והכרעה,דיון והכרעה,דיון והכרעה,דיון והכרעה,דיון והכרעה,דיון והכרעה
ME-23-12-14553-571,"מידת הפגיעה בערכים המוגנים בענייננו היא משמעותית בשים לב למספר השתילים ומשקל הסם, ובשים לב לנזק הכלכלי שהסב לחברת החשמל באמצעות החשמל שנטל באופן פיראטי.",	דיון והכרעה,דיון והכרעה,דיון והכרעה,דיון והכרעה,דיון והכרעה,דיון והכרעה
ME-23-12-14553-571,"בכל הקשור לנסיבות הקשורות בביצוע העבירות נתתי דעתי למשקל הסם הגבוה שגודל (180 ק""ג); לכך שהנאשם גם החזיק סם שלא לצריכה עצמית בוילה במשקל של 7.48 ק""ג וזאת לצד ציוד רב ששימש לגידול הסם; להיערכות, להתארגנות ולתכנון שקדם לביצוע העבירות (שכירת וילה, הצטיידות בציוד מתאים, רכישת ידע, התחברות פיראטית לחשמל); לנזק הכספי המשמעותי שנגרם לחברת החשמל כתוצאה מגניבת החשמל; לנזק שעלול היה להיגרם לו הסם שגודל היה מופץ בשווקים; לנזק שעלול היה להיגרם כתוצאה מחיבור פיראטי לחשמל; לסיבה שהביאה את הנאשם לביצוע העבירה (רווח כספי מהיר בשל מצוקה כלכלית אליה נקלע) ולחלקו הבלעדי של הנאשם בביצוע העבירות.",	דיון והכרעה,דיון והכרעה,דיון והכרעה,דיון והכרעה,דיון והכרעה,דיון והכרעה
ME-23-12-14553-571,"באשר למשקל הסם ראוי לציין, כי מחד אין לערוך חישוב אריתמטי של תקופת המאסר כנגזר ממשקלו של הסם, ואולם כבר נקבע כי למשקל הסם יש משמעות לא מבוטלת בשאלת העונש המוטל בעבירות סם, וזאת כנגזר מפוטנציאל הנזק. בעניין זה ראו ע""פ 6409/12 מדינת ישראל נ' אלגדיפי (פורסם בנבו, 5.6.2013), פסקה 11.",	דיון והכרעה,דיון והכרעה,דיון והכרעה,דיון והכרעה,דיון והכרעה,דיון והכרעה
ME-23-12-14553-571,"עוד אציין, כי קשה להלום את טענת ב""כ הנאשם לפיה הוילה ששכר הנאשם לא יועדה גם לשם גידול הסם. זאת, הן לנוכח התהייה העולה מכך שהנאשם שהוא צעיר, רווק, שנמצא בחובות כספיים מוצא לשכור וילה שבה כ-7 חדרים ואשר בה התגורר בגפו והן לנוכח, העובדה שהסמים גודלו ב-6 חדרים בוילה כשבחדר נוסף נמצא שק סם נוסף.",	דיון והכרעה,דיון והכרעה,דיון והכרעה,דיון והכרעה,דיון והכרעה,דיון והכרעה
ME-23-12-14553-571,"לצד כל האמור נתתי משקל לכך שהסם שגודל לא נחשב לסם מסוג הסמים ה""קשים"", כי זה נתפס בטרם הופץ אל השווקים ומכאן שלא נגרם נזק ממשי לבריאות הציבור, ולכך שמעובדות כתב האישום נותר ספק באשר לתקופת הגידול, ומספק זה זכאי ליהנות הנאשם.",	דיון והכרעה,דיון והכרעה,דיון והכרעה,דיון והכרעה,דיון והכרעה,דיון והכרעה
ME-23-12-14553-571,"עיון בפסיקה בעבירות דנן מגלה מנעד רחב של ענישה התלוי בנסיבות ה""עושה"" לרבות גילו של הנאשם, עברו הפלילי, נסיבות חייו ומידת השתלבותו בהליך שיקומי כמו גם, ובעיקר, בנסיבות ה""מעשה"" לרבות סוג הסם שגודל, היקף הגידול ומשקלו של הסם, משך הגידול, מיקום הגידול, חלקו של הנאשם בגידול, מידת התכנון וההצטיידות שקדמו לביצוע הגידול, בשאלה האם העבירה בוצעה בצוותא עם אחרים ובשאלת קיומן של עבירות נלוות לביצוע עבירת הגידול.",	דיון והכרעה,דיון והכרעה,דיון והכרעה,דיון והכרעה,דיון והכרעה,דיון והכרעה
ME-23-12-14553-571,"עם זאת, בית המשפט העליון הבהיר לא פעם כי ככלל בעבירות סמים השיקולים הנוגעים לנסיבותיו האישיות של הנאשם נסוגים מפני האינטרס הציבורי שבהרתעת הרבים (ע""פ 6029/03 מדינת ישראל נ' שמאי [פורסם בנבו, 9.2.2004], פסקה 7).",	דיון והכרעה,דיון והכרעה,דיון והכרעה,דיון והכרעה,דיון והכרעה,דיון והכרעה
ME-23-12-14553-571,"אחר הערות מקדימות אלו תוצג להלן פסיקה במקרים דומים, תוך שאציין כי מודע אני להבדלים הקיימים בין נסיבות ה""מעשה"" ו""העושה"" שהיו באותם מקרים לאלו שבענייננו, על ההשלכה שיש לכך לעניין העונש.",	דיון והכרעה,דיון והכרעה,דיון והכרעה,דיון והכרעה,דיון והכרעה,דיון והכרעה
ME-23-12-14553-571,"בע""פ 2601/16 אוזנה נ' מדינת ישראל (פורסם בנבו, ‏29.5.2016) חזר בו נאשם שהורשע בעבירות של גידול סם מסוכן מסוג קנביס במשקל של מעל 100 ק""ג, קשירת קשר לפשע ונטילת חשמל מערעורו בהמלצת בית המשפט העליון, ונותר על כנו עונש של 45 חודשי מאסר שהטיל עליו בית המשפט המחוזי במסגרת הסדר טיעון ""סגור"".",	דיון והכרעה,דיון והכרעה,דיון והכרעה,דיון והכרעה,דיון והכרעה,דיון והכרעה
ME-23-12-14553-571,"בת""פ 49675-04-17 (מחוזי-ב""ש) מדינת ישראל נ' אלאטרש (פורסם בנבו, 18.03.2018), בית המשפט המחוזי גזר על נאשם, נעדר עבר פלילי, שהורשע בעבירות של ייצור, הכנה והפקה של סם מסוכן והחזקת סם שלא לצריכה עצמית עונש של 45 חודשי מאסר וקנס בסך של 30,000 ₪ (גובה הקנס היה מוסכם על הצדדים). במקרה זה גידל הנאשם, בשל מצוקה כלכלית אליה נקלע,  888 שתילי סם מסוכן מסוג קנביס במשקל כולל של 253.9 ק""ג.",	דיון והכרעה,דיון והכרעה,דיון והכרעה,דיון והכרעה,דיון והכרעה,דיון והכרעה
ME-23-12-14553-571,"בע""פ 863/18 סבן נ' מדינת ישראל (פורסם בנבו, 15.11.2018) קיבל בית המשפט העליון את ערעורו של נאשם שהורשע בעבירות של ייצור, הכנה והפקה של סם מסוכן מסוג קנביס, החזקת סם מסוכן שלא לצריכה עצמית, החזקת חצרים לשם הכנת סם מסוכן וקשירת קשר לפשע, והעמיד את עונשו על 36 חודשי מאסר חלף 42 חודשי מאסר משיקולים של אחידות הענישה ותסקירים חיוביים של שירות המבחן. במקרה זה הקים הנאשם עם אחרים ""מעבדה"" לגידול סמים וגידל283  שתילי קנביס במשקל כולל של כ- 92 ק""ג נטו.",	דיון והכרעה,דיון והכרעה,דיון והכרעה,דיון והכרעה,דיון והכרעה,דיון והכרעה
ME-23-12-14553-571,"בת""פ (מחוזי–מרכז) ת""פ 30876-03-17 מדינת ישראל נ' בן אדיבה (פורסם בנבו, 20.09.2018) גזר בית המשפט המחוזי על נאשם, נעדר עבר פלילי, שהורשע בעבירות של קשירת קשר לפשע, ייצור, הכנה והפקה של סם מסוכן, החזקת סם מסוכן שלא לצריכה עצמית, גניבה בנסיבות מיוחדות בצוותא חדא והחזקת חצרים להכנת סמים עונש של 30 חודשי מאסר וקנס בסך של 50,000 ₪. במקרה זה גידל הנאשם, בשל קשיים כלכליים, 1,246 שתילים במשקל של 140 ק""ג תוך גניבת חשמל בהיקף של 42,000 ₪.",	דיון והכרעה,דיון והכרעה,דיון והכרעה,דיון והכרעה,דיון והכרעה,דיון והכרעה
ME-23-12-14553-571,"בע""פ 8191/19 אלוכילי נ' מדינת ישראל (פורסם בנבו, 7.9.2020) נדון עניינו של נאשם שהורשע בעבירות של גידול והחזקת סם שלא לצריכה עצמית מסוג קנביס במשקל של 97 ק""ג בתוך מחסן במתחם ביתו. הנאשם חזר בו מערעורו בהמלצת בית המשפט העליון ועונש של 27 חודשי מאסר שהטיל בית המשפט המחוזי נותר על כנו מטעמי שיקום.",	דיון והכרעה,דיון והכרעה,דיון והכרעה,דיון והכרעה,דיון והכרעה,דיון והכרעה
ME-23-12-14553-571,"בעניין זנזורי דחה בית המשפט העליון את ערעור המאשימה ואת הערעור שכנגד של נאשם 1 שהורשע בעבירות של קשירת קשר, שיבוש מהלכי משפט וייצור והפקה הכנה של סמים מסוכנים, והותיר על כנו עונש של 26 חודשי מאסר. במקרה זה נאשם 1, בסיוע נאשם 2 ששכר עבורו יחידת גג גדולה, הקים ""מעבדה"" לגידול קנבוס. במעבדה נתפסו 137.6 ק""ג של סם מסוכן מסוג קנביס;",	דיון והכרעה,דיון והכרעה,דיון והכרעה,דיון והכרעה,דיון והכרעה,דיון והכרעה
ME-23-12-14553-571,"בע""פ 871/20 אברג'יל נ' מדינת ישראל (פורסם בנבו, 30.3.2020) דחה בית המשפט העליון את ערעורו של נאשם שהורשע  בעבירות של ייצור, הכנה והפקה של סם מסוכן מסוג קנביס, ובהחזקת סם מסוכן שלא לצריכה עצמית והותיר על כנו עונש של 26 חודשי מאסר. במקרה זה הקים הנאשם ""מעבדה"" לגידול סם מסוכן וגידל בה מאות שתילים שהגיעו למשקל של 80 ק""ג.",	דיון והכרעה,דיון והכרעה,דיון והכרעה,דיון והכרעה,דיון והכרעה,דיון והכרעה
ME-23-12-14553-571,"המאשימה הפנתה בין היתר לע""פ 8988/16  בן סימון נ' מדינת ישראל (פורסם בנבו, 8.3.2017) בו דחה בית המשפט העליון את ערעורו של נאשם שהורשע בעבירות של ייצור הכנה והפקה של סם מסוכן מסוג קנביס במשקל כולל של 87.25 ק""ג, סחר והספקת סם מסוכן, ונטילת חשמל במרמה בשווי עשרות אלפי שקלים והותיר על כנו עונש של 36 חודשי מאסר וקנס בסך 40,000 ₪ . במקרה זה גידל הנאשם סם מסוכן מסוג קנבוס ב""מעבדה"" שהקים בביתו שכללה ציוד ומגוון מכשירים לגידול הסם. בנוסף, סיפק הנאשם לאחר סם מסוכן מסוג קנבוס בכמות של 5.43 גרם נטו;",	דיון והכרעה,דיון והכרעה,דיון והכרעה,דיון והכרעה,דיון והכרעה,דיון והכרעה
ME-23-12-14553-571,"ת""פ (מחוזי ב""ש) 26719-08-20 מדינת ישראל נ' אבייב ואח' (פורסם בנבו, 28.12.2021) בו גזר מותב זה על נאשם 1 נעדר עבר פלילי שהורשע בעבירות של גידול סם מסוכן מסוג קנבוס במשקל של כ-120 ק""ג (500 שתילים), השחתת מתקן חשמל (שיצר סיכון בטיחותי) ונטילת חשמל עונש של 32 חודשי מאסר וקנס בסך של 75,000 ₪. נאשמת 2 בת זוגו של הנאשם שהורשע בעבירות של סיוע לגידול סם וסיוע לנטילת חשמל נדונה ל-9 חודשי מאסר לריצוי בעבודות שירות וקנס בסך 25,000 ₪.",	דיון והכרעה,דיון והכרעה,דיון והכרעה,דיון והכרעה,דיון והכרעה,דיון והכרעה
ME-23-12-14553-571,"ת""פ (מחוזי-ב""ש) 44477-08-20 מדינת ישראל נ' סראיעה (פורסם בנבו, 14.12.2021) בו גזר בית המשפט המחוזי על נאשם שהורשע בעבירות של גידול סם מסוכן מסוג קנבוס במשקל של כ-114.38 ק""ג (740 שתילים), החזקת סם מסוכן שלא לצריכה עצמית והחזקת סם מסוכן לצריכה עצמית עונש של 45 חודשי מאסר כולל הפעלה של מאסר מותנה בן 6 חודשים מחציתו במצטבר, וקנס בסך 20,000 ₪.",	דיון והכרעה,דיון והכרעה,דיון והכרעה,דיון והכרעה,דיון והכרעה,דיון והכרעה
ME-23-12-14553-571,"יצוין, כי ערעור שהגיש הנאשם לעניין העונש התקבל באופן חלקי כך שעונשו הועמד על 36 חודשי מאסר כולל המאסר על תנאי שהופעל (ע""פ 717/22 סראיעה סלאמה נ' מדינת ישראל [פורסם בנבו, 1.2.2023]).",	דיון והכרעה,דיון והכרעה,דיון והכרעה,דיון והכרעה,דיון והכרעה,דיון והכרעה
ME-23-12-14553-571,"לא מצאתי לחרוג ממתחם העונש ההולם אותו קבעתי ובגדרי המתחם נתתי משקל להודאתו של הנאשם ולחיסכון בזמן שיפוטי, לחרטה ולאחריות שלקח על מעשיו, לנסיבותיו האישיות-משפחתיות המורכבות, למשבר הכלכלי אליו נקלע כעולה מתסקיר שירות המבחן, ולפגיעה של עונש המאסר בו ובמשפחתו.",	דיון והכרעה,דיון והכרעה,דיון והכרעה,דיון והכרעה,דיון והכרעה,דיון והכרעה
ME-23-12-14553-571,"כן מצאתי לתת משקל לכך שהנאשם נעדר עבר פלילי ולרצונו לשקם את חייו (אף אם לא במסגרת טיפולית) כעולה מתסקיר שירות המבחן, אף שזה המליץ בסופו של יום על ענישה מוחשית.",	דיון והכרעה,דיון והכרעה,דיון והכרעה,דיון והכרעה,דיון והכרעה,דיון והכרעה
ME-23-12-14553-571,לצד זאת נתתי משקל לשיקולי ההרתעה של הנאשם (שבעניינו לא הוצג בתסקיר אופק שיקומי ממשי) ושל הרבים בשים לב לשכיחות תופעת גידול הסמים בנסיבות דומות.,	דיון והכרעה,דיון והכרעה,דיון והכרעה,דיון והכרעה,דיון והכרעה,דיון והכרעה
ME-23-12-14553-571,"כאמור הנאשם עבר את העבירות ממניע כלכלי בשל המצוקה אליה נקלע ואף הסב פגיעה בקניין בשווי עשרות אלפי שקלים. בגין כך ראוי להטיל עליו גם עונש של קנס משמעותי ובעניין זה ראו ע""פ 5515/22  אנריקז נ' מדינת ישראל (פורסם בנבו, 27.3.2023).",	דיון והכרעה,דיון והכרעה,דיון והכרעה,דיון והכרעה,דיון והכרעה,דיון והכרעה
ME-23-12-14553-571,"זאת, אף שנסיבות אותו מקרה שונות מענייננו באשר באותו מקרה דובר בעבריין סמים כבד ורצידיוויסט אשר לא לקח אחריות על מעשיו וניהל הליך של הוכחות ואשר גרם לנזקים כלכליים גבוהים מאלו שהנאשם בעניינו גרם.",	דיון והכרעה,דיון והכרעה,דיון והכרעה,דיון והכרעה,דיון והכרעה,דיון והכרעה
ME-23-12-14553-571,"לצד זאת, וכמצוות סעיף 40ח לחוק העונשין, מצאתי לתת משקל למצבו הכלכלי של הנאשם ביחס לגובה הקנס שיוטל עליו כמו גם לתמהיל הענישה הכולל רכיב מאסר ממשי ופיצויים. אף לקיחת האחריות והמוטיבציה שגילה להיטיב את דרכיו הובילוני למסקנה לפיה אין מקום להכביד את היד עם הנאשם גם ביחס לרכיב עונשי זה.",	דיון והכרעה,דיון והכרעה,דיון והכרעה,דיון והכרעה,דיון והכרעה,דיון והכרעה
ME-23-12-14553-571,"באשר לרכיב הפיצויים, סבורני שיש מקום לחייב את הנאשם בפיצוי חברת החשמל. עם זאת, מקובלת עלי טענת ב""כ הנאשם כי המסמך של חברת החשמל שהוא צירף לטיעוניו (נ/1), ואשר בהתאם לו נקבע בכתב האישום כי הנזק שנגרם לחברת החשמל נאמד בסך כולל של 99,717.18 ₪, לא יכול לבסס פיצוי שכזה.",	דיון והכרעה,דיון והכרעה,דיון והכרעה,דיון והכרעה,דיון והכרעה,דיון והכרעה
ME-23-12-14553-571,"אכן, הנאשם הודה בעובדות כתב האישום וכעת אין מקום לחזרה מהודאה אף ביחס לעובדה 7 לכתב האישום המתייחסת לגובה הנזק שנגרם לחברת החשמל. עם זאת, בעובדה 7 לכתב האישום צוין כאמור כי מדובר בנזק ש""נאמד"", היינו מדובר באומדן בלבד. מנ/1 עולה שהתקופה שעל בסיסה חישבה חברת חשמל את הנזק שנגרם לה היא מיום 06.06.2023 עד ליום 30.11.2023.",	דיון והכרעה,דיון והכרעה,דיון והכרעה,דיון והכרעה,דיון והכרעה,דיון והכרעה
ME-23-12-14553-571,"ואולם, בעובדה 1 לכתב האישום צוין שהנאשם עבר העבירות ""במועד שאינו ידוע במדויק למאשימה, ובמשך תקופה שלא ידועה למאשימה ועד ליום 30.11.2023"". הווה אומר, שאין וודאות שאכן הנאשם החל לגדל הסמים מיום 06.06.2023 או בסמוך לכך, וספק זה צריך להיזקף לטובת הנאשם.",	דיון והכרעה,דיון והכרעה,דיון והכרעה,דיון והכרעה,דיון והכרעה,דיון והכרעה
ME-23-12-14553-571,"מכאן, שלטעמי אין מקום להטיל על הנאשם את הפיצוי בהיקף שלו עתרה המאשימה, ואף לא בקירוב לכך.",	דיון והכרעה,דיון והכרעה,דיון והכרעה,דיון והכרעה,דיון והכרעה,דיון והכרעה
ME-23-12-14553-571,לאור כל האמור לעיל אני גוזר על הנאשם את העונשים הבאים:,	דיון והכרעה,דיון והכרעה,דיון והכרעה,דיון והכרעה,דיון והכרעה,דיון והכרעה
ME-23-12-14553-571,30 חודשי מאסר בניכוי ימי מעצרו.,	דיון והכרעה,דיון והכרעה,דיון והכרעה,דיון והכרעה,דיון והכרעה,דיון והכרעה
ME-23-12-14553-571,"12 חודשי מאסר על תנאי, למשך 3 שנים מיום שחרור הנאשם ממאסרו, שלא יעבור עבירת סמים מסוג פשע.",	דיון והכרעה,דיון והכרעה,דיון והכרעה,דיון והכרעה,דיון והכרעה,דיון והכרעה
ME-23-12-14553-571,"6 חודשי מאסר על תנאי, למשך 3 שנים מיום שחרור הנאשם ממאסרו, שלא יעבור עבירת סמים מסוג עוון.",	דיון והכרעה,דיון והכרעה,דיון והכרעה,דיון והכרעה,דיון והכרעה,דיון והכרעה
ME-23-12-14553-571,"קנס בסך של 30,000 ₪ או 9 חודשי מאסר תמורתו. הקנס ישולם בתוך 30 חודשים מהיום.",	דיון והכרעה,דיון והכרעה,דיון והכרעה,דיון והכרעה,דיון והכרעה,דיון והכרעה
ME-23-12-14553-571,"פיצוי בסך 20,000 ₪ לחברת החשמל . הפיצויים ישולמו בתוך 24 חודשים מהיום.",	דיון והכרעה,דיון והכרעה,דיון והכרעה,דיון והכרעה,דיון והכרעה,דיון והכרעה
ME-23-12-14553-571,כל תשלום בתיק ייזקף תחילה לטובת הפיצויים.,	דיון והכרעה,דיון והכרעה,דיון והכרעה,דיון והכרעה,דיון והכרעה,דיון והכרעה
ME-23-12-14553-571,"בהתאם להסדר שבין הצדדים, אני מכריז על הנאשם כסוחר סמים. ניתן בזאת צו לחילוט כל הציוד שנתפס המפורט בבקשת החילוט ואשר קשור לגידול הסם לטובת אוצר המדינה.",	דיון והכרעה,דיון והכרעה,דיון והכרעה,דיון והכרעה,דיון והכרעה,דיון והכרעה
SH-19-02-58269-573,"פקודת הסמים המסוכנים [נוסח חדש], תשל""ג-1973: סע'  7(א), 7(ג), 13, 19א",nothing,מידע אחר,מידע אחר,מידע אחר,מידע אחר,מידע אחר
SH-19-02-58269-573,"חוק העונשין, תשל""ז-1977: סע'  25, 40יא",nothing,מידע אחר,מידע אחר,מידע אחר,מידע אחר,מידע אחר
SH-19-02-58269-573,פקודת התעבורה [נוסח חדש]: סע'  62(2),nothing,מידע אחר,מידע אחר,מידע אחר,מידע אחר,מידע אחר
SH-19-02-58269-573,"הנאשם הורשע – על יסוד הודאתו בעובדות כתב האישום המתוקן, שניתנה במסגרת הסדר טיעון דיוני בעיקרו – בביצוע עבירות של ניסיון סחר בסמים מסוכנים, לפי הוראות סעיף 13 וסעיף 19א לפקודת הסמים המסוכנים [נוסח חדש], תשל""ג-1973 (להלן – פקודת הסמים המסוכנים) יחד עם סעיף 25 לחוק העונשין, תשל""ז-1977 (להלן – חוק העונשין); החזקת סמים שלא לצריכה עצמית, לפי הוראות סעיף 7(א) יחד עם סעיף 7(ג) רישא לפקודת הסמים המסוכנים; ונהיגה בקלות ראש, לפי הוראות סעיף 62(2) לפקודת התעבורה [נוסח חדש].",רקע כללי והשתלשלות ההליכים המשפטיים:,עובדות המקרה,עובדות המקרה,עובדות המקרה,עובדות המקרה,עובדות המקרה
SH-19-02-58269-573,"בעובדות כתב האישום המתוקן נטען, בעיקרי הדברים, כלהלן:",רקע כללי והשתלשלות ההליכים המשפטיים:,עובדות המקרה,עובדות המקרה,עובדות המקרה,עובדות המקרה,עובדות המקרה
SH-19-02-58269-573,"ביום 22.11.2018, בשעה 19:00 או בסמוך לכך, שהה הנאשם ברכב באיזור רחוב קהילת ונציה, בתל אביב. אל הרכב הגיע פלוני, כדי לרכוש מהנאשם שני גרם של סמים מסוכנים, מסוג קנבוס, בתמורה ל-150 ₪. ואולם, הנאשם הבחין בשוטרים שנמצאים בקרבת מקום ונמלט.",רקע כללי והשתלשלות ההליכים המשפטיים:,עובדות המקרה,עובדות המקרה,עובדות המקרה,עובדות המקרה,עובדות המקרה
SH-19-02-58269-573,"הנאשם החל בנסיעה מהירה ברחובות ובמקביל החל שוטר בנסיעה אחריו, תוך הפעלת סירנות וכריזה ""עצור משטרה"". ואולם, הנאשם המשיך בנסיעה מהירה באופן שגרם לכלי רכב לסטות מנתיבם.",רקע כללי והשתלשלות ההליכים המשפטיים:,עובדות המקרה,עובדות המקרה,עובדות המקרה,עובדות המקרה,עובדות המקרה
SH-19-02-58269-573,"במהלך הנסיעה השליך הנאשם מחלון הרכב שקית, בה החזיק 19 שקיות עם סמים מסוכנים מסוג קנבוס, במשקל כולל של 97.22 גרם נטו. עוד החזיק הנאשם, בדלת הנהג ברכב, בחמש שקיות עם סמים מסוכנים מסוג קנבוס במשקל כולל של 23.01 גרם נטו.",רקע כללי והשתלשלות ההליכים המשפטיים:,עובדות המקרה,עובדות המקרה,עובדות המקרה,עובדות המקרה,עובדות המקרה
SH-19-02-58269-573,"הדיונים המקדמיים החלו להישמע עוד בפני מותב קודם והתמשכו מאוד, תחילה בשל בקשות דחייה מטעם ההגנה ולאחר מכן בעיקר עקב אי התייצבויות של הנאשם, שהביאו להוצאת צווי הבאה נגדו ולאחר מכן אף להתליית ההליכים המשפטיים בתיק. לאחר שחודשו ההליכים המשפטיים עתרה ההגנה לבחינת התאמתו של הנאשם לבית המשפט הקהילתי, אך הוא נמצא בלתי מתאים לכך (ר' הבדיקה הסופית מיום 27.02.2022).",רקע כללי והשתלשלות ההליכים המשפטיים:,עובדות המקרה,עובדות המקרה,עובדות המקרה,עובדות המקרה,עובדות המקרה
SH-19-02-58269-573,"בהמשך הדרך הגיעו הצדדים להסדר טיעון, אשר במסגרתו הוגש כתב האישום המתוקן. כתב האישום המקורי תוקן באופן שהושמטה ממנו העבירה של הפרעה לשוטר בשעת מילוי תפקידו, והעבירה של נהיגה פוחזת תוקנה לעבירה של נהיגה בקלות ראש. לעניין הענישה עתרו הצדדים במשותף לקבלת תסקיר שירות המבחן. עם זאת, המאשימה הודיעה כי עמדתה היא לענישה של מאסר בפועל, ברף הגבוה של נשיאת עונש זה בדרך של עבודות שירות (9 חודשים), לצד ענישה נלווית שתכלול מאסר מותנה, קנס כספי ופסילה בפועל ועל תנאי.",רקע כללי והשתלשלות ההליכים המשפטיים:,עובדות המקרה,עובדות המקרה,עובדות המקרה,עובדות המקרה,עובדות המקרה
SH-19-02-58269-573,"הנאשם הודה אפוא בעובדות כתב האישום המתוקן והורשע, על יסוד הודאה זו, בעבירות בהן הואשם כאמור בפסקה 1 דלעיל. בית המשפט נעתר לבקשת הצדדים והורה על קבלת תסקיר שירות מבחן וחוות דעת מטעם הממונה על עבודות שירות, תוך הבהרה שאין בהחלטות אלה משום קביעה לעניין העונש הראוי (בפרוטוקול, עמ' 20 שורה 11 ואילך).",רקע כללי והשתלשלות ההליכים המשפטיים:,עובדות המקרה,עובדות המקרה,עובדות המקרה,עובדות המקרה,עובדות המקרה
SH-19-02-58269-573,"תסקיר שירות המבחן (מיום 05.06.2023) מפרט את נסיבותיו האישיות של הנאשם, יליד שנת 1981 (כבן 43 שנים כיום), רווק ואב לשתי בנות. הנאשם תיאר כי עלה ארצה עם אמו ואחיו, בגיל 12, עקב אלימות שספגו בבית מצד האב. הנאשם תיאר בעיות משמעת והתנהגותו בנערותו, שהובילו למעבר בין מסגרות לימוד. מהצבא פוטר הנאשם בשל אי התאמה.",עיקר תסקיר שירות המבחן:,תסקיר שירות מבחן,תסקיר שירות מבחן,תסקיר שירות מבחן,תסקיר שירות מבחן,תסקיר שירות מבחן
SH-19-02-58269-573,"את זוגתו לשעבר הכיר הנאשם בגיל צעיר ולאחר זמן משותף יחדיו הביאו לעולם את שתי בנותיהם, שכיום הן בגירות. הנאשם תיאר אורח חיים שולי, לרבות תוך שימוש בסמים והשתתפות בהימורים, שבעטיים צבר חובות רבים לשוק האפור; ומאז הוא חושש מנושיו ועובר ממקום מגורים אחד למשנהו. הנאשם שלל שימוש בעייתי בסמים או באלכוהול, אך לא התייצב לבדיקות שתן שאליהן זומן. עוד שלל הנאשם נזקקות טיפולית בתחום ההימורים.",עיקר תסקיר שירות המבחן:,תסקיר שירות מבחן,תסקיר שירות מבחן,תסקיר שירות מבחן,תסקיר שירות מבחן,תסקיר שירות מבחן
SH-19-02-58269-573,"בהתייחסותו לביצוע העבירות דנא התקשה הנאשם ליטול אחריות על ביצוען. הנאשם שלל התנהלות שולית סביב הסמים וביקש להשליך את האחריות על אחר. עוד מסר הנאשם כי ביום ביצוע העבירה חזר מטייבה לאחר שגנב מריחואנה, לשימוש עצמי, וטלפון נייד. לטענתו, הוא ברח משום שלא ידע כי מדובר בשוטרים וסבר שהאנשים מהם גנב רדפו אחריו. בהתייחסותו לאופן נהיגתו טען הנאשם שהכביש היה פנוי ועל כן הוא לא סיכן אחרים. שירות המבחן התרשם אפוא שהנאשם מתקשה לערוך התבוננות פנימית על אופן התנהלותו ואף משליך אחריות על אחר.",עיקר תסקיר שירות המבחן:,תסקיר שירות מבחן,תסקיר שירות מבחן,תסקיר שירות מבחן,תסקיר שירות מבחן,תסקיר שירות מבחן
SH-19-02-58269-573,"שירות המבחן הוסיף ובחן את גורמי הסיכון והסיכוי בעניינו של הנאשם, כאשר כגורמי סיכון צוינו אופי העבירות, העונשים שהוטלו בעבר על הנאשם ולא הרתיעו אותו מלשוב ולבצע עבירות, קשיי ההסתגלות והקשיים הכלכליים, ההתמכרות להימורים ולסמים, והיעדר מקום מגורים קבוע. שירות המבחן ציין שלא מצא גורמי סיכוי לשיקום בעניינו של הנאשם, למעט ביטוי מילולי של רצון לערוך שינוי. בנסיבות אלה נמנע שירות המבחן מהמלצה שיקומית-טיפולית בעניינו של הנאשם.",עיקר תסקיר שירות המבחן:,תסקיר שירות מבחן,תסקיר שירות מבחן,תסקיר שירות מבחן,תסקיר שירות מבחן,תסקיר שירות מבחן
SH-19-02-58269-573,"ב""כ המאשימה הגיש, כראיה לקביעת העונש, את תדפיס המידע הפלילי בעניינו של הנאשם. כעולה מתדפיס זה לנאשם, כאמור יליד שנת 1981, שישה רישומים פליליים קודמים, החל מבית המשפט לנוער. עם זאת, הרשעתו הקודמת האחרונה של הנאשם מתייחסת לעבירה של איומים, שבוצעה בשנת 2016, ובגינה נגזר עליו מאסר מותנה.",עיקר הראיות והטיעונים לעונש:,ראיות לעונש,ראיות לעונש,ראיות לעונש,ראיות לעונש,ראיות לעונש
SH-19-02-58269-573,"בטיעוניו לעונש עמד ב""כ המאשימה על עובדות כתב האישום המתוקן, בהן הודה הנאשם, תוך הדגשת נסיבות החומרה העולות מהן. ב""כ המאשימה ציין כי עסקת הסמים לא הושלמה אך ורק משום שהנאשם הבחין בשוטרים וברח מהמקום. יתר על כן, הנאשם נהג ברכבו במהירות ובאופן שגרם לכלי רכב לסטות מנתיב נסיעתם; כך שרק במזל האירוע הסתיים ללא פגיעות בגופם של העוברים והשבים במקום. לעניין החזקת הסמים על ידי הנאשם הדגיש התובע את משקלם הכולל של הסמים (120 גרם) ואת חלוקתם (ל-24 שקיות) המלמדת על פוטנציאל הפצה גבוה.",עיקר הראיות והטיעונים לעונש:,טיעוני הצדדים,ראיות לעונש,טיעוני הצדדים,טיעוני הצדדים,ראיות לעונש
SH-19-02-58269-573,"אשר למדיניות הענישה הנהוגה הפנה ב""כ המאשימה לת""פ (שלום ב""ש) 14656-12-20 מדינת ישראל נ' אלעלאוין (10.03.2021), שם נקבע מתחם עונש הולם שבין מספר חודשי מאסר לבין 18 חודשי מאסר, במקרה של החזקת  סמים מסוכנים מסוג קנבוס, במשקל של 457 גרם, בבית. עוד הפנה ב""כ המאשימה לת""פ (שלום י-ם) 33141-05-18 מדינת ישראל נ' ארקיבה (06.05.2020), שם נקבע מתחם עונש הולם שבין 8 חודשי מאסר בפועל לבין 20 חודשי מאסר בפועל במקרה של שתי עסקאות מכר סמים מסוכנים מסוג קנבוס, בכמויות של גרמים.",עיקר הראיות והטיעונים לעונש:,טיעוני הצדדים,ראיות לעונש,טיעוני הצדדים,טיעוני הצדדים,ראיות לעונש
SH-19-02-58269-573,"במכלול הנסיבות עתר ב""כ המאשימה לקביעת מתחם עונש הולם שבין 8 חודשי מאסר בפועל לבין 18 חודשי מאסר בפועל. אשר לגזירת העונש בתוך מתחם העונש ההולם הפנה התובע להיבטים השליליים העולים מתסקיר שירות המבחן. התובע ער לנסיבות החיים הלא פשוטות, בהן גדל הנאשם, אך בד בבד הדגיש את הימנעות הנאשם מנטילת האחריות הממשית, את הימנעותו ממסירת בדיקות שתן ואת שלילת הנזקקות הטיפולית. לפיכך חזר התובע על עמדתה העונשית של המאשימה כפי שפורטה כאמור בעת הצגת הסדר הטיעון.",עיקר הראיות והטיעונים לעונש:,טיעוני הצדדים,ראיות לעונש,טיעוני הצדדים,טיעוני הצדדים,ראיות לעונש
SH-19-02-58269-573,"ב""כ הנאשם, מצידה, הדגישה בפתח טיעוניה את התיקונים שנערכו בכתב האישום המקורי, לרקע קשיים ראייתיים. נוכח תיקונים אלה, שבמסגרתם כזכור הומרה העבירה של נהיגה פוחזת בעבירה של נהיגה בקלות ראש, לא ניתן לטעון כיום – כפי שניסה התובע – כי הנאשם נהג באופן שסיכן חיי אדם או את העוברים ושבים ברחוב. אשר לעבירות הסמים הדגישה הסניגורית כי הנאשם נטל אחריות מידית על ביצוען, עוד במהלך חקירת המשטרה, ולא ניסה להרחיק עצמו מהן. בנוסף, בבית המשפט הודה הנאשם בעובדות כתב האישום המתוקן, וחסך בזמן שיפוטי.",עיקר הראיות והטיעונים לעונש:,טיעוני הצדדים,ראיות לעונש,טיעוני הצדדים,טיעוני הצדדים,טיעוני הצדדים
SH-19-02-58269-573,"אשר למדיניות הענישה הנהוגה טענה ב""כ הנאשם כי הפסיקה שהגיש התובע עוסקת במקרים חמורים מענייננו. כטיעונה, ככלל בעבירות של סחר בסמים מסוכנים מסוג קנבוס, בכמויות לא גדולות, נקבע מתחם עונש הולם שתחילתו במספר מצומצם של חודשי מאסר בפועל לנשיאה בדרך של עבודות שירות. עם זאת הפנתה הסניגורית למקרה בו נקבע מתחם עונש הולם שתחילתו בענישה צופה פני עתיד בלבד (ת""פ (שלום ת""א) 52980-11-15 מדינת ישראל נ' מוחמד (26.02.2018)), וכן למקרים שבהם הוחלט על חריגה לכף קולה ממתחם העונש ההולם משיקולי שיקום.",עיקר הראיות והטיעונים לעונש:,טיעוני הצדדים,ראיות לעונש,טיעוני הצדדים,טיעוני הצדדים,טיעוני הצדדים
SH-19-02-58269-573,"הסניגורית ערה לקשיים בעניינו של הנאשם, דהיינו, ראשית, ההמלצה השלילית של שירות המבחן, ברובד השיקומי; ושנית, העובדה שחלוף הזמן מאז ביצוע העבירות נגרם בעטיו של הנאשם. עם זאת, גם בקשיים אלה ביקשה הסניגורית למצוא נקודות אור. לעניין השיקום הדגישה הסניגורית את נסיבות חייו הקשות מאוד של הנאשם ואת התמודדותו המתמשכת הן עם בעיות בריאות והן עם חובות עתק, לרבות לשוק האפור, שבהם הוא אינו יכול לעמוד ועל כן הוא נע ונד בבריחה מנושיו. לעניין חלוף הזמן הפנתה הסניגורית לעובדה שמאז ביצוע העבירות, לפני חמש וחצי שנים ויותר, הנאשם לא שב לבצע עבירות; ומכך ביקשה אף ללמוד סוג של שיקום המצדיק חריגה לכף קולה ממתחם העונש ההולם.",עיקר הראיות והטיעונים לעונש:,טיעוני הצדדים,ראיות לעונש,טיעוני הצדדים,טיעוני הצדדים,טיעוני הצדדים
SH-19-02-58269-573,"ב""כ הנאשם הדגישה עוד כי עברו הפלילי של הנאשם הוא ישן, ורובו ככולו אינו ממין העניין, כאשר עבירות סמים בהן הורשע הנאשם בזמנו נעברו לפני למעלה משני עשורים. בשורה התחתונה עתרה אפוא ב""כ הנאשם לענישה מקלה, תוך הסתפקות בענישה צופה פני עתיד ובקנס סמלי. אשר לפסילה המבוקשת על ידי המאשימה הדגישה הסניגורית כי אין לנאשם רישיון נהיגה ובנסיבות העניין ניתן להסתפק בהשתת שלילה מותנית בלבד.",עיקר הראיות והטיעונים לעונש:,טיעוני הצדדים,ראיות לעונש,טיעוני הצדדים,טיעוני הצדדים,טיעוני הצדדים
SH-19-02-58269-573,"לבסוף הנאשם, בדברו האחרון לעונש, אישר את דברי הסנגורית ולא הוסיף דבר מעבר לכך (ר' בפרוטוקול, עמ' 31 שורה 14).",עיקר הראיות והטיעונים לעונש:,טיעוני הצדדים,ראיות לעונש,טיעוני הצדדים,טיעוני הצדדים,טיעוני הצדדים
SH-19-02-58269-573,"בעת גזירת עונשו של נאשם על בית המשפט לקבוע, תחילה, את מתחם העונש ההולם לאירוע שבגינו הורשע הנאשם, וזאת בהתאם לעיקרון ההלימה. בהקשר זה יתחשב בית המשפט, בין השאר, בערכים החברתיים שנפגעו מביצוע העבירות ובמידת הפגיעה בהם, במדיניות הענישה הנהוגה ובנסיבות הקשורות בביצוע העבירות.",קביעת מתחם העונש ההולם:,דיון והכרעה,דיון והכרעה,דיון והכרעה,דיון והכרעה,דיון והכרעה
SH-19-02-58269-573,"כידוע, הפסיקה חוזרת ומדגישה את חומרתן הרבה של עבירות הסמים, שביצוען פוגע בערכים החברתיים של ההגנה על שלום הציבור ועל בריאותו. חומרה נוספת של עבירות הסמים נעוצה בהיותן גורם ""מחולל פשיעה"", דהיינו: גורם הכרוך או אף עומד ביסוד ביצוען של עבירות רבות אחרות. בנוסף, פשיטא שכאשר מדובר בעבירה של סחר בסמים מסוכנים מידת הפגיעה בערכים החברתיים היא אף חמורה יותר.",קביעת מתחם העונש ההולם:,דיון והכרעה,דיון והכרעה,דיון והכרעה,דיון והכרעה,דיון והכרעה
SH-19-02-58269-573,"כאמור, בקביעת מתחם העונש ההולם יש להתחשב גם בנסיבות הספציפיות-קונקרטיות של ביצוע העבירות, וכאן עסקינן בהחזקת הסמים ברכב, כשהם מחולקים, על כל המשתמע מכך לעניין פוטנציאל ההפצה. בנוסף, במקרה דנא מדובר אמנם בניסיון סחר בלבד, אך באי השלמת ביצוע העבירה רק בשל כך שהנאשם הבחין בשוטרים שהיו בקרבת מקום; כאשר לכך יש להוסיף את ניסיון הנאשם להימלט מהשוטרים, תוך נהיגה בקלות ראש.",קביעת מתחם העונש ההולם:,דיון והכרעה,דיון והכרעה,דיון והכרעה,דיון והכרעה,דיון והכרעה
SH-19-02-58269-573,"כאשר מדובר בסחר בסמים מסוכנים מסוג קנבוס, בכמויות קטנות של גרמים, מדיניות הענישה הנהוגה קובעת – ככלל, והגם שקיימים חריגים לכך – מתחמי עונש הולמים שתחילתם בענישה של מאסר בפועל לנשיאה בדרך של עבודות שירות. על כך לא היתה מחלוקת לפניי וכמעט למותר לציין כי קיימות לכך אסמכתאות בשפע. בנוסף, במקרה דנא לעבירת ניסיון הסחר הצטרפו עבירות נוספות (של החזקת סמים מסוכנים שלא לצריכה עצמית ונהיגה בקלות ראש). ברור אפוא כי במקרה כזה על הרף התחתון של מתחם העונש ההולם לעמוד על מאסר בפועל, ולו לנשיאה בדרך של עבודות שירות (ר' לאחרונה ת""פ (שלום ב""ש) 30353-01-23 מדינת ישראל נ' מיכלשוילי (20.03.2024) והאסמכתאות שם).",קביעת מתחם העונש ההולם:,דיון והכרעה,דיון והכרעה,דיון והכרעה,דיון והכרעה,דיון והכרעה
SH-19-02-58269-573,"אני קובע אפוא את מתחם העונש ההולם, במקרה זה, בין 4 חודשי מאסר בפועל, לנשיאה בדרך של עבודות שירות, לבין 14 חודשי מאסר בפועל.",קביעת מתחם העונש ההולם:,דיון והכרעה,דיון והכרעה,דיון והכרעה,דיון והכרעה,דיון והכרעה
SH-19-02-58269-573,"לאחר קביעת מתחם העונש ההולם על בית המשפט לגזור את עונשו של הנאשם בתוך מתחם זה תוך התחשבות בנסיבות שאינן קשורות בביצוע העבירות, לרבות אלה המנויות בהוראות סעיף 40יא לחוק העונשין. יוטעם, כי אין במקרה זה אפשרות משפטית לחריגה לכף קולה ממתחם העונש ההולם מטעמי שיקום: הנאשם שלפניי לא השתתף ואינו משתתף כיום בכל הליך טיפולי-שיקומי. בנוסף, הוא שלל נזקקות טיפולית, ואף אין לפניי אינדיקציה ממשית כלשהי כי השתקם.",גזירת עונשו של הנאשם בתוך מתחם העונש ההולם:,דיון והכרעה,דיון והכרעה,דיון והכרעה,דיון והכרעה,דיון והכרעה
SH-19-02-58269-573,השיקולים הרלוואנטיים לגזירת עונשו של הנאשם דנא הם אפוא כלהלן:,גזירת עונשו של הנאשם בתוך מתחם העונש ההולם:,דיון והכרעה,דיון והכרעה,דיון והכרעה,דיון והכרעה,דיון והכרעה
SH-19-02-58269-573,"עברו הפלילי של הנאשם – לנאשם – כאמור יליד שנת 1981, כבן 43 שנים כיום – 6 הרשעות קודמות. עם זאת, מדובר בעבר פלילי ישן. בנוסף, יש להתחשב בכך שבזמן המשמעותי שחלף מאז ביצוע העבירות לא שב הנאשם לדרך העבירה.",גזירת עונשו של הנאשם בתוך מתחם העונש ההולם:,דיון והכרעה,דיון והכרעה,דיון והכרעה,דיון והכרעה,דיון והכרעה
SH-19-02-58269-573,"הפגיעה של העונש בנאשם ובמשפחתו – הטלת עונש של מאסר בפועל תפגע הן בנאשם והן במשפחתו (אמו ושתי בנותיו). עם זאת, הטלת עונש כאמור בדרך של עבודות שירות תגבש פגיעה מתונה בהרבה.",גזירת עונשו של הנאשם בתוך מתחם העונש ההולם:,דיון והכרעה,דיון והכרעה,דיון והכרעה,דיון והכרעה,דיון והכרעה
SH-19-02-58269-573,"הודאה ונטילת אחריות – הנאשם הודה בעובדות כתב האישום המתוקן. בכך חסך הנאשם מזמנם של העדים, הצדדים ובית המשפט. נסיבות אלה יש לזקוף לזכותו של הנאשם.",גזירת עונשו של הנאשם בתוך מתחם העונש ההולם:,דיון והכרעה,דיון והכרעה,דיון והכרעה,דיון והכרעה,דיון והכרעה
SH-19-02-58269-573,"נתוניו האישיים של הנאשם ונסיבות חייו – נסיבות חייו של הנאשם אינן פשוטות, בלשון המעטה, כעולה מאמור בתסקיר שירות המבחן.",גזירת עונשו של הנאשם בתוך מתחם העונש ההולם:,דיון והכרעה,דיון והכרעה,דיון והכרעה,דיון והכרעה,דיון והכרעה
SH-19-02-58269-573,"חלוף הזמן מעת ביצוע העבירה – מאז ביצוע העבירות חלף זמן ניכר. ואולם, חלוף הזמן נגרם, ברובו המכריע, בשל התנהלות הנאשם ואי התייצבותו לדיונים, באופן שאף הביא בשלב מסוים להתליית ההליכים המשפטיים. לא ניתן אפוא לזקוף את חלוף הזמן לזכותו של הנאשם.",גזירת עונשו של הנאשם בתוך מתחם העונש ההולם:,דיון והכרעה,דיון והכרעה,דיון והכרעה,דיון והכרעה,דיון והכרעה
SH-19-02-58269-573,"המסקנה המתבקשת ממכלול הנסיבות והשיקולים שפורטו לעיל היא כי במקרה זה נסיבות הקולה עולות במשקלן במידה מסוימת על נסיבות החומרה. לפיכך ניתן להסתפק במקרה זה בגזירת העונש בחלק התחתון של מתחם העונש ההולם, הגם שלא ברף התחתון ממש. בהיבט הפסילה מקובל עליי, במקרה זה, טיעון הסניגורית שלפיו ניתן להסתפק בעונש של פסילה מותנית.",גזירת עונשו של הנאשם בתוך מתחם העונש ההולם:,דיון והכרעה,דיון והכרעה,דיון והכרעה,דיון והכרעה,דיון והכרעה
SH-19-02-58269-573,"אשר על כן – ובהתחשב בשיקולים לכף חומרה ולכף קולה, אשר פורטו לעיל – אני גוזר על הנאשם את העונשים הבאים:",סוף דבר:,דיון והכרעה,דיון והכרעה,דיון והכרעה,דיון והכרעה,דיון והכרעה
SH-19-02-58269-573,(א)	5 חודשי מאסר בפועל.,סוף דבר:,דיון והכרעה,דיון והכרעה,דיון והכרעה,דיון והכרעה,דיון והכרעה
SH-19-02-58269-573,"הנאשם יישא את עונש המאסר בדרך של עבודות שירות, כאמור בחוות דעתו של הממונה על עבודות השירות בשירות בתי הסוהר מיום 21.05.2024.",סוף דבר:,דיון והכרעה,דיון והכרעה,דיון והכרעה,דיון והכרעה,דיון והכרעה
SH-19-02-58269-573,"על הנאשם להתייצב לנשיאת עונשו במשרדי הממונה על עבודות השירות, ביום 04.08.2024 עד השעה 08:00.",סוף דבר:,דיון והכרעה,דיון והכרעה,דיון והכרעה,דיון והכרעה,דיון והכרעה
SH-19-02-58269-573,"מובהר בזה לנאשם כי בכל הקשור לעבודות השירות עליו לציית להוראות הממונה על עבודות השירות, או למי שהוסמך לכך מטעמו. עוד מובהר לנאשם, כי במידה ולא יציית להוראות כאמור הוא עשוי לשאת את מאסרו, או את יתרת מאסרו, במאסר מאחורי סורג ובריח בבית סוהר.",סוף דבר:,דיון והכרעה,דיון והכרעה,דיון והכרעה,דיון והכרעה,דיון והכרעה
SH-19-02-58269-573,"(ב)	מאסר על תנאי למשך 6 חודשים, אותו לא יישא הנאשם אלא אם כן יעבור, תוך שלוש שנים מיום סיום נשיאת המאסר בדרך של עבודות שירות, עבירה לפי הוראות פקודת הסמים המסוכנים מסוג פשע.",סוף דבר:,דיון והכרעה,דיון והכרעה,דיון והכרעה,דיון והכרעה,דיון והכרעה
SH-19-02-58269-573,"(ג)	קנס בסך של 1,500 ₪, או 7 ימי מאסר תמורתו.",סוף דבר:,דיון והכרעה,דיון והכרעה,דיון והכרעה,דיון והכרעה,דיון והכרעה
SH-19-02-58269-573,"הקנס ישולם ב-6 תשלומים חודשיים, שווים ורצופים, החל מיום 01.09.2024 ובכל אחד בחודש שלאחריו. היה והנאשם לא ישלם את אחד התשלומים במועד תועמד כל יתרת הקנס לפירעון מידי.",סוף דבר:,דיון והכרעה,דיון והכרעה,דיון והכרעה,דיון והכרעה,דיון והכרעה
SH-19-02-58269-573,"(ד)	פסילה מלקבל או להחזיק רישיון נהיגה למשך 3 חודשים על תנאי, והתנאי הוא שבמשך שנתיים מהיום לא יעבור הנאשם עבירה מהעבירות המנויות בפקודת הסמים המסוכנים.",סוף דבר:,דיון והכרעה,דיון והכרעה,דיון והכרעה,דיון והכרעה,דיון והכרעה
SH-19-02-58269-573,"ככל שנותר בתיק בית המשפט – או בתיקים קשורים – פיקדון שהופקד מטעם הנאשם, בהסכמת ההגנה יקוזז הפיקדון לתשלום הקנס, כאשר הנאשם יידרש לשלם רק את יתרת הסכום שתיוותר. ככל שתיוותר יתרת פיקדון היא תושב לנאשם או למי מטעמו, וזאת בהיעדר עיקול או מניעה אחרת על פי דין להשבת הפיקדון.",סוף דבר:,דיון והכרעה,דיון והכרעה,דיון והכרעה,דיון והכרעה,דיון והכרעה
SH-19-02-58269-573,"5129371ניתן בזה צו כללי, לעניין מוצגים, לשיקול דעתו של קצין משטרה. הסמים יושמדו.",סוף דבר:,דיון והכרעה,דיון והכרעה,דיון והכרעה,דיון והכרעה,מידע אחר
SH-19-03-50607-561,"פקודת הסמים המסוכנים [נוסח חדש], תשל""ג-1973: סע'  7.א., 7.ג, 13, 19.א, 36.י, 36ח.א.",nothing,מידע אחר,מידע אחר,מידע אחר,מידע אחר,מידע אחר
SH-19-03-50607-561,"חוק העונשין, תשל""ז-1977: סע'  31, 40, 40ג, 40ג(א), 40ג(ב), 40ד', 40 יא', 40יג, 499(א)(1)",nothing,מידע אחר,מידע אחר,מידע אחר,מידע אחר,מידע אחר
SH-19-03-50607-561,"חוק סדר הדין הפלילי [נוסח משולב], תשמ""ב-1982: סע'  186",nothing,מידע אחר,מידע אחר,מידע אחר,מידע אחר,מידע אחר
SH-19-03-50607-561,הנאשם הורשע על פי הודאתו בעובדות כתב האישום המתוקן בביצוע העבירות כדלקמן :,רקע,עובדות המקרה,עובדות המקרה,עובדות המקרה,עובדות המקרה,עובדות המקרה
SH-19-03-50607-561,"אישום ראשון – סיוע לסחר בסם מסוכן , עבירה לפי סעיף 13 + 19א' לפקודת הסמים המסוכנים (נוסח חדש), תשל""ג – 1973 (להלן :""פקודת הסמים המסוכנים"") וסעיף 31 לחוק העונשין, תשל""ז – 1977 (להלן : ""חוק העונשין"").",רקע,עובדות המקרה,עובדות המקרה,עובדות המקרה,עובדות המקרה,עובדות המקרה
SH-19-03-50607-561,אישום שני – סחר בסם מסוכן לפי סעיפים 13 + 19א' לפקודת הסמים המסוכנים וקשירת קשר לביצוע פשע – עבירה לפי סעיף 499(א)(1) לחוק העונשין.,רקע,עובדות המקרה,עובדות המקרה,עובדות המקרה,עובדות המקרה,עובדות המקרה
SH-19-03-50607-561,אישום שלישי –  סחר בסם מסוכן לפי סעיפים 13 + 19א' לפקודת הסמים המסוכנים וקשירת קשר לביצוע פשע – עבירה לפי סעיף 499(א)(1) לחוק העונשין.,רקע,עובדות המקרה,עובדות המקרה,עובדות המקרה,עובדות המקרה,עובדות המקרה
SH-19-03-50607-561,אישום רביעי – החזקת סם מסוכן שלא לצריכה עצמית – עבירה לפי סעיף 7(א) + 7(ג) רישא לפקודת הסמים המסוכנים.,רקע,עובדות המקרה,עובדות המקרה,עובדות המקרה,עובדות המקרה,עובדות המקרה
SH-19-03-50607-561,מכתב האישום המתוקן עולה כדלקמן:,רקע,עובדות המקרה,עובדות המקרה,עובדות המקרה,עובדות המקרה,עובדות המקרה
SH-19-03-50607-561,"בין החודשים דצמבר 2017 - מרץ 2019 במסגרת מבצע ""קפטן אמריקה"" שימש הסוכן נ""פ 772757-17 כסוכן משטרתי סמוי (להלן: ""הסוכן"") במחוזות חוף וצפון, ובמסגרת זו פעל באופן חשאי לשם איסוף ראיות ומידע כנגד עבריינים.",חלק כללי:,עובדות המקרה,עובדות המקרה,עובדות המקרה,עובדות המקרה,עובדות המקרה
SH-19-03-50607-561,"מטרת הפעלת הסוכן הינה מיגור תופעת הסחר והפצת הסמים במחוזות חוף וצפון הנעשים באמצעות יישומון אינטרנטי בשם ""טלגראס"", הפועלת על בסיס פלטפורמת אפליקציית ""טלגראס"" (להלן :""האפליקציה"").",חלק כללי:,עובדות המקרה,עובדות המקרה,עובדות המקרה,עובדות המקרה,עובדות המקרה
SH-19-03-50607-561,"רשת זו, אשר תפסה תאוצה בעת האחרונה, מאגדת תחתיה את פעילותם של אלפי סוחרים ומהווה כיום את זירת הסחר בסמים הגדולה בישראל תוך ניצול יכולות ההצפנה והתקשורת החשאית של האפליקציה לשם הימנעות מגילוי וענישה על ידי רשויות החוק.",חלק כללי:,עובדות המקרה,עובדות המקרה,עובדות המקרה,עובדות המקרה,עובדות המקרה
SH-19-03-50607-561,"האפליקציה מאופיינת ברמת אבטחה מידע מהגבוהות ביותר אשר קיימות היום ברשתות החברתיות האינטרנטיות, יחידותה נובעת מאפשרויות רבות ושונות למנוע מעקב אחר השימוש בה, דוגמת, מנגנון השמדת תכנים אוטומטי, התראה בדבר פעולה של צילום מסך על ידי צד אחד לשיחה בפני הצד האחר, וכן קושי מצד רשויות האכיפה לבצע ציטוט לשיחות שניתן לנהל באמצעותה.",חלק כללי:,עובדות המקרה,עובדות המקרה,עובדות המקרה,עובדות המקרה,עובדות המקרה
SH-19-03-50607-561,"החל מחודש מאי לשנת 2017 נמנה הסוכן עם חברי הנהלת האפליקציה ושימש כראש צוות ""גישור ועוקץ"" אשר אמון על רמאויות, תלונות והונאות מצד לקוחות וסוחרים. מתוקף תפקידו זה היו לסוכן הרשאות ויכולת גישה אל מאגרי המידע של האפליקציה אשר מכילים את פרטיהם האישיים של הסוחרים לרבות צילומי תעודת זהות, פרופיל פייסבוק, מסמכים, סרטון בו מציג הסוחר את מרכולתו האסורה ופרטי זיהוי נוספים.",חלק כללי:,עובדות המקרה,עובדות המקרה,עובדות המקרה,עובדות המקרה,עובדות המקרה
SH-19-03-50607-561,"ביום 21.06.18, בשעה 18:12 לערך, פנה הסוכן באמצעות האפליקציה אל הנאשם והחל להתכתב עמו במטרה לרכוש סמים וזאת בעקבות פרסומו של הנאשם על מכירת סמים מסוכנים לצד מחירון.",אישום מס' 1:,עובדות המקרה,עובדות המקרה,עובדות המקרה,עובדות המקרה,עובדות המקרה
SH-19-03-50607-561,"באותן הנסיבות, במסגרת ההתכתבויות, ולאחר שהסוכן הביע התעניינות ברכישת סמים, סיכמו ביניהם השניים כי הנאשם ימכור לסוכן סם מסוג MDMA  במשקל של 20 גרם וכן סם מסוג LSD בכמות של 4 יחידות בתמורה לסכום כספי בסך 3,900 ₪  (להלן : ""עסקת הסם""). כן סוכם ביניהם, כי הנאשם ימכור לסוכן את הסס המסוכן ביישוב מגדל (להלן : ""מקום המפגש"").",אישום מס' 1:,עובדות המקרה,עובדות המקרה,עובדות המקרה,עובדות המקרה,עובדות המקרה
SH-19-03-50607-561,"במועד מדויק שאינו ידוע למאשימה, קשרו הנאשם ואחר אשר זהותו אינה ידועה למאשימה (להלן: ""האחר"") קשר למכור הסם המסוכן לסוכן.",אישום מס' 1:,עובדות המקרה,עובדות המקרה,עובדות המקרה,עובדות המקרה,עובדות המקרה
SH-19-03-50607-561,"בהמשך לנסיבות אלו, בשעה 20:40 לערך, הגיע הסוכן אל מקום המפגש ופגש באחר אשר הגיע באמצעות רכב מסוג ""פולקסוואגן"" בעל לוחית זיהוי 14-263-71 אשר היה בבעלותו של הנאשם.",אישום מס' 1:,עובדות המקרה,עובדות המקרה,עובדות המקרה,עובדות המקרה,עובדות המקרה
SH-19-03-50607-561,"במעמד זה, מסר האחר לסוכן סם מסוכן מסוג MDMA  במשקל של  0.4992  +15.6592 גרם נטו אשר היה מחולק ל - 16 יחידות נפרדות, וכן סם מסוכן מסוג MDMA במשקל של 3.9258 גרם נטו (להלן: ""הסם המסוכן""), ובתמורה מסר הסוכן לידי האחר סכום כספי בסך 3,900 ₪.",אישום מס' 1:,עובדות המקרה,עובדות המקרה,עובדות המקרה,עובדות המקרה,עובדות המקרה
SH-19-03-50607-561,"במעשיו המתוארים לעיל,  סייע הנאשם לסחר בסס מסוכן, וזאת ללא היתר כדין או רישיון לכך מאת המנהל.",אישום מס' 1:,עובדות המקרה,עובדות המקרה,עובדות המקרה,עובדות המקרה,עובדות המקרה
SH-19-03-50607-561,"בין התאריכים  30.6.18 - 28.06.18, פנה הנאשם 1 אל הסוכן באמצעות האפליקציה והציע לו לקנות סם מסוג LSD  בכמות של 100 יחידות בתמורה לסכום כספי בסך 30 ש""ח עבור כל יחידה (להלן: ""עסקת הסם""). באותן הנסיבות, סיכמו השניים לשוחח בהמשך. בשל בעיות באספקת הסם, העסקה לא הבשילה.",אישום מס' 2:,עובדות המקרה,עובדות המקרה,עובדות המקרה,עובדות המקרה,עובדות המקרה
SH-19-03-50607-561,"בהמשך לנסיבות אלו, ביום 02.07.18 , בשעה 13:15 לערך, פנה הנאשם 1 אל הסוכן באמצעות האפליקציה, והציע לו לקנות סס מסוג LSD בכמות של 100 יחידות בתמורה לסכום כספי בסך 38 ₪ עבור כל יחידה (להלן: ""עסקת הסם החדשה""), כן סוכם ביניהם כי ביצוע עסקת הסם החדשה יתקיים 04.07.18.",אישום מס' 2:,עובדות המקרה,עובדות המקרה,עובדות המקרה,עובדות המקרה,עובדות המקרה
SH-19-03-50607-561,"בהמשך לנסיבות אלו, ביום 04.07.18 , בשעה 08:35 לערך, פנה הסוכן אל הנאשם 1 באמצעות האפליקציה, והשניים סיכמו ביניהם כי ביצוע עסקת הסם החדשה יתקיים ברחוב אחד העם בעיר טבריה (להלן: ""מקום המפגש"").",אישום מס' 2:,עובדות המקרה,עובדות המקרה,עובדות המקרה,עובדות המקרה,עובדות המקרה
SH-19-03-50607-561,"בהמשך לנסיבות אלו, בשעה 10:30 לערך, הגיע הסוכן אל מקום המפגש ופגש בנאשם 1. במעמד זה, מסר הנאשם 1 לסוכן סם מסוכן מסוג LSD  בכמות של 100 יחידות (להלן: ""הסם המסוכן""), ובתמורה מסר  הסוכן לידי הנאשם 1 סכום כספי בסך 3,800 ₪.",אישום מס' 2:,עובדות המקרה,עובדות המקרה,עובדות המקרה,עובדות המקרה,עובדות המקרה
SH-19-03-50607-561,"במעשיו המתוארים לעיל, קשר הנאשם 1 קשר לשם ביצוע עסקת הסמים אשר מהווה עבירה מסוג פשע, וסחר בסם מסוכן, וזאת ללא היתר כדין או רישיון לכך מאת המנהל.",אישום מס' 2:,עובדות המקרה,עובדות המקרה,עובדות המקרה,עובדות המקרה,עובדות המקרה
SH-19-03-50607-561,"ביום 09.07.18 , בשעה 15:59 לערך, פנה הנאשם 1 אל הסוכן באמצעות האפליקציה והציע לו לקנות סם מסוג LSD  בכמות של 900 יחידות בתמורה לסכום כספי בסך 28 ש""ח עבור כל יחידה וכן סם מסוג MDMA   במשקל של 25 גרם בתמורה לסכום כספי בסך 4,700 ש""ח (להלן: ""עסקת הסם""). באותן  הנסיבות, סיכמו השניים לשוחח בהמשך.",אישום מס' 3:,עובדות המקרה,עובדות המקרה,עובדות המקרה,עובדות המקרה,עובדות המקרה
SH-19-03-50607-561,"בהמשך לנסיבות אלו, ביום 10.07.18 , בשעה 12.03 לערך, פנה הנאשם 1 אל הסוכן באמצעות האפליקציה, והציע לו לקנות סם מסוג MDMA  במשקל של 20 גרם בתמורה לסכום כספי בסך 3,800  (להלן: ""עסקת הסם החדשה""), כן סוכם ביניהם כי ביצוע עסקת הסם החדשה יתקיים 12.07.18.",אישום מס' 3:,עובדות המקרה,עובדות המקרה,עובדות המקרה,עובדות המקרה,עובדות המקרה
SH-19-03-50607-561,"בהמשך לנסיבות אלו, ביום 12.07.18 , בשעה 09:07 לערך, פנה הנאשם 1 אל הסוכן באמצעות האפליקציה, והשניים סיכמו ביניהם כי ביצוע עסקת הסם החדשה יתקיים ברחוב אחד העס בעיר טבריה. (להלן: ""מקום המפגש""), בדומה למקום המפגש נשוא אישום מס' 2",אישום מס' 3:,עובדות המקרה,עובדות המקרה,עובדות המקרה,עובדות המקרה,עובדות המקרה
SH-19-03-50607-561,"בהמשך לנסיבות אלו, בשעה 11:10 לערך, הגיע הסוכן אל מקום המפגש ופגש בנאשם 1. במעמד זה, מסר הנאשם לסוכן סם מסוכן מסוג MDMA  במשקל של 19.6959 גרס נטו (להלן: ""הסם המסוכן""), ובתמורה  מסר הסוכן לידי הנאשם סכום כספי בסך 3,800 ₪.",אישום מס' 3:,עובדות המקרה,עובדות המקרה,עובדות המקרה,עובדות המקרה,עובדות המקרה
SH-19-03-50607-561,"ביום 12.03.19 , בשעה 05:40 או בסמוך לכך, נמצא הנאשם על ידי שוטרים, כשהוא מחזיק, ברשותו, על פי הפירוט הבא:",אישום מס' 4:,עובדות המקרה,עובדות המקרה,עובדות המקרה,עובדות המקרה,עובדות המקרה
SH-19-03-50607-561,"1 בשידה בסלון ביתו, סם מסוכן מסוג קנבוס במשקל כולל של 1.08 גרם נטו, הסם היה מחולק ל-3 יחידות נפרדות.",אישום מס' 4:,עובדות המקרה,עובדות המקרה,עובדות המקרה,עובדות המקרה,עובדות המקרה
SH-19-03-50607-561,"2 בתיק שחור, סם מסוכן מסוג קנבוס במשקל כולל של 80.7 גרם נטו, הסס היה מחולק ל 4- יחידות נפרדות.",אישום מס' 4:,עובדות המקרה,עובדות המקרה,עובדות המקרה,עובדות המקרה,עובדות המקרה
SH-19-03-50607-561,"במעשיו המתוארים לעיל, החזיק הנאשם שלא כדין בסם מסוכן שלא לצריכתו העצמית, וללא היתר כדין או רישיון לכך מאת המנהל.",אישום מס' 4:,עובדות המקרה,עובדות המקרה,עובדות המקרה,עובדות המקרה,עובדות המקרה
SH-19-03-50607-561,בתאריך 10.9.19 הודה הנאשם במסגרת ישיבה מקדמית אשר התקיימה בפני כב' השופט יריב נבון בבית משפט השלום בטבריה בעובדות כתב האישום המתוקן והורשע בעבירות כאמור לעיל. במסגרת הסדר הטיעון הדיוני סוכם בין הצדדים כי יטענו באופן חופשי לעונש בפני מותב זה אשר יגזור דינו של הנאשם.,אישום מס' 4:,עובדות המקרה,עובדות המקרה,עובדות המקרה,עובדות המקרה,עובדות המקרה
SH-19-03-50607-561,טיעוני הצדדים לעונש :,אישום מס' 4:,טיעוני הצדדים,עובדות המקרה,טיעוני הצדדים,טיעוני הצדדים,טיעוני הצדדים
SH-19-03-50607-561,"בתאריך 7.10.19  הוגשו טיעוני המאשימה בכתב לעונש, ונשמעו טיעוני ב""כ הנאשם והנאשם לעונש :",אישום מס' 4:,טיעוני הצדדים,עובדות המקרה,טיעוני הצדדים,טיעוני הצדדים,טיעוני הצדדים
SH-19-03-50607-561,"המאשימה עתרה לקביעת מתחם עונש הולם לכל אישום ואישום בנפרד ולצבור העונשים זה לזה. העבירות בוצעו במועדים שונים, העסקאות אינן קשורות זו בזו ושונות בסוג הסם.",טיעוני המאשימה בכתב לעונש (ת/1):,טיעוני הצדדים,טיעוני הצדדים,טיעוני הצדדים,טיעוני הצדדים,טיעוני הצדדים
SH-19-03-50607-561,"מתחם העונש ההולם באישומים 2,3 הינו מאסר בין 8-18 חודשים לכל אישום, מחצית המתחם הנ""ל באישום הראשון ומאסר בין 6-12 חודשים באישום הרביעי. כמו כן עותרת המאשימה להטלת מאסרים על תנאי, התחייבות, פסילה ממושכת בפועל ועל תנאי, מוסכם בין הצדדים על הטלת קנס בן 25,000 ₪ בתשלומים שישולם לטובת קרן החילוט על פי פקודת הסמים המסוכנים ויוחזרו התפוסים – רכב, אופנוע, טלפון נייד ושעון לידי הנאשם. ב""כ המאשימה הפנתה בנושא לרע""פ 5698/17 ליפצר נ' מ""י [פורסם בנבו].",טיעוני המאשימה בכתב לעונש (ת/1):,טיעוני הצדדים,טיעוני הצדדים,טיעוני הצדדים,טיעוני הצדדים,טיעוני הצדדים
SH-19-03-50607-561,הערכים המוגנים הנפגעים בביצוע עבירות הפצת הסם הינם ההגנה מפני עבירות המשחיתות כל חלקה טובה בחברה (הפנתה לפסיקה בנושא).,טיעוני המאשימה בכתב לעונש (ת/1):,טיעוני הצדדים,טיעוני הצדדים,טיעוני הצדדים,טיעוני הצדדים,טיעוני הצדדים
SH-19-03-50607-561,"יש להגן על הציבור מפני השימוש בסמים ועל הציבור הרחב מפני העבירות הנגרמות משימוש זה בתחום האלימות, הרכוש והתעבורה.",טיעוני המאשימה בכתב לעונש (ת/1):,טיעוני הצדדים,טיעוני הצדדים,טיעוני הצדדים,טיעוני הצדדים,טיעוני הצדדים
SH-19-03-50607-561,"ב""כ המאשימה הפנתה לאסופת פסיקה בנושא מדיניות הענישה הנוהגת.",טיעוני המאשימה בכתב לעונש (ת/1):,טיעוני הצדדים,טיעוני הצדדים,טיעוני הצדדים,טיעוני הצדדים,טיעוני הצדדים
SH-19-03-50607-561,"מכתב האישום ניתן ללמוד כי הנאשם מעורב עמוקות בעולם הסמים המסוכנים וביכולתו לספק סמים שונים על אתר, מדובר בדפוס חוזר ומושרש ומסוכנותו לציבור גבוהה. זאת ניתן ללמוד מתדירות וכמויות הסם הגדולות, חלוקת הסם שנתפס ליחידות, זמינות הסם וההספקה המהירה.",טיעוני המאשימה בכתב לעונש (ת/1):,טיעוני הצדדים,טיעוני הצדדים,עובדות המקרה,טיעוני הצדדים,טיעוני הצדדים
SH-19-03-50607-561,חלקו של הנאשם בביצוע העבירות מלא.,טיעוני המאשימה בכתב לעונש (ת/1):,טיעוני הצדדים,טיעוני הצדדים,עובדות המקרה,טיעוני הצדדים,טיעוני הצדדים
SH-19-03-50607-561,"ב""כ הנאשמת מציינת כי הנאשם בן 30 וללא עבר פלילי. הוא הודה בהזדמנות ראשונה וחסך זמן שיפוטי יקר.",טיעוני המאשימה בכתב לעונש (ת/1):,טיעוני הצדדים,טיעוני הצדדים,טיעוני הצדדים,טיעוני הצדדים,טיעוני הצדדים
SH-19-03-50607-561,הנאשם לא הופנה לשירות המבחן ולא החל בהליך טיפולי.,טיעוני המאשימה בכתב לעונש (ת/1):,טיעוני הצדדים,טיעוני הצדדים,ראיות לעונש,טיעוני הצדדים,טיעוני הצדדים
SH-19-03-50607-561,"לאור האמור לעיל עותרת המאשימה להטלת מאסר בפועל ברף בינוני של כל מתחם ומתחם והטלת עונש במצטבר, מאסר על תנאי מרתיע בכל העבירות בהן הורשע, התחייבות, פסילת רישיון בפועל ועל תנאי מיום שחרורו נוכח השימוש ברכב לביצוע העבירות ועל מנת שיורתע הנאשם ועונש הקנס המוסכם.",טיעוני המאשימה בכתב לעונש (ת/1):,טיעוני הצדדים,טיעוני הצדדים,טיעוני הצדדים,טיעוני הצדדים,טיעוני הצדדים
SH-19-03-50607-561,לאור הלכת ג'אבר יש לקבוע מתחם אחד בגין כל העבירות בשל סמיכות זמנים ואופי הסמים.,"טיעוני ב""כ הנאשם לעונש :",טיעוני הצדדים,טיעוני הצדדים,טיעוני הצדדים,טיעוני הצדדים,טיעוני הצדדים
SH-19-03-50607-561,"ההגנה עותרת לקביעת מתחם הנע בין 6 ל-15 חודשי מאסר בפועל  ולמקם העונש הראוי  ברף התחתון, בין 7 ל-8 חודשי מאסר בפועל.","טיעוני ב""כ הנאשם לעונש :",טיעוני הצדדים,טיעוני הצדדים,טיעוני הצדדים,טיעוני הצדדים,טיעוני הצדדים
SH-19-03-50607-561,"באישום הראשון הורשע הנאשם בעבירה של סיוע, הוא לא מכר בפועל, ולא היה נוכח בעת ביצוע העסקה, נכון שהתכתב וכי הרכב שלו היה שם, אך בכך מסתכם חלקו.","טיעוני ב""כ הנאשם לעונש :",טיעוני הצדדים,טיעוני הצדדים,טיעוני הצדדים,טיעוני הצדדים,טיעוני הצדדים
SH-19-03-50607-561,"באישום השני היו בעיות רבות באספקת הסם. סוחר גדול, מי שמעורה היטב בעסקי הסמים, הכול נגיש לו, ועל המדף וזה לא המקרה לפנינו. באישום השלישי גם פה דובר על סמים מסוג MDMA וLSD ובפועל בסופו של יום, סופקו אך ורק סמים מסוג MDMA וגם כאן הוא לא הצליח לספק את הLSD ואין לומר כי הינו סוחר ""קלאסי"".","טיעוני ב""כ הנאשם לעונש :",טיעוני הצדדים,טיעוני הצדדים,טיעוני הצדדים,טיעוני הצדדים,טיעוני הצדדים
SH-19-03-50607-561,"בהתייחס לאישום הרביעי, אף אחד מהסמים לא מוגדר כסמים קשים ולא כ""סם מוות"", במדרג הסמים אין מדובר בסמים קשים. הסמים במקרה זה נמכרו לסוכן משטרתי, משמע שלא הועברו ולא הגיעו לידי משתמשים.","טיעוני ב""כ הנאשם לעונש :",טיעוני הצדדים,טיעוני הצדדים,טיעוני הצדדים,טיעוני הצדדים,טיעוני הצדדים
SH-19-03-50607-561,"מדובר בנאשם ללא עבר פלילי, זו פעם ראשונה שהוא עומד בפני בית המשפט וזה מעצרו הראשון ומעולם לא היה עצור, הוא אינו ילד, אלא בן 31.","טיעוני ב""כ הנאשם לעונש :",טיעוני הצדדים,טיעוני הצדדים,ראיות לעונש,טיעוני הצדדים,טיעוני הצדדים
SH-19-03-50607-561,"לאורך כל חייו הוא היה בחור חיובי , ההסתבכות הזו היא תוצאה של טיפשות של רגע, שהתפתה ללכת אחרי כסף קל. הנאשם שירת שירות מלא כלוחם, יש לו בגרות מלאה, הוא הנדסאי תעשיה וניהול, היה מאבטח והחזיק נשק בבי""ח פוריה, ביצע קורסים אזרחיים אפילו במשטרה. לראיה הציג אסופת מסמכים (נ/1).","טיעוני ב""כ הנאשם לעונש :",טיעוני הצדדים,טיעוני הצדדים,ראיות לעונש,טיעוני הצדדים,טיעוני הצדדים
SH-19-03-50607-561,הנאשם אף היה אמור להתחתן והארוסה עזבה אותו.,"טיעוני ב""כ הנאשם לעונש :",טיעוני הצדדים,טיעוני הצדדים,ראיות לעונש,טיעוני הצדדים,טיעוני הצדדים
SH-19-03-50607-561,קל מאוד להישבר ולהגיע לתחתית אך הוא בחר לנקוט בגישה החיובית ולעשות את המיטב. הוא ביקש ומינו אותו כתומך בבית המעצר (נ/2).,"טיעוני ב""כ הנאשם לעונש :",טיעוני הצדדים,טיעוני הצדדים,ראיות לעונש,טיעוני הצדדים,טיעוני הצדדים
SH-19-03-50607-561,"מדובר במקרה יוצא דופן, הנאשם הודה וחסך זמן שיפוטי והעדת העדים.","טיעוני ב""כ הנאשם לעונש :",טיעוני הצדדים,טיעוני הצדדים,עובדות המקרה,טיעוני הצדדים,טיעוני הצדדים
SH-19-03-50607-561,"ב""כ הנאשם סבור כי ההרתעה הושגה ולכן אין אינטרס ציבורי להשאירו בכלא ובפשע.","טיעוני ב""כ הנאשם לעונש :",טיעוני הצדדים,טיעוני הצדדים,טיעוני הצדדים,טיעוני הצדדים,טיעוני הצדדים
SH-19-03-50607-561,"ב""כ הנאשם טען כי עשה מאמצים לסיים התיק קודם לכן , שאז הנאשם לא היה נמצא באגף של עצירים ויכול היה להמשיך בקבוצות וטיפול שנמנעו ממנו.","טיעוני ב""כ הנאשם לעונש :",טיעוני הצדדים,טיעוני הצדדים,טיעוני הצדדים,טיעוני הצדדים,טיעוני הצדדים
SH-19-03-50607-561,"ב""כ הנאשם הגיש אסופת פסיקה בתמיכה לטיעוניו לעונש.","טיעוני ב""כ הנאשם לעונש :",טיעוני הצדדים,טיעוני הצדדים,טיעוני הצדדים,טיעוני הצדדים,טיעוני הצדדים
SH-19-03-50607-561,"לחילופין נטען כי אם בית המשפט לא ייאמץ המתחם לו עתר ב""כ הנאשם, מבוקש לסטות מהמתחם בהתאם לסעיף 40ד' בשל הסיכוי שישתקם לאור ה""קבלות"" על עברו וההווה וניתן להקיש בנוגע לעתידו, גם לעניין הטלת צו מבחן. לשאלת בית המשפט האם  מבקש לשלוח את הנאשם לקבלת תסקיר שירות המבחן נוכח עתירתו להטלת צו מבחן, השיב כי בעת הזו לא, הוא סבור שהעונש שיושת על הנאשם בסופו של יום ולאור התאריך והמועד בו נמצאים,  הוא סבור כי הוא כבר כשיר לעלות לוועדת שליש, או לנציבות, ולכן תסקיר משמעותו דחייה ולכן לא מבקש זאת.","טיעוני ב""כ הנאשם לעונש :",טיעוני הצדדים,טיעוני הצדדים,טיעוני הצדדים,טיעוני הצדדים,טיעוני הצדדים
SH-19-03-50607-561,"בפסיקה אליה הפנתה המאשימה מדובר ב-  20,24 עבירות סחר, ו-5 עבירות סחר בקוקאין  בכמויות אדירות, הפנה לסעיף 28 לטיעוני המאשימה, וזה לא המקרה כאן. הנאשם לא סיפק באופן מיידי סמים, זה הכול תוך התנהלות.","טיעוני ב""כ הנאשם לעונש :",טיעוני הצדדים,טיעוני הצדדים,טיעוני הצדדים,טיעוני הצדדים,טיעוני הצדדים
SH-19-03-50607-561,"הנאשם טען לעונש כי טעה והוא מודע לזה. היו למעשיו הרבה השלכות,  זה כמעט הרס לו את החיים, כמעט הרס לעצמו את החיים. הייתה לו ארוסה שהיה  צריך להתחתן איתה, עקב ההסתבכות שלו, היא ניתקה אתו קשר ולא רוצה להמשיך. תקופה האחרונה מזה 5 חודשים, הוא משמש בתפקיד תומך , דואג לאנשים שישמרו על עצמם שלא יתאבדו, מכיר אנשים שיש להם בעיות נפש כתוצאה מסמים. כך ראה הצד השני של שימוש בסמים ולמה שזה הופך את האדם ומשחית את האדם. לא משנה איזה עונש יגזור עליו בית המשפט, הוא יודע שיש מקום שאליו לא יחזור בחיים וזהו הכלא, הוא יעשה כל מה שצריך  כדי לא להגיע למקום הזה, רוצה ללכת בדרך הישרה, הוא למד את הטעות שלו.","טיעוני ב""כ הנאשם לעונש :",טיעוני הצדדים,טיעוני הצדדים,טיעוני הצדדים,טיעוני הצדדים,טיעוני הצדדים
SH-19-03-50607-561,"גזירת הדין על פי תיקון 113 לחוק העונשין, התשל""ז – 1977 (להלן :""חוק העונשין"").",דיון והכרעה: ,דיון והכרעה,דיון והכרעה,מידע אחר,דיון והכרעה,דיון והכרעה
SH-19-03-50607-561,גזירת דין מורכבת משלושה שלבים עיקריים כלהלן:,דיון והכרעה: ,דיון והכרעה,דיון והכרעה,מידע אחר,דיון והכרעה,דיון והכרעה
SH-19-03-50607-561,א. קביעת מתחם העונש ההולם (סעיף 40ג לחוק העונשין).,דיון והכרעה: ,דיון והכרעה,דיון והכרעה,מידע אחר,דיון והכרעה,דיון והכרעה
SH-19-03-50607-561,ב. בחינה האם יש מקום לחרוג ממתחם העונש ההולם בין לקולא ובין לחומרא,דיון והכרעה: ,דיון והכרעה,דיון והכרעה,מידע אחר,דיון והכרעה,דיון והכרעה
SH-19-03-50607-561,"(שיקום, הגנה על שלום הציבור).",דיון והכרעה: ,דיון והכרעה,דיון והכרעה,מידע אחר,דיון והכרעה,דיון והכרעה
SH-19-03-50607-561,קביעת העונש המתאים בתוך מתחם העונש ההולם (סעיף 40ג(ב) לחוק,דיון והכרעה: ,דיון והכרעה,דיון והכרעה,מידע אחר,דיון והכרעה,דיון והכרעה
SH-19-03-50607-561,"על פי הוראת סעיף 40יג לחוק העונשין, בשעה  שהורשע הנאשם בגין  כמה עבירות, יש  לבחון תחילה האם מדובר באירועים נפרדים, וככל שבית המשפט מגיע למסקנה שהאירועים נפרדים, יש לקבוע מתחם עונש הולם לכל אחד מהאישומים בנפרד. לעומת זאת, כאשר העבירות בגינן הורשע הנאשם מהוות אירוע אחד, יקבע בית המשפט מתחם ענישה הולם כאמור בסעיף 40ג(א) לאירוע כולו.",דיון והכרעה: ,דיון והכרעה,דיון והכרעה,דיון והכרעה,דיון והכרעה,דיון והכרעה
SH-19-03-50607-561,"בית המשפט העליון נדרש להכריע בשאלה מה בין ""אירוע"" ל""מעשה"" וזאת במסגרת ע""פ 4910/13 אחמד בני ג'אבר נ' מדינת ישראל, לא פורסם [פורסם בנבו] (29/10/2014).",דיון והכרעה: ,דיון והכרעה,דיון והכרעה,דיון והכרעה,דיון והכרעה,דיון והכרעה
SH-19-03-50607-561,בפתח דבריו מציין כב' השופט י. דנציגר כי :,דיון והכרעה: ,דיון והכרעה,דיון והכרעה,דיון והכרעה,דיון והכרעה,דיון והכרעה
SH-19-03-50607-561,"כב' השופט י. דנציגר מאמץ שני מבחנים אשר נקבעו להגדרת ""מעשה"" לעניין סעיף 186 לחוק סדר הדין הפלילי גם לעניין השאלה האם על עבירה מהווה ""אירוע"" בפני עצמה :",דיון והכרעה: ,דיון והכרעה,דיון והכרעה,דיון והכרעה,דיון והכרעה,דיון והכרעה
SH-19-03-50607-561,"כב' השופטת דפנה ברק ארז סבורה כי יש להחיל מבחן חדש בקביעת היות מעשיו של נאשם בבחינת ""אירוע"" אחד או מספר ""אירועים"". על פי מבחן זה תוכרע הסוגיה בהינתן קשר ""ענייני והדוק"" בין הפעולות ועל פי מבחן ניסיון החיים. לגישתה, ניתן לקבוע כי מדובר ב""אירוע"" אחד כאשר קיימת סמיכות זמנים בין העבירות אך גם כאשר ""תהיינה חלק מאותה תוכנית עבריינית"" גם אם בוצעו לאורך תקופת זמן שאינה קצרה. כדוגמא רואה כב' השופטת דפנה ברק ארז במספר איומים כנגד עובדי ציבור על רקע אידיאולוגי משום ""אירוע"" אחד גם אם בוצעו על פני תקופה שכן קיים קשר הדוק ביניהם , כחלק מתוכנית עבריינית אחת.",דיון והכרעה: ,דיון והכרעה,דיון והכרעה,דיון והכרעה,דיון והכרעה,דיון והכרעה
SH-19-03-50607-561,כב' השופט ע' פוגלמן מצטרף בדעתו לכב' השופטת ברק ארז בקובעו כי :,דיון והכרעה: ,דיון והכרעה,דיון והכרעה,דיון והכרעה,דיון והכרעה,דיון והכרעה
SH-19-03-50607-561,"גישת ""הקשר ההדוק"" אומצה בפסיקת בית המשפט העליון בע""פ  5643/14 - המערער בע""פ 5643/14: נ' המשיבה:, לא פורסם[פורסם בנבו] (23/06/2015), נקבע בעניינן של סדרת עבירות נשק שנעברו על פני מספר חודשים :",דיון והכרעה: ,דיון והכרעה,דיון והכרעה,דיון והכרעה,דיון והכרעה,דיון והכרעה
SH-19-03-50607-561,העבירות בהן הורשע הנאשם בתיק זה נפרסו על פני מספר חודשים ולא שנים בשעה שעבירות הסחר בסם מסוכן והסיוע לסחר בסם מסוכן  אותן עבר הנאשם והמפורטות באישומים  השונים בוצעו על פני מספר שבועות עובר לחודש יולי 2018 ועבירת החזקת הסם שלא לצריכה עצמית בוצעה 8 חודשים לאחר מכן. כמו כן קיימת בעבירות הסחר בסם מסוכן והסיוע לסחר בסם מסוכן זהות בעניינו של קונה הסם ומכאן כי עיון בכתב האישום המתוקן מעלה כי עסקינן בתוכנית עבריינית אחת במסגרתה סחר הנאשם בסמים מסוכנים מסוגים שונים עם אותו קונה.,דיון והכרעה: ,דיון והכרעה,דיון והכרעה,דיון והכרעה,דיון והכרעה,דיון והכרעה
SH-19-03-50607-561,"מיכאל ליפצר נ' מ""י, פורסם במאגרים המשפטיים [פורסם בנבו] (4.9.17) אך במקרה זה נקבע אישום נפרד לכל קונה ומכאן כי יישום קביעה זו יוביל אף הוא לקביעת מתחם עונש הולם אחד בגין עבירות הפצת הסם (לקונה אחד) כפי המפורט בכתב האישום במקרה דנן. עוד מצאתי כי עבירת החזקת הסם שלא לצריכה עצמית הינה חלק בלתי נפרד ממסכת עבירות הסחר והסיוע לסחר וכי הינה חלק מהתוכנית העבריינית אותה הוציא הנאשם לפועל במעשיו ומכאן כי אין לקבוע בגינה מתחם עונש הולם נפרד.","המאשימה הפנתה בתמיכה לטיעוניה לצורך קביעת מתחמי ענישה נפרדים לרע""פ  5698/17 ",דיון והכרעה,דיון והכרעה,דיון והכרעה,דיון והכרעה,דיון והכרעה
SH-19-03-50607-561,משהגעתי למסקנה זו מן הדין לקבוע בגין האישומים השונים  מתחם עונש הולם אחד ועונש ראוי אחד בגינם.,"המאשימה הפנתה בתמיכה לטיעוניה לצורך קביעת מתחמי ענישה נפרדים לרע""פ  5698/17 ",דיון והכרעה,דיון והכרעה,דיון והכרעה,דיון והכרעה,דיון והכרעה
SH-19-03-50607-561,השלב הראשון - קביעת מתחם העונש ההולם,"המאשימה הפנתה בתמיכה לטיעוניה לצורך קביעת מתחמי ענישה נפרדים לרע""פ  5698/17 ",דיון והכרעה,דיון והכרעה,דיון והכרעה,דיון והכרעה,דיון והכרעה
SH-19-03-50607-561,"לצורך קביעת העונש ההולם, על בית המשפט להתחשב בשיקולים שלהלן:","המאשימה הפנתה בתמיכה לטיעוניה לצורך קביעת מתחמי ענישה נפרדים לרע""פ  5698/17 ",דיון והכרעה,דיון והכרעה,דיון והכרעה,דיון והכרעה,דיון והכרעה
SH-19-03-50607-561,הערך החברתי שנפגע מביצוע עבירה ובמידת הפגיעה בו.,"המאשימה הפנתה בתמיכה לטיעוניה לצורך קביעת מתחמי ענישה נפרדים לרע""פ  5698/17 ",דיון והכרעה,דיון והכרעה,דיון והכרעה,דיון והכרעה,דיון והכרעה
SH-19-03-50607-561,נסיבות הקשורות בביצוע עבירה ומידת אשמו של הנאשם.,"המאשימה הפנתה בתמיכה לטיעוניה לצורך קביעת מתחמי ענישה נפרדים לרע""פ  5698/17 ",דיון והכרעה,דיון והכרעה,דיון והכרעה,דיון והכרעה,דיון והכרעה
SH-19-03-50607-561,הערך החברתי שנפגע מביצוע העבירות וממידת הפגיעה בו,"המאשימה הפנתה בתמיכה לטיעוניה לצורך קביעת מתחמי ענישה נפרדים לרע""פ  5698/17 ",דיון והכרעה,דיון והכרעה,דיון והכרעה,דיון והכרעה,דיון והכרעה
SH-19-03-50607-561,"העבירות בהן הורשע הנאשם הינן חמורות, כאשר הערך החברתי המוגן אשר נפגע מביצוען הינו הגנה על שלומם, גופם, ביטחונם ושלוות נפשו של הציבור הרחב. הנזק הגדול והתוצאות ההרסניות הגלומות בסמים מסוכנים לבריאותה ולביטחונה של החברה ופרטיה, הם מן המפורסמות שאינן צריכות ראיה. רבות נכתב על נגע הסמים המכלה כל חלקה טובה.","המאשימה הפנתה בתמיכה לטיעוניה לצורך קביעת מתחמי ענישה נפרדים לרע""פ  5698/17 ",דיון והכרעה,דיון והכרעה,דיון והכרעה,דיון והכרעה,דיון והכרעה
SH-19-03-50607-561,"הפגיעה במקרה שבפני בערך המוגן הינה חמורה ומצויה ברף חומרה גבוה וזאת נוכח ריבוי עבירות הסחר בסם מסוכן ושעה שאין מדובר במעידה חד פעמית, סוגי הסם שאינם מן ""הקלים"" בלבד וכמויות הסם המסוכן אותן מכר הנאשם. לא מצאתי במקרה זה מקום לקבוע כי הפגיעה בערך המוגן הינה מופחתת וזאת נוכח סוג הסם הנסחר, לאור ריבוי העבירות, הנזק הגלום בשימוש בסם הקנביס, ה- MDMA שנמכר בפועל , ה LSD אותו ביקש הנאשם למכור וכמויות הסמים שנמכרו בפועל.","המאשימה הפנתה בתמיכה לטיעוניה לצורך קביעת מתחמי ענישה נפרדים לרע""פ  5698/17 ",דיון והכרעה,דיון והכרעה,דיון והכרעה,דיון והכרעה,דיון והכרעה
SH-19-03-50607-561,בבחינת הנזק אשר נגרם כתוצאה מביצוע סדרת עבירות הסחר בסם והסיוע לסחר בסם שעבר הנאשם כאמור בכתב האישום המתוקן ובעיקר הנזק הפוטנציאלי יש לבחון נזקי הסמים השונים.,ב.	מידת האשם ומידת הנזק,דיון והכרעה,דיון והכרעה,דיון והכרעה,דיון והכרעה,דיון והכרעה
SH-19-03-50607-561,עיקר פעילותו של הנאשם כפי שבאה לידי ביטוי בכתב האישום המתוקן מקבלת ביטוי במספר עבירות הסחר בסם מסוכן מסוג MDMA.,ב.	מידת האשם ומידת הנזק,דיון והכרעה,דיון והכרעה,דיון והכרעה,דיון והכרעה,דיון והכרעה
SH-19-03-50607-561,"על השלכות השימוש בסם זה נרשם במרשתת כי אקסטזי הוא סם שהשפעותיו דומות לסמי הזיה וסמים ממריצים, נפוץ בשימוש בעיקר בקרב המבלים במסיבות הטרנס המתמשכות כל הלילה ולכן הוא מכונה ""סם מועדונים"", מיוצר במעבדות שאינן חוקיות ואינן נתונות בפיקוח רפואי כלשהו, לרוב מוספים לחומר זה חומרים נוספים כמו קפאין, חומר שמשמש בסירופ לשיעול, אמפטאמינים ולעתים גם סמים אחרים כמו קוקאין ונתגלו מקרים רבים שנמכרו בהם חומרים שאינם MDMA כאקסטזי, מהם מסוכנים ביותר.",ב.	מידת האשם ומידת הנזק,דיון והכרעה,דיון והכרעה,דיון והכרעה,דיון והכרעה,דיון והכרעה
SH-19-03-50607-561,"MDMA עשוי להיות ממכר כמו סמים ממריצים אחרים. רגישותו של אדם להתמכרות תלויה במבנה הגנטי שלו, בסביבה שבה גדל ובגורמים נוספים.",ב.	מידת האשם ומידת הנזק,דיון והכרעה,דיון והכרעה,דיון והכרעה,דיון והכרעה,דיון והכרעה
SH-19-03-50607-561,"ממצאי המחקר מראים ששימוש בסמי מועדונים עשוי לגרום לבעיות בריאות רציניות ובמקרים נדירים אף למוות. רבים מהמשתמשים בסמים נוטלים יותר מסם אחד, כולל אלכוהול, דבר שעשוי להגדיל את הנזק שנגרם.",ב.	מידת האשם ומידת הנזק,דיון והכרעה,דיון והכרעה,דיון והכרעה,דיון והכרעה,דיון והכרעה
SH-19-03-50607-561,"אף אם המשתמש בלע כדור אחד בלבד הוא עשוי להרגיש את התופעות שמופיעות אחרי השימוש, במשך כמה ימים עד שבוע (במקרים של משתמשים באופן יותר רציף יורגשו התופעות אף יותר משבוע). תחושות אלה כוללות עצבות, חרדה, דיכאון ופגיעה בזיכרון. משתמשים עשויים לחוות שינויים בתפיסה כמו עיוות הזמן ותחושה של מגע. משתמשים אחרים עשויים לחוש חרדה ועצבנות. הם עשויים להזיע או להרגיש שקר להם, וכן להתעלף או להרגיש סחרחורת.",ב.	מידת האשם ומידת הנזק,דיון והכרעה,דיון והכרעה,דיון והכרעה,דיון והכרעה,דיון והכרעה
SH-19-03-50607-561,"משתמשים עשויים גם להתייבש בשל פעילות יתר שנעשית בסביבה חמה. גם שתיית יתר מסוכנת בשילוב עם שימוש באקסטזי: נמצא שאף שימוש באקסטזי במינון נמוך כרוך סיכון של הצטברות מסכנת חיים של עודפי נוזלים בגוף ובמוח, וזאת בשל עלייה בריכוז הורמונים המונעים השתנה. ה-MDMA עשוי להפריע לגוף בהסדרת חומו, דבר שעשוי להביא להתחממות יתר (היפרתרמיה) ולגרום לבעיות רציניות בלב, בכליות ובכבד, ולעתים אף למוות. תופעות כאלו דווחו במקרי מוות משימוש באקסטזי במסיבות הטרנס.  MDMA עשוי להיות מסוכן ביותר במינונים גבוהים או בנטילת כמה מנות קטנות של החומר בפרק זמן קצר מתוך כוונה להמשיך לחוש בתחושת ה- high. כך עשויות להצטבר רמות גבוהות מאד של הסם בדם המגבירות את הסכנה להתחממות יתר של הגוף וכן את שאר הסכנות לבריאות.",ב.	מידת האשם ומידת הנזק,דיון והכרעה,דיון והכרעה,דיון והכרעה,דיון והכרעה,דיון והכרעה
SH-19-03-50607-561,"עוד נמצא  כי האקסטזי גם עשוי לגרום למתח בשרירים, להידוק הלסתות (""נעילתן"") ושחיקת שיניים, לבחילה, לראייה מטושטשת, להתעלפות ולתחושת קור או הזעה. MDMA מעלה את דופק הלב ולחץ הדם והוא מסוכן לאלה שסובלים מבעיות בתחומים אלה (רבים אינם מודעים לקיומן של בעיות אלה).",ב.	מידת האשם ומידת הנזק,דיון והכרעה,דיון והכרעה,דיון והכרעה,דיון והכרעה,דיון והכרעה
SH-19-03-50607-561,"אקסטזי עשוי לגרום בלבול, דיכאון, קשיים בשינה, פחד או דאגה חזקים (חרדה). חלק מתופעות אלה עשויות להימשך כמה ימים או שבועות אף לאחר הפסקת השימוש.",ב.	מידת האשם ומידת הנזק,דיון והכרעה,דיון והכרעה,דיון והכרעה,דיון והכרעה,דיון והכרעה
SH-19-03-50607-561,במחקר שנערך בקופי אדם שנחשפו ל- MDMA במשך 4 ימים רצופים (מחקר שבוצע מטבע הדברים בהיעדר אפשרות לבצעו בבני אדם) נמצא שנגרם להם לנזק מוחי שנמשך 6 עד 7 שנים.,ב.	מידת האשם ומידת הנזק,דיון והכרעה,דיון והכרעה,דיון והכרעה,דיון והכרעה,דיון והכרעה
SH-19-03-50607-561,"(https://lib.cet.ac.il/pages/item.asp?item=11275, מתוך מט""ח – הספרייה הטכנולוגית , מתבסס על פרסומי הרשות הלאומית למלחמה בסמים).",ב.	מידת האשם ומידת הנזק,דיון והכרעה,דיון והכרעה,דיון והכרעה,דיון והכרעה,דיון והכרעה
SH-19-03-50607-561,"על השלכות השימוש בסם החשיש והמריחואנה כנגזרת של השימוש בסם הקנאביס נרשם באתר הרשות למלחמה באלימות, סמים ואלכוהול במרשתת כי :",ב.	מידת האשם ומידת הנזק,דיון והכרעה,דיון והכרעה,דיון והכרעה,דיון והכרעה,דיון והכרעה
SH-19-03-50607-561,"""רשימת התוצאות השליליות של שימוש במריחואנה ארוכה. עישון מריחואנה מגדיל את הסיכון להתקף לב, עישון מריחואנה עשוי לגרום לסרטן באזור הפה, הראש וריאות, משום שיש בה חומרים מסרטנים כמו בטבק, ובנוסף, מעשני מריחואנה נוהגים לשאוף שאיפות עמוקות יותר ממעשני הטבק ולהחזיק את העשן זמן ממושך יותר בריאות, כך נכנס עשן רב יותר לריאות."" . כמו כן קיים סיכון ממשי בנהיגה לאחר שימשו בסם זה וכן נמצא כי מרבית ממשתמשי הסמים ""הקשים"" החל את התמכרותו בשימוש בסם המריחואנה או החשיש.",ב.	מידת האשם ומידת הנזק,דיון והכרעה,דיון והכרעה,דיון והכרעה,דיון והכרעה,דיון והכרעה
SH-19-03-50607-561,"מכאן כי הנזק המסתבר אשר נגרם ממעשיו של הנאשם רב מאוד , קל וחומר הנזק הפוטנציאלי במעשיו המתפרסים על פני מספר שבועות וחודשים  , ביצוען בתדירות שאינה חד פעמית, סוגי הסם שנמכרו וסוכם כי ימכרו וכמות הסם המלמדת כי עלול היה בנקל להגיע לידי משתמשים רבים.",ב.	מידת האשם ומידת הנזק,דיון והכרעה,דיון והכרעה,דיון והכרעה,דיון והכרעה,דיון והכרעה
SH-19-03-50607-561,"ב""כ הנאשם טען כי הסמים הגיעו לידי המשטרה ולא לציבור הרחב. ראשית אציין כי עובדה זו הינה תוצאה של עבודת המשטרה ולא הנאשם אשר ביקש למכור הסמים תמורת בצע כסף גרידא ותוך אי אכפתיות פושעת להשלכות שיהיו לנטילת הסמים המסוכנים על משתמש הקצה ותוך שאינו מודע להיותו של קונה סוכן משטרתי. שנית, טענה זו אינה יפה לעבירת החזקת הסם שלא לצריכה עצמית אותו תפסה המשטרה בטרם הפצתו ולא רכשה מידי הנאשם.",ב.	מידת האשם ומידת הנזק,דיון והכרעה,דיון והכרעה,דיון והכרעה,דיון והכרעה,דיון והכרעה
SH-19-03-50607-561,"לפיכך לא ניתן לקבוע כי לא נגרם נזק בפועל בביצוע העבירות וניכר כי הנזק המשמעותי שהיה עתיד להיגרם בעקבות מעשיו של הנאשם נמנע באמצעות פעולת המשטרה בלבד, הן ברכישת הסם המסוכן מהנאשם והם בתפיסתו באישום הרביעי. על הנזק הפוטנציאלי יעידו כמויות הסם הרב שביקש הנאשם למכור ומכר בפועל וסוגו.",ב.	מידת האשם ומידת הנזק,דיון והכרעה,דיון והכרעה,דיון והכרעה,דיון והכרעה,דיון והכרעה
SH-19-03-50607-561,"כעולה מעובדות כתב האישום המתוקן, הנאשם פעל תוך תכנון מוקדם וארוך טווח, עשה שימוש נרחב באמצעי מדיה מאובטחים (ה""טלגראס""), עולה מכתב האישום המתוקן כי ביצוע מכירות הסם המסוכן לא היה ספונטני כי אם פרי תיאום מוקדם אשר כלל מטבע הדברים יצירת קשר עם מוכר הסם וסיוע בידו באישום הראשון והשגת הסם , מפגש עם הקונה וביצוע המכירה באישומים השני והשלישי. מכתב האישום המתוקן אני למד כי הנאשם מכר הסמים המסוכנים על פני תקופה , מכר כמויות גדולות של סם מסוכן באישומים הראשון (סיוע) , השני והשלישי לרבות החזקתו בחלוף חודשים ממועד המכירות וגם לכך נדרש תכנון מוקדם.",ב.	מידת האשם ומידת הנזק,דיון והכרעה,דיון והכרעה,דיון והכרעה,דיון והכרעה,דיון והכרעה
SH-19-03-50607-561,"אשמו של הנאשם מלא, לא נטען בפני כי שודל לביצוע מסכת העבירות , אוים או ביצע העבירות בצוותא עם אחרים. אשמו של הנאשם באישום הראשון חלקי שעה שסייע בידי אחר במכירת הסם.",ב.	מידת האשם ומידת הנזק,דיון והכרעה,דיון והכרעה,דיון והכרעה,דיון והכרעה,דיון והכרעה
SH-19-03-50607-561,"ב""כ הנאשם טען כי אין מדובר בסוחר סמים מתוחכם או מאורגן שהופנה בטיעוניו אלו לעובדה כי באישום השני לא סופק הסם המסוכן ""בשל בעיות באספקת הסם"" אך למקרא כתב האישום עולה כי כמויות גדולות של הסם המסוכן זמינות לנאשם לצורך מכירתו לכל דורש, גם כאשר אינו מספק הסם ביום 30.6.18 עקב ""בעיות אספקה"" הוא מספקו מיד לאחר מכן ביום 2.7.18, באישום השני מבוצעת עיסקת מכירת הסם, שוב,  בסמוך יחסית למועד יצירת ההתקשרות וניכר כי גם ה""בעיה באספקת הסם"" במקרה זה הינה חלק ממהלך עסקיו השוטפים של הנאשם בממכר סמים מסוכנים ואימה מאפיינת את התנהלותו בתחום.",ב.	מידת האשם ומידת הנזק,דיון והכרעה,דיון והכרעה,דיון והכרעה,דיון והכרעה,דיון והכרעה
SH-19-03-50607-561,"בבחינת נסיבות שהביאו את הנאשם לבצע את העבירה  לא הופנה הנאשם לקבלת תסקיר שירות המבחן ופרט לטענה כי התפתה ל""כסף קל"" לא מצאתי כל נסיבה מיוחדת וחריגה בביצוע עבירות הפצת הסם המסוכן לסוגו.",ב.	מידת האשם ומידת הנזק,דיון והכרעה,דיון והכרעה,דיון והכרעה,דיון והכרעה,דיון והכרעה
SH-19-03-50607-561,"בתי המשפט השונים קבעו במקרים רבים ובנסיבות מגוונות כי לצורך מיגור תופעת השימוש בסמים המסוכנים יש להטיל עונשים חמורים על אלו הנמנים על שרשרת הפצת הסם. אביא לשם דוגמא דבריו של בית המשפט העליון בע""פ 253/85 נ' יעיש בן מסעוד אוחיון, לא פורסם [פורסם בנבו] (06/04/1986) :",ד.  מדיניות הענישה הנוהגת בעבירות סחר בסמים מסוכנים:,דיון והכרעה,דיון והכרעה,דיון והכרעה,דיון והכרעה,דיון והכרעה
SH-19-03-50607-561,"""מוכנים אנו גם לומר כי הענישה המתחייבת במקרים דוגמת המקרה שלפנינו צריכה לשאוף לגבול העליון של העונש שקבע המחוקק, ולא די כי נשלם מס שפתיים באמירה כי עיסוק בסמים ""קשים"" מחייב הטלת עונשים חמורים, שמפניהם מתגמד השיקול האישי של הנאשם. אמירה זו שאין ""כיסוי"" מאחוריה לא תתרום דבר למלחמה הבלתי נלאית שמצווים אנו להלחם במי שלמעשה שסוחרים בנפשות לשם בצע כסף"", הלכה עליה חזר בית המשפט העליון במקרים רבים.",ד.  מדיניות הענישה הנוהגת בעבירות סחר בסמים מסוכנים:,דיון והכרעה,דיון והכרעה,דיון והכרעה,דיון והכרעה,דיון והכרעה
SH-19-03-50607-561,"ברע""פ 5996/09 עכילה נ' מדינת ישראל, לא פורסם, [פורסם בנבו]  (26.7.09), נדחתה בקשת רשות ערעור של נאשם שהורשע בגין עבירה אחת של סחר בסם (קוקאין במשקל 0.5 גרם), ושתי עבירות של עסקה אחרת בסם, ונדון ל- 18 חודשי מאסר בפועל.",ד.  מדיניות הענישה הנוהגת בעבירות סחר בסמים מסוכנים:,דיון והכרעה,דיון והכרעה,דיון והכרעה,דיון והכרעה,דיון והכרעה
SH-19-03-50607-561,"בעפ""ג (מחוזי חיפה) 42764-02-14 נדאף נ' מדינת ישראל [פורסם בנבו] (8.4.14), נדחה ערעורו של",ד.  מדיניות הענישה הנוהגת בעבירות סחר בסמים מסוכנים:,דיון והכרעה,דיון והכרעה,דיון והכרעה,דיון והכרעה,דיון והכרעה
SH-19-03-50607-561,"נאשם אשר הורשע, לאחר ניהול הוכחות, בעבירה של החזקת סם מסוכן שלא לצריכה עצמית ובעבירות נלוות (החזקת סם מסוג הרואין במשקל של 24 גרם), ונדון ל- 24 חודשי מאסר בפועל (בית-משפט השלום קבע מתחם שבין 9 ל- 30 חודשי מאסר).",ד.  מדיניות הענישה הנוהגת בעבירות סחר בסמים מסוכנים:,דיון והכרעה,דיון והכרעה,דיון והכרעה,דיון והכרעה,דיון והכרעה
SH-19-03-50607-561,"בעפ""א (מחוזי נצרת) 421/09 אבו חמוד נ' מדינת ישראל [פורסם בנבו] (26.1.10) ביחס לת.פ (נצ')  2236-10-08 מדינת ישראל נ' אבו חמוד, [פורסם בנבו] נדחה ערעורו של נאשם אשר הורשע לאחר שמיעת ראיות בעבירות של שידול לאספקת סם, שידול לעשיית עסקה אחרת בסם, שידול להחזקת סמים, עסקה אחרת בסם והדחת קטין לסמים מסוכנים, ונדון ל- 24 חודשי מאסר בפועל במצטבר לעונש המאסר שהנאשם מרצה.",ד.  מדיניות הענישה הנוהגת בעבירות סחר בסמים מסוכנים:,דיון והכרעה,דיון והכרעה,דיון והכרעה,דיון והכרעה,דיון והכרעה
SH-19-03-50607-561,"בעפ""ג (ת""א) 28219-11-13 מדינת ישראל נ' שמעון הבר, לא פורסם [פורסם בנבו] (2/1/2014) – בית המשפט המחוזי מקבל טענות המאשימה כי העונש – 6 חודשי מאסר בעבודות שירות הינו מוטה לקולא והשית שנת מאסר בפועל בגין 4 עבירות הספקת סם ו – 2 עבירות סחר בסם מסוכן. זאת לאחר ששירות המבחן המליץ על הטלת צו מבחן ומאסר שירוצה בעבודות שירות.",ד.  מדיניות הענישה הנוהגת בעבירות סחר בסמים מסוכנים:,דיון והכרעה,דיון והכרעה,דיון והכרעה,דיון והכרעה,דיון והכרעה
SH-19-03-50607-561,"ב""כ הנאשם הגיש אסופת פסיקה בתמיכה לטיעוניו לעניין מדיניות הענישה הנוהגת אך לא מצאתי כי ניתן להקיש ולקבוע מסמרות מפסיקה זו למקרה שבפני :",ד.  מדיניות הענישה הנוהגת בעבירות סחר בסמים מסוכנים:,דיון והכרעה,דיון והכרעה,דיון והכרעה,דיון והכרעה,דיון והכרעה
SH-19-03-50607-561,"בת""פ 48167-02-13 (שלום ת""א) מ""י נ' סימן טוב, פורסם במאגרים המשפטיים [פורסם בנבו] (9.9.14) הוארכו שני מאסרים על תנאי שהיו תלויים ועומדים כנגד הנאשם בשל הליך טיפולי אינטנסיבי שאינו מתקיים במקרה שבפני. במקרה זה נקבע מתחם עונש הולם בהפצת סמי MDMA ו LSD הנע ממאסר בעבודות שירות ועד 12 חודשי מאסר בפועל בגין סחר ב – 10 גרם MDMA ו – 6 בולי LSD – כמויות קטנות מאלו בהם סחר הנאשם במקרה שבפני.",ד.  מדיניות הענישה הנוהגת בעבירות סחר בסמים מסוכנים:,דיון והכרעה,דיון והכרעה,דיון והכרעה,דיון והכרעה,דיון והכרעה
SH-19-03-50607-561,"הערות אלו יפות גם לת""פ 45180-02-13 (שלום ת""א) [פורסם בנבו] אשר ניתנו על ידי אותו מותב וכן לת""פ 17822-05-15 (שלום רמלה) [פורסם בנבו] ות""פ 63255-11-16 (מחוזי ת""א) [פורסם בנבו].",ד.  מדיניות הענישה הנוהגת בעבירות סחר בסמים מסוכנים:,דיון והכרעה,דיון והכרעה,דיון והכרעה,דיון והכרעה,דיון והכרעה
SH-19-03-50607-561,"בעפ""ג 31724-08-12 (מחוזי מרכז), פורסם במאגרים המשפטיים [פורסם בנבו] (25.12.12) אמנם הקל בית המשפט בעונשו של הנאשם והעמידו על 12 חודשי מאסר חרף סחר בסם קוקאין ועבר מכביד אך השיקול המרכזי להקלה בעונש היה הליך גמילה ושיקום שעבר הנאשם – נסיבה אשר אינה מתקיימות במקרה שבפני. לציין כי גם ביטול עונש פסילת רשיון הנהיגה בפועל בהחלטת ערכאת הערעור נבע מההליך השיקומי המוצלח שעבר הנאשם.",ד.  מדיניות הענישה הנוהגת בעבירות סחר בסמים מסוכנים:,דיון והכרעה,דיון והכרעה,דיון והכרעה,דיון והכרעה,דיון והכרעה
SH-19-03-50607-561,"בת""פ 1740-08-13 מ""י נ' אלקלעי (מחוזי מרכז) , פורסם במאגרים המשפטיים [פורסם בנבו] (30.6.14) ניתן משקל מכריע להליך השיקומי שעבר הנאשם מעת ששוחרר ממעצרו. כמו כן גם בתיק זה נקבעו מתחמי עונש הולם בעבירות סחר בסם מסוג קנבוס מ 9 חודשי מאסר ועד 18 חודשים, מתחם הגבוה מזה לו עתר ב""כ הנאשם בטיעוניו.",ד.  מדיניות הענישה הנוהגת בעבירות סחר בסמים מסוכנים:,דיון והכרעה,דיון והכרעה,דיון והכרעה,דיון והכרעה,דיון והכרעה
SH-19-03-50607-561,"ברע""פ 747/14 אלי לוי ני מדינת ישראל , פורסם סמאגרים המשפטיים[פורסם בנבו] קבע בית המשפט העליון כי אין להתערב במתחם העונש ההולם שקבע בית משפט השלום בגין עבירות של החזקת סם שלא לצריכה עצמית (קוקאין והירואין בכמויות קטנות), אשר נע בין 8 ל 18 חודשי מאסר בפועל.",מדיניות הענישה הנוהגת בעבירות החזקת סם שלא לצריכה עצמית :,דיון והכרעה,דיון והכרעה,דיון והכרעה,דיון והכרעה,דיון והכרעה
SH-19-03-50607-561,"ת""פ 24322-05-12 (שלום-ת""א) מדינת ישראל נ' אסף נובק [פורסם בנבו] (18.3.13) – הנאשם הורשע בהחזקת סם לצריכה עצמית וגידול סם ושירות המבחן המליץ להימנע מהרשעה. בית המשפט דחה את העתירה לאי הרשעה, והטיל על הנאשם מאסר על תנאי, של""צ, צו מבחן, ופסילת רישיון על תנאי.",מדיניות הענישה הנוהגת בעבירות החזקת סם שלא לצריכה עצמית :,דיון והכרעה,דיון והכרעה,דיון והכרעה,דיון והכרעה,דיון והכרעה
SH-19-03-50607-561,"באותו מקרה, בית-המשפט ציין כי לא היו בפניו נתונים אודות כמות הסם שהנאשם גידל, ולכן בית המשפט יצא מהנחה שמדובר בכמות שאינה גדולה.",מדיניות הענישה הנוהגת בעבירות החזקת סם שלא לצריכה עצמית :,דיון והכרעה,דיון והכרעה,דיון והכרעה,דיון והכרעה,דיון והכרעה
SH-19-03-50607-561,"ע""פ (מחוזי-חי') 41827-08-10 דוד פרידמן נ' מדינת ישראל [פורסם בנבו] (30.12.10) – הנאשם הועמד לדין על כך שהחזיק בסם מסוג קנבוס במשקל של כ-200 ג', ב-8 שתילים שמשקלם הכולל היה 308.54 ג' ובכלים המשמשים להכנת סם. שרות המבחן המליץ לבטל את הרשעת הנאשם ולהטיל עליו צו מבחן ושל""צ. בית משפט השלום דחה את בקשת הנאשם להימנע מהרשעתו, וגזר עליו 5 חודשי מאסר שירוצו בדרך של עבודות שרות, מאסרים על תנאי, פסילה על תנאי וצו מבחן. ערעור הנאשם לבית-המשפט המחוזי נדחה, לאחר שנקבע כי גזר הדין הוא ראוי ומידתי.",מדיניות הענישה הנוהגת בעבירות החזקת סם שלא לצריכה עצמית :,דיון והכרעה,דיון והכרעה,דיון והכרעה,דיון והכרעה,דיון והכרעה
SH-19-03-50607-561,"ת""פ 55397-03-11 מ""י נ' איתי טיומקין [פורסם בנבו] (30/5/12) - בית המשפט גזר 3  חודשי מאסר שירוצו בעבודות שירות ועונשים נלווים לרבות צו מבחן בגין סחר בסם והחזקת סם שלא לצריכה עצמית ולצריכה עצמית.",מדיניות הענישה הנוהגת בעבירות החזקת סם שלא לצריכה עצמית :,דיון והכרעה,דיון והכרעה,דיון והכרעה,דיון והכרעה,דיון והכרעה
SH-19-03-50607-561,"ת""פ 17410-08-13 מ""י נ' תום אלקלעי [פורסם בנבו] (30/6/14) – בית המשפט גזר 6 חודשי מאסר שירוצו בעבודות שירות ועונשים נלווים לרבות צו מבחן בגין יבוא סם והחזקת סם שלא לצריכה עצמית.",מדיניות הענישה הנוהגת בעבירות החזקת סם שלא לצריכה עצמית :,דיון והכרעה,דיון והכרעה,דיון והכרעה,דיון והכרעה,דיון והכרעה
SH-19-03-50607-561,"ת""פ 2201-09 מ""י נ' אושרי אדרי [פורסם בנבו] (7/5/12) – בית המשפט גזר 6 חודשי מאסר שירוצו בעבודות שירות ועונשים נלווים לרבות צו מבחן בגין סחר בסם והחזקת סם שלא לצריכה עצמית.",מדיניות הענישה הנוהגת בעבירות החזקת סם שלא לצריכה עצמית :,דיון והכרעה,דיון והכרעה,דיון והכרעה,דיון והכרעה,דיון והכרעה
SH-19-03-50607-561,"עפ""ג (מח' ת""א) 730-05-10 אמיר אלוני נ' מדינת ישראל [פורסם בנבו] (ניתן ביום 20.6.2011) התקבל ערעור נאשם אשר הורשע על יסוד הודאתו, בביצוע עבירה של החזקת סמים שלא לצריכה עצמית, בכך שהחזיק במונית שבחזקתו, 1,885 גר' חשיש, מחולק ל-20 סוליות. בית המשפט המחוזי הפחית מעונשו של הנאשם ל- 6 חודשי מאסר בפועל לריצוי בעבודות שירות, מאסר מותנה וקנס בסך 15,000 דולר.",מדיניות הענישה הנוהגת בעבירות החזקת סם שלא לצריכה עצמית :,דיון והכרעה,דיון והכרעה,דיון והכרעה,דיון והכרעה,דיון והכרעה
SH-19-03-50607-561,"בת""פ (ראשל""צ) 20214-11-14 מדינת ישראל נ' עידן יחיא ואח' [פורסם בנבו] (ניתן ביום 29.2.2016) הורשע נאשם על יסוד הודאתו במסגרת הסדר, בביצוע עבירות של קשירת קשר לביצוע פשע, החזקת סמים שלא לצריכה עצמית והחזקת סמים לצריכה עצמית בכך שתכנן עם אחרים לרכוש סמים במימונו. כך החזיק הנאשם 780 גר' נטו קנבוס ו- 1.9 גרם נטו קנבוס. בית המשפט כיבד את ההסדר והטיל על הנאשם, בעל עבר פלילי, 3 חודשי מאסר בפועל, לצד הפעלת מאסר מותנה בן 3 חודשים במצטבר, מאסרים מונים וקנס בסך 30,000 ₪. הוארכה פסילת רישיון הנהיגה המותנית שהוטלה על הנאשם.",מדיניות הענישה הנוהגת בעבירות החזקת סם שלא לצריכה עצמית :,דיון והכרעה,דיון והכרעה,דיון והכרעה,דיון והכרעה,דיון והכרעה
SH-19-03-50607-561,"בת""פ (רמ') 42543-06-14 משטרת ישראל תביעות-שלוחת רמלה נ' קובי בלו [פורסם בנבו] (ניתן ביום 3.1.2016) הורשע נאשם, על יסוד הודאתו בביצוע עבירות של החזקת סמים שלא לצריכה עצמית, החזקת כלים להכנת סם לצריכה עצמית והחזקת סמים לצריכה עצמית (מתיק שצורף), בכך שהחזיק 170.4 גר' נטו חשיש וכלים עליהם שרידי סם ובמועד אחר, החזיק 9.34 גר' חשיש לצריכתו העצמית. נקבע מתחם ענישה הולם לעבירות החזקת כלים והחזקת סמים שלא לצריכה עצמית שבין חודש מאסר לריצוי בעבודות שירות לבין 15 חודשי מאסר. על הנאשם, בעל עבר פלילי, הוטלו חודשיים מאסר בפועל לריצוי בעבודות שירות, מאסרים מותנים, קנס בסך 5,000 ₪, פסילה מותנית וצו מבחן לשנה.",מדיניות הענישה הנוהגת בעבירות החזקת סם שלא לצריכה עצמית :,דיון והכרעה,דיון והכרעה,דיון והכרעה,דיון והכרעה,דיון והכרעה
SH-19-03-50607-561,מדיניות הענישה הנוהגת בעבירת קשירת קשר לביצוע פשע הינה ממאסר על תנאי ועד מספר חודשים של מאסר בפועל מאחורי סורג ובריח שעה שנסיבות ביצוע העבירה ומהות עבירת הפשע הינם שיקולים של ממש בקביעת העונש הראוי בעבירה זו.,מדיניות הענישה הנוהגת בעבירות החזקת סם שלא לצריכה עצמית :,דיון והכרעה,דיון והכרעה,דיון והכרעה,דיון והכרעה,דיון והכרעה
SH-19-03-50607-561,מצבו הכלכלי של הנאשם :,מדיניות הענישה הנוהגת בעבירות החזקת סם שלא לצריכה עצמית :,דיון והכרעה,דיון והכרעה,דיון והכרעה,דיון והכרעה,דיון והכרעה
SH-19-03-50607-561,"סעיף 40 לחוק העונשין, התשל""ז-1977 קובע כי :",מדיניות הענישה הנוהגת בעבירות החזקת סם שלא לצריכה עצמית :,דיון והכרעה,דיון והכרעה,דיון והכרעה,דיון והכרעה,דיון והכרעה
SH-19-03-50607-561,"בענייננו לא הובאו ראיות מטעם ההגנה בגין מצבו הכלכלי של הנאשם ואף נמסר כי הצדדים עותרים בהסכמה להטלת קנס כספי ע""ס 25,000 ₪ אשר ישולם בתשלומים.",מדיניות הענישה הנוהגת בעבירות החזקת סם שלא לצריכה עצמית :,דיון והכרעה,דיון והכרעה,דיון והכרעה,דיון והכרעה,דיון והכרעה
SH-19-03-50607-561,"נוכח כל האמור לעיל,  אני קובע בהתאם להוראות  לסעיף 40 יג' לחוק העונשין , כי מתחם העונש ההולם בעניינו של הנאשם הינו  ממאסר בפועל  לתקופה של 15 חודשים ועד  - 30 חודשי מאסר בפועל וכן עונשים נלווים של מאסר מותנה , קנס כספי הנע בין 10,000 ועד 50,000 ₪ , התחייבות כספית ופסילת רישיון נהיגה בפועל ועל תנאי.",מדיניות הענישה הנוהגת בעבירות החזקת סם שלא לצריכה עצמית :,דיון והכרעה,דיון והכרעה,דיון והכרעה,דיון והכרעה,דיון והכרעה
SH-19-03-50607-561,סעיף 40ד לחוק העונשין מורה כי בשלב שלאחר קביעת טווח הענישה הראוי בית המשפט רשאי לחרוג ממתחם העונש ההולם כאשר קיים סיכוי של ממש לשיקומו של הנאשם.,ז.	בחינת סטייה ממתחם העונש ההולם :,דיון והכרעה,דיון והכרעה,דיון והכרעה,דיון והכרעה,דיון והכרעה
SH-19-03-50607-561,"במקרה שבפני לא עתר הנאשם להגשת תסקיר שירות המבחן בעניינו והסתפק בהעלאת טענותיו בגין הנסיבות האישיות במעמד הטיעונים לעונש.  למעשה הטענה היחידה אשר נשמעה מפי ב""כ הנאשם והנאשם  הינה כי הנאשם הבין טעותו ועושה בתקופת מעצרו לתיקון דרכיו ותורם בהיותו תומך לעצורים אחרים (נ/2) אך משנמנע הנאשם מלבקש כי יוגש תסקיר שירות המבחן בעניינו ולא עבר כל הליך טיפולי הלכה למעשה, משיקוליו הוא, הרי שלא מצאתי מקום לשקול במקרה זה ונוכח חומרתן של העבירות סטייה לקולא ממתחם העונש ההולם.",ז.	בחינת סטייה ממתחם העונש ההולם :,דיון והכרעה,דיון והכרעה,דיון והכרעה,דיון והכרעה,דיון והכרעה
SH-19-03-50607-561,"עם זאת ולאור היותו של מתחם העונש ההולם רחב דיו והיעדר עבר פלילי לחובת הנאשם,  לא מצאתי גם מקום לחרוג לחומרא ממתחם העונש ההולם בעניינו של הנאשם.",ז.	בחינת סטייה ממתחם העונש ההולם :,דיון והכרעה,דיון והכרעה,דיון והכרעה,דיון והכרעה,דיון והכרעה
SH-19-03-50607-561,קביעת העונש הראוי :,ז.	בחינת סטייה ממתחם העונש ההולם :,דיון והכרעה,דיון והכרעה,דיון והכרעה,דיון והכרעה,דיון והכרעה
SH-19-03-50607-561,"בהתאם לסעיף 40 יא' לחוק העונשין, בגזירת העונש המתאים לנאשם, בגדר מתחם העונש ההולם, יש להתחשב בנסיבות שאינן קשורות בביצוע העבירה . לצורך גזירת דינו של הנאשם שבפני נתתי את הדעת לנסיבות הבאות:",נסיבות שאינן קשורות בביצוע העבירה:,דיון והכרעה,דיון והכרעה,דיון והכרעה,דיון והכרעה,דיון והכרעה
SH-19-03-50607-561,"פגיעת העונש בנאשם –  הפגיעה הפוטנציאלית לה צפויה נאשם כתוצאה מעונש מאסר ממושך מאחורי סורג ובריח הינו ההשלכה על חירותו והחשש להתדרדרותו לעולם הפשע שעה שזהו לו מאסרו הראשון. כך גם יש ליתן משקל לעובדה כי זהו לו מעצרו הראשון ומדובר במעצר ממושך בן כ – 8 חודשים. עם זאת הנאשם אינו נשוי וטרם הקים משפחה, ולא ביקש לקבל בעניינו תסקיר שירות המבחן שיעמוד על השלכות עונש המאסר.",נסיבות שאינן קשורות בביצוע העבירה:,דיון והכרעה,דיון והכרעה,דיון והכרעה,דיון והכרעה,דיון והכרעה
SH-19-03-50607-561,"ב""כ הנאשם הגיש אסופת מסמכים (נ/1) מהם עולה כי הנאשם זכאי לתעודת בגרות וסיים לימודי הנדסאי אך לא נטען בפני כי מעצרו קטע עיסוק בתעסוקה קבועה ויציבה. כמו כן לא מצאתי ביסוס ראייתי לטענה כי ארוסתו של הנאשם עשבה אותו עם מעצרו , הגם שיקשה להניח כי טענה זו הינה טענה בעלמא.",נסיבות שאינן קשורות בביצוע העבירה:,דיון והכרעה,דיון והכרעה,דיון והכרעה,דיון והכרעה,דיון והכרעה
SH-19-03-50607-561,נטילת אחריות –  הנאשם הודה בעובדות כתב האישום המתוקן במיוחס לו בבית המשפט ובכך חסך העדתם של עדים רבים לרבות סוגן משטרתי סמוי.,נסיבות שאינן קשורות בביצוע העבירה:,דיון והכרעה,דיון והכרעה,דיון והכרעה,דיון והכרעה,דיון והכרעה
SH-19-03-50607-561,עברו הפלילי של הנאשם : לחובתו של הנאשם אין עבר פלילי.,נסיבות שאינן קשורות בביצוע העבירה:,דיון והכרעה,דיון והכרעה,דיון והכרעה,דיון והכרעה,דיון והכרעה
SH-19-03-50607-561,"על העונש במקרה זה לבטא מסר ברור לעבריינים בפועל ובכח בתחום הסמים המסוכנים אשר מהווים חלק משרשרת ההפצה של הסם המסוכן כי העיסוק בהפצת הסם המסוכן הינו עיסוק שעונש חמור בחובו, אינו משתלם לעוסק בו ועקרון זה תקף לכל שרשרת הפצת הסם המסוכן.",הרתעת הרבים :,דיון והכרעה,דיון והכרעה,דיון והכרעה,דיון והכרעה,דיון והכרעה
SH-19-03-50607-561,"הגם שמצאתי כי אין מקום לסטות ממתחם העונש ההולם לחומרא בשל חשש כי הנאשם יחזור על מעשיו והצורך להגן מפניו על שלום הציבור, הרי שהצורך בהרתעת הנאשם שבפני נלמד הן מחומרתן של העבירות , הסדרתיות בביצוען והן מן העובדה כי לא עבר כל הליך טיפולי או שיקומי מעת מעצרו ועד מתן גזר הדין. הנאשם טען בפני בית המשפט כי הפנים חומרת העבירות והנזק בביצוען אך אמירות אלו אינן נתמכות בחוות דעת מקצועית למעט היותו תומך עצורים אחרים בעת מעצרו (נ/2).",הרתעת היחיד : ,דיון והכרעה,דיון והכרעה,דיון והכרעה,דיון והכרעה,דיון והכרעה
SH-19-03-50607-561,המאשימה  עתרה לפסילת רישיון הנהיגה של הנאשם והטלת פסילה על תנאי תוך שהמאשימה עותרת כי תקופת הפסילה תחל עם שחרורו ממאסר. לאור השימוש שנעשה ברכבו של הנאשם באישום הראשון לצורך ביצוע עבירות הסחר בסם מסוכן (הנאשם הורשע בסיוע לביצוען) והיעדר כל אינדיקציה האם הנאשם עושה או אינו עושה שימוש בסמים מסוכנים מצאתי כי יש מקום להורות על פסילה ממושכת יחסית של רישיון הנהיגה על מנת שיקשה על הנאשם לבצע עבירות דומות עם שחרורו וכן להרתיעו.,הרתעת היחיד : ,דיון והכרעה,דיון והכרעה,דיון והכרעה,דיון והכרעה,דיון והכרעה
SH-19-03-50607-561,"לאור כל האמור לעיל מצאתי כי מן הראוי למקם עונשו הראוי של הנאשם בחלקו התחתון יחסית של מתחם העונש ההולם נוכח חומרתן של העבירות מחד גיסא הבאה לידי ביטוי במספרן, כמות הסם שנמכר וסוגו וכן כמות הסם בו החזיק שלא לצריכה עצמית , הפגיעה הממשית בערכים המוגנים, התכנון המוקדם, אשמו המלא של הנאשם , והיעדר המלצה טיפולית בעניינו, תוך מתן משקל של ממש בעת מיקום העונש הראוי מאידך גיסא להיעדר עבר פלילי לחובת הנאשם , הודאתו בהזדמנות הראשונה , הבעת החרטה בפני בית המשפט והפגיעה הקשה הצפויה בנאשם עם שליחתו למאסר ראשון בחייו מאחורי סורג ובריח. עוד נתתי דעתי לענישה הכלכלית המוסכמת אשר תטיל עול נוסף על כתפי הנאשם ומשפחתו ותרתיעו, כך יש לקוות, מלשוב לסורו ולהתפתות לעשיית ""כסף קל"".",הרתעת היחיד : ,דיון והכרעה,דיון והכרעה,דיון והכרעה,דיון והכרעה,דיון והכרעה
SH-19-03-50607-561,לאחר ששמעתי את טיעוני הצדדים ונתתי דעתי לעבירות בהן הורשע הנאשם בכתב האישום המתוקן וכלל השיקולים לעיל אני גוזר על הנאשם את העונשים הבאים:,הרתעת היחיד : ,דיון והכרעה,דיון והכרעה,דיון והכרעה,דיון והכרעה,דיון והכרעה
SH-19-03-50607-561,מאסר לתקופה של 17 חודשים בפועל.,הרתעת היחיד : ,דיון והכרעה,דיון והכרעה,דיון והכרעה,דיון והכרעה,דיון והכרעה
SH-19-03-50607-561,מתקופת המאסר תנוכה תקופת מעצרו מיום 12.3.19.,הרתעת היחיד : ,דיון והכרעה,דיון והכרעה,דיון והכרעה,דיון והכרעה,דיון והכרעה
SH-19-03-50607-561,מאסר על תנאי לתקופה של 12 חודשים והתנאי הוא כי במשך  3 שנים לא יעבור עבירה מסוג פשע בפקודת הסמים המסוכנים ויורשע בגינה בתקופת התנאי או לאחריה.,הרתעת היחיד : ,דיון והכרעה,דיון והכרעה,דיון והכרעה,דיון והכרעה,דיון והכרעה
SH-19-03-50607-561,מאסר על תנאי לתקופה של 6 חודשים והתנאי הוא כי במשך  3 שנים לא יעבור עבירה מסוג עוון בפקודת הסמים המסוכנים או קשירת קשר לביצוע פשע  ויורשע בגינה בתקופת התנאי או לאחריה.,הרתעת היחיד : ,דיון והכרעה,דיון והכרעה,דיון והכרעה,דיון והכרעה,דיון והכרעה
SH-19-03-50607-561,"קנס בסך 25,000 ש""ח או 150 ימי מאסר תמורתו אשר ירוצה במצטבר לכל עונש מאסר אחר שמרצה הנאשם. הקנס ישולם  ב  50  שיעורים חודשיים שווים ורצופים, תשלום  ראשון עד יום 1.3.20 ובכל 1 לחודש  ועד התשלום המלא בפועל.",הרתעת היחיד : ,דיון והכרעה,דיון והכרעה,דיון והכרעה,דיון והכרעה,דיון והכרעה
SH-19-03-50607-561,"אי תשלום אחד מהשיעורים, יעמיד את היתרה לפירעון מיידי. תשלום הקנס יועבר לטובת  קרן החילוט בהתאם להוראות סעיפים 36ח(א) ו – 36י' לפקודת הסמים המסוכנים.",הרתעת היחיד : ,דיון והכרעה,דיון והכרעה,דיון והכרעה,דיון והכרעה,דיון והכרעה
SH-19-03-50607-561,אני פוסל את הנאשם מלנהוג ברכב מנועי ו/או להחזיק ברישיון נהיגה למשך 12 חודשים החל מיום שחרורו ממאסר. הוסבר לנאשם כי עליו להפקיד את רישיון הנהיגה במזכירות בית משפט השלום בטבריה  וכי מרוץ הפסילה ימנה רק מרגע הפקדת רישיון הנהיגה.,הרתעת היחיד : ,דיון והכרעה,דיון והכרעה,דיון והכרעה,דיון והכרעה,דיון והכרעה
SH-19-03-50607-561,פסילה מלקבל או להחזיק רישיון נהיגה למשך 12 חודשים ואולם הנאשם לא יישא בעונש זה אלא אם יעבור בתוך תקופה של 3 שנים  מיום שחרורו ממאסר עבירה לפי פקודת הסמים המסוכנים.,הרתעת היחיד : ,דיון והכרעה,דיון והכרעה,דיון והכרעה,דיון והכרעה,דיון והכרעה
SH-19-03-50607-561,ניתן בזאת צו להשמדת מוצגי סמים. רובה איירסופט ומשקל אלקטרוני.,הרתעת היחיד : ,דיון והכרעה,דיון והכרעה,דיון והכרעה,דיון והכרעה,דיון והכרעה
SH-19-03-50607-561,5129371רכב ואופנוע שנתפסו בתיקי החקירה מחזקת הנאשם יוחזרו לידי הנאשם או בגיר מטעמו ישירות או באמצעות ייפוי כוח בכתב.,הרתעת היחיד : ,דיון והכרעה,דיון והכרעה,דיון והכרעה,דיון והכרעה,דיון והכרעה
SH-19-03-50607-561,"54678313תיק גב, טלפונים ניידים , תעודת זהות ושעון יד יוחזרו לבעליהם.",הרתעת היחיד : ,דיון והכרעה,דיון והכרעה,דיון והכרעה,דיון והכרעה,דיון והכרעה
SH-19-12-65763-975,"פקודת הסמים המסוכנים [נוסח חדש], תשל""ג-1973: סע'  7(א), 7(ג), 13, 19א",nothing,מידע אחר,מידע אחר,מידע אחר,מידע אחר,מידע אחר
SH-19-12-65763-975,"הנאשם הורשע ביום 10.1.22 על פי הודייתו במסגרת הסדר טיעון בכתב אישום מתוקן בעבירה של החזקת סמים שלא לצריכה עצמית לפי סעיפים 7(א) ו-7(ג) רישא בפקודת הסמים המסוכנים [נוסח חדש] תשל""ג-1973 (להלן: פקודת הסמים) ובריבוי עבירות של סחר בסמים מסוכנים לפי סעיפים 13 ו- 19א בפקודת הסמים. בהתאם להבנות שהושגו בין הצדדים הופנה הנאשם לשירות המבחן לקבלת תסקיר. לא גובשה הסכמה לעניין העונש.",כתב האישום המתוקן ועובדות הצריכות לעניין,עובדות המקרה,עובדות המקרה,עובדות המקרה,עובדות המקרה,עובדות המקרה
SH-19-12-65763-975,"אישום ראשון: בתאריך 23.2.18 במהלך חיפוש שנערך בביתו של הנאשם וברכבו נמצא כי הנאשם החזיק בביתו סם מסוכן מסוג קנאביס במשקל נטו של 2.795 גרם ואילו בתוך תיק מתחת למושב הנוסע ליד הנהג ברכבו, החזיק בסם מסוכן מסוג קנאביס במשקל 234.5 גרם, כשהוא מחולק לשקיות וכן במשקל כקטן.",כתב האישום המתוקן ועובדות הצריכות לעניין,עובדות המקרה,עובדות המקרה,עובדות המקרה,עובדות המקרה,עובדות המקרה
SH-19-12-65763-975,"אישום שני: כחודשיים עובר למתואר לעיל, פתח הנאשם חשבון משתמש ביישומון טלגרם. בהמשך לכך ובמהלך כחודשיים ימים לערך, רכש הנאשם סם מסוכן מסוג קנאביס, פרסם מודעות למכירת הסם בחשבון וביצע עסקאות סחר בסם באמצעות החשבון, תוך שמאמת פרטי הקונים באמצעות תעודה מזהה. במסגרת העסקאות מכר הנאשם סך הכול 100 גרם סם מסוכן מסוג קנאביס במחיר של 100 ₪ לגרם ו- 350 ₪ ל- 5 גרם, וזאת במספר הזדמנויות שאינו ידוע במדויק.",כתב האישום המתוקן ועובדות הצריכות לעניין,עובדות המקרה,עובדות המקרה,עובדות המקרה,עובדות המקרה,עובדות המקרה
SH-19-12-65763-975,כמתואר בכל אחד מהאישומים השלישי עד החמישי בשלושה מועדים בלתי ידועים בתקופה בין 23.2.18 ועד 9.4.18 סחר הנאשם בסם מסוכן קנאביס באותו דפוס פעולה – הקונה הזמין סם באמצעות האפליקציה ולאחר מכן הגיע הנאשם למקום המפגש המתואם ומסר לקונה את הסם. באישום השלישי – מכר לא.ג סם מסוכן במשקל של גרם תמורת סכום של 50-60 ₪; באישום הרביעי–  מכר לשליו סם מסוכן 5 גרם תמורת 350 ₪; באישום החמישי– מכר לדניאל סם מסוכן במשקל  10 גרם תמורת 600 ₪.,כתב האישום המתוקן ועובדות הצריכות לעניין,עובדות המקרה,עובדות המקרה,עובדות המקרה,עובדות המקרה,עובדות המקרה
SH-19-12-65763-975,"בפתח פרק זה יצוין, כי עוד טרם הרשעתו, הופנה הנאשם לבחינת התאמתו להליך בבית המשפט הקהילתי. בתסקיר מיום 27.10.21 חיווה שירות המבחן דעתו כי לנאשם נזקקות טיפולית במגוון תחומים, התחום הבריאותי, ההתמכרותי והרגשי וכי קיים סיכון במצבו אולם ניסיונות לשוחח עמו על מנת לזמנו לפגישה נוספת ולבדיקת שתן עלו בתוהו ולפיכך הביע שירות המבחן ספק לגבי מידת הכוחות והמוטיבציה של הנאשם להשתלב בהליך טיפולי אינטנסיבי. בשל נסיבותיו של הנאשם, כפי שיפורט בהמשך, הסכימה המאשימה להפנותו לבדיקת התאמה נוספת אולם בתסקיר מיום 4.1.22 עדכן שירות המבחן כי ביום 24.11.21 נערכה לנאשם בדיקת שתן בה נמצאו סמים מסוג הרואין, מתדון בנזו וקוקאין. שוקף לנאשם שעליו להתנקות מסמים במסגרת אשפוזית על מנת להשתלב בהליך הקהילתי והוא הופנה ליחידה להתמכרויות באזור מגוריו לצורך זה, אולם הוא לא יצר עמם קשר. בסמוך למועד הגשת התסקיר מסר הנאשם בשיחה טלפונית שנגמל בכוחות עצמו אך לא הגיע לבדיקה לאיתור ממצאי סמים שנקבעה עבורו. נוכח האמור, חזר שירות המבחן על עמדתו.",תסקירי שירות המבחן ,תסקיר שירות מבחן,תסקיר שירות מבחן,תסקיר שירות מבחן,תסקיר שירות מבחן,תסקיר שירות מבחן
SH-19-12-65763-975,"ביום 10.1.22 הודה הנאשם בפני כב' השופטת דיבון סגל בכתב האישום המתוקן ובהמשך הוגשו מספר תסקירים, אשר פרשו תמונה רחבה אודות מורכבות חייו ונסיבותיו האישיות.",תסקירי שירות המבחן ,תסקיר שירות מבחן,תסקיר שירות מבחן,עובדות המקרה,תסקיר שירות מבחן,תסקיר שירות מבחן
SH-19-12-65763-975,"מתסקיר מיום 20.11.22 עלה שהנאשם יליד 1971, גרוש בשנית, כיום נמצא בזוגיות, אב לארבעה ילדים. מאז שחרורו מהצבא עובד בעסק משפחתי בתחום הרהיטים, פיתח את העסק והקים מספר חנויות למכירת רהיטים ברחבי הארץ. בשנת 2015 נהרגו הוריו בעת פיצוץ בלון גז בביתם. אחד מאחיו היה בבית בעת האירוע ומאז התדרדר מצבו הנפשי, הוא ניסה לשים קץ לחייו ואושפז לתקופות ארוכות בבית חולים פסיכיאטרי. הנאשם לקח על עצמו את האחריות על אחיו ומטפל בענייניו השונים. ביחס לעבירות, שיתף הנאשם כי בתקופה הרלוונטית הוא ואחיו התמודדו עם משבר, העסק קרס ונצברו לחובתו חובות כספיים כבדים ועל רקע זה החל לבצע עסקאות סמים מתוך חשיבה שקנאביס הינו סם לגאלי וכי אין במעשיו מרכיב פלילי. בנוגע לשימוש לרעה שעושה בסמים, הנאשם מסר מידע שאינו קוהרנטי לדברים שאמר במסגרת חקירות קודמות לשירות המבחן ואמר שהחל לצרוך סמים בגיל 37 כאשר אביו לקה בליבו, וזאת בפער לגרסה לפיה החל לצרוך סמים בגיל מוקדם יותר על רקע משבר בזוגיות. בדומה לבדיקה שנערכה לצורך הכנת תסקיר בעניין התאמתו לבית המשפט הקהילתי, גם בבדיקה נוכחית נמצאו עקבות סם מסוגים שונים, אך הנאשם עדיין סבר שאינו יכול להיעזר בטיפול. לדבריו עושה שימוש בסמים ובתרופות ללא מרשם במצבי משבר ולחץ. עוד צוין כי במסגרת הליך קודם הושת על הנאשם צו מבחן אולם הוא התקשה לשתף פעולה ולא השלים את עבודות השל""צ שהוטלו עליו. שירות המבחן חיווה דעתו שהנאשם נוטה לקחת סיכונים, מתקשה להציב לעצמו גבולות ולשמור על כללים וחוקים וכן מתקשה לקבל אחריות מלאה על מעשיו או לבחון לעומק את מניעיו ולשתף פעולה בהליך שיקומי. אל מול גורמי סיכון אלה, צוינו גורמי סיכוי: הנאשם שומר על רצף תעסוקתי ומגלה אחריות כלפי בני משפחתו ועל אף חוסר היציבות בחייו לא קיים עבר פלילי מכביד. לנוכח עמדתו השוללת התערבות טיפולית, לא בא שירות המבחן בהמלצה בעניינו.",תסקירי שירות המבחן ,תסקיר שירות מבחן,תסקיר שירות מבחן,תסקיר שירות מבחן,תסקיר שירות מבחן,תסקיר שירות מבחן
SH-19-12-65763-975,"בדיון שנערך ביום 23.11.22 טען הנאשם שלא הובן להלכה, הצהיר שהוא מוכן להשתלב בכל הליך טיפולי שיוצע לו לרבות בקהילה סגורה ולפיכך הורה בית המשפט על קבלת תסקיר משלים.",תסקירי שירות המבחן ,תסקיר שירות מבחן,תסקיר שירות מבחן,תסקיר שירות מבחן,תסקיר שירות מבחן,תסקיר שירות מבחן
SH-19-12-65763-975,"בתסקירים נוספים עדכן שירות המבחן כי בעקבות הכרה של הנאשם בהתמכרותו לחומרים פסיכו-אקטיביים שעמה מתקשה להתמודד בכוחות עצמו, השתלב הנאשם ביום 29.1.23 בטיפול במסגרת אשפוזית. הנאשם אמנם עבר הליך של גמילה פיזית אך עלתה התרשמות של חוסר מוטיבציה לתהליך נפשי שיקומי, הנאשם סירב להשתתף בקבוצות טיפוליות, לא שיתף פעולה בשיחות פרטניות ואף לא נענה להמלצה להשתלב במסגרת קהילה טיפולית, אלא בחר להשתלב במרכז יום לגמילה מסמים באשדוד. גם שם לא שמר הנאשם על רצף טיפולי והמשיך להשתמש בסמי רחוב וכן לא נענה ליצירת קשר עם שירות המבחן. דו""ח טיפול מסכם מהמסגרת הטיפולית לימד שהנאשם לא הצליח להפנים את מטרות התוכנית הטיפולית והתקשה לעמוד בתנאי הטיפול, על אף שיחות שנערכו עמו. בדיקות שתן אמתו את החשד שהוא ממשיך להשתמש בסמים, בנוסף לטיפול התרופתי הניתן במרפאה ואף נצפה על ידי חובש כשהוא מוציא את הטיפול התרופתי מפיו במקום לנטול אותו על פי כללי משרד הבריאות. למעשה, מיום 24.6.23 הפסיק הנאשם להגיע למרכז והקשר עמו נותק. לאור כל האמור חיווה שירות המבחן דעתו כי הנאשם אינו פנוי להליך טיפולי כלשהו ולפיכך נמנע מהמלצה שיקומית בעניינו.",תסקירי שירות המבחן ,תסקיר שירות מבחן,תסקיר שירות מבחן,תסקיר שירות מבחן,תסקיר שירות מבחן,תסקיר שירות מבחן
SH-19-12-65763-975,"בתו של הנאשם העידה וסיפרה כי לפני כשנה חזרה לקשר עם אביה, לאחר ששנים לא היו בקשר, על רקע התמכרותו לסמים. לדבריה, מאז חודש מרץ 23' הנאשם כבר אינו נוגע בסמים, הוא צלול ואפשר לדבר איתו. הבת הוסיפה כי לאור ניקיונו של הנאשם מסמים והעובדה שהוא ""צלול"" היא מאפשרת לבתה בת ה- 6 לישון אצל הנאשם, דבר שלא היה עולה על דעתה כשהיה משתמש בסמים. בסיכום דבריה אמרה: ""זכיתי באבא שלי בחזרה, פשוט ככה"".",עדויות ההגנה לעניין העונש,ראיות לעונש,ראיות לעונש,תסקיר שירות מבחן,ראיות לעונש,ראיות לעונש
SH-19-12-65763-975,"אחיו של הנאשם סיפר על מותם הטרגי של ההורים ועל ההשפעות הקשות עליו ועל אחיו הנאשם. סיפר שהוא עצמו עבר דום לב והיה מורדם ומונשם. היום הוא והנאשם עובדים בעסק המשפחתי, הנאשם מנהל את העסק ואחראי על ההזמנות.",עדויות ההגנה לעניין העונש,ראיות לעונש,ראיות לעונש,תסקיר שירות מבחן,ראיות לעונש,ראיות לעונש
SH-19-12-65763-975,"בת זוגו של הנאשם סיפרה שמכירה את הנאשם מעל 20 שנים. הנאשם אינו עבריין באישיותו אלא עבר משברים קשים והתרסק לנגד עיניה. בת הזוג סיפרה שהאמינה בנאשם כל השנים ""ולכן אנו רואים היום את התוצאה שהבן אדם לוקח את עצמו בסוף בידיים, פרנס את המשפחה והקיף סביבו את כל הילדים והנכדים"". השינוי החיובי בנאשם היה לפני כשנה כשסיים את האשפוזית :""יש לו (לנאשם) בן בעזה שכל יום הוא משתף אותו. אנחנו בסיטואציה של פחד מוות והוא העוגן שלנו בבית. אני מתחננת שתשאירו אותו אתנו בבית. יש לנו ילדה משותפת בת 13 , הוא מגדל אותה מלידה הוא הראשון שהחזיק אותה בידיים ואני לא אומרת סתם אלא אני מכירה אותו ואת האישיות שלו, הוא כמו עוף החול שקם מתוך משבר"".",עדויות ההגנה לעניין העונש,ראיות לעונש,ראיות לעונש,תסקיר שירות מבחן,ראיות לעונש,ראיות לעונש
SH-19-12-65763-975,"בפתח דבריה ציינה ב""כ המאשימה כי על אף שבתיקים דומים טוענת היא למספר מתחמים, כשמדובר בקליינטים שונים ומועדים שונים, הרי שבשל חלוף הזמן ונסיבותיו של הנאשם, תטען היא למתחם אחד. בטיעוניה עמדה על נסיבות ביצוע העבירות ועל הערכים המוגנים שנפגעו. הדגישה שאין מדובר באירוע נקודתי של מכירה אלא במי שפועל במהלך תקופה להפצת הסם, לרבות לקטין, כמפורט באישום 3. לאור האמור עתרה למתחם כולל אחד שנע בין 16 חודשי מאסר בפועל לבין 36 חודשים. ב""כ המאשימה התייחסה להודיית הנאשם בכתב האישום ומנגד ולחומרה, לעברו התעבורתי של הנאשם ולתסקירים שאינם נושאים אופי חיובי, הן במישור לקיחת האחריות והן בנוגע לשימוש בסמים. על אף הנסיבות לחומרה, עתרה בסופו של דבר  להשית על הנאשם עונש בתחתית מתחם הענישה, קרי 16 חודשי מאסר בפועל, מאסר על תנאי קנס, פסילה בפועל ועל תנאי.",תמצית טיעוני הצדדים,טיעוני הצדדים,טיעוני הצדדים,טיעוני הצדדים,טיעוני הצדדים,טיעוני הצדדים
SH-19-12-65763-975,"הסנגור סבור כי בשים לב לסוג הסם ולנסיבות ביצוע העבירות, תחתיתו של מתחם העונש ההולם יא במאסר שניתן לרצות בעבודות שירות. בתוך כך טען, כי מכירת הסם נעשתה בהיעדר תחכום, תוך פרסום בפייסבוק, ומכאן כי טענתו של הנאשם לפיה סבר בתמימותו שמדובר בסחר חוקי איננה מופרכת. עוד טען, כי בשל הנסיבות המיוחדות, כמו גם ידיעת החוקרים  את האסון הכבד שפקד את משפחת הנאשם, הוא שוחרר ולא נעצר בניגוד לתיקים דומים אחרים. בנוגע לקביעת העונש בגדרי מתחם הענישה, ביקש הסנגור לשקול את חלוף הזמן המשמעותי מאז ביצוע העבירות והיעדר פתיחת תיקים חדשים. הסנגור ער לכך שהתסקיר אינו מצביע על דרך שיקומית מרשימה, אולם מנגד ביקש לזקוף לזכותו של הנאשם את עדויות בני משפחתו שסיפרו על השינוי שחל בו בתקופה האחרונה בה שומר על ניקיון מסמים ואת העובדה שחזר לכשירות גם מבחינת ניהול העסק, כפי שמלמדות הזמנות של גופים גדולים איתם הוא עובד. נוכח האמור, ביקש להשית על הנאשם עונש מאסר שיינשא בעבודות שירות ""גם אם ברף העליון"" לאחר שנמצא מתאים לכך על ידי הממונה על עבודות השירות.",תמצית טיעוני הצדדים,טיעוני הצדדים,טיעוני הצדדים,טיעוני הצדדים,טיעוני הצדדים,טיעוני הצדדים
SH-19-12-65763-975,"הנאשם אמר את הדברים הבאים: ""קודם כל שמכרתי הייתי תחת השפעת כדורים ולא ידעתי מה אני עושה. כשעצרו אותי ואמרו לי שזה לא חוקי אמרתי תודה רבה, חבל שבאת עכשיו ולא לפני שבועיים. כשהגעתי לבית שמש שם ירד לי האסימון כי אני מגיל 18 רק עובד ברהיטים ולא מכיר שום דבר אחר. הלכתי לאשפוזית ופתאום התחילו להיות סביבי כל מיני טיפוסים נרקומנים. מסביבי אין אף נרקומן. מסביבי כולם נורמטיביים. אמרתי שאני צריך להקים את העסק וזה השיקום הכי טוב בשבילי. אני חוזר ב 23:00-24:00 הביתה. הילדים חזרו להיות איתי בקשר. אני לא יכול לעבוד עליהם. אני גם לא רוצה לעבוד על אף אחד. תעזרו לי להצליח בחזרה לעמוד על הרגליים"".",תמצית טיעוני הצדדים,טיעוני הצדדים,טיעוני הצדדים,טיעוני הצדדים,טיעוני הצדדים,טיעוני הצדדים
SH-19-12-65763-975,"בפתח הדברים אציין, כי בהתאם לעתירת הצדדים, מצאתי לקבוע מתחם ענישה אחד. הואיל ומדובר בעבירות דומות, שקיימת זיקה ביניהן, אשר בוצעו כחלק מתוכנית עבריינית אחת. גישת הצדדים  ראויה ומתיישבת עם גישת הפסיקה ולפיכך לא ברור מדוע מצאה המאשימה להבהיר בפתח דבריה כי עמדה זו נובעת מחלוף הזמן או מנסיבות אישיות של הנאשם –   גורמים הרלוונטיים לקביעת העונש בגדרי המתחם ולא לקביעת מתחם העונש ההולם עצמו. ממילא, יש לזכור כי בהתאם לעיקרון ההלימה יש להתחשב במספר המעשים העברייניים המרכיבים את האירוע, על מנת לשמר  יחס הולם בין חומרת מכלול המעשים ומידת אשמו של הנאשם. בהקשר זה נפסק כי ""הבחינה אם העבירות השונות שביצע הנאשם מהוות ""אירוע אחד"" היא תכליתית-פונקציונאלית"" ומטרתה לשמש כלי עזר לערכאה הדיונית בהשוואת מקרה קונקרטי למקרים אחרים (ראו: ע""פ 4910/13 ג'אבר נ' מדינת ישראל (29.10.14) ע""פ 2216/21  עשור נ' מדינת ישראל (‏19.12.21); ע""פ 2519/14  ענאד אבו קיעאן נ' מדינת ישראל (‏29.12.14)).",מתחם העונש ההולם,דיון והכרעה,דיון והכרעה,דיון והכרעה,דיון והכרעה,דיון והכרעה
SH-19-12-65763-975,"במעשיו הנאשם פגע בערכים המוגנים ובבסיסם הצורך להגן על הציבור מפני הנזקים הישירים הנגרמים כתוצאה מהשימוש בסם ואלה העקיפים הנגרמים כתוצאה מעבריינות אלימות ורכוש הנלווית לשימוש בסמים ולהפצתם. בפסיקה ענפה הדגישו בתי המשפט, על ערכאותיהן השונות, את החומרה הטמונה בעבירות סמים, המצריכות ענישה משמעותית ומרתיעה תוך נקיטת יד קשה כלפי כל המעורבים בשרשרת ביצוע העבירה בעבירות הסמים ועל הצורך בגמול ובהרתעה בדרך של ענישה מחמירה על מנת לשדר מסר ברור לאלה המחפשים דרכים לעשיית רווח כלכלי קל ומהיר (רע""פ 8388/22 אביבי נ' מדינת ישראל (8.12.22); רע""פ 3084/21 יאגודאייב נ' מדינת ישראל (‏12.5.21); ע""פ 2596/18 זנזורי נ' מדינת ישראל (12.8.18)). חרף שינוי המדיניות הנוגעת להחזקת סם מסוג קנביס לצריכה עצמית, הדגיש בית המשפט העליון כי ""מדיניות החדשה זו לא נועדה לעודד הספקה או ייצור של סם, ואין בה לגרוע מהתכלית החברתית של מלחמה נגד התופעות אלו. עולה כי מדיניות הענישה למשתמש העצמי בסם מסוג קנבוס פעם ראשונה לחוד, ומדיניות הענישה למפיץ, לסוחר ולמגדל, ולמסייע להם – לחוד"" (ע""פ 5807/17 דרחי נ' מדינת ישראל (18.6.18)). עוד נפסק בהקשר זה, כי בהתאם לפקודת הסמים סם הקנביס הוא סם מסוכן ולא ניתן להתייחס אליו אחרת או באופן מקל (רע""פ 8759/21 קסלר נ' מדינת ישראל (23.12.21); ע""פ 6299/20 חן נ' מדינת ישראל (4.2.21)).",מתחם העונש ההולם,דיון והכרעה,דיון והכרעה,דיון והכרעה,דיון והכרעה,דיון והכרעה
SH-19-12-65763-975,"בחינת הפסיקה מעלה כי בשל הפגיעה בערכים המוגנים, נוהגים בתי המשפט, על דרך הכלל, להשית עונשי מאסר בפועל על אלה ששולחים ידם בעבירות סחר בסמים.",מתחם העונש ההולם,דיון והכרעה,דיון והכרעה,דיון והכרעה,דיון והכרעה,דיון והכרעה
SH-19-12-65763-975,"ברע""פ 3059/21 ימין נ' מדינת ישראל (5.5.21) –  נדחתה בקשת רשות ערעור של הנאשם כנגד עונש מאסר בן 8 חודשים בעבודות שירות שהושת עליו בגין הרשעתו בחמש עבירות סחר בסם מסוג קנאביס בצוותא באמצעות יישומון ה""טלגראס"", תמורת שכר יומי בסך 500 ₪ וכן בהחזקת 50 גרם קנאביס שלא לצריכה עצמית, מחולק למנות, שנמצא לצד שקיות חלוקה, משקל וסכום כסף מזומן בסך של מעל 25,000 ₪. בית משפט השלום קבע כי מתחם העונש ההולם נע בין 10 ל- 20 חודשי מאסר בפועל בגין עבירות הסחר הסמים אולם מצא לחרוג מטעמי שיקום.",מתחם העונש ההולם,דיון והכרעה,דיון והכרעה,דיון והכרעה,דיון והכרעה,דיון והכרעה
SH-19-12-65763-975,"רע""פ 7858/19 וקנין נ' מדינת ישראל (28.11.19) –  נדחתה בקשת רשות ערעור שהגיש נאשם שהורשע על יסוד הודאתו בסחר בסמים מסוג קנאביס וחשיש בשתי הזדמנויות במשקל כולל של 5.8 גרם, לאחר שנקבע מתחם הנע בין מספר חודשי מאסר ועד שמונה חודשי מאסר שיכול שירוצו בעבודות שירות. בשל עבר פלילי מכביד הושתו על הנאשם 5 חודשי מאסר בפועל, הופעלו מאסרים על תנאי, וסה""כ נגזר דינו ל- 12 חודשי מאסר בפועל.",מתחם העונש ההולם,דיון והכרעה,דיון והכרעה,דיון והכרעה,דיון והכרעה,דיון והכרעה
SH-19-12-65763-975,"רע""פ 6160/18 רפאל מרואני נ' מדינת ישראל (5.9.18) – המבקש הורשע בעבירות של סחר בסם מסוכן בכך שבארבעה מועדים שונים מכר  סם מסוג קנאביס לשוטר בכמות כוללת של 29.05 גרם ובתמורה לסכום מצטבר של 2500 ₪. בשלושה מועדים נוספים מכר המבקש סם מסוג חשיש לאזרח, במשקל של כגרם אחד בכל מועד, וזאת בתמורה לסכום מצטבר של 300 ₪. כמו הורשע בכך שבמהלך חיפוש בדירה נמצאו סמים מסוג קנביס וחשיש במשקל כולל של 637.49 גרם וכן כסף מזומן בסך 19,970 ₪. כן צירף תיק נוסף, במסגרתו הורשע בהחזקת סמים שלא לצריכה עצמית, הפרת הוראה חוקית ועבירות נוספות שבוצעו על ידו תוך כדי ניהול התיק הראשון. בית משפט השלום קבע כי מתחם העונש ההולם בגין עבירות הסחר הסמים נע בין 6 ל- 18 חודשי מאסר בפועל. בגין שני התיקים  הושת על המבקש עונש של 10 חודשי מאסר בפועל וענישה נלווית. בית משפט מחוזי קיבל את ערעור המדינה וגזר על המבקש עונש של 17 חודשי מאסר בפועל. בקשת רשות ערעור שהוגשה לבית משפט עליון נדחתה.",מתחם העונש ההולם,דיון והכרעה,דיון והכרעה,דיון והכרעה,דיון והכרעה,דיון והכרעה
SH-19-12-65763-975,"עפ""ג (מרכז) 7725-03-23 מזרחי נ' מדינת ישראל (22.5.23) – המערער הורשע בריבוי עבירות סחר בסם מסוכן מסוג קנאביס באמצעות יישומון הטלגרם. מדובר בביצוע 34 עבירות סחר בהן נמכר הסם במשקל כולל של 37 גרם ל-7 קונים, ביניהם שני קטינים, תמורה – 50 ₪ לגרם.  בית משפט השלום קבע כי מתחם העונש ההולם בגין כלל המעשים נע בין 18 ל- 36 חודשים, אולם מצא לסטות מהמתחם מטעמי שיקום והטיל על הנאשם, צעיר נעדר הרשעות קודמות, 12 חודשי מאסר בפועל. בית המשפט המחוזי קיבל את הערעור נגד חומרת העונש ועל מנת לעודד את הנאשם בדרך השיקום, העמיד את העונש על 8 חודשי מאסר בפועל.",מתחם העונש ההולם,דיון והכרעה,דיון והכרעה,דיון והכרעה,דיון והכרעה,דיון והכרעה
SH-19-12-65763-975,"ע""פ 6161/16  יזרעאלוב נ' מדינת ישראל (‏20.02.17) – במהלך למעלה משנה במספר מקרים סחר הנאשם עם אחר  בסמים וחומרים המכונים ""נייס גאי"". בית משפט השלום קבע מתחם הנע בין 8 ל- 20 חודשים והשית על הנאשם, בעל עבר פלילי, שעבר הליך טיפולי, ענישה בתחתית המתחם. בית המשפט העליון סבר כי העונש אינו חורג ממדיניות הענישה הנהוגה, אולם מצא להעדיף את אינטרס השיקום העונש והעמיד את העונש על 6 חודשי מאסר שירוצו בעבודות שירות.",מתחם העונש ההולם,דיון והכרעה,דיון והכרעה,דיון והכרעה,דיון והכרעה,דיון והכרעה
SH-19-12-65763-975,"עפ""ג (מרכז) 58019-05-19 שרעבי נ' מדינת ישראל (24.9.19) – הנאשם הורשע בכך שבמהלך תקופה של כחצי שנה סחר בסמים מסוג קנבוס וחשיש במשקלים בין 1.5 גר' ל- 5 גר' לקונים שונים וכן החזיק כ 25 גר' סמים מסוג קנבוס וחשיש בביתו לצד משקל דיגיטלי וכסף מזומן. בית המשפט קבע כי מתחם הענישה נע בין 20 ל- 35 חודשי מאסר בפועל והשית על הנאשם עונש בתחתית המתחם על אף הרשעות קודמות בתחום הסמים נוכח מאמציו בהליך גמילה בקהילת ""מלכישוע"". הערעור נדחה.",מתחם העונש ההולם,דיון והכרעה,דיון והכרעה,דיון והכרעה,דיון והכרעה,דיון והכרעה
SH-19-12-65763-975,"עפ""ג 36380-07-23 מוכתרי נ' מדינת ישראל (4.12.23) – המערער הורשע על יסוד הודאתו בכתב אישום מתוקן בביצוע עבירות של סחר בסם מסוכן והחזקת סם שלא לצריכה עצמית בכך במהלך תקופה של כ-10 חודשים סחר בסם מסוג קנאביס, ב-6 הזדמנויות שונות, בכל פעם במשקל 10 עד 15 גרם. כמו כן החזיק ברכבו סם מסוכן מסוג קנאביס מחולק לשקיות במשקל כולל של כ- 145 גרם, משקל דיגיטאלי וכסף מזומן בסך כולל של 6,770 ₪. בית משפט השלום קבע כי מתחם העונש ההולם נע בין 12 ל- 24 חודשי מאסר בפועל, אולם מצא לחרוג ממתחם העונש ההולם מטעמי שיקום והשית על המערער 9 חודשי מאסר בעבודות שרות לצד מאסרים על תנאי, קנס, צו מבחן, פסילה על תנאי וחילוט על סך 10,000 ₪. הערעור על חומרת העונש נדחה ובתוך כך ציין בית המשפט המחוזי כי ברגיל מדיניות הענישה מחייבת השתת עונש מאחורי סורג ובריח.",מתחם העונש ההולם,דיון והכרעה,דיון והכרעה,דיון והכרעה,דיון והכרעה,דיון והכרעה
SH-19-12-65763-975,"רע""פ 1267/23 בלקר נ' מדינת ישראל (6.3.23) – המבקש הורשע בעבירות של החזקת סם שלא לצריכה עצמית ובהחזקת כלים להכנת סם שלא לצריכה עצמית לאחר שנמצא בחיפוש כי החזיק במקומות שונים בבית כ 650 גרם סם מסוכן מסוג קנאביס בצד שני משקלים דיגיטליים. בית משפט השלום קבע כי מתחם העונש ההולם הוא בין מאסר מותנה ועד לשנת מאסר בפועל וגזר את עונשו של המבקש בתחתית המתחם. ערעור המדינה על קולת העונש התקבל ובית המשפט המחוזי העמיד את עונשו של המבקש עליו 2 חודשי מאסר לריצוי בדרך של עבודות שירות. בקשת רשות ערעור שהגיש המבקש נדחתה.",מתחם העונש ההולם,דיון והכרעה,דיון והכרעה,דיון והכרעה,דיון והכרעה,דיון והכרעה
SH-19-12-65763-975,"בענייננו מדובר במספר הזדמנויות לא ידוע במדויק בהן ביצע הנאשם עבירות סחר בסם, על פני תקופה בת כארבעה חודשים; הנאשם הוא המבצע העיקרי, נערך למכירת הסם באמצעות רכישת ""מלאי"" ויצירת מאגר לקוחות באמצעות פרסום. הנאשם ערך שימוש ביישומון טלגרם, שמשמש כפלטפורמה מוצפנת המאפשרת תקשורת אנונימית, וכן ווידא את זהותם של הקונים באופן המקטין את הסיכויים להיתפס על ידי מערכת אכיפת החוק. הנאשם היה אמון על הקשר עם הצרכנים וכן מסר את הסם בעצמו במקומות שונים; הוכיח נגישות לסם ויכולת לספק אותו תוך זמן קצר ללקוחות וכן החזיק ברשותו כמות שאיננה קטנה של קנאביס לצד משקל אלקטרוני, כשהוא מחולק וזמין למכירה, באופן המלמד על מעורבותו העמוקה בסחר. בנוגע לאישום השני טענה ב""כ המאשימה כי מדובר בקטין, אולם נסיבה זו נעדרת מעובדות כתב האישום, אשר אמנם התייחס לקונה בראשי תיבות, כמקובל בנוגע לקטינים, אך ללא ציון תאריך הלידה המדויק אלא שנתון בלבד (2000). מכל מקום מדובר באדם צעיר מאד כבן 18 ואף זאת יש לזקוף לחובת הנאשם.  לקולה שקלתי כי מדובר במשקלים נמוכים יחסית וכי התמורה שהשיג הנאשם בגין כלל העסקאות אינה מאד גבוהה. בשים לב לנסיבות ביצוע העבירה ומדיניות הענישה הנוהגת אני קובעת כי מתחם העונש ההולם נע בין 10 חודשים לבין 26 חודשי מאסר בפועל.",מתחם העונש ההולם,דיון והכרעה,דיון והכרעה,דיון והכרעה,דיון והכרעה,דיון והכרעה
SH-19-12-65763-975,"לזכותו של הנאשם זקפתי את הודייתו בכתב האישום, אשר מלמדת על נטילת אחריות ואשר חסכה בזמן שיפוטי. חרף קשייו של הנאשם, עברו הפלילי אינו מכביד וכולל הרשעה אחת משנת 2018 בעבירת תגרה, שבעטיה נדון למאסר על תנאי ולהתחייבות כספית. עם זאת, לחובתו 48 הרשעות בעבירות תעבורה, לרבות בעבירה של נהיגה בזמן פסילה, נהיגה ללא רישיון ונהיגה בהיותו שיכור.",קביעת עונשו של הנאשם בגדרי מתחם הענישה,דיון והכרעה,דיון והכרעה,דיון והכרעה,דיון והכרעה,דיון והכרעה
SH-19-12-65763-975,"הנאשם נותן היום את הדין בגין עבירות שביצע לפני כשש שנים. כתב האישום הוגש כעבור כמעט שנתיים מביצוע העבירות ואף לא בהליך מעצר או בצד בקשה לקביעת תנאים מגבילים כפי שנוהגת המאשימה בדרך כלל. התמשכות נוספת של ההליך רובצת בעיקר לפתחו של הנאשם אשר נעדר מדיונים ואף הוצא נגדו צו הבאה (פרו' 8.7.20; 10.8.20; 11.11.20). בהמשך בשל חילופי ייצוג, בקשות של ההגנה לדחייה לצורך מו""מ עם המאשימה וכן דחיות רבות לצורכי הגשת תסקירים, שישה במספר, והכול מתוך ניסיון משותף של הצדדים כמו גם של בית המשפט לגייס את הנאשם להליך טיפולי ולסייע לו. למרבה הצער, הנאשם לא אחז בידיים שהושטו לו פעמים כה רבות, לא שעה להמלצות שירות המבחן והשתלב בטיפול לבחירתו ואף זאת באופן שאינו מספק. לטענת הנאשם הוא נגמל מסמים לאחר שיצא מהאשפוזית אולם בשל היעדר שיתוף פעולה עם שירות המבחן יש קושי לאמת טענה זו.",קביעת עונשו של הנאשם בגדרי מתחם הענישה,דיון והכרעה,דיון והכרעה,דיון והכרעה,דיון והכרעה,דיון והכרעה
SH-19-12-65763-975,"בצד האמור, הצליח הנאשם להימנע מביצוע עבירות וחרף קשייו והשימוש שעשה בסמים, לרבות כאלה שנחשבים ""קשים"" כגון קוקאין והרואין, הוא לא הורשע בתיקים נוספים, כך שנראה שהורתע מההליך המשפטי. התקופה בה מכר סמים היא חריגה לחייו ונראה שלאורך השנים שמר על יציבות תעסוקתית.",קביעת עונשו של הנאשם בגדרי מתחם הענישה,דיון והכרעה,דיון והכרעה,דיון והכרעה,דיון והכרעה,דיון והכרעה
SH-19-12-65763-975,"עוד שקלתי את עדויות בני משפחתו של הנאשם, המלווים אותו במסירות לכל הדיונים, סיפרו על השינוי שחל בו, תומכים ונתרמים לסייע לו בשיקומו. נוכח האמור, ועל אף שבנסיבות אחרות מן הראוי היה להשית עונש של מאסר בפועל, אני סבורה כי בהתחשב בנסיבותיו החריגות מאד של הנאשם, האובדן הקשה שחווה, שזעזע את חייו, כמו גם חלוף הזמן המשמעותי ביותר מאז העבירות, העונש הראוי לו הוא במאסר לתקופה המקסימלית בעבודות שירות.",קביעת עונשו של הנאשם בגדרי מתחם הענישה,דיון והכרעה,דיון והכרעה,דיון והכרעה,דיון והכרעה,דיון והכרעה
SH-19-12-65763-975,מאסר בפועל למשך 9 חודשים.,"לפיכך, אני גוזרת על הנאשם את העונשים הבאים:",דיון והכרעה,דיון והכרעה,דיון והכרעה,דיון והכרעה,דיון והכרעה
SH-19-12-65763-975,"עונש המאסר ירוצה בעבודות שירות, החל מיום  22.4.24  (או במועד אחר שיקבע הממונה על עבודות השירות) . על הנאשם להתייצב במשרדי הממונה על עבודות השירות בשב""ס – יחידת ברקאי, שלום דרום- סמוך לכלא באר שבע, באותו מועד בשעה 08:00. הנאשם מוזהר כי עליו לעמוד בתנאי ההעסקה ובדרישות הממונה וכי כל חריגה מהכללים עלולה להביא להפסקת עבודות השירות וריצוי יתרת עונש המאסר מאחורי סורג ובריח.","לפיכך, אני גוזרת על הנאשם את העונשים הבאים:",דיון והכרעה,דיון והכרעה,דיון והכרעה,דיון והכרעה,דיון והכרעה
SH-19-12-65763-975,"מאסר מותנה למשך 7 חודשים, והתנאי הוא כי הנאשם לא יעבור עבירה על פקודת הסמים מסוג פשע למשך 3 שנים.","לפיכך, אני גוזרת על הנאשם את העונשים הבאים:",דיון והכרעה,דיון והכרעה,דיון והכרעה,דיון והכרעה,דיון והכרעה
SH-20-05-28746-251,"פקודת הסמים המסוכנים [נוסח חדש], תשל""ג-1973: סע'  13, 19א",nothing,מידע אחר,מידע אחר,מידע אחר,מידע אחר,מידע אחר
SH-20-05-28746-251,"חוק העונשין, תשל""ז-1977: סע'  29(א), 192",nothing,מידע אחר,מידע אחר,מידע אחר,מידע אחר,מידע אחר
SH-20-05-28746-251,"פקודת סדר הדין הפלילי (מעצר וחיפוש) [נוסח חדש], תשכ""ט-1969",nothing,מידע אחר,מידע אחר,מידע אחר,מידע אחר,מידע אחר
SH-20-05-28746-251,"הנאשם הורשע על יסוד הודאתו שניתנה במסגרת הסדר טיעון – בתיק העיקרי שבכותרת וכן בת""פ 31327-12-20 (להלן – התיק המצורף) – בביצוע עבירות של סחר בסמים מסוכנים (בשני אישומים, אחד מהם בגין סחר בצוותא), לפי הוראות סעיף 13 וסעיף 19א לפקודת הסמים המסוכנים [נוסח חדש], תשל""ג-1973 (להלן – פקודת הסמים המסוכנים), ועבירה של איומים, לפי הוראות סעיף 192 לחוק העונשין, תשל""ז-1977 (להלן – חוק העונשין).",רקע כללי:,עובדות המקרה,עובדות המקרה,עובדות המקרה,עובדות המקרה,עובדות המקרה
SH-20-05-28746-251,"אישום 1 – ביום 13.11.2018, בשעה 18:30 או קודם לכן התכתבה פלונית עם אדם אחר, באמצעות אפליקציית טלגראס, וביקשה לרכוש סמים מסוכנים מסוג קנבוס במשקל של 5 גרם בתמורה לסך של 350 ₪. האחר שלח לנאשם מסרון ובו כתובתה של פלונית בהרצליה וכן פרטי ההזמנה. בהמשך לכך, בשעה 18:30 לערך, הגיע הנאשם לכתובתה של פלונית ומכר לה את הסמים המבוקשים.","בעובדות כתב האישום המתוקן בתיק העיקרי נטען, בתמצית, כלהלן:",עובדות המקרה,עובדות המקרה,עובדות המקרה,עובדות המקרה,עובדות המקרה
SH-20-05-28746-251,"אישום 2 – ביום 14.11.2018 בשעה 21:00 או בסמוך לכך ברחוב בראשון לציון, סחר הנאשם בסמים מסוכנים מסוג קנבוס, במשקל של 15 גרם, בכך שמכר את הסמים לאלמונית בתמורה לסכום של 800 ₪.","בעובדות כתב האישום המתוקן בתיק העיקרי נטען, בתמצית, כלהלן:",עובדות המקרה,עובדות המקרה,עובדות המקרה,עובדות המקרה,עובדות המקרה
SH-20-05-28746-251,"על רקע עובדות נטענות אלה הואשם הנאשם, בכתב האישום המתוקן בתיק העיקרי, בביצוע שתי עבירות של סחר בסמים מסוכנים כאמור בפסקה 1 דלעיל, כאשר באישום 1 דובר בביצוע בצוותא (כלומר בצירוף הוראות סעיף 29(א) לחוק העונשין).","בעובדות כתב האישום המתוקן בתיק העיקרי נטען, בתמצית, כלהלן:",עובדות המקרה,עובדות המקרה,עובדות המקרה,עובדות המקרה,עובדות המקרה
SH-20-05-28746-251,"בעובדות כתב האישום המתוקן בתיק המצורף נטען, בתמצית, כלהלן:","בעובדות כתב האישום המתוקן בתיק העיקרי נטען, בתמצית, כלהלן:",עובדות המקרה,עובדות המקרה,עובדות המקרה,עובדות המקרה,עובדות המקרה
SH-20-05-28746-251,"ביום 21.01.2018, בשעה 00:46 או בסמוך לכך, הוזעקו שוטרים לרחוב קהילת ברזיל בתל אביב בעקבות דיווח הקמת רעש של צעקות ומוזיקה מאחת הדירות במקום. שוטרת שהגיעה למקום דפקה על דלת הדירה שממנה בקע הרעש וביקשה מבעל הדירה להזדהות בפניה. משסירב בעל הדירה להזדהות הגיע הנאשם והחל לאיים על השוטרת, באומרו: ""אני אעשה לך כמו שעשינו לזקן פה למטה, נטפל בך היטב... סעי סעי בואי אני אטפל בך למטה"".","בעובדות כתב האישום המתוקן בתיק העיקרי נטען, בתמצית, כלהלן:",עובדות המקרה,עובדות המקרה,עובדות המקרה,עובדות המקרה,עובדות המקרה
SH-20-05-28746-251,"השוטרת הזעיקה סיוע למקום ובמקביל אחרים שהיו בדירה החלו לצעוק ולקרוא קריאות וביקשו ממנה לצאת מהמקום. השוטרת ביקשה מהנוכחים בדירה להישאר בתוכה. בהמשך למתואר לעיל הובא הנאשם בניידת משטרה לתחנה, כאשר במהלך הנסיעה איים הנאשם על שוטר , באומרו: ""אני עוד אגיע עד אליך אל תדאג, אתה לא מכיר אותי ואתה לא יודע על מי נפלת"".","בעובדות כתב האישום המתוקן בתיק העיקרי נטען, בתמצית, כלהלן:",עובדות המקרה,עובדות המקרה,עובדות המקרה,עובדות המקרה,עובדות המקרה
SH-20-05-28746-251,"על רקע עובדות נטענות אלה הואשם הנאשם, בכתב האישום המתוקן בתיק המצורף, בביצוע עבירה של איומים.","בעובדות כתב האישום המתוקן בתיק העיקרי נטען, בתמצית, כלהלן:",עובדות המקרה,עובדות המקרה,עובדות המקרה,עובדות המקרה,עובדות המקרה
SH-20-05-28746-251,"הדיונים בתיק העיקרי החלו לפני מותב קודם והתמשכו, בין השאר על רקע אי התייצבות הנאשם והצורך בהוצאת צווי הבאה נגדו. דחיות נוספות נתבקשו על ידי הנאשם לצורך הסדרת ייצוג פרטי, שבסופו של דבר לא הוסדר. יובהר, כי בחלק מההליכים בהמשך הדרך יוצג הנאשם על ידי סניגורים מהסניגוריה הציבורית, אך בסופו של דבר – גם לאחר שנערכה החלפת סניגורים – עמד הנאשם על רצונו לייצג את עצמו ועל כן הסניגוריה הציבורית שוחררה מייצוגו.","בעובדות כתב האישום המתוקן בתיק העיקרי נטען, בתמצית, כלהלן:",עובדות המקרה,עובדות המקרה,מידע אחר,עובדות המקרה,עובדות המקרה
SH-20-05-28746-251,"מכל מקום, ביום 09.05.2022 (עוד בעת שהנאשם היה מיוצג), הגיעו הצדדים להסדר טיעון ""סגור"" (דהיינו עם הסכמות מלאות לעניין הטיעונים לעונש), שבמסגרתו תוקן כתב האישום (בתיק העיקרי) וצורף כתב אישום מתוקן נוסף (בתיק המצורף) (בפרוטוקול, עמ' 14). יוטעם, כי במסגרת ההסדר נערכו בשני כתבי האישום המתוקנים – שעובדותיהם פורטו לעיל – תיקונים מהותיים לקולה הן בעובדות הנטענות והן בהוראות החיקוק. לעניין הטיעונים לעונש הסכימו הצדדים לעתור במשותף לענישה שתכלול תשעה חודשי מאסר בפועל, לנשיאה בדרך של עבודות שירות, בצירוף ענישה נלווית שתכלול מאסר מותנה, קנס כספי ופסילת רישיון נהיגה. בשלב מאוחר יותר, ובשל חלוף הזמן ומצבו הנפשי של הנאשם, הגיע ב""כ הנאשם דהיום להסכמה נוספת עם התביעה, שבמסגרתה הצדדים יטענו לתקופת מאסר (בעבודות שירות) בת 5 חודשים.","בעובדות כתב האישום המתוקן בתיק העיקרי נטען, בתמצית, כלהלן:",עובדות המקרה,עובדות המקרה,עובדות המקרה,עובדות המקרה,עובדות המקרה
SH-20-05-28746-251,"הנאשם הודה אפוא בעובדות כתבי האישום המתוקנים (בתיק העיקרי ובתיק המצורף) והורשע, על יסוד הודאה זו, בעבירות שבהן הואשם כאמור. הצדדים עתרו לקבלת חוות דעת של הממונה על עבודות השירות, אך בעניין זה חלו עיכובים רבים. הנאשם התייצב אצל הממונה ללא המסמכים הנדרשים, התנהג בצורה לא מותאמת ועל רקע זה אף נתבקשה חוות דעת פסיכיאטרית (ר' בפרוטוקול, עמ' 18-17 וכן בחוות הדעת הפסיכיאטרית מיום 28.11.2022). עם זאת, בסופו של דבר נמצא הנאשם כשיר לשאת עונש של מאסר בדרך של עבודות שירות.","בעובדות כתב האישום המתוקן בתיק העיקרי נטען, בתמצית, כלהלן:",עובדות המקרה,עובדות המקרה,ראיות לעונש,עובדות המקרה,עובדות המקרה
SH-20-05-28746-251,"מטעם המאשימה הוגש תדפיס המידע הפלילי של הנאשם, יליד שנת 1995 (בן 28 שנים כיום). כעולה מתדפיס זה לנאשם ארבע הרשעות קודמות, כולן בתחום עבירות הסמים.",עיקר הראיות והטיעונים לעונש:,ראיות לעונש,ראיות לעונש,ראיות לעונש,ראיות לעונש,ראיות לעונש
SH-20-05-28746-251,"בטיעוניה לעונש חזרה ב""כ המאשימה על העתירה העונשית, שהוצגה במעמד עריכת הסדר הטיעון, וביקשה לכבדה. ב""כ המאשימה עמדה על כך שמדובר בהסדר טיעון מקל, אך עתרה כאמור לכיבודו. ב""כ המאשימה ציינה את התיקונים המהותיים לכף קולה, שנערכו בשני כתבי האישום, על רקע קשיים ראייתיים. בנסיבות אלה, ובהתחשב בחלוף הזמן, ביקשה ב""כ המאשימה לכבד את ההסכמות. עם זאת הוסיפה ב""כ המאשימה ועתרה לתיקון הכרעת הדין בדרך של הכרזה על הנאשם כסוחר סמים, וזאת לצורך חילוט שני הטלפונים הניידים שנתפסו ברשותו של הנאשם כאמור בהודעה שבסיפא לכתב האישום המתוקן (בתיק העיקרי).",עיקר הראיות והטיעונים לעונש:,טיעוני הצדדים,ראיות לעונש,טיעוני הצדדים,טיעוני הצדדים,טיעוני הצדדים
SH-20-05-28746-251,"הנאשם, שבשלב זה כבר ייצג את עצמו, הלין מאוד על כך שהתיק העיקרי לא צורף במסגרת הרשעתו הקודמת האחרונה, וביקש להתחשב בכך. עוד הדגיש הנאשם כי ""חלה השתפרות בהתנהגות שלי... אני מבקש להתחשב בזה שלא נעצרתי מאז ולא ביצעתי עוד עבירות"" (בפרוטוקול, עמ' 26 שורה 25 ואילך).",עיקר הראיות והטיעונים לעונש:,טיעוני הצדדים,ראיות לעונש,טיעוני הצדדים,טיעוני הצדדים,טיעוני הצדדים
SH-20-05-28746-251,"בהתאם להוראות חוק העונשין בדבר הבניית שיקול הדעת השיפוטי בענישה, בעת גזירת עונשו של נאשם על בית המשפט לקבוע תחילה את מתחם העונש ההולם לכל ""אירוע עברייני"" שבגינו הורשע הנאשם, ולאחר מכן לגזור את עונשו בתוך המתחמים שנקבעו. קביעת כל מתחם עונש הולם תיעשה בהתאם לעקרון ההלימה, תוך התחשבות בנסיבות הקשורות בביצוע העבירות, ואילו גזירת עונשו של הנאשם בתוך המתחמים תיעשה תוך התחשבות בנסיבות שאינן קשורות בביצוע העבירות.",דיון והכרעה:,דיון והכרעה,דיון והכרעה,דיון והכרעה,דיון והכרעה,דיון והכרעה
SH-20-05-28746-251,"עם זאת, כאשר מדובר בהסדרי טיעון, בפרט כאלה הכוללים הסכמות מלאות לעניין הטיעונים לעונש (הסדרי טיעון ""סגורים""), השאלה העיקרית הטעונה הכרעה היא שאלת סבירות ההסדר, שעל בית המשפט לבוחנה בהתאם ל""מבחן האיזון"" שנקבע בזמנו בע""פ 1958/98 פלוני נ' מדינת ישראל (25.12.2002). והנה, במקרה דנא על פני הדברים הסדר הטיעון אליו הגיעו הצדדים מצוי בגדרי הסביר, שכן הוא מתיישב עם מדיניות הענישה הנהוגה.",דיון והכרעה:,דיון והכרעה,דיון והכרעה,דיון והכרעה,דיון והכרעה,דיון והכרעה
SH-20-05-28746-251,"אכן, בתיק העיקרי מתקיימות מספר נסיבות חומרה, שכן הנאשם הואשם – בשני אישומים נפרדים – בביצוע שתי עבירות של סחר בסמים מסוכנים, שאחת מהם בוצעה בצוותא. מדובר בעבירות שבוצעו יום אחר יום ובערים שונות. בנוסף, בתיק המצורף מדובר באיומים חמורים כלפי שוטרים. עם זאת, אף ההסכמות לטיעונים לעונש כוללות הסכמה למאסר בפועל, לתקופה המירבית שניתן לשאת בדרך של עבודות שירות. בנוסף, יש ליתן גם משקל לחלוף הזמן הרב מאז ביצוע העבירות, בעיקר בהיבט זה שהנאשם לא שב לסורו ובכך ישנה אינדיקציה כי אמנם הוא מבקש לשנות את נתיב חייו. בנסיבות אלה הסדר הטיעון הוא כאמור בגדרי הסביר ועל כן חובת בית המשפט היא לכבדו.",דיון והכרעה:,דיון והכרעה,דיון והכרעה,דיון והכרעה,דיון והכרעה,דיון והכרעה
SH-20-05-28746-251,"עם זאת, איני מוצא מקום להכריז על הנאשם כסוחר סמים כעת, כאשר הכרזה כאמור לא נתבקשה במסגרת הצגת הסדר הטיעון. לא למותר להוסיף, בהקשר זה, כי חילוט הטלפונים הניידים שנתפסו ברשותו של הנאשם הוא נדרש גם בהתאם להוראות פקודת סדר הדין הפלילי (מעצר וחיפוש) [נוסח חדש] – כפי שמצוין אף בהודעה שבסיפא לכתב האישום המתוקן (בתיק העיקרי) – כך שההכרזה אינה נדרשת לצורך זה.",דיון והכרעה:,דיון והכרעה,דיון והכרעה,דיון והכרעה,דיון והכרעה,דיון והכרעה
SH-20-05-28746-251,"אשר על כן – ובהתחשב בשיקולים לכף חומרה ולכף קולה, אשר פורטו לעיל – אני גוזר על הנאשם את העונשים הבאים:",דיון והכרעה:,דיון והכרעה,דיון והכרעה,דיון והכרעה,דיון והכרעה,דיון והכרעה
SH-20-05-28746-251,(א)	5 חודשי מאסר בפועל.,דיון והכרעה:,דיון והכרעה,דיון והכרעה,דיון והכרעה,דיון והכרעה,דיון והכרעה
SH-20-05-28746-251,"הנאשם יישא את עונש המאסר בדרך של עבודות שירות, כאמור בחוות דעתו של הממונה על עבודות השירות בשירות בתי הסוהר.",דיון והכרעה:,דיון והכרעה,דיון והכרעה,דיון והכרעה,דיון והכרעה,דיון והכרעה
SH-20-05-28746-251,"על הנאשם להתייצב לנשיאת עונשו במשרדי הממונה על עבודות השירות, ביום 01.05.2024 עד השעה 08:00.",דיון והכרעה:,דיון והכרעה,דיון והכרעה,דיון והכרעה,דיון והכרעה,דיון והכרעה
SH-20-05-28746-251,"מובהר בזה לנאשם כי בכל הקשור לעבודות השירות עליו לציית להוראות הממונה על עבודות השירות, או למי שהוסמך לכך מטעמו. עוד מובהר לנאשם, כי במידה ולא יציית להוראות כאמור הוא עשוי לשאת את מאסרו, או את יתרת מאסרו, במאסר מאחורי סורג ובריח בבית סוהר.",דיון והכרעה:,דיון והכרעה,דיון והכרעה,דיון והכרעה,דיון והכרעה,דיון והכרעה
SH-20-05-28746-251,"(ב)	מאסר על תנאי למשך 3 חודשים, אותו לא יישא הנאשם אלא אם כן יעבור, תוך שלוש שנים מהיום, עבירה מהעבירות בהן הורשע.",דיון והכרעה:,דיון והכרעה,דיון והכרעה,דיון והכרעה,דיון והכרעה,דיון והכרעה
SH-20-05-28746-251,"(ג)	קנס בסך של 1,000 ₪, או 5 ימי מאסר תמורתו. הקנס ישולם עד ליום 01.08.2024.",דיון והכרעה:,דיון והכרעה,דיון והכרעה,דיון והכרעה,דיון והכרעה,דיון והכרעה
SH-20-05-28746-251,"(ד)	פסילה מלקבל או להחזיק רישיון נהיגה למשך 3 חודשים על תנאי, והתנאי הוא שבמשך שנתיים מהיום לא יעבור הנאשם עבירה מהעבירות המנויות בפקודת הסמים המסוכנים.",דיון והכרעה:,דיון והכרעה,דיון והכרעה,דיון והכרעה,דיון והכרעה,דיון והכרעה
SH-20-05-28746-251,"ככל שנותר בתיק בית המשפט – או בתיקים קשורים – פיקדון שהופקד מטעם הנאשם, בהסכמת ההגנה יקוזז הפיקדון לתשלום הפיצויים והקנס, כאשר הנאשם יידרש לשלם רק את יתרת הסכום שתיוותר. ככל שתיוותר יתרת פיקדון היא תושב לנאשם או למי מטעמו, וזאת בהיעדר עיקול או מניעה אחרת על פי דין להשבת הפיקדון.",דיון והכרעה:,דיון והכרעה,דיון והכרעה,דיון והכרעה,דיון והכרעה,דיון והכרעה
SH-20-05-28746-251,"ניתן בזה צו כללי, לעניין מוצגים, לשיקול דעתו של קצין משטרה. הסמים יושמדו. שני הטלפונים הניידים שנתפסו ברשותו של הנאשם – יחולטו.",דיון והכרעה:,דיון והכרעה,דיון והכרעה,דיון והכרעה,דיון והכרעה,דיון והכרעה
SH-20-06-12380-808,"פקודת הסמים המסוכנים [נוסח חדש], תשל""ג-1973: סע'  13, 19א",nothing,מידע אחר,מידע אחר,מידע אחר,מידע אחר,מידע אחר
SH-20-06-12380-808,"חוק העונשין, תשל""ז-1977: סע'  29	(א)",nothing,מידע אחר,מידע אחר,מידע אחר,מידע אחר,מידע אחר
SH-20-06-12380-808,הנאשם הודה בעובדות כתב האישום המתוקן במסגרת הסדר טיעון והורשע בעבירות 	שמופרטות בו. כתב האישום המתוקן כלל חלק כללי ועוד שני אישומים. לא הייתה הסכמה 	בין הצדדים לעניין העונש והצדדים טענו לעונש באופן פתוח.,כתב האישום המתוקן,עובדות המקרה,עובדות המקרה,עובדות המקרה,עובדות המקרה,עובדות המקרה
SH-20-06-12380-808,"על פי החלק הכללי לכתב האישום המתוקן, הנאשם הוא אחיו של פלוני, קטין יליד 2003 	(להלן: האח). ובמועד הרלוונטי לכתב האישום התגוררו הנאשם והאח בתחומי העיר לוד.",כתב האישום המתוקן,עובדות המקרה,עובדות המקרה,עובדות המקרה,עובדות המקרה,עובדות המקרה
SH-20-06-12380-808,"באישום הראשון, הנאשם הורשע בביצוע שתי עבירות של סחר בסמים לפי סעיף 13 ו-19א 	לפקודת הסמים המסוכנים (נוסח חדש) תשל""ג-1973 (להלן: פקודת הסמים המסוכנים). על 	פי עובדות האישום הראשון, פלונית היא קטינה ילידת 2002. בין התאריך 29.1.2020 ל-	4.4.2020, בשתי הזדמנויות שונות ובמועדים שאינם ידועים למאשימה במדויק, התקשרה 	הקטינה מהטלפון שלה אל הנאשם וביקשה לרכוש ממנו סם מסוכן מסוג קנבוס.",כתב האישום המתוקן,עובדות המקרה,עובדות המקרה,עובדות המקרה,עובדות המקרה,עובדות המקרה
SH-20-06-12380-808,"בנסיבות אלה, בשתי ההזדמנויות, הגיע הנאשם למקום בו קבע עם הקטינה, ברמלה, כשהוא 	רכוב על אופניו, מסר לה שקית ובה סם מסוג קנבוס, במשקל שאינו ידוע למאשימה במדויק, 	תמורת 100 ₪ בכל פעם.",כתב האישום המתוקן,עובדות המקרה,עובדות המקרה,עובדות המקרה,עובדות המקרה,עובדות המקרה
SH-20-06-12380-808,"באישום השני, הנאשם הורשע, בריבוי הזדמנויות, בעבירות של סחר בסמים לפי סעיף 13 ו-	19א לפקודת הסמים המסוכנים ביחד עם סעיף 29	(א) לחוק העונשין, התשל""ז-1977 (להלן: 	חוק העונשין).",כתב האישום המתוקן,עובדות המקרה,עובדות המקרה,עובדות המקרה,עובדות המקרה,עובדות המקרה
SH-20-06-12380-808,"על פי עובדות האישום השני, לבנימין דסטה (להלן: בנימין) היכרות עם הנאשם. כחצי שנה	 עובר לתאריך 3.6.20, בלוד, פנה הנאשם אל בנימין ושאל אותו אם מעשן ""ירוק"", ובנימין 	השיב בחיוב. בנסיבות אלה, הציע הנאשם למכור לבנימין סם מסוכן מסוג קנבוס תמורת 50 	₪ לגרם, או 100 ל-3 גרם. כחודשים לאחר פגישה זו, שמע האח את בנימין משוחח עם אחר, 	שזהותו אינה ידועה למאשימה, על רצונם לרכוש סמים.",כתב האישום המתוקן,עובדות המקרה,עובדות המקרה,עובדות המקרה,עובדות המקרה,עובדות המקרה
SH-20-06-12380-808,"בנסיבות אלה, לאורך תקופה של שלושה חודשים ,בשבע הזדמנויות שונות, מכרו הנאשם 	והאח לבנימין, לסירוגין ביחד ולחוד, סם מסוכן מסוג קנבוס, במשקל שנע בין 1 גרם ל-3 	גרם בכל פעם, בתמורה כספית.",כתב האישום המתוקן,עובדות המקרה,עובדות המקרה,עובדות המקרה,עובדות המקרה,עובדות המקרה
SH-20-06-12380-808,התקבלו שלושה תסקירים מטעם שירות המבחן ולהלן עיקריהם:,תסקיר שירות המבחן,תסקיר שירות מבחן,תסקיר שירות מבחן,תסקיר שירות מבחן,תסקיר שירות מבחן,תסקיר שירות מבחן
SH-20-06-12380-808,"א.	הנאשם רווק בן 23 שנים. מקבל אחריות על העבירות נשוא כתב האישום. שלל           		שימוש בסמים, ובבדיקה לאיתור שרידי סם בשירות המבחן הוא נמצאה נקיה            		משרידי סם.",תסקיר שירות המבחן,תסקיר שירות מבחן,תסקיר שירות מבחן,תסקיר שירות מבחן,תסקיר שירות מבחן,תסקיר שירות מבחן
SH-20-06-12380-808,"ב.	בתסקיר הראשון, שירות המבחן סבר כי שילוב הנאשם בהליך טיפולי הכרחי לצורך 		הפחתת הסיכון, ולכן שירות המבחן המליץ בתסקיר הראשון על העמדת הנאשם בצו 		מבחן למשך שנה וחצי ושיוטל עליו מאסר בדרך של עבודות שירות ברף הנמוך.",תסקיר שירות המבחן,תסקיר שירות מבחן,תסקיר שירות מבחן,תסקיר שירות מבחן,תסקיר שירות מבחן,תסקיר שירות מבחן
SH-20-06-12380-808,"ג.	מהתסקיר האחרון עולה, שהנאשם השתלב בקבוצה טיפולית ייעודית לעוברי חוק. 		בחמישה החודשים הראשונים, הנאשם לקח בה חלק פעיל והגיע לכל המפגשים,          		בחודש שלאחר מכן הגיע באופן לא סדיר ובהמשך ניתק קשר עם שירות המבחן           		והפסיק הטיפול הקבוצתי. לכן, שירות המבחן חזר בו מהמלצתו שבתסקיר הראשון 		והמליץ על ענישה מרתיעה וקונקרטית.",תסקיר שירות המבחן,תסקיר שירות מבחן,תסקיר שירות מבחן,תסקיר שירות מבחן,תסקיר שירות מבחן,תסקיר שירות מבחן
SH-20-06-12380-808,הנאשם היום בסטטוס של אסיר בתיק אחר ולכן ברור אף יותר שהמסלול השיקומי בשיתוף 	שרות המבחן הוא בלתי רלוונטי.,תסקיר שירות המבחן,תסקיר שירות מבחן,תסקיר שירות מבחן,תסקיר שירות מבחן,תסקיר שירות מבחן,תסקיר שירות מבחן
SH-20-06-12380-808,להלן טענות המאשימה לעניין העונש בתמצית:,טענות הצדדים,טיעוני הצדדים,טיעוני הצדדים,טיעוני הצדדים,טיעוני הצדדים,טיעוני הצדדים
SH-20-06-12380-808,"א.	לחובתו של הנאשם הרשעה אחת מחודש ינואר 2024 בגין עבירות סמים מסוג פשע 		וניסיון לביצוע עסקה בנשק ונידון ל-36 חודשי מאסר בפועל (ת/1). בנוסף, לחובתו		 26 הרשעות תעבורה קודמות (ת/2). המאשימה ביקשה להכריז על הנאשם כסוחר 		סמים.",טענות הצדדים,טיעוני הצדדים,טיעוני הצדדים,ראיות לעונש,טיעוני הצדדים,טיעוני הצדדים
SH-20-06-12380-808,"ב.	לטענת המאשימה, מתחם העונש ההולם נע בין 10 ועד 24 חודשי מאסר בפועל.            		המאשימה עתרה להשית 	על הנאשם, במצטבר לעונש המאסר שהוא מרצה היום, 15 		חודשי מאסר בפועל, מאסר על תנאי, פסילה בפועל, פסילה על תנאי וקנס.",טענות הצדדים,טיעוני הצדדים,טיעוני הצדדים,טיעוני הצדדים,טיעוני הצדדים,טיעוני הצדדים
SH-20-06-12380-808,להלן טענות ההגנה לעניין העונש בתמצית:,טענות הצדדים,טיעוני הצדדים,טיעוני הצדדים,טיעוני הצדדים,טיעוני הצדדים,טיעוני הצדדים
SH-20-06-12380-808,"א.	מתחם העונש ההולם והעונש שאליו עתרה המאשימה אינו תואם את מספר                 		האישומים בתיק הנוכחי, גיל הנאשם, כמות הסם שנתפסה וסוג הסם שנתפס. מדובר 		בשני אישומים שהמשקל הכולל של הסם שנמכר הוא 10 גרם ובתמורה כספית זניחה 		של 100 ₪ לכל 3 גרם. בא כוח הנאשם הדגיש שמדובר בסם מסוג קנבוס שנמנה בין 		סוגי הסמים ""הקלים"".",טענות הצדדים,טיעוני הצדדים,טיעוני הצדדים,טיעוני הצדדים,טיעוני הצדדים,טיעוני הצדדים
SH-20-06-12380-808,ב.	עברו מאז ביצוע העבירות ועד היום 4 שנים. הנאשם היה בן 18 שנים בלבד בעת ביצוע 		העבירות וקיבל אחריות מלאה על מעשיו.,טענות הצדדים,טיעוני הצדדים,טיעוני הצדדים,טיעוני הצדדים,טיעוני הצדדים,טיעוני הצדדים
SH-20-06-12380-808,"ג.	כנגד האח הקטין הוגש כתב אישום לבית המשפט המחוזי במחוז מרכז בגין עבירה 		של סיכון חיי אדם בנתיב תחבורה. הקטין צירף לתוך האמור כתב אישום מבית          		משפט השלום לנוער ברמלה שכלל בתוכו אישום על סחר בסמים בגין אותן עבירות 		בדיוק שבוצעו על ידי הנאשם באישום השני. הקטין נידון בגין שני התיקים האמורים 		ל-5 חודשי מאסר שירוצו בעבודות שירות. ללמדך, שהענישה המבוקשת על ידי            		המאשימה לגבי הנאשם היא מוגזמת עומדת בניגוד לעקרון האחידות בענישה בין 		הנאשמים.",טענות הצדדים,טיעוני הצדדים,טיעוני הצדדים,טיעוני הצדדים,טיעוני הצדדים,טיעוני הצדדים
SH-20-06-12380-808,ד.	מתחם העונש ההולם נע בין מאסר על תנאי ועד מספר חודשי מאסר שיכול וירוצו 		בעבודת שירות והעונש המתאים הוא מאסר על תנאי בחופף לעונש שמרצה היום.,טענות הצדדים,טיעוני הצדדים,טיעוני הצדדים,דיון והכרעה,טיעוני הצדדים,טיעוני הצדדים
SH-20-06-12380-808,אביא להלן מספר דוגמאות למדיניות הענישה הנוהגת מפסיקתו של בית המשפט העליון 	בעבירה של סחר בסם מסוג קנבוס במספר הזדמנויות בכמויות קטנות בכל פעם כמו המקרה 	שבפניי:,מתחם העונש ההולם,דיון והכרעה,דיון והכרעה,דיון והכרעה,דיון והכרעה,דיון והכרעה
SH-20-06-12380-808,"רע""פ 5712/16  אייזנבאך נ' מדינת ישראל (פורסם בנבו, 17.8.16). המבקש 	הורשע בבית משפט השלום בביצוע 4 עבירות של סחר בסם מסוכן מסוג קנבוס במשקלים של גרמים בודדים. בית המשפט קבע מתחם למכלול העבירות שבוצעו שנע בין 8 ל-24 חודשי מאסר בפועל ובסופו של יום נדון ל-8 חודשי מאסר בפועל. ערעורו לבית המשפט המחוזי נדחה וכן נדחתה בקשת 	רשות ערעור שהוגשה לבית המשפט העליון.",מתחם העונש ההולם,דיון והכרעה,דיון והכרעה,דיון והכרעה,דיון והכרעה,דיון והכרעה
SH-20-06-12380-808,"רע""פ 114/19 שצ'רבקוב נ' מדינת ישראל (פורסם בנבו, 13.1.19). המבקשת ובן זוגה סחרו בסם מסוכן מסוג קנבוס במהלך פרק זמן של שלושה חודשים. על מנת ללמוד לגבי מלוא העובדות של אותו תיק, מן הראוי לעיין, בנוסף להחלטת בית המשפט העליון, גם בפסק הדין של בית משפט השלום בראשון לציון (ת""פ 12945-08-17) וגם בפסק הדין של בית המשפט המחוזי במחוז מרכז (עפ""ג 13500-09-18). כתב האישום כלל מספר אישומים, כאשר באישום הראשון היה מדובר בהחזקה של מספר עשרות גרמים של סם מסוכן מסוג קנבוס (84 גרם, 49 גרם, 30 גרם, 76 גרם, 35 גרם ועוד 1.5 גרם ו-2 גרם). בנוסף, היו חמישה אישומים נוספים שבכל אחד מהם היה מדובר במכירה של סם מסוג קנבוס במשקל של מספר גרמים במספר הזדמנויות. בית משפט השלום קבע מספר מתחמי עונש לאישומים השונים: מתחם שנע בין 6 ועד 18 חודשים, מתחם אחר שנע בין מספר חודשים ועד 12 חודשים ומתחם נוסף שנע בין  9 חודשים ועד 24 חודשים. בסופו של יום, הושתו עליה 6 חודשי מאסר שירוצו בעבודות שירות. המבקשת הגישה ערעור לבית המשפט המחוזי וביקשה לבטל את ההרשעה על מנת שלא ייפגעו סיכוייה להתגייס לצה""ל. הערעור נדחה וגם נדחתה בקשת רשות ערעור שהוגשה לבית המשפט העליון.",מתחם העונש ההולם,דיון והכרעה,דיון והכרעה,דיון והכרעה,דיון והכרעה,דיון והכרעה
SH-20-06-12380-808,"רע""פ 3059/21 ימין נ' מדינת ישראל (פורסם בנבו, 5.5.21). המבקש הורשע בחמש עבירות של סחר בסם מסוג קנבוס וגם בעבירה של החזקת סם שלא לצריכה עצמית במשקל של 50 גרם. בית המשפט השלום קבע שמתחם העונש ההולם נע בין 10 ועד 20 חודשי מאסר בפועל. לאור ההליך השיקומי שעבר, הוחלט לסטות לקולא מהמתחם האמור והושתו עליו 8 חודשי מאסר שירוצו בדרך של עבודות שירות. ערעורו לבית המשפט המחוזי נדחה וכן נדחתה בקשת רשות ערעור שהגיש לבית המשפט העליון.",מתחם העונש ההולם,דיון והכרעה,דיון והכרעה,דיון והכרעה,דיון והכרעה,דיון והכרעה
SH-20-06-12380-808,"רע""פ 3271/17 עמיאל נ' מדינת ישראל (פורסם בנבו, 23.4.17). המבקש הורשע במספר אירועים של סחר בסם מסוכן מסוג קנבוס לסוכן משטרתי סמוי. הכמות הכוללת של הסמים שנמכרו היו של עשרות גרמים. בנוסף, החזיק בביתו עשרות גרמים של סם מסוכן מסוג קנבוס שמחולק ליחידות. הוא נדון לעונש מאסר בפועל של 12 חודשים וזאת על אף ששולב מיוזמתו במכון לטיפול בבעיות סמים ואף היה רשום ללימודי הנדסה. ערעורו לבית המשפט המחוזי נדחה וכן נדחתה בקשת רשות ערעור שהוגשה לבית המשפט העליון.",מתחם העונש ההולם,דיון והכרעה,דיון והכרעה,דיון והכרעה,דיון והכרעה,דיון והכרעה
SH-20-06-12380-808,"על כן, הנני קובע שמתחם העונש ההולם נע בין 6 חודשי מאסר ועד 15 חודשי מאסר בפועל 	וזאת בצירוף מאסר על תנאי וקנס.",מתחם העונש ההולם,דיון והכרעה,דיון והכרעה,דיון והכרעה,דיון והכרעה,דיון והכרעה
SH-20-06-12380-808,"בעת קביעת העונש המתאים בתוך מתחם העונש ההולם לקחתי בחשבון לקולא את 	הנתונים הבאים: הודאתו של הנאשם וחסכון בזמן שיפוטי; חלוף הזמן מיום ביצוע העבירות; 	הבעת חרטה וקבלת אחריות; גילו הצעיר של הנאשם בעת ביצוע העבירות, בן 18 שנים 	בלבד.",העונש המתאים בתוך מתחם העונש ההולם,דיון והכרעה,דיון והכרעה,דיון והכרעה,דיון והכרעה,דיון והכרעה
SH-20-06-12380-808,"כמו כן, לא ניתן להתעלם מהעובדה שלגבי האישום השני בתיק שבפניי הוגש כתב אישום 	מקביל נגד האח הקטין בבית המשפט השלום לנוער ברמלה ואשר צורף להליך פלילי אחר 	שהתנהל נגדו בבית המשפט המחוזי במחוז מרכז והעונש הכולל היה 5 חודשי מאסר שירוצו 	בעבודות שירות.",העונש המתאים בתוך מתחם העונש ההולם,דיון והכרעה,דיון והכרעה,דיון והכרעה,דיון והכרעה,דיון והכרעה
SH-20-06-12380-808,לחומרא לקחתי בחשבון את הרישום הפלילי של הנאשם שכולל הרשעה בעבירות סמים וכיום 	הוא בסטטוס של אסיר שנדון ל-3 שנות מאסר בפועל.,העונש המתאים בתוך מתחם העונש ההולם,דיון והכרעה,דיון והכרעה,דיון והכרעה,דיון והכרעה,דיון והכרעה
SH-20-06-12380-808,"לפיכך, הנני משית על הנאשם את העונשים הבאים:",העונש המתאים בתוך מתחם העונש ההולם,דיון והכרעה,דיון והכרעה,דיון והכרעה,דיון והכרעה,דיון והכרעה
SH-20-06-12380-808,"9 חודשי מאסר בפועל שירוצו במצטבר לכל עונש שמרצה כיום, וזאת בניכוי ימי 	מעצרו בתיק הנוכחי מיום 31.5.20 ועד 4.6.20.",העונש המתאים בתוך מתחם העונש ההולם,דיון והכרעה,דיון והכרעה,דיון והכרעה,דיון והכרעה,דיון והכרעה
SH-20-06-12380-808,ב.	4 חודשי מאסר על תנאי והתנאי הוא שבמשך 3 שנים מהיום הנאשם לא יבצע 	עבירה לפי פקודת הסמים המסוכנים מסוג עוון או פשע.,העונש המתאים בתוך מתחם העונש ההולם,דיון והכרעה,דיון והכרעה,דיון והכרעה,דיון והכרעה,דיון והכרעה
SH-20-06-12380-808,"ג.	הנאשם ישלם קנס בסך של 4,000 ₪ או 10 ימי מאסר תמורתו. הקנס ישולם ב-	4 תשלומים חודשיים שווים ורצופים כאשר הראשון שבהם עד ליום 1.5.24 	והיתרה 	ב-1 לכל חודש שלאחריו. היה ואחד התשלומים לא ישולם במועד, אזי 	יעמוד מלוא סכום הקנס לפירעון מידי.",העונש המתאים בתוך מתחם העונש ההולם,דיון והכרעה,דיון והכרעה,דיון והכרעה,דיון והכרעה,דיון והכרעה
SH-20-06-12380-808,ד.	הנני מורה על פסילה בפועל של רישיון הנהיגה של הנאשם למשך 5 חודשים. מנין ימי 	הפסילה יחל רק לאחר מועד שחרורו ממאסרו בתיק הנוכחי ובכל תיק אחר שבגינו 	מרצה כיום עונש של מאסר בפועל.,העונש המתאים בתוך מתחם העונש ההולם,דיון והכרעה,דיון והכרעה,דיון והכרעה,דיון והכרעה,דיון והכרעה
SH-21-02-40908-370,"פקודת הסמים המסוכנים [נוסח חדש], תשל""ג-1973: סע'  7.א., 7.ג, 13, 19א, 36א(ב)","4. שלו ממן – בימ""ש קהילתי",מידע אחר,מידע אחר,מידע אחר,מידע אחר,מידע אחר
SH-21-02-40908-370,"חוק העונשין, תשל""ז-1977: סע'  29(א)","4. שלו ממן – בימ""ש קהילתי",מידע אחר,מידע אחר,מידע אחר,מידע אחר,מידע אחר
SH-21-02-40908-370,"הנאשם הודה בעובדות כתב אישום מתוקן שהוגש במסגרת הסדר דיוני, בגין חלקו בפרשייה בה הואשמו שלושה נאשמים נוספים יחד עמו, כשהאחרים הואשמו בהיקף נרחב של עבירות סחר בסמים. הנאשם הורשע בשתי עבירות סחר והספקת סמים בצוותא, לפי סעיפים 13 ו-19א לפקודת הסמים המסוכנים [נוסח חדש], התשל""ג-1973 (להלן: ""פקודת הסמים"") ו-29(א) לחוק העונשין, התשל""ז-1977 (להלן: ""חוק העונשין""), ובעבירה של החזקת סם לצריכה עצמית, לפי סעיף 7(א) ו-(ג) סיפא לפקודת הסמים, כמפורט להלן:",כתב האישום המתוקן,עובדות המקרה,עובדות המקרה,עובדות המקרה,עובדות המקרה,עובדות המקרה
SH-21-02-40908-370,"באישום השלישי, הודה הנאשם בכך שביום 11.6.2020, לאחר תיאום בין נאשם 1 ו-א""פ, הגיע הנאשם למקום עבודתו של א""פ בקריית אונו, מסר לו סם מסוג קנבוס במשקל לא ידוע ואסף 1,100 ₪, כחלק מחוב שהיה א""פ חייב לנאשם 1. בכך הורשע הנאשם בהספקת סם מסוכן בצוותא עם אחר.",כתב האישום המתוקן,עובדות המקרה,עובדות המקרה,עובדות המקרה,עובדות המקרה,עובדות המקרה
SH-21-02-40908-370,"באישום השביעי, הודה הנאשם כי ביום 18.6.2020, לאחר תיאום בין נאשם 1 ו-א""מ, הגיע הנאשם לביתו של א""מ בעיר בת ים, ומסר לו סם מסוג קוקאין במשקל 1 גרם בתמורה לסכום לא ידוע. בכך הורשע הנאשם בסחר בסם מסוכן בצוותא עם אחר.",כתב האישום המתוקן,עובדות המקרה,עובדות המקרה,עובדות המקרה,עובדות המקרה,עובדות המקרה
SH-21-02-40908-370,"באישום שלושים ואחד, הודה הנאשם כי ביום 8.2.2021 החזיק בחדרו שבביתו בעיר רמלה 0.05 גרם קוקאין, והורשע בהחזקת סם מסוכן לצריכה עצמית.",כתב האישום המתוקן,עובדות המקרה,עובדות המקרה,עובדות המקרה,עובדות המקרה,עובדות המקרה
SH-21-02-40908-370,"דיון הטיעונים לעונש נדחה מספר פעמים לבקשת ההגנה, ועל מנת שהנאשם ישולב בהליך טיפולי לגמילה בסמים ויוגשו תסקירים בעניינו. בסופו של דבר שירות המבחן לא בא בהמלצה טיפולית שיקומית עבור הנאשם. עם זאת עתרה ההגנה להשית על הנאשם עונש של""צ או לחלופין מאסר בעבודות שירות לתקופה קצרה, ואילו המאשימה עתרה לעונש מאסר בפועל למשך 14 חודשים, לצד ענישה נלווית.",כתב האישום המתוקן,עובדות המקרה,עובדות המקרה,טיעוני הצדדים,טיעוני הצדדים,טיעוני הצדדים
SH-21-02-40908-370,"להשלמת התמונה יצוין כי נאשם 1 צירף הליך זה לתיק בבית משפט השלום בתל-אביב, שם הוא נדון בגין צירוף תיקים רב היקף לעונש מאסר למשך 6 שנים וענישה נלווית. הנאשם 4 סיים הליך זה בבית המשפט הקהילתי בהצלחה, ובנוגע לנאשם 2 שאף הוא נדון בבית המשפט הקהילתי, הוא נפלט מההליך הטיפולי וטרם ניתן גזר דין.",כתב האישום המתוקן,עובדות המקרה,עובדות המקרה,ראיות לעונש,טיעוני הצדדים,מידע אחר
SH-21-02-40908-370,"שירות המבחן הגיש שישה תסקירים בעניינו של הנאשם, הראשון ביום 3.7.2022 והאחרון ביום 26.12.2023. בתסקירו הראשון פורטו נסיבות חייו המורכבות של הנאשם: אז רווק בן 32, גדל במשפחה נורמטיבית, התגורר עם הוריו, ועבד במשרה חלקית בתחום האבטחה. הנאשם סובל מגיל צעיר ממחלה הגורמת לגידולים שפירים בחלקי גופו ועליו לעבור מפעם לפעם ניתוחים להסרתם, דבר המשפיע לרעה על תפקודו, ולפיכך הוא מוכר על ידי הביטוח הלאומי כנכה בשיעור של 65% וזכאי לקצבת נכות. הנאשם סבל בשנות לימודיו בבית הספר מבעיות קוגניטיביות, משמעת והתנהגות, ואובחן כסובל מהפרעת קשב וריכוז. סיים 12 שנות לימוד, התגייס לצבא ושוחרר בגין אי התאמה לאחר 7 חודשי שירות. מאז ניהל הנאשם אורח חיים לא יציב, תוך התמכרות ממושכת לסמים קשים וקשירת קשר עם גורמים שוליים.",תסקירי שירות המבחן,תסקיר שירות מבחן,תסקיר שירות מבחן,תסקיר שירות מבחן,תסקיר שירות מבחן,תסקיר שירות מבחן
SH-21-02-40908-370,"לאחר 10 שנות שימוש בסמים, שכלל צריכה יומיומית של קוקאין, עבר הנאשם שני ניסיונות גמילה: ביוני 2021 –  השתלב בקהילת ""מכורים לחיים"" וסיים את הליך הגמילה ביום 13.12.2021, אז התרשם הצוות הטיפולי כי הוא ערך שינוי בחייו. הנאשם לא פנה להמשך טיפול ביחידה לטיפול בהתמכרויות, וסמוך להגשת התסקיר הראשון פנה על דעת עצמו לקהילת ""מכורים לחיים"" והשתלב שם שוב בטיפול, אך עזב את המקום לאחר שהות קצרה. שירות המבחן ציין כי באבחון שנערך בשנת 2017 ומבדיקות לבית המשפט הקהילתי, הוערך הנאשם כבעל קשיי תפקוד ניכרים וחוסר גבולות. וכי הנאשם פיתח אורח חיים שולי התמכרותי המצריך טיפול כוללני, ובהעדרו קיים סיכון משמעותי להידרדרות במצבו, ולפיכך המליץ לנצל את ההליך המשפטי לשם שילוב הנאשם בטיפול.",תסקירי שירות המבחן,תסקיר שירות מבחן,תסקיר שירות מבחן,תסקיר שירות מבחן,תסקיר שירות מבחן,תסקיר שירות מבחן
SH-21-02-40908-370,"לנוכח המלצת שירות המבחן נדחו הדיונים מעת לעת והתקבלו תסקירים נוספים מהם עלה כי הנאשם, על אף ניסיונותיו והבעת רצון לערוך שינוי בחייו, הוא שיתף פעולה באופן חלקי בניגוד להמלצת שירות המבחן להיעזר בגורמי הטיפול במסגרת היחידה לטיפול להתמכרויות ופנה לטיפול במסגרת פרטית בתנאי פנימייה בקהילה ""מכורים לחיים"". הנאשם שהה שם לסירוגין עד ספטמבר 2022, אז עזב לבית הוריו. שירות המבחן המליץ לנאשם להשתלב בקהילה טיפולית סגורה בפיקוח משרד הרווחה, אך הנאשם לא הגיע לפגישות שתואמו עמו, ושיתוף הפעולה שלו לא היה עקבי.",תסקירי שירות המבחן,תסקיר שירות מבחן,תסקיר שירות מבחן,תסקיר שירות מבחן,תסקיר שירות מבחן,תסקיר שירות מבחן
SH-21-02-40908-370,"שירות המבחן ניסה לשלב את הנאשם בקהילה טיפולית ""מלכישוע"", לשם כך נקלט הנאשם באשפוזית ביום 13.2.2023 אך הוא התקשה בתפקודים בסיסיים. משום כך ובשל בעיותיו הרפואיות, הומלץ על המשך טיפול בנאשם בקהילת ""קריית שלמה"", במחלקה לטיפול בתחלואה כפולה. הנאשם השלים שלושה שבועות של טיפול באשפוזית והסכים להשתלב בקריית שלמה, אך נדרש להמתין לקליטתו. אז חזר להתגורר בבית הוריו, לא התייצב לבדיקות שתן, ובעת קליטתו בקהילה נמצאו בבדיקות שרידי סם שהעידו על שימוש פעיל בסמים, ולכן הוא לא התקבל לקהילה. בהמשך, חרף המלצת שירות המבחן, הנאשם לא הגיע לבדיקות לאיתור סמים, ובפועל חזר לצרוך סמים מסוג קריסטל. הנאשם הביע נכונות להשתלב באשפוזית ובמאי 2023 נקלט באשפוזית ייעודית לתחלואה כפולה ב""קריית שלמה"", אך עזב על דעת עצמו תוך 24 שעות, ומסר שהוא לא מוכן לשהות לצד חולים בתחלואה נפשית, וביקש להיקלט ב""מלכישוע"". אזי שירות המבחן לא בא בהמלצה טיפולית, וציין כי אין טעם בהמשך מעורבותם. חרף האמור ניתנה לנאשם הזדמנות נוספת, והוא נקלט בקהילת ""מכורים לחיים"", בניגוד להמלצת שירות המבחן בהיותה מסגרת פרטית ובלתי מפוקחת על ידי משרד הרווחה. בחודש נובמבר 2023 עזב הנאשם את הקהילה מרצונו, חזר לבית הוריו ולצריכת סמים בתוך שלושה ימים, וביום 24.12.2023 החל את תהליך הגמילה מחדש בקהילת ""מכורים לחיים"".",תסקירי שירות המבחן,תסקיר שירות מבחן,תסקיר שירות מבחן,תסקיר שירות מבחן,תסקיר שירות מבחן,תסקיר שירות מבחן
SH-21-02-40908-370,"בתסקירו האחרון ציין שירות המבחן כי במשך שנתיים ניתנו לנאשם הזדמנויות להשתלב בטיפול התואם את צרכיו, וחרף רצונו לשקם את אורחות חייו הוא התקשה להתמיד בטיפול, והרושם הוא כי גייס כוחות לתהליך ראשוני בלבד. שירות המבחן חזר והדגיש כי קהילת ""מכורים לחיים"" אינה הולמת לצרכי הנאשם, והוא נעדר כוחות ובשלות לטיפול משמעותי, לפיכך נמנע מהמלצה שיקומית בעניינו.",תסקירי שירות המבחן,תסקיר שירות מבחן,תסקיר שירות מבחן,תסקיר שירות מבחן,תסקיר שירות מבחן,תסקיר שירות מבחן
SH-21-02-40908-370,"בדו""ח סוציאלי שהוגש מטעם ההגנה מאת קהילת ""מכורים לחיים"" מיום 28.12.2023, צוין כי הנאשם התקשה תחילה לעמוד בחוקי המקום ולשתף פעולה ואף עזב פעמיים את הקהילה, אך חודשיים עובר לכתיבת הדו""ח החל להראות נכונות אמיתית ומוטיבציה לשינוי, ולפיכך הומלץ לאפשר לו לסיים את ההליך הטיפולי בקהילה, שלאחריו ישולב הנאשם בהוסטל של העמותה.",תסקירי שירות המבחן,תסקיר שירות מבחן,תסקיר שירות מבחן,תסקיר שירות מבחן,תסקיר שירות מבחן,תסקיר שירות מבחן
SH-21-02-40908-370,"בדיון מיום 3.1.2024 העיד מטעם ההגנה מר צור רפאל, מנכ""ל העמותה ""מכורים לחיים"", וסיפר כי זו הוקמה בשנת 2015, מפוקחת על ידי משרד הבריאות, ועוסקת בגמילה, טיפול ושיקום של נפגעי התמכרויות. העד מסר כי הנאשם מוכר לעמותה מזה כשלוש שנים, ובשנה האחרונה הגיע הנאשם לקהילה לאחר שטיפול בקריית שלמה לא צלח, משום שלנאשם קשיים פיזיים ונפשיים כתוצאה מנכותו. מהתרשמות מר רפאל מהנאשם, כחודשיים עובר לדיון, חל שינוי מהותי בשיתוף הפעולה שלו. בעבר טופל הנאשם במשך חצי שנה, שולב בהוסטל אך לא נמצאה לו עבודה מתאימה, ולאחר כ-3 חודשים הוריו קנו לו רכב והוא השתמש בו כדי לצאת ולהתחבר עם גורמים שוליים וחזר לשימוש בסמים, ולכן סולק מהמסגרת. הוסיף ואמר העד כי הוא בקשר עם קצין המבחן והם עובדים יחד כדי להרחיק את הנאשם מסביבתו ברמלה, המהווה גורם מדרדר, ובמטרה כי הנאשם יתחיל חיים עצמאיים ונורמטיביים. הנאשם ציין בהזדמנות זו שהוא נקי מסמים מזה חודש ו-26 ימים.",תסקירי שירות המבחן,תסקיר שירות מבחן,תסקיר שירות מבחן,תסקיר שירות מבחן,תסקיר שירות מבחן,תסקיר שירות מבחן
SH-21-02-40908-370,"ב""כ המאשימה עוה""ד אנבל לוקס, טענה כי עסקינן בפרשייה רחבה בה נטל הנאשם חלק בשרשרת הפצת סמים שפעלה מתוך מניע כלכלי. התובעת עמדה על הפגיעה בערכים המוגנים, הגישה פסיקה רלוונטית, ועתרה לקביעת מתחם עונש הולם כולל הנע בין 12 ל-24 חודשי מאסר.",טיעוני באי כוח הצדדים לעונש,טיעוני הצדדים,טיעוני הצדדים,טיעוני הצדדים,טיעוני הצדדים,טיעוני הצדדים
SH-21-02-40908-370,"ב""כ המאשימה הפנתה לתסקירים וטענה כי ניתן ללמוד מהם שהנאשם ""דורך במקום"" מזה ארבע שנים, בהעדר הליך טיפולי משמעותי המצדיק חריגה לקולה מהמתחם, בשים לב כי הטיפול בקהילת ""מכורים לחיים"" אינו מתאים לו וממילא לא צלח. בהתחשב בהודאת הנאשם במיוחס לו, עתרה המאשימה לגזור עליו 14 חודשי מאסר בפועל, מאסר מותנה, פסילה בפועל ועל תנאי, וקנס משמעותי. כמו כן ביקשה התובעת להכריז על הנאשם כ""סוחר סמים"", ולחלט טלפונים סלולאריים שנתפסו.",טיעוני באי כוח הצדדים לעונש,טיעוני הצדדים,טיעוני הצדדים,טיעוני הצדדים,טיעוני הצדדים,טיעוני הצדדים
SH-21-02-40908-370,"ב""כ הנאשם עוה""ד רלי אבישר, טענה כי מעשיו של הנאשם לא נבעו ממניע כלכלי והעבירות בוצעו בהפרש של שבוע, בהיותו שליח, ובשים לב שהוא ניתק מיוזמתו קשר עם נאשם 1, ולכן רף העבירות נמוך בנסיבותיהן. עוד הדגישה כי נאשם 1 היה הרוח החיה בפרשה, העסיק שליחים רבים, וניצל את הנאשם בעת שהיה בתקופה משברית בחייו. הסנגורית הפנתה לפסיקה, ועתרה לקביעת מתחם עונש הולם כולל הנע בין חודשיים ועד 8 חודשי מאסר בפועל.",טיעוני באי כוח הצדדים לעונש,טיעוני הצדדים,טיעוני הצדדים,טיעוני הצדדים,טיעוני הצדדים,טיעוני הצדדים
SH-21-02-40908-370,"הוסיפה ב""כ הנאשם והפנתה לנסיבותיו האישיות הקשות של הנאשם, כעולה מתסקירי שירות המבחן, מחמת מצבו הרפואי, בהיותו מוכר כנכה ומתקיים מקצבת הביטוח הלאומי (טל/2 עד טל/4), ולהשלכות הקשות של מצבו הבריאותי על תפקודי חייו. אשר להליכי הגמילה שעבר טענה, כי הוא עושה מאמצים לשקם את חייו, הוא נעדר דפוסים עברייניים מושרשים, ומאז הגשת כתב האישום ניסה לשמור על ניקיונו מסמים, כפי שאכן היה ברוב התקופה. לפיכך עתרה ההגנה לחרוג ממתחם העונש ההולם מטעמי שיקום, להשית עליו שלצ ולחלופין עבודות שירות לתקופה קצרה.",טיעוני באי כוח הצדדים לעונש,טיעוני הצדדים,טיעוני הצדדים,טיעוני הצדדים,טיעוני הצדדים,טיעוני הצדדים
SH-21-02-40908-370,"הנאשם בדברו לעונש הביע חרטה על מעשיו, הסביר שהוא ביצע אותם שלא למטרות ""פשע"" שכן הוא לא עבריין, סיפר כי הוא עובד כיום כנהג בשליחויות, שומר על טיפול וניקיון מסמים, וביקש להתחשב בו בגזירת העונש.",טיעוני באי כוח הצדדים לעונש,טיעוני הצדדים,טיעוני הצדדים,טיעוני הצדדים,טיעוני הצדדים,טיעוני הצדדים
SH-21-02-40908-370,"הערכים המוגנים בעבירות סמים רחבים והם נוגעים לבריאות הציבור, ביטחונו ורכושו. בית המשפט העליון עמד על פגיעתם הקשה של עבירות אלה בבריאות הציבור, וזאת בשל השפעתם ההרסנית על הגוף והנפש, לצד הסיכון הנובע מהן לביצוע עבירות נלוות, כדוגמת רכוש ואלימות (ע""פ 7952/15 מדינת ישראל נ' שץ (15.2.2016); ע""פ 1274/16 עווד נ' מדינת ישראל (6.10.2016); ע""פ 4522/18 אסאבן נ' מדינת ישראל (11.11.2018)). מטעם זה נקבע תפקידו החשוב של בית המשפט במאבק בעבירות סחר בסמים, דרך כלל בהטלת ענישה מחמירה. יפים לענייננו דברי כב' השופטת ע' ארבל (כתוארה אז) ברע""פ 6373/06 מדינת ישראל נ' אלנשמי (6.9.2006):",קביעת מתחם העונש ההולם ,דיון והכרעה,דיון והכרעה,דיון והכרעה,דיון והכרעה,דיון והכרעה
SH-21-02-40908-370,"הענישה בגין עבירות סחר בסמים, אף בכמויות קטנות, נסובה סביב עונשי מאסר בפועל, כפי שניתן ללמוד מהפסיקה שלהלן:",קביעת מתחם העונש ההולם ,דיון והכרעה,דיון והכרעה,דיון והכרעה,דיון והכרעה,דיון והכרעה
SH-21-02-40908-370,"ברע""פ 803/24 פלוני נ' מדינת ישראל (5.3.2024), נדחתה בקשת רשות ערעור שהגיש מבקש שהורשע לאחר ניהול הוכחות בעבירה של סחר בסמים מסוג הרואין במשקל 0.3886 גר' לסוכן משטרתי בתמורה ל-100 ₪. ברקע לכך התנהל שיח עם הסוכן לרכישת כ-100 גר' הרואין. נקבע מתחם עונש הולם הנע בין 6 ל-18 חודשי מאסר, והושתו על הנאשם 9 חודשי מאסר בפועל וענישה נלווית, משנמצא כי הוא מתקשה בקבלת אחריות על מעשיו, מציג עמדה קורבנית ומטשטש את דפוסי התמכרותו.",קביעת מתחם העונש ההולם ,דיון והכרעה,דיון והכרעה,דיון והכרעה,דיון והכרעה,דיון והכרעה
SH-21-02-40908-370,"ברע""פ 1955/19 אבו רקייק נ' מדינת ישראל (1.4.2019), הורשע נאשם על פי הודאתו בסחר בסם מסוכן, ומעשה פזיזות ורשלנות ברכב, בכך שמכר לסוכן משטרתי 2 מנות סם מסוכן מסוג קוקאין במשקל כולל של 1.049 גרם, בתמורה ל-800 ₪, ולאחר מכן נמלט עם רכבו מהמשטרה, נסע לאחור, התנגש ברכב אחר וכמעט פגע בהולכת רגל. בית משפט השלום קבע מתחם עונש כולל הנע בין 14 ל-30 חודשי מאסר בפועל, וגזר על הנאשם 14 חודשי מאסר לצד ענישה נלווית לאור תסקיר חיובי, גילו הצעיר, נטילת האחריות והיעדר עבר פלילי. ערעור ובקשה לרשות ערעור שהגיש הנאשם נדחו.",קביעת מתחם העונש ההולם ,דיון והכרעה,דיון והכרעה,דיון והכרעה,דיון והכרעה,דיון והכרעה
SH-21-02-40908-370,"ברע""פ 8408/15 חביב נ' מדינת ישראל (9.12.2015) (פסיקה שהגישו הצדדים), נדחתה בקשת רשות ערעור שהגיש המבקש לאחר שהורשע לפי הודאתו בשתי עבירות של סחר בקוקאין במשקל העולה על 6 גרם, ובעבירה של החזקת 15 גרם קוקאין שלא לצריכה עצמית. בית משפט השלום קבע כי מתחם העונש ההולם נע בין 8 ל-18 חודשי מאסר, לכל עבירה, וגזר על המבקש 17 חודשי מאסר בפועל, בהתחשב בהליך טיפולי משמעותי שעבר, ובנסיבותיו האישיות לרבות עבר פלילי מכביד.",קביעת מתחם העונש ההולם ,דיון והכרעה,דיון והכרעה,דיון והכרעה,דיון והכרעה,דיון והכרעה
SH-21-02-40908-370,"ברע""פ 126/15 חביף נ' מדינת ישראל (13.1.2015) (פסיקה שהגישה המאשימה), הורשע נאשם על פי הודאתו בסחר בסם מסוכן, בכך שמכר לסוכן משטרתי סם מסוכן מסוג קוקאין במשקל 0.3901 גרם, ובהזדמנות נוספת מכר לו 0.8179 גרם. בהזדמנות אחרת, תיווך בסחר בסם קוקאין במשקל 2.5056 גרם. בית משפט השלום קבע מתחם לכל אירוע בנפרד, הנע בין 8 ל-18 חודשי מאסר, וגזר על הנאשם שלחובתו עבר פלילי מכביד, 16 חודשי מאסר בפועל, הפעיל במצטבר מאסר על תנאי, כשסה""כ נגזרו על הנאשם 20 חודשי מאסר וענישה נלווית. ערעור ובקשת רשות ערעור שהגיש הנאשם נדחו, תוך שצוין כי המתחמים שנקבעו מתונים ואף מקלים.",קביעת מתחם העונש ההולם ,דיון והכרעה,דיון והכרעה,דיון והכרעה,דיון והכרעה,דיון והכרעה
SH-21-02-40908-370,"ברע""פ 65/15 מסראווה נ' מדינת ישראל (13.1.2015) (פסיקה אליה הפנתה ההגנה), הורשע נאשם על פי הודאתו בשתי עבירות סחר בקוקאין בתמורה ל- 200 ₪ בכל הזדמנות. בית משפט השלום קבע מתחם עונש הולם הנע בין 6 ל-18 חודשי מאסר, ונגזרו עליו 6 חודשי מאסר בעבודות שירות, לאחר שנלקחו בחשבון 3 חודשי מעצר; הליך טיפולי של גמילה מסמים שעבר; השתלבותו בעבודה קבועה, והיותו נשוי ואב ל-6 ילדים, שאחד מהם עבר תאונת דרכים. ערעור ובקשת רשות ערעור שהגיש הנאשם נדחו.",קביעת מתחם העונש ההולם ,דיון והכרעה,דיון והכרעה,דיון והכרעה,דיון והכרעה,דיון והכרעה
SH-21-02-40908-370,"ברע""פ 7681/13 דקה נ' מדינת ישראל (21.1.2014) (פסיקה מטעם ההגנה), נדון נאשם לפי הודאתו בסחר בסם מסוג הרואין בשתי הזדמנויות, במשקל כולל של כ-3 גרם בתמורה ל-200 ₪ בכל מכירה. בית משפט השלום קבע מתחם לכל אישום הנע בין 6 ל-12 חודשי מאסר, וגזר על הנאשם 10 חודשי מאסר בפועל, בהתחשב בעבר פלילי רלוונטי אך ישן מאוד, והליך גמילה פרטי שעבר בהצלחה. ערעור ובקשת רשות ערעור שהגיש הנאשם על חומרת העונש נדחו.",קביעת מתחם העונש ההולם ,דיון והכרעה,דיון והכרעה,דיון והכרעה,דיון והכרעה,דיון והכרעה
SH-21-02-40908-370,"ברע""פ 5494/19 רנד נגד מדינת ישראל (22.8.2019) (פסיקה מטעם ההגנה), הנאשם הורשע בסחר של שלוש יחידות סם מסוג ""קריסטל"" בתמורה ל-750 ₪, ובהחזקת הרואין וקוקאין. בית משפט השלום קבע מתחם ענישה הנע בין 6 ל-18 חודשי מאסר בפועל. הנאשם נעדר עבר פלילי, התקבל בעניינו תסקיר חיובי, ולפיכך גזר עליו בית המשפט 6 חודשי מאסר לריצוי בעבודות שירות לצד ענישה נלווית. ערעור הנאשם ובקשת רשות ערעור על חומרת העונש נדחו.",קביעת מתחם העונש ההולם ,דיון והכרעה,דיון והכרעה,דיון והכרעה,דיון והכרעה,דיון והכרעה
SH-21-02-40908-370,"בעפ""ג (מרכז-לוד) 33119-07-17 סלאמה נ' מדינת ישראל (26.12.2017), הורשע נאשם על פי הודאתו בסחר בקוקאין ובסיוע לסחר בקוקאין, בכך שבאירוע אחד מכר עם אחר 1.77 גרם קוקאין לסוכן משטרתי, ובאירוע שני סייע לאחר למכור 5 גרם קוקאין, אך עסקה לא יצאה לפועל. בית משפט השלום קבע מתחם הנע בין 12 ל-28 חודשי מאסר, וגזר על הנאשם 12 חודשי מאסר בפועל, בהתחשב בלקיחת האחריות, העדר עבר פלילי, תסקיר חיובי ונסיבותיו האישיות של הנאשם. ערעור שהגיש הנאשם על חומרת העונש נדחה.",קביעת מתחם העונש ההולם ,דיון והכרעה,דיון והכרעה,דיון והכרעה,דיון והכרעה,דיון והכרעה
SH-21-02-40908-370,"ובחזרה לענייננו, הנאשם הורשע בעבירה של סחר בסמים מסוג קוקאין במשקל 1 גרם, עבירה של הספקת סם מסוג קנבוס במשקל לא ידוע; ובהחזקת סם מסוג קוקאין במשקל 0.05 גרם לצריכה עצמית. בשקלול מעשי העבירה של הנאשם בנסיבותיהם, ובהתחשב בענישה הנוהגת אני קובעת כי מתחם העונש ההולם הכולל נע בין 8 חודשי מאסר ועד 18 חודשים.",קביעת מתחם העונש ההולם ,דיון והכרעה,דיון והכרעה,דיון והכרעה,דיון והכרעה,דיון והכרעה
SH-21-02-40908-370,"הנאשם בן 34, רווק המתגורר בבית הוריו, נעדר עבר פלילי מכל סוג, הודה במיוחס לו ונטל אחריות מלאה על מעשיו. בכך לימד על חרטה והביא לחסכון בזמן שיפוטי יקר.",גזירת העונש בתוך המתחם ,דיון והכרעה,דיון והכרעה,דיון והכרעה,דיון והכרעה,דיון והכרעה
SH-21-02-40908-370,"מתסקירי שירות המבחן נלמדו נסיבות חייו המורכבות של הנאשם, שמתמודד עם מחלה הגורמת לגידולים שפירים ובעטיה הוא נדרש לעבור ניתוחים. הנאשם מוכר על ידי הביטוח הלאומי כנכה בשיעור של 68% והוא מקבל קצבת נכות.",גזירת העונש בתוך המתחם ,דיון והכרעה,דיון והכרעה,דיון והכרעה,דיון והכרעה,דיון והכרעה
SH-21-02-40908-370,"כפי שפרטתי לעיל, לנאשם דפוסים עמוקים של התמכרות וצריכת סמים קשים מזה למעלה מ-10 שנים. הוא הביע נכונות לעבור טיפול של גמילה ושיקום, ואולם במשך למעלה משנתיים בהם היה במעקב של שירות המבחן, נפלט הנאשם מספר פעמים מהליכי הטיפול שהומלצו לו, הוא לא השתלב בקהילה טיפולית סגורה בפיקוח משרד הרווחה ב""קריית שלמה"", ועזב את המקום. הנאשם העדיף את הטיפול הפרטי בקהילת ""מכורים לחיים"", אך פעם אחר פעם חזר לשימוש בסמים, לרבות חודשים ספורים לפני הדיון.",גזירת העונש בתוך המתחם ,דיון והכרעה,דיון והכרעה,דיון והכרעה,דיון והכרעה,דיון והכרעה
SH-21-02-40908-370,"כפי שעמד על כך בהרחבה שירות המבחן בתסקיריו, ניסיון העבר מלמד כי גם אם הנאשם שומר לאחרונה על ניקיון מסמים והוא בטיפול בקהילת ""מכורים לחיים"", הוא נעדר כוחות ובשלות להשלים הליך גמילה, וזקוק לקהילה טיפולית סגורה הכוללת טיפול אינטנסיבי ארוך טווח, המתאימה לאנשים עם תחלואה כפולה. במצב זה, שבו חזר הנאשם לשימוש בסמים פעם אחר פעם, מובן כי הוא לא הוכיח שעבר שיקום, ולא הצביע על סיכויי שיקום מובהקים המצדיקים חריגה מהמתחם מטעמים אלה, בהתאם לקריטריונים שקבעה הפסיקה (ע""פ 126/22 מדינת ישראל נ' פלוני, פסקה 16 (27.4.2022); ע""פ 1229/19 סלומינסקי נ' מדינת ישראל, פסקה 13 (1.7.2019); ע""פ 6637/17 קרנדל נ' מדינת ישראל (18.4.2018)).",גזירת העונש בתוך המתחם ,דיון והכרעה,דיון והכרעה,דיון והכרעה,דיון והכרעה,דיון והכרעה
SH-21-02-40908-370,"בסופו של יום, עינינו הרואות כי הגם שהנאשם עשה מאמצים לאורך זמן ממושך מאז הורשע במיוחס לו, הוא חזר להשתמש בסמים, לא שיתף פעולה עם שירות המבחן כנדרש, לא הסכים להשתלב בקהילה טיפולית סגורה ומפוקחת על ידי משרד הרווחה, והרושם הוא כי קיים סיכון במצבו להישנות עבירות.",גזירת העונש בתוך המתחם ,דיון והכרעה,דיון והכרעה,דיון והכרעה,דיון והכרעה,דיון והכרעה
SH-21-02-40908-370,"לנוכח קשייו האובייקטיביים של הנאשם, שבלטו גם בהתרשמות הבלתי אמצעית ממנו בבית המשפט, ובחלוף זמן ניכר מאז ביצוע העבירות – אני סבורה כי אין הכרח להטיל עליו ענישה בדמות מאסר בפועל. לעונש שכזה עלולה להיות השלכה מזיקה על הנאשם, אף במידה חמורה מהרגיל. מטעמים אלו הגעתי למסקנה, כי נכון לגזור את עונשו בחלק התחתון של מתחם העונש ההולם, כך שירצה עבודות שירות לתקופה המקסימלית.",גזירת העונש בתוך המתחם ,דיון והכרעה,דיון והכרעה,דיון והכרעה,דיון והכרעה,דיון והכרעה
SH-21-02-40908-370,"מאסר למשך 9 חודשים, שירוצה בעבודות שירות, החל מיום 5.5.2024 (או במועד אחר שיקבע הממונה על עבודות השירות). במועד זה בשעה 8:00 יתייצב הנאשם במשרדי הממונה על עבודות השירות בשב""ס – יחידת ברקאי, ברח' לוחמי בית""ר 6 בעיר רמלה.",אשר על כן אני גוזרת על הנאשם את העונשים שלהלן:,דיון והכרעה,דיון והכרעה,דיון והכרעה,דיון והכרעה,דיון והכרעה
SH-21-02-40908-370,"הנאשם מוזהר כי עליו לקיים את הוראות הממונה על עבודות השירות, אחרת יכול שיופקע העונש כך שהוא ירצה אותו במאסר מאחורי סורג ובריח.",אשר על כן אני גוזרת על הנאשם את העונשים שלהלן:,דיון והכרעה,דיון והכרעה,דיון והכרעה,דיון והכרעה,דיון והכרעה
SH-21-02-40908-370,"מאסר מותנה למשך 6 חודשים, והתנאי הוא כי הנאשם לא יעבור עבירת סמים מסוג פשע למשך 3 שנים מסיום ריצוי עבודות השירות.",אשר על כן אני גוזרת על הנאשם את העונשים שלהלן:,דיון והכרעה,דיון והכרעה,דיון והכרעה,דיון והכרעה,דיון והכרעה
SH-21-02-40908-370,"מאסר מותנה למשך 3 חודשים, והתנאי הוא כי הנאשם לא יעבור עבירת סמים מסוג עוון, למשך 3 שנים מסיום ריצוי עבודות השירות.",אשר על כן אני גוזרת על הנאשם את העונשים שלהלן:,דיון והכרעה,דיון והכרעה,דיון והכרעה,דיון והכרעה,דיון והכרעה
SH-21-02-40908-370,"הנאשם ישלם קנס בסך 5,000 ₪ או 25 ימי מאסר תמורתו. הקנס ישולם ב-10 תשלומים חודשיים שווים ורצופים החל מיום 1.6.2024 ובכל ראשון לחודש שלאחר מכן.",אשר על כן אני גוזרת על הנאשם את העונשים שלהלן:,דיון והכרעה,דיון והכרעה,דיון והכרעה,דיון והכרעה,דיון והכרעה
SH-21-02-40908-370,"פסילה על תנאי למשך 6 חודשים, והתנאי הוא כי הנאשם לא יעבור עבירת סמים מסוג פשע, במשך 3 שנים מהיום.",אשר על כן אני גוזרת על הנאשם את העונשים שלהלן:,דיון והכרעה,דיון והכרעה,דיון והכרעה,דיון והכרעה,דיון והכרעה
SH-21-03-7171-604,"פקודת הסמים המסוכנים [נוסח חדש], תשל""ג-1973: סע'  13, 19א",nothing,מידע אחר,מידע אחר,מידע אחר,מידע אחר,מידע אחר
SH-21-03-7171-604,"חוק העונשין, תשל""ז-1977: סע'  413",nothing,מידע אחר,מידע אחר,מידע אחר,מידע אחר,מידע אחר
SH-21-03-7171-604,הנאשם הורשע על פי הודאתו בשני כתבי אישום.,רקע,עובדות המקרה,עובדות המקרה,עובדות המקרה,עובדות המקרה,עובדות המקרה
SH-21-03-7171-604,"בתפ""ק 7171-03-21 בביצוע עבירה של סחר בסם מסוכן, לפי סעיף 13 +19א לפקודת הסמים המסוכנים (נוסח חדש), תשל""ג- 1973 (להלן: ""פקודת הסמים המסוכנים"").",רקע,עובדות המקרה,עובדות המקרה,עובדות המקרה,עובדות המקרה,עובדות המקרה
SH-21-03-7171-604,"על פי כתב האישום, ביום 16.2.21 בשעת ערב פנה שוטר בלבוש אזרחי לנאשם, בעודו עומד בפינת רחוב, וביקש ממנו להביא לו סם בתמורה ל- 100 ₪. הנאשם לקח את שטר הכסף ומסר לשוטר סם מסוכן מסוג קוקאין במשקל 0.0882 גרם נטו.",רקע,עובדות המקרה,עובדות המקרה,עובדות המקרה,עובדות המקרה,עובדות המקרה
SH-21-03-7171-604,"בת""פ 6358-10-21 בביצוע עבירה של החזקת נכס חשוד כגנוב, לפי סעיף 413 לחוק העונשין, התשל""ז- 1977 (להלן: ""חוק העונשין"").  על פי כתב האישום, ביום 1.6.21 התפרץ אחר לקופת חולים כללית וגנב מחשב, מקלדת, מסך מחשב ועכבר. בהמשך הנאשם שאל את האחר אם ברצונו למכור את הרכוש הגנוב, ולאחר מכן רכשו בתמורה ל-150 ₪.",רקע,עובדות המקרה,עובדות המקרה,עובדות המקרה,עובדות המקרה,עובדות המקרה
SH-21-03-7171-604,נסיבות חייו האישיות המשפחתיות של הנאשם אינן קלות.,תסקירי שירות מבחן וחוות דעת הממונה,תסקיר שירות מבחן,תסקיר שירות מבחן,ראיות לעונש,תסקיר שירות מבחן,תסקיר שירות מבחן
SH-21-03-7171-604,"הנאשם גדל בעזובה רגשית וחינוכית, והיה קרבן מילדות לאלימות אביו. הוא נפלט ממערכת החינוך כעבור 8 שנות לימוד, לאחריהם הדרדר תפקודו, והוא החל להסתבך בפלילים. בגיל 13 הושם הנאשם במעון נעול כחלופת מאסר, ובגיל 15 עם החזרה לבית אמו הוחמר מצבו, הוא פיתח דפוסי התמכרות לסמים ואלכוהול, והעמיק מעורבותו בפלילים. מאז התקשה הנאשם לשמר אורח חיים יציב ונורמטיבי, והתנהל על פי דפוסים עברייניים מושרשים.",תסקירי שירות מבחן וחוות דעת הממונה,תסקיר שירות מבחן,תסקיר שירות מבחן,ראיות לעונש,תסקיר שירות מבחן,תסקיר שירות מבחן
SH-21-03-7171-604,"הנאשם כבן 29, ריצה עד כה מספר עונשי מאסר ממושכים. בשנת 2018, במהלך ריצוי עונש המאסר האחרון בכלא חרמון, גילה הנאשם מוטיבציה שיקומית והשתלב בטיפול גמילה ממושך. עם שחרורו הוצע לנאשם להשתלב בהוסטל המשכי, אך הנאשם סירב לכך, והטיפול נקטע. לתקופה ניסה הנאשם לשמר תפקוד נורמטיבי, הוא נמנע משימוש בסמים והשתלב בעבודה. ואולם כעבור חודשים ספורים ביצע את העבירות שבפני.",תסקירי שירות מבחן וחוות דעת הממונה,תסקיר שירות מבחן,תסקיר שירות מבחן,ראיות לעונש,תסקיר שירות מבחן,תסקיר שירות מבחן
SH-21-03-7171-604,"עוד בשלב המעצר הביע הנאשם עייפות ומצוקה מאורחות חייו, והכיר בנזקקותו לעזרה. הנאשם הופנה ליחידה להתמכרויות, שולב בטיפול קבוצתי, ומסר בדיקות שתן לאיתור שרידי סם.",תסקירי שירות מבחן וחוות דעת הממונה,תסקיר שירות מבחן,תסקיר שירות מבחן,ראיות לעונש,תסקיר שירות מבחן,תסקיר שירות מבחן
SH-21-03-7171-604,ביולי 2022 נקלט הנאשם בבית המשפט הקהילתי.,תסקירי שירות מבחן וחוות דעת הממונה,תסקיר שירות מבחן,תסקיר שירות מבחן,ראיות לעונש,תסקיר שירות מבחן,תסקיר שירות מבחן
SH-21-03-7171-604,"במסגרת התסקיר הקהילתי, עמד שירות מבחן על חיוניות שילוב הנאשם בטיפול בהתמכרות כמוקד התערבות מרכזי. לצדו, הומלץ על שילוב הנאשם בטיפול ייעודי לעוברי חוק, וסיועו במיצוי זכויות, באיתור מענה תעסוקתי, וחיזוק קשרי קהילה.",תסקירי שירות מבחן וחוות דעת הממונה,תסקיר שירות מבחן,תסקיר שירות מבחן,תסקיר שירות מבחן,תסקיר שירות מבחן,תסקיר שירות מבחן
SH-21-03-7171-604,"במשך שמונה חודשים שיתף הנאשם פעולה עם גורמי הטיפול. הוא שימר קשר עם שירות מבחן, השתלב בעבודה, מסר בדיקות שתן נקיות, וערך מאמצים להגיע ליחידה להתמכרויות. בשל קושי במוגנות אישית אליה נקלעו הנאשם ומשפחתו, נבצר ממנו להגיע בהתמדה ליחידה להתמכרויות, ובנוסף ניכר היה כי ייארך זמן עד לביסוס אמון ופתיחות מצדו במרחב הטיפולי.",תסקירי שירות מבחן וחוות דעת הממונה,תסקיר שירות מבחן,תסקיר שירות מבחן,תסקיר שירות מבחן,תסקיר שירות מבחן,תסקיר שירות מבחן
SH-21-03-7171-604,"במרץ 2023 התנהלה חקירה משטרתית נגד הנאשם, בעקבותיה חווה הנאשם משבר אמון ואכזבה מהמערכות, עזב את עבודתו, וניתק קשר עם גורמי הטיפול. חרף האמור, הוחלט ליתן לנאשם הזדמנות נוספת, והוצע לו להשתלב בטיפול כוללני בקהילה טיפולית הרחק מסביבת חייו. הנאשם סירב להשתלב בקהילה טיפולית, אך הסכים להשתלב במרכז יום. שירות מבחן מצא להגמיש את תכנית הטיפול המוצעת על מנת לגייס את הנאשם לשיקום, אך למעשה ובניגוד להצהרתו, הנאשם חדל להגיע ליחידה להתמכרויות, ניתק קשר עם שירות מבחן, והביע רצון לסיים את ההליך.",תסקירי שירות מבחן וחוות דעת הממונה,תסקיר שירות מבחן,תסקיר שירות מבחן,תסקיר שירות מבחן,תסקיר שירות מבחן,תסקיר שירות מבחן
SH-21-03-7171-604,"באוגוסט 2023 הוצא הנאשם מההליך הקהילתי, בהיותו בשלב 2 מתוך חמשת שלבי תכנית השלבים.",תסקירי שירות מבחן וחוות דעת הממונה,תסקיר שירות מבחן,תסקיר שירות מבחן,תסקיר שירות מבחן,תסקיר שירות מבחן,תסקיר שירות מבחן
SH-21-03-7171-604,"לקראת הגשת התסקיר לעונש ניסה שירות מבחן ליצור קשר עם הנאשם, אך ללא הצלחה. מדברי הסנגור עולה כי הנאשם אינו עומד בקשר גם איתו. בנסיבות, מאז יוני 2023 אין מידע עדכני אודות הנאשם.",תסקירי שירות מבחן וחוות דעת הממונה,תסקיר שירות מבחן,תסקיר שירות מבחן,תסקיר שירות מבחן,תסקיר שירות מבחן,תסקיר שירות מבחן
SH-21-03-7171-604,"בסיכומו של הליך, שירות מבחן התרשם כי הנאשם אינו מכיר בחיוניות הטיפול האינטנסיבי לחייו,  הוא בעל מוטיבציה נמוכה לשינוי, ולא ניתן להצביע על הפחתה כלשהי בסיכון בעניינו. שירות מבחן המליץ להטיל על הנאשם ענישה מוחשית וקונקרטית, אף שלזכותו צוינה העובדה כי לא נפתחו נגדו תיקים נוספים.",תסקירי שירות מבחן וחוות דעת הממונה,תסקיר שירות מבחן,תסקיר שירות מבחן,תסקיר שירות מבחן,תסקיר שירות מבחן,תסקיר שירות מבחן
SH-21-03-7171-604,מטעם המאשימה הוגש תדפיס מידע פלילי ותעבורתי.,ראיות לעונש,ראיות לעונש,ראיות לעונש,ראיות לעונש,ראיות לעונש,ראיות לעונש
SH-21-03-7171-604,"לחובת הנאשם ששה רישומים פליליים, מרביתם בעבירות סחר בסמים. בגינם שהה הנאשם שנתיים במעון נעול, וריצה חמישה עונשי מאסר שמשכם הכולל הינו כחמש וחצי שנים.",ראיות לעונש,ראיות לעונש,ראיות לעונש,ראיות לעונש,ראיות לעונש,ראיות לעונש
SH-21-03-7171-604,"במסגרת ההליך הפלילי האחרון, ת""פ 58073-02-18, הוטלו על הנאשם בין היתר עונשים מותנים, הכוליים מאסר בן 10 חודשים באם יבצע הנאשם עבירת סמים מסוג פשע, ופסילת רישיון הנהיגה למשך 9 חודשים, באם יבצע עבירה לפי פקודת הסמים המסוכנים. עונשים אלה ברי הפעלה.",ראיות לעונש,ראיות לעונש,ראיות לעונש,ראיות לעונש,ראיות לעונש,ראיות לעונש
SH-21-03-7171-604,"בנוסף לחובת הנאשם שש הרשעות תעבורתיות, מהן חמש מסוג עבירת קנס.",ראיות לעונש,ראיות לעונש,ראיות לעונש,ראיות לעונש,ראיות לעונש,ראיות לעונש
SH-21-03-7171-604,"ב""כ המאשימה עמדה בטיעוניה על חומרת העבירות שביצע הנאשם, הערכים המוגנים בחובן, מעורבותו העמוקה של הנאשם בפלילים, ועברו המכביד הרלוונטי.",טיעונים לעונש,טיעוני הצדדים,טיעוני הצדדים,טיעוני הצדדים,טיעוני הצדדים,טיעוני הצדדים
SH-21-03-7171-604,"בהתייחס לנסיבות ביצוע העבירות טענה ב""כ המאשימה כי זמינות הסם ללא תכנון מוקדם מעידה על עומק מעורבות הנאשם בעולם הסם, ועבירת הרכוש, אף שנסיבותיה קלות, מלמדת על המשך מעורבות הנאשם בפלילים, על סוגיו השונים. התובעת עתרה לקבוע מתחם ענישה הנע בין 8 ל- 18 חודשי מאסר בפועל בגין עבירת הסם, ומתחם שבין מאסר מותנה ועד מספר חודשי מאסר בפועל בגין עבירת הרכוש.",טיעונים לעונש,טיעוני הצדדים,טיעוני הצדדים,טיעוני הצדדים,טיעוני הצדדים,טיעוני הצדדים
SH-21-03-7171-604,"בהתייחס לעונש המתאים לנאשם, המאשימה עמדה על הודאת הנאשם במיוחס לו, והאחריות שנטל למעשיו. לשיטת המאשימה, אין לראות בכניסת הנאשם להליך הקהילתי נסיבה מקלה, נוכח הקשיים המשמעותיים שעלו בקשר עם שירות מבחן, המוטיבציה הנמוכה שגילה הנאשם לשיקום, והרושם כי מסוכנותו לא פחתה.",טיעונים לעונש,טיעוני הצדדים,טיעוני הצדדים,טיעוני הצדדים,טיעוני הצדדים,טיעוני הצדדים
SH-21-03-7171-604,"במכלול עתרה המאשימה להכריז על הנאשם ""סוחר סמים"", ולהטיל עליו עונש שלא יפחת מ-14 חודשי מאסר בגין שני התיקים, מאסר מותנה, קנס בסך 3,000 ₪, חילוט סך של 1,802 ₪ שנתפסו, ופסילת רישיון נהיגה בפועל ועל תנאי. המאשימה עתרה בנוסף להפעיל את העונשים ברי ההפעלה, היינו מאסר בן 10 חודשים ופסילת רישיון הנהיגה למשך 9 חודשים, חלקם במצטבר לכל עונש אחר שיוטל.",טיעונים לעונש,טיעוני הצדדים,טיעוני הצדדים,טיעוני הצדדים,טיעוני הצדדים,טיעוני הצדדים
SH-21-03-7171-604,"ב""כ הנאשם עמד בטיעוניו על הודאת הנאשם במיוחס לו, המפנה התודעתי שעבר, השתלבותו בהליך הקהילתי, והעובדה שלא נפתחו נגדו תיקים חדשים בחלוף הזמן. הסנגור סקר בטיעוניו את ההליך השיקומי, השתלבות הנאשם ביחידה להתמכרויות, ובדיקות השתן הנקיות משרידי סם שמסר. עוד ציין הסנגור את נסיבות חיי הנאשם שמנעו לתקופה את השתלבותו בטיפול, ואת הרקע המשפחתי והתרבותי שהיוו חסם משמעותי להשלמת השיקום.",טיעונים לעונש,טיעוני הצדדים,טיעוני הצדדים,טיעוני הצדדים,טיעוני הצדדים,טיעוני הצדדים
SH-21-03-7171-604,"בהתייחס לעבירות הנידונות, ב""כ הנאשם עמד על נסיבותיהן הקלות, וטען כי מתחם העונש שנתבקש על ידי המאשימה חורג בחומרתו. אשר לעונש המתאים לנאשם, ובשים לב למאמציו השיקומיים ומצבו האישי והכלכלי, עתר הסנגור להטלת עונש המצוי בתחתית המתחם, הימנעות מחילוט, וריצוי בחופף להפעלת העונשים המותנים. ב""כ הנאשם עתר בנוסף שלא להכריז על הנאשם כסוחר סמים, ואף הביע הסכמה לחילוט מלוא הכספים שנתפסו, היה ובית המשפט יימנע מההכרזה.",טיעונים לעונש,טיעוני הצדדים,טיעוני הצדדים,טיעוני הצדדים,טיעוני הצדדים,טיעוני הצדדים
SH-21-03-7171-604,"הנאשם בדבריו שיתף כי קיווה להשתקם, אך סביבת מגוריו לא אפשרה את השלמת הטיפול. עוד שיתף כי הוא עתיד להינשא במאי 2024, וביקש לדחות את ריצוי עונשו לאחר מועד החתונה.",טיעונים לעונש,טיעוני הצדדים,טיעוני הצדדים,טיעוני הצדדים,טיעוני הצדדים,טיעוני הצדדים
SH-21-03-7171-604,"בתי המשפט שבו ועמדו על החומרה הגלומה בעבירות הסמים, ומדיניות הענישה הצריכה להינקט כלפי כלל המעורבים בשרשרת הפצת הסם. הערכים החברתיים המוגנים העומדים ביסוד עבירת הסחר הינם הסדר הציבורי, שלום הציבור ובריאותו. אין צורך להכביר במילים אודות שיעור הנזק, הישיר והעקיף, הנגרם למשתמשי הסם, בני משפחותיהם והציבור בכללותו, וזאת בפרט שעה שמדובר בסמים קשים.",דיון,דיון והכרעה,דיון והכרעה,דיון והכרעה,דיון והכרעה,דיון והכרעה
SH-21-03-7171-604,"לצד האמור בפסיקה נקבע מנעד ענישה רחב, הנקבע בין היתר מסוג הסם, כמותו, ומידת מרכזיותו של הנאשם בשרשרת הפצת הסם (ע""פ 6548/17  לבדב נ' מדינת ישראל (נבו 30/1/2018)).",דיון,דיון והכרעה,דיון והכרעה,דיון והכרעה,דיון והכרעה,דיון והכרעה
SH-21-03-7171-604,"במקרה שלפני, מדובר בעבירת סחר אחת בסם מסוכן מסוג קוקאין, שלא קדם לה תכנון מוקדם, ובהיקף עסקה זעיר. אמנם נסיבות המכירה עלולות להעיד על זמינות הנאשם לסם, אך מנגד מדובר בעסקה בודדת בשווי 100 ₪ בלבד, ובכמות סם קטנה, אף ביחס לשיעורי ההחזקה העצמית הקבועים בתוספת השניה לפקודת הסמים המסוכנים (בענייננו 0.0882 גרם אל מול רף ההחזקה לצריכה עצמית של קוקאין העומד על 0.3 גרם). בנסיבות אלו, לא שוכנעתי כי האישום כשלעצמו מלמד על מרכזיות הנאשם בשרשרת הפצת הסם או על היותו סוחר סמים, וזאת מבלי להתעלם מעברו המכביד בעבירות סחר.",דיון,דיון והכרעה,דיון והכרעה,דיון והכרעה,דיון והכרעה,דיון והכרעה
SH-21-03-7171-604,"אשר על כן צודק ב""כ הנאשם כי המקרים בפסיקה אליהם הפנתה המאשימה אינם תואמים את חומרת המקרה שבפני. אפרט:",דיון,דיון והכרעה,דיון והכרעה,דיון והכרעה,דיון והכרעה,דיון והכרעה
SH-21-03-7171-604,"ברע""פ 126/15 חביף נ' מדינת ישראל (נבו 15.01.15) נדון עניינו של נאשם שמכר סם מסוכן מסוג קוקאין לסוכן משטרתי בשלושה אירועים שונים. משקלי המכירה בכל אחת מהעסקאות עלו על רף ההחזקה העצמית המינימלית (0.39 גרם, 0.81 גרם ו-2.5 גרם). באותו מקרה אושר מתחם עונש לכל מכירה הנע בין 8 ל-18 חודשי מאסר, תוך שצוין כי המתחם הולם ואף מקל.",דיון,דיון והכרעה,דיון והכרעה,דיון והכרעה,דיון והכרעה,דיון והכרעה
SH-21-03-7171-604,"ברע""פ 8408/15 חביב נ' מדינת ישראל (נבו 9.12.15), נדון עניינו של נאשם שהורשע בעבירות סחר והחזקת סמים שלא לצריכה עצמית, בשלושה אירועים שונים. במקרה זה העסקאות כללו תכנון ותיאום מוקדם, ונסיבות המכירות עלו באופן ניכר על רף ההחזקה המינימלית (1.1 גרם, 10 אריזות במשקל העולה על 5 גרם, ואריזות במשקל העולה על 15 גרם). גם שם אושר מתחם עונש לכל מכירה הנע בין 8 ל-18 חודשי מאסר בפועל.",דיון,דיון והכרעה,דיון והכרעה,דיון והכרעה,דיון והכרעה,דיון והכרעה
SH-21-03-7171-604,"וכן ברע""פ 5494/19 רנד נ' מדינת ישראל (נבו 22.8.19) נדון עניינו של נאשם שהורשע בעבירת סחר והחזקת סם שלא לצריכה עצמית. באותו מקרה העסקה בוצעה מול שני לקוחות, ונמכרו במסגרתה שלוש יחידות קריסטל, כשבמקביל החזיק הנאשם ברכבו 11 יחידות של הרואין ו-8 יחידות של קוקאין. בנסיבות אלה נקבע מתחם ענישה הנע בין 6 ל- 18 חודשי מאסר בפועל.",דיון,דיון והכרעה,דיון והכרעה,דיון והכרעה,דיון והכרעה,דיון והכרעה
SH-21-03-7171-604,"אציין כי לא מצאתי בפסיקה מתחם התואם את הנסיבות שבפנינו, ואולם לשם ההשוואה מצאתי להביא בנוסף את פסקי הדין הבאים, תוך שימת לב לנסיבותיהם החמורות יחסית:",דיון,דיון והכרעה,דיון והכרעה,דיון והכרעה,דיון והכרעה,דיון והכרעה
SH-21-03-7171-604,"ברע""פ 65/15 מסראווה נ' מדינת ישראל  (נבו 13.1.2015) נדחתה בקשת רשות ערעור של מי שהורשע בשתי עבירות של סחר בקוקאין תמורת 200 ש""ח. באותו מקרה נקבע מתחם ענישה של 18-6 חודשי מאסר בגין שני אירועי הסחר.",דיון,דיון והכרעה,דיון והכרעה,דיון והכרעה,דיון והכרעה,דיון והכרעה
SH-21-03-7171-604,"ברע""פ 7681/13 דקה נ' מדינת ישראל  (נבו 21.1.2014) נדחתה בקשת רשות ערעור של נאשם שנדון ל-10 חודשי מאסר בגין שתי עבירות של סחר בסם מסוכן מסוג הרואין במשקל מצטבר של כשלושה גרם. מתחם הענישה שנקבע באותו מקרה היה 12-6 חודשי מאסר לכל אחת ממכירות הסם.",דיון,דיון והכרעה,דיון והכרעה,דיון והכרעה,דיון והכרעה,דיון והכרעה
SH-21-03-7171-604,"בעפ""ג (מרכז-לוד) 9680-01-22 טוגנטמן נ' מדינת ישראל )נבו 3.7.23) נדון עניינו של נאשם שהורשע בתיווך לסחר בסם LSD  בבקבוקן שהכיל 0.1 מ""מ, אותו מסר לסוכן משטרתי. באותו מקרה נקבע מתחם עונש הנע בין מספר חודשי מאסר ועד 12 חודשים, ובהסכמת הצדדים בערעור הועמד עונשו של הנאשם על 9 חודשי מאסר בעבודות שירות.",דיון,דיון והכרעה,דיון והכרעה,דיון והכרעה,דיון והכרעה,דיון והכרעה
SH-21-03-7171-604,"לאור האמור, בהינתן עסקה בודדת וכמות סם מסוג קוקאין המצויה בטווח ההחזקה לצריכה עצמית, מצאתי לקבוע מתחם ענישה הנע בין 4 ל-12 חודשי מאסר בפועל.",דיון,דיון והכרעה,דיון והכרעה,דיון והכרעה,דיון והכרעה,דיון והכרעה
SH-21-03-7171-604,"באשר לעבירת החזקת רכוש החשוד כגנוב, הערך החברתי המוגן בעבירה זו הינו הגנה על קניינו שלומו ובטחונו של הפרט. במקרה שבפני, הנאשם רכש מיטלטלין במחיר נמוך משמעותית משווים, ובכך הקים את יסודות העבירה. מעשיו לא לוו בביצוע עבירות נוספות מתחום הרכוש, הוא עצמו לא נחשד כמעורב בגניבה, וממילא הפגיעה בערך המוגן מצויה ברף הנמוך ביותר.",דיון,דיון והכרעה,דיון והכרעה,דיון והכרעה,דיון והכרעה,דיון והכרעה
SH-21-03-7171-604,"בחינת הפסיקה מעלה כי מתחם הענישה בגין עבירה זו, אף בנסיבות חמורות מאלו שבפנינו, נע משל""צ והתחייבות ועד מאסר מותנה. ראו ת""פ (שלום רח') 47605-05-12 מדינת ישראל נ' מוסיס (נבו 03.03.2014), ת""פ 5861/09 מדינת ישראל נ' כלבוני (נבו 14.2.10); ת""פ 1994/08 מדינת ישראל נ' קרינאוי (8.2.10); ת""פ 1515/06 מדינת ישראל נ' אמיל חסן (נבו 9.12.12).",דיון,דיון והכרעה,דיון והכרעה,דיון והכרעה,דיון והכרעה,דיון והכרעה
SH-21-03-7171-604,"הנאשם, כבן 29, נסיבות חייו האישיות והמשפחתיות אינן קלות, ולקשייו מילדות זיקה מלאה למעורבותו בעבריינות.", מכאן לנאשם:,דיון והכרעה,דיון והכרעה,דיון והכרעה,דיון והכרעה,דיון והכרעה
SH-21-03-7171-604,"לחובת הנאשם עבר מכביד משמעותי ורלוונטי בגין עבירות סמים רבות, ונראה כי העונשים הכבדים שהוטלו עליו לאורך השנים לא הועילו ולא היוו גורם מרתיע מספיק עבורו. העבירות שבפני בוצעו שעה שתלויים ועומדים נגד הנאשם עונשי מאסר ופסילה מותנים, וגם בכך יש כדי להוות נסיבה לחומרה.", מכאן לנאשם:,דיון והכרעה,דיון והכרעה,דיון והכרעה,דיון והכרעה,דיון והכרעה
SH-21-03-7171-604,"לזכות הנאשם ייאמר כי הוא מעונין להשתקם, ואף התרשמתי באופן בלתי אמצעי כי הוא עייף מאורח החיים השולי ומעוניין לפתוח דף חדש בחייו. ואולם בכך לא די. על הנאשם לעשות צעדים ממשיים, להשקיע, ולהתמיד בחתירתו לשיקום וגמילה, אך נראה כי לעת הזו אין לו כוחות מספיקים לביצוע משימת חייו.", מכאן לנאשם:,דיון והכרעה,דיון והכרעה,דיון והכרעה,דיון והכרעה,דיון והכרעה
SH-21-03-7171-604,"השתלבות הנאשם בשיקום במסגרת המאסר האחרון יכלה היתה להוות נקודת מפנה של ממש בחייו, לו היה משלים את הטיפול כפי שהוצע לו. גם לאחר שמעד וביקש להשתלב בהליך הקהילתי ניתן היה לראותו כמי שדבק בהחלטה השיקומית, ופועל להצלחתה. ואולם, ככל שהתקדם ההליך המשפטי ניתן היה להיווכח בדלות כוחותיו לביסוס חיים נורמטיביים, כל עוד הוא כורך את חייו בנוף ילדותו וסביבת מגוריו, שאינם תורמים לשיקומו, וכפי שהוא עצמו ער לדבר (תסקיר התאמה מיום 6.2.22). לעניין זה אין אלא לקוות כי נישואיו בימים אלה לבחירת ליבו ישנו את סביבת חייו ויהוו עבורו עוגן ומקור תמיכה שירחיקו אותו בעתיד מפלילים.", מכאן לנאשם:,דיון והכרעה,דיון והכרעה,דיון והכרעה,דיון והכרעה,דיון והכרעה
SH-21-03-7171-604,"בנוסף, לזכות הנאשם יש לציין את הודאתו במיוחס לו, ואי פתיחת תיקים חדשים המשטרה ככל הידוע לבית המשפט מזה שנתיים ומחצה, על המשמעות הרבה שיש לייחס לכך נוכח עומק ותדירות הסתבכויותיו בעבר.", מכאן לנאשם:,דיון והכרעה,דיון והכרעה,דיון והכרעה,דיון והכרעה,דיון והכרעה
SH-21-03-7171-604,"בשים לב למכלול הנסיבות, ומבלי להתעלם מהעבר המכביד והרלוונטי של הנאשם, אני סבור כי יש לגזור את העונש במקרה זה בחלק הנמוך של המתחמים, אך לא בתחתיתם. תוצאה זו מגלמת בעיני את האמון ברצונו של הנאשם לעצור את מעגל הפשע אליו נקלע. עם האמור, איני סבור כי נכון להורות על חפיפה מלאה בין העונש המושת בהליך זה עם המאסר המותנה המופעל, שעה שהנאשם הפר את האמון שניתן לו במסגרת ההליך המשפטי הקודם, ובהעדר המלצה שיקומית בהליך שבפני. ראיתי לחפוף את עונשי המאסר מהנימוקים שפורטו לעיל ובניהם ניסיונות השיקום והחומרה הנמוכה של העבירות שבוצעו.", מכאן לנאשם:,דיון והכרעה,דיון והכרעה,דיון והכרעה,דיון והכרעה,דיון והכרעה
SH-21-03-7171-604,"כפי שציינתי מעלה, לא התרשמתי כי יש בנסיבות עבירת הסחר כדי להכריז על הנאשם כ""סוחר סמים"", ועל כן נמנעתי מקביעה זו. בהתאם לא מצאתי להורות על חילוט הכספים שנתפסו, גם משלא הובהרו נסיבות תפיסתם וזיקתם לעבירת הסם שבוצעה. הסכום עצמו יועבר מלואו לטובת הקנס אשר יוטל על הנאשם במסגרת גזר הדין.", מכאן לנאשם:,דיון והכרעה,דיון והכרעה,דיון והכרעה,דיון והכרעה,דיון והכרעה
SH-21-03-7171-604,אני משית אפוא על הנאשם את העונשים הבאים:,סוף דבר,דיון והכרעה,דיון והכרעה,דיון והכרעה,דיון והכרעה,דיון והכרעה
SH-21-03-7171-604,"הפעלת עונש מאסר מותנה בן 10 חודשים שנגזר על הנאשם בת""פ (רמלה) 58073-02-18 ביום 9.7.18.",סוף דבר,דיון והכרעה,דיון והכרעה,דיון והכרעה,דיון והכרעה,דיון והכרעה
SH-21-03-7171-604,"6 חודשי מאסר לריצוי בפועל. 4 חודשים מתקופה זו ירוצו בחופף לעונש אשר הושת על הנאשם בסעיף א' וחודשיים יצטברו לעונש זה, כך שבסך הכולל ירצה הנאשם 12 חודשי מאסר.",סוף דבר,דיון והכרעה,דיון והכרעה,דיון והכרעה,דיון והכרעה,דיון והכרעה
SH-21-03-7171-604,12 חודשי מאסר אותם לא ירצה אלא אם בתוך שלוש שנים מיום שחרורו ממאסר ישוב ויעבור עבירה מסוג פשע על פקודת הסמים המסוכנים.,סוף דבר,דיון והכרעה,דיון והכרעה,דיון והכרעה,דיון והכרעה,דיון והכרעה
SH-21-03-7171-604,4 חודשי מאסר אותם לא ירצה אלא אם בתוך שלוש שנים מיום שחרורו ממאסר ישוב ויעבור עבירת רכוש מסוג עוון או פשע.,סוף דבר,דיון והכרעה,דיון והכרעה,דיון והכרעה,דיון והכרעה,דיון והכרעה
SH-21-03-7171-604,"קנס בסך 2,000 ₪, הקנס ישולם עד ליום 1.1.25.",סוף דבר,דיון והכרעה,דיון והכרעה,דיון והכרעה,דיון והכרעה,דיון והכרעה
SH-21-03-7171-604,"מורה על קיזוז הקנס מהסכום אשר נתפס עם מעצרו של הנאשם. יתרת הסכום, ככל שתהיה כזו, תשולם לא יאוחר מיום 1.1.25.",סוף דבר,דיון והכרעה,דיון והכרעה,דיון והכרעה,דיון והכרעה,דיון והכרעה
SH-21-03-7171-604,6 חודשי פסילת הנאשם מלנהוג רכב.,סוף דבר,דיון והכרעה,דיון והכרעה,דיון והכרעה,דיון והכרעה,דיון והכרעה
SH-21-03-7171-604,הנאשם יפקיד רישיונו במזכירות בית משפט בהתאם להחלטה שתינתן עם מתן גזר הדין.,סוף דבר,דיון והכרעה,דיון והכרעה,דיון והכרעה,דיון והכרעה,דיון והכרעה
SH-21-03-7171-604,"הפעלת פסילת רישיון הנהיגה למשך 9 חודשים, כפי שנגזר על הנאשם בת""פ (רמלה) 58073-02-18 מיום 9.7.18. שבעה חודשים מתקופה זו ירוצו בחופף לעונש אשר הושת על הנאשם בסעיף וחודשיים (2) יצטברו לעונש זה. בסך הכל ייפסל הנאשם מלנהוג ברכב לתקופה של 11 חודשים. תקופת מאסרו של הנאשם לא תובא במניין הימים. הנאשם פטור מהפקדת רשיון.",סוף דבר,דיון והכרעה,דיון והכרעה,דיון והכרעה,דיון והכרעה,דיון והכרעה
SH-21-03-7171-604,12 חודשי פסילה מלנהוג אותם לא ירצה הנאשם אלא אם בתוך שלוש שנים מיום שחרורו ממאסר ישוב ויעבור על עבירה לפי פקודת הסמים המסוכנים.,סוף דבר,דיון והכרעה,דיון והכרעה,דיון והכרעה,דיון והכרעה,דיון והכרעה
SH-21-03-7171-604,הנאשם יתייצב ביום 20.8.24 בשעה 08:00 בבית כלא ניצן עם תעודת זהות לתחילת ריצוי העונש.,סוף דבר,דיון והכרעה,דיון והכרעה,דיון והכרעה,דיון והכרעה,דיון והכרעה
SH-21-03-7171-604,"להבטחת ההתייצבות, מורה על צו עיכוב יציאה מן הארץ עד סיום ריצוי תקופת המאסר.",סוף דבר,דיון והכרעה,דיון והכרעה,דיון והכרעה,דיון והכרעה,דיון והכרעה
SH-21-09-42879-201,"פקודת הסמים המסוכנים [נוסח חדש], תשל""ג-1973: סע'  13, 19א",nothing,מידע אחר,מידע אחר,מידע אחר,מידע אחר,מידע אחר
SH-21-09-42879-201,"הנאשם הורשע על פי הודאתו במסגרת הסדר טיעון בכתב אישום מתוקן, האוחז בשני אישומים, בביצוע שתי עבירות של סחר בסמים לפי סעיף 13 בצירוף סעיף 19א לפקודת הסמים המסוכנים (נוסח חדש) תשל""ג- 1973 (להלן: ""הפקודה"").",כתב האישום והסדר הטיעון,עובדות המקרה,עובדות המקרה,עובדות המקרה,עובדות המקרה,עובדות המקרה
SH-21-09-42879-201,"בתמצית יצוין, כי ההסדר בין הצדדים כלל הסכמות רק לעניין תיקון כתב האישום, כך שמכתב האישום המקורי נמחק האישום הראשון והנאשם הודה באישום השני והשלישי (למען הסדר הטוב אישומים אלה – יכונו האישום הראשון ושני). כמו כן, במסגרת ההסדר הופנה הנאשם לקבל תסקיר לעניין העונש. יודגש כי ההסדר בין הצדדים לא כלל הסכמה לעניין העונש.",כתב האישום והסדר הטיעון,עובדות המקרה,עובדות המקרה,עובדות המקרה,עובדות המקרה,עובדות המקרה
SH-21-09-42879-201,"מעובדות כתב האישום המתוקן בו הורשע הנאשם, עולה כי במועדים הרלוונטיים לכתב האישום, הופעל השוטר ג'רמי דיין כסוכן משטרתי (להלן: ""הסוכן""), לשם מיגור תופעת הסחר בסמים מסוכנים והפצתם.",כתב האישום והסדר הטיעון,עובדות המקרה,עובדות המקרה,עובדות המקרה,עובדות המקרה,עובדות המקרה
SH-21-09-42879-201,"מעובדות האישום הראשון בו הורשע הנאשם, עולה כי ביום 31.8.21 בשעה 17:36 לערך, ביקש הסוכן לרכוש חמישה כדורי סם מסוכן מסוג MDMA באמצעות היישומון ""טלגראם"". בקשתו של הסוכן הועברה לנאשם באמצעות היישומון יחד עם הכתובת המבוקשת למשלוח הסם בכיכר הדווידקה בירושלים. בהמשך למתואר, התקשר הנאשם לסוכן על מנת לתאם את ביצוע העסקה ולעדכנו כי הוא בדרכו למקום. בסמוך לשעה 17:51 נפגשו הנאשם והסוכן במקום. בשלב זה, העביר הנאשם לסוכן 5 כדורי סם מסוג MDMA, ובתמורה קיבל הנאשם מהסוכן 400 ₪ במזומן ועזב את המקום.",כתב האישום והסדר הטיעון,עובדות המקרה,עובדות המקרה,עובדות המקרה,עובדות המקרה,עובדות המקרה
SH-21-09-42879-201,"מעובדות האישום השני בו הורשע הנאשם, עולה כי ביום 2.9.21 בשעה 14:40 לערך, ביקש הסוכן לרכוש חמישה כדורי סם מסוכן מסוג MDMA באמצעות היישומון ""טלגראם"". בקשתו של הסוכן הועברה לנאשם באמצעות היישומון יחד עם הכתובת המבוקשת למשלוח הסם, ברחוב שמאי בירושלים. בהמשך למתואר לעיל, התקשר הנאשם לסוכן מספר פעמים על מנת לתאם את מקום ביצוע העסקה ואת שעתה ולעדכנו כי הוא בדרכו למקום. עוד עולה, כי בסמוך לשעה 22:40, נפגשו הנאשם והסוכן במפגש הרחובות שמאי-ביאנקיני. בשלב זה, העביר הנאשם לסוכן 5 כדורי סם מסוכן מסוג MDMA, ובתמורה קיבל הנאשם מהסוכן 400 ₪ במזומן ועזב את המקום.",כתב האישום והסדר הטיעון,עובדות המקרה,עובדות המקרה,עובדות המקרה,עובדות המקרה,עובדות המקרה
SH-21-09-42879-201,בעניינו של הנאשם הוגשו 2 תסקירים.,תסקירי שירות המבחן,תסקיר שירות מבחן,תסקיר שירות מבחן,תסקיר שירות מבחן,תסקיר שירות מבחן,תסקיר שירות מבחן
SH-21-09-42879-201,"שירות המבחן סקר את הנסיבות המשפחתיות בהן גדל הנאשם וכן השתלבותו במסגרות השונות החל מגיל נעורים ועד עתה. צוין כי הנאשם גדל בנסיבות משפחתיות מורכבות, בעיקר לנוכח התנהגות אביו הביולוגי של הנאשם כלפי אמו והמשפחה.",תסקיר שירות המבחן מיום 8.6.2023,תסקיר שירות מבחן,תסקיר שירות מבחן,תסקיר שירות מבחן,תסקיר שירות מבחן,תסקיר שירות מבחן
SH-21-09-42879-201,"מבחינת בריאותו הרפואית נפשית של הנאשם, צוין בתסקיר כי בגיל 9 נפגע בתאונת דרכים שבגינה נזקק בעיקר לטיפול נפשי - פסיכיאטרי. אולם כבר עתה יאמר, כי בהקשר זה נמסרו על ידי הנאשם, מחד, והאם, מאידך, נתונים שאינם עולים בקנה אחד זה עם אמירתו של זה. הנאשם מסר שהיה במעקב פסיכיאטרי שכלל מספר פגישות מצומצמות ואילו בפגישה עם אמו נמסר כי הנאשם היה במעקב פסיכיאטרי שכלל שיחות טיפוליות במשך 5 שנים. מכל מקום, עניין הטיפול הנפשי והתאונה לא אומת מאחר שבפני שירות המבחן לא הוצגו מסמכים. עוד יאמר שגם בפני בית המשפט לא הוצגו מסמכים תומכים המלמדים על מצב בריאותו הנפשית של הנאשם בעבר ובהווה.",תסקיר שירות המבחן מיום 8.6.2023,תסקיר שירות מבחן,תסקיר שירות מבחן,תסקיר שירות מבחן,תסקיר שירות מבחן,תסקיר שירות מבחן
SH-21-09-42879-201,מהתסקיר עולה עוד כי הנאשם החל להשתמש בקנאביס בנערותו (כיתה י') וכי כיום הינו בעל אישור לקנאביס רפואי.,תסקיר שירות המבחן מיום 8.6.2023,תסקיר שירות מבחן,תסקיר שירות מבחן,תסקיר שירות מבחן,תסקיר שירות מבחן,תסקיר שירות מבחן
SH-21-09-42879-201,"בתסקיר צוין כי הנאשם נטל אחריות מלאה על ביצוען של העבירות, הביע התנצלות על מעשיו והבין את חומרת התנהגותו. הנאשם מסר לשירות המבחן כי שיקול דעתו היה מוטעה והרצון להשיג כסף זמין הוא שהניע אותו לביצוע העבירות. בתסקיר צוין כי העבירות הובילו אותו לשינוי והתקדמות בחייו.",תסקיר שירות המבחן מיום 8.6.2023,תסקיר שירות מבחן,תסקיר שירות מבחן,תסקיר שירות מבחן,תסקיר שירות מבחן,תסקיר שירות מבחן
SH-21-09-42879-201,"אשר להשתלבות הנאשם בהליך טיפולי; מתסקיר שירות המבחן עלה כי במסגרת הליך המעצר וצו הפיקוח שהיה נתון בו, שולב הנאשם בקבוצה ייעודית לעצורי בית והגיע ל-8 מתוך 12 מפגשים קבוצתיים שהתקיימו בתקופת הפיקוח. מהתסקיר עלה שהנאשם השתתף באופן חלקי בשיח הקבוצתי.",תסקיר שירות המבחן מיום 8.6.2023,תסקיר שירות מבחן,תסקיר שירות מבחן,תסקיר שירות מבחן,תסקיר שירות מבחן,תסקיר שירות מבחן
SH-21-09-42879-201,"אשר לשילובו ביחידה להתמכרויות, מהתסקיר עולה כי שירות המבחן העריך כי הנזקקות העיקרית של הנאשם היא בתחום הטראומה וכי יש צורך במעקב פסיכיאטרי. צוין בתסקיר כי הנאשם שולב בשיחות פרטניות ביחידה להתמכרויות בדימונה. הנאשם הגיע לכלל הפגישות שנקבעו, שיתף פעולה והביע מוטיבציה גבוהה לשינוי אורחות חייו. שירות המבחן התרשם כי הנאשם זקוק לטיפול קבוצתי בו ירכוש כלים להתנהלות הסתגלותית וכן שהנאשם זקוק לטיפול בתחום הטראומה, לצורך עיבוד האירועים אשר חווה במהלך חייו. שירות המבחן התרשם כי הנאשם הביע מוטיבציה גבוהה לשילובו בהליך טיפולי לניהול אורח חיים תקין.",תסקיר שירות המבחן מיום 8.6.2023,תסקיר שירות מבחן,תסקיר שירות מבחן,תסקיר שירות מבחן,תסקיר שירות מבחן,תסקיר שירות מבחן
SH-21-09-42879-201,"בנוגע לגורמי הסיכוי והסיכון הטמונים בנאשם, הדגיש שירות המבחן את אלו; סיכויי השיקום: שירות המבחן התרשם כי הנאשם בעל יכולת וורבלית גבוהה, לוקח אחריות על מעשיו וחומרתם, מגלה אחריות כלפי טיפול באמו הסובלת ממוגבלות פיזית ומביע שאיפות להמשך ניהול אורח חיים נורמטיבי. אשר לגורמי הסיכון: שירות המבחן ציין כי הנאשם גדל במערכת משפחתית מורכבת ואלימה עד לניתוק קשר עם אביו. כמו כן, שירות המבחן התרשם מקיומם של קשיים רגשיים, כגון; דימוי עצמי נמוך, תלות וחרדה. שירות המבחן ציין כי נראה שהנאשם הצליח לשמור על תפקוד נורמטיבי לאורך השנים, אולם תהליך זה היה רצוף בקשיים רגשיים, אשר הובילו לפגיעה בתפקוד הלימודי והחברתי. שירות המבחן התרשם עוד כי בהיעדר ליווי מצד גורם טיפולי ומקצועי, מצוקתו הרגשית של הנאשם לא טופלה. עוד הודגש כי השימוש בסמים היווה מפלט לצרכיו הרגשיים והפיזיים של הנאשם. שירות המבחן התרשם כי הנאשם חבר לחברה שולית בשל הצורך להשתייך. כן שירות המבחן התרשם מאדם המתקשה להשתלב בעבודה ולשמור על רצף תעסוקתי.",תסקיר שירות המבחן מיום 8.6.2023,תסקיר שירות מבחן,תסקיר שירות מבחן,תסקיר שירות מבחן,תסקיר שירות מבחן,תסקיר שירות מבחן
SH-21-09-42879-201,"נוכח כל האמור לעיל, המליץ שירות המבחן, במסגרת תסקירו הראשון, על דחייה בת שלושה חודשיים לצורך שילוב הנאשם בהליך טיפולי בשירות המבחן וכן בהליך טיפולי בתחום הטראומה.",תסקיר שירות המבחן מיום 8.6.2023,תסקיר שירות מבחן,תסקיר שירות מבחן,תסקיר שירות מבחן,תסקיר שירות מבחן,תסקיר שירות מבחן
SH-21-09-42879-201,"מהתסקיר המשלים עולה כי ביום 2.8.2023 החל הנאשם השתתפותו בקבוצה טיפולית בשירות המבחן. צוין, כי הנאשם השתתף באופן פעיל בקבוצה ושיתף אודות חייו האישיים באופן המותאם לשלב הטיפולי בו נמצא. כמו כן, צוין כי הנאשם קשוב ליתר חברי הקבוצה וניכר כי מביע דעותיו.",תסקיר משלים מיום 14.8.2023,תסקיר שירות מבחן,תסקיר שירות מבחן,תסקיר שירות מבחן,תסקיר שירות מבחן,תסקיר שירות מבחן
SH-21-09-42879-201,"בתסקיר המשלים צוין כי בתקופת הדחייה ביצע הנאשם 7 בדיקות שתן למציאת שרידי סמים, מתוכן 5 יצאו נקיים משירידי סם ול-2 בדיקות לא הגיע הנאשם.",תסקיר משלים מיום 14.8.2023,תסקיר שירות מבחן,תסקיר שירות מבחן,תסקיר שירות מבחן,תסקיר שירות מבחן,תסקיר שירות מבחן
SH-21-09-42879-201,"שירות המבחן ציין כי פנה לקופת החולים של הנאשם וכן למחלקת הרווחה, אולם נמסר על ידי הגורמים האמורים כי הנאשם לא עבר מעולם אבחון פסיכיאטרי. עוד עולה מהתסקיר המשלים כי במהלך תקופת הדחייה, התקשה הנאשם לקדם הליך טיפולי בתחום הטראומה וכי רק לאחרונה הצליח לתאם תור לפסיכיאטר.",תסקיר משלים מיום 14.8.2023,תסקיר שירות מבחן,תסקיר שירות מבחן,תסקיר שירות מבחן,תסקיר שירות מבחן,תסקיר שירות מבחן
SH-21-09-42879-201,"נוכח האמור לעיל, שירות המבחן המליץ על ענישה חינוכית שיקומית אשר תכלול צו מבחן למשך שנה וצו של""צ בהיקף של 400 שעות.",תסקיר משלים מיום 14.8.2023,תסקיר שירות מבחן,תסקיר שירות מבחן,תסקיר שירות מבחן,תסקיר שירות מבחן,תסקיר שירות מבחן
SH-21-09-42879-201,"ב""כ המאשימה עמדה בטיעוניה לעונש על עובדות כתב האישום, והנסיבות המחמירות הקשורות בביצוע העבירה - העובדה שמדובר בשתי עבירות סחר ובסוג סם קשה. בנוסף, ב""כ המאשימה עמדה על עברו הפלילי של הנאשם, כאשר בהקשר זה הודגש כי לנאשם הרשעה קודמת הן בעבירת סמים והן בעבירה של החזקת סכין (תע/1).",עיקרי טיעוני הצדדים וראיות לעונש ,טיעוני הצדדים,טיעוני הצדדים,טיעוני הצדדים,טיעוני הצדדים,טיעוני הצדדים
SH-21-09-42879-201,"ב""כ המאשימה טענה כי מתחם העונש ההולם במקרה זה נע בין 8 חודשי מאסר בדרך של עבודות שירות ועד ל-18 חודשי מאסר בפועל. לטענת ב""כ המאשימה, בשל נסיבותיו של הנאשם, יש למקם את הנאשם בחלקו התחתון של המתחם, ולהשית עליו מאסר בדרך של עבודות שירות, לצד מאסר מותנה וקנס.",עיקרי טיעוני הצדדים וראיות לעונש ,טיעוני הצדדים,טיעוני הצדדים,טיעוני הצדדים,טיעוני הצדדים,טיעוני הצדדים
SH-21-09-42879-201,"בטיעוניו לעניין העונש הדגיש ב""כ הנאשם את נסיבות חייו של הנאשם. בהקשר זה טען ב""כ הנאשם כי בצעירותו עבר תאונת דרכים שהותירה את הנאשם נכה נפשית. נטען כי בעקבות אותה תאונת דרכים, הנאשם נזקק לטיפול פסיכיאטרי וכי הוא סובל מפוסט טראומה. עוד נטען על ידי ב""כ הנאשם כי תסקיר שירות המבחן בעניינו של הנאשם הוא חיובי ואינו כולל כל המלצה עונשית וזאת לנוכח ההליך שהנאשם עבר במסגרת שירות המבחן. ב""כ הנאשם הפנה למכתב מטעם הרווחה (נע/1) שלטעמו עולה בקנה אחד עם ממצאי התסקיר בדבר הצורך בהמשך הליך טיפולי לנוכח מצב הנפשי והפוסט טראומה שהנאשם פיתח. נוכח נתוני התסקיר והמפורט בו, עתר ב""כ הנאשם לאמץ את המלצות שירות המבחן.",עיקרי טיעוני הצדדים וראיות לעונש ,טיעוני הצדדים,טיעוני הצדדים,טיעוני הצדדים,טיעוני הצדדים,טיעוני הצדדים
SH-21-09-42879-201,"ב""כ הנאשם טען כי אין לקבל את עתירת התביעה לעונש מאסר שירוצה בעבודות שירות, שכן הדבר ייפגע ביכולת השיקום של הנאשם ובהשתלבותו בהליך טיפולי במסגרת צו מבחן. ב""כ הנאשם הדגיש עוד כי מדיניות הענישה הנוהגת בעבירות מסוג זה, ובכלל, מתפרשת על פני מנעד רחב של עונשים. לטעמו, במקרה קונקרטי זה, מתחם העונש יכול שיתחיל בשירות לתועלת הציבור (של""צ) ויסתיים בעונש מאסר בפועל. נוכח נתוניו, כך עתר הסניגור, יש למקם את הנאשם בתחתית המתחם ולהטיל עליו של""צ מורחב וצו מבחן בהתאם להמלצות התסקיר. יאמר, כי כבר בתחילת טיעוניו הדגיש ב""כ הנאשם את העובדה שהנאשם היה נתון במעצר מאחורי סורג ובריח משך תקופה של כשלושה חודשים וכי לאחר מכן נעצר באיזוק אלקטרוני לתקופה משמעותית.",עיקרי טיעוני הצדדים וראיות לעונש ,טיעוני הצדדים,טיעוני הצדדים,טיעוני הצדדים,טיעוני הצדדים,טיעוני הצדדים
SH-21-09-42879-201,"הנאשם בדברו האחרון אמר כי הוא מתחרט על מעשיו, מבין את גודל הטעות ולמד ממנה. הנאשם ציין כי יש לו שאיפה להתקדם בחייו.",עיקרי טיעוני הצדדים וראיות לעונש ,טיעוני הצדדים,טיעוני הצדדים,טיעוני הצדדים,טיעוני הצדדים,טיעוני הצדדים
SH-21-09-42879-201,"במקרה זה, הערך החברתי המוגן שנפגע הוא ההגנה על שלום הציבור ובריאותו. הפסיקה חזרה והדגישה את חומרתן של עבירות הסמים וכן את הצורך בענישה מחמירה ומרתיעה בעבירות סמים בכלל ובעבירות של סחר בסמים בפרט. זאת לנוכח תוצאות השימוש וההתמכרות הקשות, השפעות ארוכות טווח ורחבות היקף החורגות מעניינו של אדם אחד, ונוגעות לכלל החברה וכן הקלות שבה ניתן לבצע עבירות מסוג זה. בהקשר זה כבר נקבע בע""פ 6029/03 מדינת ישראל נ' גולן שמאי [פורסם בנבו] (9.2.04) כך:",הפגיעה בערך המוגן,דיון והכרעה,דיון והכרעה,דיון והכרעה,דיון והכרעה,דיון והכרעה
SH-21-09-42879-201,"הנאשם הורשע כאמור בעבירות של סחר בסם מסוג MDMA. מדובר בסם קשה. אין מדובר במעידה חד פעמית אלא במעידה חוזרת ובמי שסחר בשתי הזדמנויות - במועדים שונים. הסחר בוצע תוך שימשו ביישומון הטלגרם, היינו שימוש באמצעי מתוחכם שתכליתו להסתיר את זהות המעורבים בו. על כך יש להוסיף כי עבירות הסחר בוצעו תוך תיאום ותכנון מוקדם של הנאשם אל מול הסוכן כפי שניתן ללמוד מהשיחות שערך הנאשם עם הסוכן המשטרתי לאחר שקיבל את פרטיו של הסוכן. אין מדובר במעשה ספונטני. על הנזק שיכול להיגרם מהעבירות שביצע הנאשם אין להכביר במילים ומדובר בנזק כבד ביותר [עפ""ג (י-ם) 29138-07-17 מדינת ישראל נ' גית (מיום 17.8.2017) והאזכורים הרבים שם].",נסיבות הקשורות בביצוע העבירה ,דיון והכרעה,דיון והכרעה,דיון והכרעה,דיון והכרעה,דיון והכרעה
SH-21-09-42879-201,"באשר ליכולתו של הנאשם להבין את אשר הוא עושה, את פסול שבמעשיו או את משמעותו, לרבות בשל גילו וכן באשר ליכולתו של הנאשם להימנע מהמעשה ומידת השליטה שלו על מעשהו; יאמר שמדובר בנאשם בגיר שביצע את העבירות המיוחסות לו תוך מודעות והבנה מלאה לאיסור ולפסול שבמעשיו. הדעת נותנת שהנאשם ביצע את עבירות הסחר ממניע כלכלי, כפי שצוין בתסקיר, ועל מנת להשיא רווח קל לעצמו, תוך מודעות מלאה לנטילת סיכון בביצוע העבירות.",נסיבות הקשורות בביצוע העבירה ,דיון והכרעה,דיון והכרעה,דיון והכרעה,דיון והכרעה,דיון והכרעה
SH-21-09-42879-201,"אשר למדיניות הענישה הנוהגת, מצאתי את הפסיקה שלהלן כרלבנטית לקביעת מתחם העונש ההולם:",מדיניות הענישה הנוהגת,דיון והכרעה,דיון והכרעה,דיון והכרעה,דיון והכרעה,דיון והכרעה
SH-21-09-42879-201,"רע""פ 7996/12 יוסף נ' מדינת ישראל; בית המשפט הרשיע את הנאשם על פי הודאתו בגין ביצוע  3 עבירות של סחר ותיווך בסם מסוג חשיש במשקל 6.17 גרם תמורת 200 ₪, 2.93 גרם תמורת 100 ₪, וכן בעבירה של החזקת סם מסוג קוקאין לצריכה עצמית. בית המשפט קבע מתחם ענישה הנע בין 7-18 חודשי מאסר לכל עבירת סחר ותיווך בסמים, וגזר על הנאשם 21 חודשי מאסר בפועל. ערעור ובקשת רשות ערעור של הנאשם על גזר דינו נדחו.",מדיניות הענישה הנוהגת,דיון והכרעה,דיון והכרעה,דיון והכרעה,דיון והכרעה,דיון והכרעה
SH-21-09-42879-201,"בעפ""ג 31347-08-14 (מחוזי-י-ם) מדינת ישראל נגד אברהים בשיטי; בית המשפט השלום הרשיע את הנאשם ב-2 עבירות של סחר בקנאביס (במשקל 97 גרם ו-47 גרם) ובמכירת 5 טבליות של סם מסוג MDMA לסוכן משטרתי. בית משפט השלום קבע מתחם עונש הולם הנע בין מספר חודשי מאסר לריצוי בדרך של עבודות שירות ועד ל-12 חודשי מאסר בפועל. בית המשפט גזר על הנאשם 6 חודשי מאסר בדרך של עבודות שירות, מאסר על תנאי וקנס. הנאשם שם נעדר עבר פלילי. בית המשפט המחוזי אישר את עונש המאסר לריצוי בעבודות שירות שנגזר על הנאשם, אף שהעיר כי לכתחילה לא היה מקום להסתפק במאסר שירוצה בעבודות שירות.",מדיניות הענישה הנוהגת,דיון והכרעה,דיון והכרעה,דיון והכרעה,דיון והכרעה,דיון והכרעה
SH-21-09-42879-201,"רע""פ 3627/13 שדה נ' מדינת ישראל; בית המשפט הרשיע את הנאשם על פי הודאתו בשתי עבירות של סחר בסם מסוכן בכך שמכר בשתי עסקאות שונות סם מסוג קנבוס במשקלים של 0.8 גרם ו-1 גרם תמורת 80 ₪ בכל עסקה. בבית משפט השלום נגזר על הנאשם עונש בן 7 חודשי מאסר בפועל. ערעור ובקשת רשות ערעור שהוגשו על חומרת העונש נדחו. לנאשם נסיבות חיים קשות ועבר פלילי.",מדיניות הענישה הנוהגת,דיון והכרעה,דיון והכרעה,דיון והכרעה,דיון והכרעה,דיון והכרעה
SH-21-09-42879-201,"רע""פ 5712/16 אייזנבאך נ' מדינת ישראל – הנאשם הורשע על סמך הודאתו ב-4 עבירות של סחר בסם מסוכן. הנאשם סחר במשך כחודשיים בסם מסוכן מסוג קנבוס, במשקלים קטנים. תסקיר שירות המבחן שהוגש בעניינו של הנאשם היה חיובי והמליץ על ענישה בדמות של""צ. בית המשפט קבע מתחם עונש הולם הנע בין 8 ל-24 חודשי מאסר בפועל, והשית על הנאשם עונש של 8 חודשי מאסר בפועל לצד ענישה נלווית. נדחו ערעור וכן בקשת רשות ערעור שהגיש הנאשם על חומרת העונש. הנאשם נעדר עבר פלילי.",מדיניות הענישה הנוהגת,דיון והכרעה,דיון והכרעה,דיון והכרעה,דיון והכרעה,דיון והכרעה
SH-21-09-42879-201,"ת""פ (עכו) 39589-07-13 מדינת ישראל נגד קנאר אסדי; בית המשפט הרשיע את הנאשם בסחר בסמים בכך שמכר לסוכן משטרתי בשתי הזדמנויות שונות סם מסוג חשיש, פעם אחת - בכמות של 1.34 גרם ובנוסף 5 טבליות MDPV  ובפעם השנייה – 5.44 גרם חשיש ו-10 טבליות של MDPV . בית המשפט גזר על הנאשם 10 חודשי מאסר בפועל, מאסר על תנאי וקנס. לנאשם שם שתי הרשעות קודמות בעבירות סמים.",מדיניות הענישה הנוהגת,דיון והכרעה,דיון והכרעה,דיון והכרעה,דיון והכרעה,דיון והכרעה
SH-21-09-42879-201,"חלק מהפסיקה שהבאתי לעיל, עניינה בעבירות של סחר בסם מסוג קנאביס. עם זאת, לטעמי, מדיניות הענישה שפורטה לעיל רלוונטית גם לעניינו וזאת מקל וחומר, שהרי אם בפסיקה זו אושרו מתחמים הנעים בין 6 ל-24 חודשי מאסר בגין עבירות של סחר בסם מסוג קנאביס הנחשב לסם ""קל"", הרי שעתירת התביעה במקרה זה, בו עסקינן בסחר בסם מסוג MDMA, נכונה וראויה.",מדיניות הענישה הנוהגת,דיון והכרעה,דיון והכרעה,דיון והכרעה,דיון והכרעה,דיון והכרעה
SH-21-09-42879-201,"בטיעוניהם לעונש לא התייחסו הצדדים לשאלה אם יש לקבוע מתחם אחד לשני האישומים או שמא יש לראות בכל אישום אירוע נפרד. נוכח עמדת הצדדים אף אני איני נדרש לשאלה. על כן, אקבע מתחם אחד לשני האישומים כאירוע אחד. דומה שתוצאה כזו מתבקשת גם לנוכח סמיכות הזמנים שבין האישומים.",מתחם הענישה,דיון והכרעה,דיון והכרעה,דיון והכרעה,דיון והכרעה,דיון והכרעה
SH-21-09-42879-201,"לאחר שקלול מכלול הנסיבות והשיקולים הרלוונטיים, אני סבור שמתחם העונש ההולם את המעשים בשני האישומים נע בין 7 חודשי מאסר שיכול וירוצו בעבודות השירות לבין 18 חודשי מאסר בפועל.",מתחם הענישה,דיון והכרעה,דיון והכרעה,דיון והכרעה,דיון והכרעה,דיון והכרעה
SH-21-09-42879-201,"במסגרת הנסיבות שאינן קשורות בביצוע העבירה, יש לזקוף לזכות הנאשם את העובדה שהנאשם לקח אחריות על מעשיו, הודה בעובדות כתב האישום המתוקן וחסך זמן שיפוטי יקר.",נסיבות שאינן קשורות בביצוע העבירה,דיון והכרעה,דיון והכרעה,דיון והכרעה,דיון והכרעה,דיון והכרעה
SH-21-09-42879-201,"בנוסף, יש לקחת בחשבון כי הנאשם לקח חלק מסוים בהליך טיפולי בפני שירות המבחן. כך גם יש לזקוף לזכות הנאשם את גורמי הסיכוי לשיקום שבאו לידי ביטוי בתסקיר שירות המבחן. בכלל זה, יש לתת משקל מסוים גם לשאיפת הנאשם להתקדם ולנהל אורח חיים נורמטיבי.",נסיבות שאינן קשורות בביצוע העבירה,דיון והכרעה,דיון והכרעה,דיון והכרעה,דיון והכרעה,דיון והכרעה
SH-21-09-42879-201,"עם זאת, אינני סבור שתסקירי שירות המבחן בעניינו של הנאשם חיוביים, וזאת כפי שיפורט להלן.",נסיבות שאינן קשורות בביצוע העבירה,דיון והכרעה,דיון והכרעה,דיון והכרעה,דיון והכרעה,דיון והכרעה
SH-21-09-42879-201,"עיינתי היטב בתסקירי שירות המבחן ושמעתי טענות ב""כ הנאשם, ולא אוכל לתת לתסקירים משקל של ממש במסגרת גזירת העונש. בכל הכבוד הראוי תסקיר שירות המבחן אינו חיובי ובוודאי שהמלצתו אינה תואמת את חומרת העבירות בהן הורשע הנאשם. ראשית, במסגרת התסקיר הראשון שירות המבחן ציין שלל גורמי סיכון הטמונים בנאשם ואולם במסגרת התסקיר המשלים שהוגש לא ניתן להבין כיצד טופלו אותם גורמי סיכון. שירות המבחן לא פירט אלו תכנים עובדו במסגרת הקבוצה הטיפולית. שנית, עיון בתסקיר מלמד כי קיים קושי מובנה לתת אמון מלא לדיווחי הנאשם ואמו ביחס לנסיבותיו הרפואיות והנפשיות בעקבות תאונת דרכים שעבר הנאשם משעה שהאירועים לא אומתו ולא הוצג כל מסמך התומך בטענות אלה. כך, הן משום הסתירה שבין דברי הנאשם (לפיו עבר הליך טיפולי מצומצם אצל פסיכיאטר בעקבות תאונת הדרכים) ובין דברי האם (לפיהם הנאשם טופל לכאורה אצל פסיכיאטר במשך 5 שנים) והן משום שגם בפניה לגורמי הרווחה וקופת החולים לא נמצא תיעוד לכך שהנאשם עבר אבחון פסיכיאטרי.",נסיבות שאינן קשורות בביצוע העבירה,דיון והכרעה,דיון והכרעה,דיון והכרעה,דיון והכרעה,דיון והכרעה
SH-21-09-42879-201,"קושי נוסף בתסקיר אני מוצא בכך ששירות המבחן נתן לכאורה משקל לעובדה שלא נמצאו שרידי סם ב-8 בדיקות שתן שנערכו לנאשם. עניין זה תמוה בעיני. זאת, לנוכח העובדה שנטען כי הנאשם מחזיק ברישיון רפואי לקנאביס. אמנם לנאשם מיוחסות עבירות סמים, אולם המניע לביצוע העבירות בהן הורשע הנאשם הוא מניע כלכלי מובהק ולא התמכרות לחומרים משני תודעה. למרבה ההפתעה, העובדה שהנאשם אינו סובל מבעיית התמכרות מתחזקת לנוכח העולה ממכתב העו""ס, מרכזת היחידה לטיפול והתמכרויות לשיקום האסיר, שזו מומחיותה.",נסיבות שאינן קשורות בביצוע העבירה,דיון והכרעה,דיון והכרעה,דיון והכרעה,דיון והכרעה,דיון והכרעה
SH-21-09-42879-201,"כך גם עיינתי במכתב מטעם הרווחה שהוגש ע""י ההגנה (נע/1) ולא מצאתי בו ממש. גם מכתב זה מאמץ ככזה ראה וקדש את הדיווח שנמסר מהאם ומהנאשם בדבר הליך טיפולי נפשי אינטנסיבי שעבר הנאשם מבלי שהוצגו תימוכין לטענה להליך טיפולי פסיכיאטרי ממושך שעבר הנאשם וכאשר שירות המבחן ציין מפורשות בתסקיר המשלים כי בפנייה לקופת החולים לא התקבל כל דיווח התואם הליך טיפולי ממושך ולא נמצא שהנאשם עבר אבחון. במכתב ציינה העו""ס כי להתרשמותה הנאשם מתמודד עם בעיה של ""פוסט טראומה"" ולא מהתמכרות לסמים. על כך יש לשוב ולתהות, שכן לא צוין הבסיס והתימוכין לקביעה זו. כך במיוחד לנוכח העובדה שבסיפא של המכתב הומלץ על תהליך אבחון ואיזון נפשי ע""י פסיכיאטר מכוון טראומה. המלצה זו כשלעצמה מלמדת על כך שהנאשם טרם אובחן ע""י גורם מוסמך כסובל מפוסט טראומה.  בהקשר זה אין לי אלא להפנות לסיפא של התסקיר המשלים שבו צוין כי רק לאחרונה הצליח הנאשם לתאם תור לפסיכיאטר, ממילא, אין בנמצא אבחון פסיכיאטרי קודם שנערך לנאשם.",נסיבות שאינן קשורות בביצוע העבירה,דיון והכרעה,דיון והכרעה,דיון והכרעה,דיון והכרעה,דיון והכרעה
SH-21-09-42879-201,"בנוסף, אחד הקשיים הבולטים של הנאשם, כך נראה בעיני, טמון בהיעדר השתלבות בעבודה ובחוסר יכולת לשמור על רצף תעסוקתי. גורם סיכון זה, כך נראה, לא עובד ולא טופל ונותר גורם סיכון להישנות עבירות דומות ממניעים כלכליים. כך גם, גורמי סיכון אחרים בדמות חבירה לחברה שולית, לא נראה שטופלו כנדרש.",נסיבות שאינן קשורות בביצוע העבירה,דיון והכרעה,דיון והכרעה,דיון והכרעה,דיון והכרעה,דיון והכרעה
SH-21-09-42879-201,"נוכח כל האמור, אני סבור שיש לתת משקל נמוך לתסקיר שירות המבחן. בהקשר זה נקבע כבר בפסיקה כך:",נסיבות שאינן קשורות בביצוע העבירה,דיון והכרעה,דיון והכרעה,דיון והכרעה,דיון והכרעה,דיון והכרעה
SH-21-09-42879-201,"""המבקש טוען כי התקדמותו השיקומית לא נלקחה בחשבון, וכי הערכאות הקודמות כלל לא התייחסו לנסיבותיו ולהמלצת שירות המבחן. לעניין זה, ידועה ההלכה כי תסקיר שירות המבחן, על אף הערכת מקצועיותו הרבה, מהווה המלצה בלבד ובית המשפט רשאי להפעיל את שיקול דעתו בהתחשב בכלל האינטרסים העומדים לפניו (בש""פ 5309/05 צמח נ' מדינת ישראל [פורסם בנבו] (29.6.2005)). במקרה שלפניי, בית משפט השלום קבע, בהתחשב בכלל הנסיבות, כי יש להטיל על המבקש עונש מאסר בפועל ולא בריצוי של עבודות שירות. לא ניתן לומר כי לא ניתנה התייחסות לנסיבותיו האישיות, שכן אלו פורטו וצוינו שחור על גבי לבן, ולמרות זאת בחר בית המשפט לבכר את השיקולים שעמדו לחובתו. משכך, מסקנתן של שתי הערכאות הקודמות, שלא לאמץ את המלצת שירות המבחן, מקובלת עלי"" (רע""פ 893/15 יוסף בורנשטיין ביטון נגד מדינת ישראל, פורסם בנבו 19.4.2015, פסקה 8).",נסיבות שאינן קשורות בביצוע העבירה,דיון והכרעה,דיון והכרעה,דיון והכרעה,דיון והכרעה,דיון והכרעה
SH-21-09-42879-201,"כפועל יוצא מכך, מצאתי שאין מקום במקרה זה לאמץ את המלצות שירות המבחן ולהסתפק בשל""צ בלבד.",נסיבות שאינן קשורות בביצוע העבירה,דיון והכרעה,דיון והכרעה,דיון והכרעה,דיון והכרעה,דיון והכרעה
SH-21-09-42879-201,"מסקנתי הנוספת בקשר לאמור בתסקיר שירות המבחן ובמכתב מטעם הרווחה (נע/1), וזאת אף אם אקבל מסקנתם והמלצתם, היא שההליך הטיפולי בעניינו של הנאשם טרם החל, שהרי הנאשם לא אובחן כלל על ידי פסיכיאטר.",נסיבות שאינן קשורות בביצוע העבירה,דיון והכרעה,דיון והכרעה,דיון והכרעה,דיון והכרעה,דיון והכרעה
SH-21-09-42879-201,"ב""כ הנאשם טען כי הנאשם שהה במעצר באיזוק אלקטרוני תקופה משמעותית (עמ' 13 שו' 28 לפרוטו'), וכי יש להביא בחשבון גם תקופה זו לעניין העונש, אלא שאין ממש בטענה זו שכן הנאשם לא היה נתון במעצר באיזוק אלקטרוני כלל.",נסיבות שאינן קשורות בביצוע העבירה,דיון והכרעה,דיון והכרעה,דיון והכרעה,דיון והכרעה,דיון והכרעה
SH-21-09-42879-201,לחובת הנאשם יש להביא בחשבון את עברו הפלילי הכולל 2 הרשעות קודמות שהאחרונה שבהן היא הרלבנטית. בהרשעתו האחרונה נידון הנאשם בעבירות של החזקת סכין והחזקת סם לצריכה עצמית (הרשעה מיום 7.7.2022 בגין עבירות שבוצעו ביום 31.1.2020. כתב האישום שם הוגש בחודש אוקטובר 2020). עוד יש לזקוף לחובתו של הנאשם את העובדה שביצע את העבירות נושא הליך זה (כתב האישום הוגש בחודש ספטמבר 2021) בעוד הוא עומד לדין בגין עבירות של סמים והחזקת סכין בבית משפט אחר.,נסיבות שאינן קשורות בביצוע העבירה,דיון והכרעה,דיון והכרעה,דיון והכרעה,דיון והכרעה,דיון והכרעה
SH-21-09-42879-201,"לנוכח המפורט לעיל, ובעיקר בשים לב לעמדת התביעה, אני סבור שהעונש המתאים צריך לעמוד בחלקו התחתון של המתחם. באיזון הכולל אני סבור שיש להטיל על הנאשם עונש מאסר שירוצה בעבודות שירות ויאפשר לנאשם להשתלב בהליך טיפולי באמצעות צו מבחן, ככל שירצה ויירתם לכך.",נסיבות שאינן קשורות בביצוע העבירה,דיון והכרעה,דיון והכרעה,דיון והכרעה,דיון והכרעה,דיון והכרעה
SH-21-09-42879-201,"הנאשם הופנה, בהסכמתו לקבלת חוות דעת הממונה על עבודות השירות. מחוות דעת הממונה מיום 24.1.2024 נמצא הנאשם מתאים לביצוע עונש מאסר בדרך של עבודות שירות.",נסיבות שאינן קשורות בביצוע העבירה,דיון והכרעה,דיון והכרעה,דיון והכרעה,דיון והכרעה,דיון והכרעה
SH-21-09-42879-201,"לאחר שנתתי דעתי לכלל הנסיבות שאינן קשורות בביצוע העבירה, הגעתי לכלל מסקנה שיש למקם את הנאשם ברף התחתון של מתחם העונש ההולם, כפי שעתרה התביעה.",המיקום במתחם או חריגה ממנו,דיון והכרעה,דיון והכרעה,דיון והכרעה,דיון והכרעה,דיון והכרעה
SH-21-09-42879-201,"לפיכך, אני מחליט לגזור על הנאשם את העונשים הבאים:",גזירת הדין,דיון והכרעה,דיון והכרעה,דיון והכרעה,דיון והכרעה,דיון והכרעה
SH-21-09-42879-201,"7 חודשי מאסר, אשר ירוצו בעבודות שירות, החל מיום 15.5.2024 , בעיריית דימונה , וזאת על פי חוות דעת הממונה על עבודות השירות מיום 24.1.2024. על הנאשם להתייצב ביום 15.5.2024 עד לשעה 08:00 במשרד הממונה על עבודות שירות בבאר שבע לתחילת ריצוי עונשו. מובהר בזה כי הפרת הוראות הממונה ואי עמידה בכללים הנוגעים לריצוי עבודות השירות עלולים להביא להפקעת העבודות ולהמרת העונש בעונש מאסר של ממש;",גזירת הדין,דיון והכרעה,דיון והכרעה,דיון והכרעה,דיון והכרעה,דיון והכרעה
SH-21-09-42879-201,"6 חודשי מאסר, שלא ירוצו אלא אם יעבור הנאשם עבירות סמים מסוג פשע וזאת בתוך שלוש שנים מהיום;",גזירת הדין,דיון והכרעה,דיון והכרעה,דיון והכרעה,דיון והכרעה,דיון והכרעה
SH-21-09-42879-201,"קנס בסך 4,000 ₪, או 40 ימי מאסר תמורתו. הקנס ישולם ב-4 תשלומים שווים ורצופים בכל  עשירי בחודש. כל תשלום על סך 1,000 ₪. תשלום ישולם עד ליום 10.3.24. לא ישולם תשלום במועד או לא ישולם כלל, יעמוד הקנס לפירעון מיידי;",גזירת הדין,דיון והכרעה,דיון והכרעה,דיון והכרעה,דיון והכרעה,דיון והכרעה
SH-21-09-42879-201,"ככל שקיים פיקדון, הקנס יקוזז מתיק המ""ת 42839-09-21 והיתרה תוחזר לנאשם.",גזירת הדין,דיון והכרעה,דיון והכרעה,דיון והכרעה,דיון והכרעה,דיון והכרעה
SH-21-09-42879-201,"צו מבחן לתקופה של שנה מהיום. במהלך תקופה זו הנאשם מחויב בשיתוף פעולה עם שירות המבחן, כאשר מובהר כי הפרת  הצו תוכל להביא לפתיחה מחודשת של המשפט וגזירת עונשו של הנאשם, לרבות עונש מאסר.",גזירת הדין,דיון והכרעה,דיון והכרעה,דיון והכרעה,דיון והכרעה,דיון והכרעה
SH-21-10-30884-544,"פקודת הסמים המסוכנים [נוסח חדש], תשל""ג-1973: סע'  7(א)(ג), 13, 19א",nothing,מידע אחר,מידע אחר,מידע אחר,מידע אחר,מידע אחר
SH-21-10-30884-544,"הנאשם הורשע על פי הודאתו בביצוע שלוש עבירות סחר בסמים מסוכנים, לפי סעיפים 13 ו-19א לפקודת הסמים המסוכנים ובעבירה של החזקת סם שלא לצריכה עצמית, לפי סעיפים 7(א)(ג) רישא לפקודת הסמים.",כתב האישום בו הודה הנאשם,עובדות המקרה,עובדות המקרה,עובדות המקרה,עובדות המקרה,עובדות המקרה
SH-21-10-30884-544,"מכתב האישום עולה, כי בתאריכים 12.9.2021, 13.9.2021 ו-3.10.2021 סחר הנאשם בקנביס מול שלושה שוטרים סמויים שונים. בשתי העסקאות הראשונות תואמו עם הנאשם טלפונית ובמסגרתן מכר בכל אחת מהן לשני השוטרים קנביס במשקל כ-10 גרם תמורת 600 ₪ בכל פעם. בעסקה השלישית  מכר הנאשם לשוטר שלישי 100 גרם קנביס תמורת 3,400 ₪ ובהזדמנות זו נתפס בכף ונעצר כשבחזקתו גם סם קנביס במשקל 2.98 גרם.",כתב האישום בו הודה הנאשם,עובדות המקרה,עובדות המקרה,עובדות המקרה,עובדות המקרה,עובדות המקרה
SH-21-10-30884-544,"הנאשם נעצר ביום 3.10.2021, וכתב האישום עם בקשה למעצר תום הליכים הוגשו ביום 13.10.2021. לאחר שהוזמן בעניינו תסקיר מעצר, שוחרר הנאשם למעצר בית מלא ביום 20.12.2021. לאחר מכן הוקלו התנאים מעת לעת.",מהלך הדיון,עובדות המקרה,מידע אחר,עובדות המקרה,עובדות המקרה,עובדות המקרה
SH-21-10-30884-544,"בעניינו של הנאשם הוגשו שני תסקירים לעונש, ממרץ 2023 ומינואר 2024. מהתסקירים עולה כי הנאשם כבן 34, רווק, כיום עובד וסועד את אמו שחלתה בסרטן. אביו נפטר ממחלה כשהיה בגיל עשרה וחוויות אלו השפיעו עליו. ילדותו היתה מורכבת ומאתגרת והוא התדרדר לביצוע עבירות, בין היתר על רקע חשיפה לסמים כבר מגיל העשרה, ואף לסמים קשים. בשל מעורבותו בפלילים הנאשם לא גויס לצה""ל. יחד עם זאת לאורך השנים שמר על יציבות תעסוקתית. הנאשם טופל במסגרת תיק זה הן ביחידה להתמכרויות בטיפולים פרטניים והן במסגרת טיפול קבוצתי שלא הושלם. בנוסף הנאשם מסר בדיקות שתן, שלמעט שתיים, היו כולן נקיות משרידי סמים. שירות המבחן התרשם מדפוסי ניתוק קשר של הנאשם עם התהליך הטיפולי בעת שחש משבר, בעיקר על רקע כלכלי וחברתי. עם זאת הנאשם גילה כוחות ותובנות וברמה ההצהרתית טען, כי מעוניין בהמשך הטיפול. עוד צוין בתסקירים, כי הנאשם פועל כיום להסדרת חובותיו, שחלקם צבר בשוק האפור, וזאת במסגרת הליך חדלות פירעון. בסופו של יום, בשל מורכבות נסיבותיו של הנאשם ומאפייניו, לא בא שירות המבחן בהמלצה טיפולית, והמליץ על הטלת מאסר בעבודות שירות תוך הימנעות מהטלת מאסר בפועל, שלדבריו, עלול לדרדר את הנאשם.",תסקירי שירות המבחן,תסקיר שירות מבחן,תסקיר שירות מבחן,תסקיר שירות מבחן,תסקיר שירות מבחן,תסקיר שירות מבחן
SH-21-10-30884-544,"הממונה הגיש חוות דעת על אודות כשירות הנאשם לבצע מאסר בעבודות שירות. מחוות הדעת עולה, כי הנאשם נמצא כשיר לבצע עבודות שירות ב""מפעל חיים ירושלים"" החל מיום 1.4.24.",חוות הדעת של הממונה על עבודות השירות,תסקיר שירות מבחן,תסקיר שירות מבחן,תסקיר שירות מבחן,תסקיר שירות מבחן,ראיות לעונש
SH-21-10-30884-544,"רישום פלילי - לנאשם 4 הרשעות קודמות, הראשונה עוד מהיותו נער בשנת 2004 בגין עבירות אלימות בגינן הוטלו עליו מאסר מותנה, קנס ופיצוי. הרשעותיו האחרות בעבירות סמים, והוא ריצה עונשים של עבודות שירות. הרשעתו האחרונה משנת 2012 בגין עבירת סמים משנת 2011.",ראיות לעונש,ראיות לעונש,ראיות לעונש,ראיות לעונש,ראיות לעונש,ראיות לעונש
SH-21-10-30884-544,"מטעם הנאשם הוגשו מסמכים המעידים על מחלת אמו, לה מאחל בית המשפט רפואה שלמה והחלמה מהירה. עוד עולה מהמסמכים כי הנאשם סועד את אמו ועושה זאת בתדירות יומיומית.",ראיות לעונש,ראיות לעונש,ראיות לעונש,ראיות לעונש,ראיות לעונש,ראיות לעונש
SH-21-10-30884-544,"הצדדים לא הגיעו להסכמה עונשית.  מחד גיסא, ב""כ המאשימה עתר לשני מתחמים שבין 4 ל-12 חודשי מאסר לכלל עבירות הסחר ולעבירת ההחזקה שלא לצריכה עצמית ועתר להטיל על הנאשם עבודות שירות בהיקף 8 חודשים וענישה נלווית. מאידך גיסא, ביקש הסניגור להסתפק בתקופה קצרה יותר של מאסר בעבודות שירות נוכח מכלול הנסיבות שתוארו על ידו תוך הפניה לפסיקה.",טיעונים לעונש,טיעוני הצדדים,טיעוני הצדדים,טיעוני הצדדים,טיעוני הצדדים,טיעוני הצדדים
SH-21-10-30884-544,"מתחם הענישה צריך להתייחס לעקרון ההלימה, הנוגע ליחס לערך החברתי המוגן, מידת הפגיעה בו, נסיבות ביצוע העבירה ומידת אשמו של הנאשם, ומדיניות הענישה.",קביעת מתחם הענישה,דיון והכרעה,דיון והכרעה,דיון והכרעה,דיון והכרעה,דיון והכרעה
SH-21-10-30884-544,"אשר לערך המוגן, העבירות אותן עבר הנאשם פוגעות בערך המוגן של שלום הציבור, בריאותו וביטחונו. סחר בסמים מסוכנים, גם אם הם ""קלים"" פסול, ובעיקר מסוכן, שכן הוא מחטיא את הציבור ומוביל להכנסת אנשים נוספים למעגל הסמים. ראו בהקשר זה: רע""פ 4894/21 אלטוחי נ' מ""י (מיום 18.7.2021) בפסקה 8.  בנסיבות העבירות שבוצעו, מידת הפגיעה בערכים המוגנים בינונית-נמוכה.",קביעת מתחם הענישה,דיון והכרעה,דיון והכרעה,דיון והכרעה,דיון והכרעה,דיון והכרעה
SH-21-10-30884-544,"אשר לנסיבות הקשורות בביצוע העבירה, בין הנסיבות הקשורות בביצוע העבירה יש לשקול את אלה, לעניין קביעת המתחם: מדובר בעבירות מתכוננות שבוצעו באופן ""מקצועי"" מתוך מניע כלכלי. הנאשם תכנן למכור את הסמים לכל דורש, ואך במזל ה""קליינטים"" היו שוטרים במסווה, כך שמידת הנזק שנגרמה בפועל נמוכה, אם כי הנאשם היה אדיש לאפשרות שלקוחותיו יהיו אנשים תמימים שעלולים להינזק באופן משמעותי מצריכת הסמים. אמנם מדובר ב""סם קל"" אך אין מדובר בכמויות זניחות בכל עסקה. הנאשם אחראי באופן מלא למעשיו.",קביעת מתחם הענישה,דיון והכרעה,דיון והכרעה,דיון והכרעה,דיון והכרעה,דיון והכרעה
SH-21-10-30884-544,"אשר למדיניות הענישה הנוהגת, סקירת הפסיקה בנסיבות דומות מלמדת על טווח עונשי שבין של""ץ (במקרי חריגה מהמתחם מטעמי שיקום) ועד מאסר בפועל. ""דרך המלך"" היא מאסר בעבודות שירות.",קביעת מתחם הענישה,דיון והכרעה,דיון והכרעה,דיון והכרעה,דיון והכרעה,דיון והכרעה
SH-21-10-30884-544,"רע""פ 4894/21 אלטוחי נ' מ""י (מיום 18.7.2021) – נסיבות חמורות ממקרנו של סחר ב-12 פלטות חשיש (כק""ג), בהן אושרה עמדת המאשימה שהגבילה עצמה ל-13 חודשי מאסר ואושר עונש של שנת מאסר.",קביעת מתחם הענישה,דיון והכרעה,דיון והכרעה,דיון והכרעה,דיון והכרעה,דיון והכרעה
SH-21-10-30884-544,"רע""פ 6401/18 ספיר נ' מ""י (מיום 17.9.2018) – מקרה חמור ממקרנו של ריבוי מעשי סחר בקנביס בהיקפים נרחבים. אושר מתחם שבין 16 ל-36 חודשי מאסר ועונש של שנת מאסר.",קביעת מתחם הענישה,דיון והכרעה,דיון והכרעה,דיון והכרעה,דיון והכרעה,דיון והכרעה
SH-21-10-30884-544,"עפ""ג (ירושלים) 13953-06-19 מדינה נ' מ""י (מיום 14.6.2020) – על נאשם נגזרו 8 חודשי עבודות שירות על-ידי בנסיבות של ריבוי עבירות סחר בקנביס וצבירת רווחים כספיים משמעותיים. בית המשפט המחוזי דחה את ערעור הנאשם.",קביעת מתחם הענישה,דיון והכרעה,דיון והכרעה,דיון והכרעה,דיון והכרעה,דיון והכרעה
SH-21-10-30884-544,"עפ""ג (ירושלים) 11045-09-18 פלוני נ' מ""י (מיום 3.3.2019) – בית המשפט המחוזי ביטל הרשעת נאשם שהורשע בעסקאות בקנביס בכמויות גדולות בהרבה ממקרנו, והסתפק בשל""ץ בהיקף 380 שעות וענישה נוספת.",קביעת מתחם הענישה,דיון והכרעה,דיון והכרעה,דיון והכרעה,דיון והכרעה,דיון והכרעה
SH-21-10-30884-544,"מתחם הענישה – לפיכך, מתחם הענישה צריך לעמוד על 4 חודשי מאסר ועד לשנת מאסר, כאשר מדובר במתחם אחד למכלול העבירות נוכח שיטת הפעולה והמועדים הסמוכים המבססים קיום קשר הדוק בין המעשים.",קביעת מתחם הענישה,דיון והכרעה,דיון והכרעה,דיון והכרעה,דיון והכרעה,דיון והכרעה
SH-21-10-30884-544,"ניתן  לתת משקל לנסיבות הבאות שאינן קשורות בביצוע העבירה, במסגרת גזירת העונש בתוך המתחם: מצד אחד ולקולה, הודאת הנאשם במיוחס לו, היעדר הפרה של תנאי השחרור לאורך תקופה ומידה מסוימת של שיתוף פעולה עם שירות המבחן. כמו כן אזקוף לזכותו את מגמת ההתייצבות במצבו, ואת התמודדותו הלא פשוטה עם נסיבות חייו, וכיום עם מחלת אמו. מצד שני ולחומרה, העובדה ששיתוף הפעולה עם שירות המבחן ידע ניתוקים רבים, נמצאו בדיקות חיוביות לקנביס ועברו הפלילי של הנאשם. במכלול הנסיבות סברתי שיש למקם את הנאשם עד לאמצע המתחם.",נסיבות שאינן קשורות בביצוע העבירה והמיקום במתחם,דיון והכרעה,דיון והכרעה,דיון והכרעה,דיון והכרעה,דיון והכרעה
SH-21-10-30884-544,"לפיכך, אני מחליט לגזור על הנאשם את העונשים הבאים:",גזירת הדין,דיון והכרעה,דיון והכרעה,דיון והכרעה,דיון והכרעה,דיון והכרעה
SH-21-10-30884-544,"5 חודשי מאסר, אשר ירוצו בעבודות שירות במפעל חיים בירושלים, וזאת על פי חוות דעת הממונה על עבודות השירות בניכוי ימי מעצרו בתיק זה ע""פ חישוב שב""ס שיכריע. על הנאשם להתייצב ביום 1.4.2024 עד לשעה 08:00 במשרד הממונה על עבודות שירות בבאר שבע לתחילת ריצוי עונשו. מובהר בזה כי הפרת הוראות הממונה ואי עמידה בכללים הנוגעים לריצוי עבודות השירות עלולים להביא להפקעת העבודות ולהמרת העונש בעונש מאסר של ממש;",גזירת הדין,דיון והכרעה,דיון והכרעה,דיון והכרעה,דיון והכרעה,דיון והכרעה
SH-21-10-30884-544,"7 חודשי מאסר על-תנאי, שלא יעבור הנאשם בתוך 3 שנים מסיום עבודות השירות כל עבירת סמים מסוג פשע;",גזירת הדין,דיון והכרעה,דיון והכרעה,דיון והכרעה,דיון והכרעה,דיון והכרעה
SH-21-10-30884-544,"קנס בסך 2,500 ₪, או 10 ימי מאסר תמורתו אם לא ישולם. הקנס ישולם עד ליום 1.4.24;",גזירת הדין,דיון והכרעה,דיון והכרעה,דיון והכרעה,דיון והכרעה,דיון והכרעה
SH-21-10-30884-544,"התחייבות בסך 5,000 ₪ שלא לעבור כל עבירת פשע לפי פקודת הסמים במשך שנתיים מהיום. הובהר לנאשם שמשמעות ההתחייבות היא, כי אם יעבור את העבירה בתוך התקופה שצוינה, בית המשפט שיגזור את הדין יהא חייב לחלט את ההתחייבות כקנס;",גזירת הדין,דיון והכרעה,דיון והכרעה,דיון והכרעה,דיון והכרעה,דיון והכרעה
SH-21-10-30884-544,"מכריז על הנאשם ""סוחר סמים"" ומורה על חילוט המוצגים והשמדת הסמים.",גזירת הדין,דיון והכרעה,דיון והכרעה,דיון והכרעה,דיון והכרעה,דיון והכרעה
SH-21-12-59578-330,"חוק העונשין, תשל""ז-1977: סע'  40ד(א), 186(א), 413",nothing,מידע אחר,מידע אחר,מידע אחר,מידע אחר,מידע אחר
SH-21-12-59578-330,פקודת התעבורה [נוסח חדש]: סע'  10א,nothing,מידע אחר,מידע אחר,מידע אחר,מידע אחר,מידע אחר
SH-21-12-59578-330,"פקודת הסמים המסוכנים [נוסח חדש], תשל""ג-1973: סע'  7(א), 7(ג), 13, 19.א",nothing,מידע אחר,מידע אחר,מידע אחר,מידע אחר,מידע אחר
SH-21-12-59578-330,במסגרת הסדר טיעון הורשע הנאשם על פי הודאתו בשני כתבי אישום מתוקנים והופנה לשירות המבחן לקבלת תסקיר. לא גובשה הסכמה לעניין העונש.,העובדות הצריכות לעניין,עובדות המקרה,עובדות המקרה,עובדות המקרה,עובדות המקרה,עובדות המקרה
SH-21-12-59578-330,"ת""פ 59578-12-21: בתאריך 23.10.19 רכש הנאשם קטנוע שנגנב על ידי אחר, בתמורה ל- 600 ₪, על אף שחשד שהוא גנוב. בסמוך לכך, בעודו נוהג ללא רישיון, כאשר זה פקע לפני יותר מ– 12 חודשים, נעצר הנאשם במחסום משטרתי בבדיקה שגרתית ובנסיבות אלה החזיק בקטנוע בסכין לצורך הגנה עצמית.",העובדות הצריכות לעניין,עובדות המקרה,עובדות המקרה,עובדות המקרה,עובדות המקרה,עובדות המקרה
SH-21-12-59578-330,"בגין מעשים אלה הורשע הנאשם בהחזקת נכס חשוד כגנוב לפי סעיף 413 בחוק העונשין, תשל""ז– 1977 (חוק העונשין); החזקת סכין שלא כדין, לפי סעיף 186(א) בחוק העונשין ובנהיגה ללא רישיון, לפי סעיף 10א בפקודת התעבורה (נוסח חדש) תשכ""א – 1961.",העובדות הצריכות לעניין,עובדות המקרה,עובדות המקרה,עובדות המקרה,עובדות המקרה,עובדות המקרה
SH-21-12-59578-330,"ת""פ (ת""א) 62358-10-21: בתאריך 17.10.21 ביצע קונה הזמנה לרכישת סם מסוכן באמצעות אפליקציית ""טלגרם"". כחצי שעה לאחר מכן נוצר קשר עם הקונה ובמסגרת השיחה תואמו העסקה ומיקומה. בהמשך לכך, הגיע הנאשם עם קטנועו ופגש בקונה  בתל אביב. בנסיבות אלה מכר הנאשם לקונה סם מסוג קטאמין במשל 0.7926 בתמורה ל-400 ₪. במועד זה החזיק הנאשם ב– 13 טבליות סם מסוג MDMA ;  ו– 2 יחידות סם מסוג מתילמקאתינון במשקל 1.906 גרם.",העובדות הצריכות לעניין,עובדות המקרה,עובדות המקרה,עובדות המקרה,עובדות המקרה,עובדות המקרה
SH-21-12-59578-330,"בגין מעשים אלה הורשע הנאשם בסחר בסם מסוכן, לפי סעיפים  13ו-19א בפקודת הסמים המסוכנים [נוסח חדש] תשל""ג– 1973  (פקודת הסמים המסוכנים) ובהחזקת סמים מסוכנים שלא לצריכה עצמית, לפי סעיפים 7(א) ו- 7(ג) רישא בפקודת הסמים המסוכנים.",העובדות הצריכות לעניין,עובדות המקרה,עובדות המקרה,עובדות המקרה,עובדות המקרה,עובדות המקרה
SH-21-12-59578-330,"הנאשם בן 38 ואב לשלושה ילדים בני 6, 8 ו- 11. נעדר עבר פלילי וגדל במשפחה נורמטיבית. השלים 12 שנות לימוד וכן שירות צבאי מלא. אביו נפטר בעקבות מחלה והוא מטפל באמו שסובלת ממצב רפואי מורכב. הנאשם מתמודד עם קושי כלכלי שנגרם על רקע בעיות רפואיות שונות, שבעטיין התקשה לתפקד ולא עבד – בשל תאונה וגניבת סחורה שרכש לעסקו, על רקע חובות להוצאה לפועל, לספקים ועוד. הנאשם לקח אחריות מלאה על התנהלותו. מעצרו היווה עבורו אירוע טראומתי, הוא שיתף בכעס ובאכזבה עצמיים בשל מעורבותו בפלילים. שירות המבחן התרשם שהנאשם פתוח ואותנטי, מהווה דמות תומכת ומסייעת לאמו, בעל מוסר עבודה גבוה, כוחות וכישורים לשמירה על תפקוד תקין. בצד זאת נראה שלא עיבד תחושות ורגשות כואבים ומצא מענה במסגרת שולית. הנאשם עורך בדיקה פנימית ובעל יכולת להפיק תועלת מקשר טיפולי. הוא הביע נכונות לשיתוף פעולה עם שירות המבחן ובהתאם לכך שולב באפריל 23' בקבוצה טיפולית. הנאשם מגיע לקבוצה באופן סדיר, אמנם החמיץ מספר מפגשים אך על רקע סיבות מוצדקות. הוא עורך חשיבה מעמיקה בנוגע לבחירותיו והשלכותיהן על עצמו ועל אחרים, מבטא מוטיבציה רבה לערוך שינוי משמעותי בחייו ונראה שמצליח להיתרם מהשתתפותו בקבוצה. סיכומם של דברים, המליץ שירות המבחן להשית על הנאשם צו של""צ שכן עבודות שירות יפגעו בתהליך שיקומו.",תסקירי שירות המבחן,תסקיר שירות מבחן,תסקיר שירות מבחן,תסקיר שירות מבחן,תסקיר שירות מבחן,תסקיר שירות מבחן
SH-21-12-59578-330,"ב""כ המאשימה, עו""ד ליאורה זמיר, הגישה את גיליון הרשעות התעבורה של הנאשם, הכולל 39 הרשעות, לרבות בעבירות של נהיגה תחת השפעה אלכוהול או סמים, נהיגה בקלות ראש ונהיגה ללא רישיון. בטיעוניה, עתרה לקבוע מתחם ענישה נפרד בגין כל אחד מהתיקים הנע בין 8 ל-18 חודשי מאסר בפועל. בטיעוניה עמדה על נסיבות שבגינן יש להחמיר עם הנאשם – החזקת הסכין להגנה עצמית; החזקת סוגים שונים של סמים בנוסף לסחר הסם וטיב הסמים שהם בין המזיקים ביותר בפקודת הסמים. לדעת המאשימה, המלצת שירות המבחן אינה הולמת את מתחמי הענישה ואף אין מקום לסטות בעניינו של הנאשם מטעמי שיקום. לגישתה, אף היה מקום לעתור להשתת מאסר בפועל, אולם בשים לב לנסיבותיו האישיות של הנאשם והתסקירים החיוביים, ביקשה להשית על הנאשם 9 חודשי מאסר שירוצו בעבודות שירות, בצד מאסרים על תנאי וקנס. כמו כן, ביקשה להכריז על הנאשם סוחר סמים ולחלט כספים שנתפסו עליו (מדובר ב 970 ₪).",תמצית טיעוני הצדדים,טיעוני הצדדים,טיעוני הצדדים,טיעוני הצדדים,טיעוני הצדדים,טיעוני הצדדים
SH-21-12-59578-330,"הסנגור, עו""ד איתמר צור, מיקד טיעוניו בחלוף הזמן מאז העבירות ובחריגותן לאורח חייו של הנאשם, שאינו עברייני. הדגיש שאין מדובר במי שסחר בסמים לטובת רווח כלכלי קל אלא באדם שנקלע לחובות אדירים ולמצוקה ובשל כך עבד כבלדר סמים והוא מצוי ב""תחתית הפירמידה"". עוד עמד הסנגור על נסיבותיו האישיות של הנאשם, הירתמותו לטיפול, התסקירים החיוביים שהוגשו המציירים תמונה של אדם שטעה, מבין ולמד את הלקח. הסנגור עתר לאמץ את המלצת שירות המבחן במלואה ולהימנע מעונש של מאסר ולו בעבודות שירות אשר עלול למוטט את הנאשם ואת הישגיו עד כה.",תמצית טיעוני הצדדים,טיעוני הצדדים,טיעוני הצדדים,טיעוני הצדדים,טיעוני הצדדים,טיעוני הצדדים
SH-21-12-59578-330,הנאשם ביקש סליחה על מעשיו ואמר שהשתנה.,תמצית טיעוני הצדדים,טיעוני הצדדים,טיעוני הצדדים,טיעוני הצדדים,טיעוני הצדדים,טיעוני הצדדים
SH-21-12-59578-330,"בת""פ 59578-12-21: נתתי דעתי לערכים המוגנים – שמירה על רכוש הציבור, שמירה על תחושת הביטחון של הציבור ובזכותו להיות מוגן מפני תופעת האלימות, לרבות זו הכרוכה בשימוש בנשק קר. ואולם, דומה כי המאשימה הפריזה בעתירתה למתחם שתחתיתו במאסר ממושך. עבירה של החזקת נכס חשוד היא הקלה שבעבירות הרכוש ודינה 6 חודשי מאסר, כך שהמתחם בגין ביצוע עבירה זו מתחיל ממאסר על תנאי ואף אין צורך להפנות לפסיקה בנושא זה. אשר לעבירה של החזקת הסכין, מדובר בסכין שנמצאה בתוך הקטנוע ולא על גופו של הנאשם וגם בהנחה שהוחזקה להגנה עצמית, הרי שאין בכך כדי לשוות להחזקה נופך נוסף של חומרה. בהקשר זה ראוי להפנות לפסק דין שניתן לאחרונה בעפ""ג (מרכז) 48024-06-23 חאג' יחיא נ' מדינת ישראל (4.12.23). בית המשפט המחוזי קיבל את ערעור ההגנה בעניינו של הנאשם שהורשע בהחזקת סכין בין שני כיסאות ברכב וקבע ""בסופו של יום המדינה מסכימה לכך שיש מקום לקבל את הערעור, ומשמעות הסכמה זו היא כי בנסיבות ביצוע העבירה דנן ראוי היה לקבוע מתחם שהרף התחתון שלו מתחיל במאסר על תנאי. לא הוצגה לנו כל פסיקה המבססת קביעת רף תחתון גבוה יותר כפי שקבע בימ""ש קמא, וגם לא מוכרת לנו פסיקה כזו"". (ראו פסיקה נוספת בעבירה של החזקת סכין: רע""פ 1297/22 דניאל ממן נ' מדינת ישראל (1.3.22)).",דיון והכרעה,דיון והכרעה,דיון והכרעה,דיון והכרעה,דיון והכרעה,דיון והכרעה
SH-21-12-59578-330,"נוכח האמור, אני קובעת כי  מתחם הענישה נע בין מאסר על תנאי ועד 6 חודשי מאסר בפועל, בצד עונשים נלווים.",דיון והכרעה,דיון והכרעה,דיון והכרעה,דיון והכרעה,דיון והכרעה,דיון והכרעה
SH-21-12-59578-330,"בת""פ (ת""א) 62358-10-21: הנאשם פגע במעשיו בערכים המוגנים ובבסיסם הצורך להגן על הציבור מפני הנזקים הישירים הנגרמים כתוצאה מהשימוש בסם ואלה העקיפים הנגרמים כתוצאה מעבריינות אלימות ורכוש הנלווית לשימוש בסמים ולהפצתם. בפסיקה ענפה עמדו בתי המשפט על החומרה הטמונה בעבירות הסמים ועל הצורך בגמול ובהרתעה בדרך של ענישה מחמירה על מנת לשדר מסר ברור לאלה המחפשים דרכים לעשיית רווח כלכלי קל ומהיר (רע""פ 8388/22 אביבי נ' מדינת ישראל (8.12.22); ע""פ 1517/22 בן-הרוש נ' מדינת ישראל (8.3.22); ע""פ 2596/18 זנזורי נ' מדינת ישראל (12.8.18)). מידת הפגיעה בערכים איננה נמוכה, אך גם לא גבוהה במיוחד. הנאשם סחר בסם מסוג קטאמין במשקל של פחות מגרם באירוע בודד בתמורה לסכום נמוך של 400 ₪ ובצד זאת החזיק סמים שונים שלא לצריכה עצמית בנסיבות המלמדות על כוונת סחר. מנגד, ומבלי להתעלם מסוגי הסמים ומטיבם, כעולה מעובדות כתב האישום הנאשם שימש כשליח של אחר אשר תאם את עסקת הסם, כך שדומה שאינו נמצא במעגל הפנימי של ביצוע העבירות.",דיון והכרעה,דיון והכרעה,דיון והכרעה,דיון והכרעה,דיון והכרעה,דיון והכרעה
SH-21-12-59578-330,על מדיניות הענישה ניתן ללמוד מפסקי הדין הבאים:,דיון והכרעה,דיון והכרעה,דיון והכרעה,דיון והכרעה,דיון והכרעה,דיון והכרעה
SH-21-12-59578-330,"עפ""ג (מרכז) 5342-09-17 עקיבא נ' מדינת ישראל (3.12.17) – הנאשם הורשע בשתי עבירות של סחר ותיווך בסם מסוכן מסוג קוקאין במשקל של פחות מ-2 גרם בכל אירוע, והחזקת סם מסוכן מסוג קנבוס לשימוש עצמי. בית המשפט קבע, כי מתחם העונש ההולם נע בין מאסר לתקופה של 8 חודשים ובין מאסר לתקופה של 18 חודשים לכל עבירת סחר, אולם חרג מהמתחם וגזר על הנאשם מאסר לתקופה של 6 חודשים בדרך של עבודות שירות בשל הליך שיקום ותרומתו לצה""ל.",דיון והכרעה,דיון והכרעה,דיון והכרעה,דיון והכרעה,דיון והכרעה,דיון והכרעה
SH-21-12-59578-330,"רע""פ 7858/19 וקנין נ' מדינת ישראל (28.11.19) –  נדחתה בקשת רשות ערעור שהגיש נאשם שהורשע על יסוד הודאתו בסחר בסמים מסוג קנבוס וחשיש בשתי הזדמנויות במשקל כולל של 5.8 גרם, לאחר שנקבע מתחם הנע בין מספר חודשי מאסר ועד שמונה חודשי מאסר שיכול שירוצו בעבודות שירות. בשל עבר פלילי מכביד הושתו על הנאשם 5 חודשי מאסר בפועל, הופעלו מאסרים על תנאי, וסה""כ נגזר דינו ל- 12 חודשי מאסר בפועל",דיון והכרעה,דיון והכרעה,דיון והכרעה,דיון והכרעה,דיון והכרעה,דיון והכרעה
SH-21-12-59578-330,"רע""פ 1743/18  אוחיון נ' מדינת ישראל (22.4.18) – המבקש הורשע  בהחזקת 5 יחידות סם מסוכן מסוג קוקאין במשקל כולל של כ- 2 גרם.  בית המשפט השלום קבע כי מתחם העונש ההולם נע בין מאסר על תנאי עד 12 חודשי מאסר בפועל והשית על המבקש, הנעדר הרשעות קודמות, עונש בתחתית מתחם הענישה שקבע. בית המשפט המחוזי קיבל את ערעור המדינה נגד קולת העונש וקבע כי מתחם העונש יעמוד במנעד של 6 עד 12 חודשי מאסר בפועל. בשל שיקולי שיקום, הושתו על הנאשם חודשיים מאסר שירוצו על דרך של עבודות שירות.  בקשת רשות ערעור נדחתה.",דיון והכרעה,דיון והכרעה,דיון והכרעה,דיון והכרעה,דיון והכרעה,דיון והכרעה
SH-21-12-59578-330,"רע""פ 126/15 טל חביף נ' מדינת ישראל (13.1.15) – הנאשם הורשע על יסוד הודאתו בעבירות של סחר בסם מסוכן. הנאשם מכר לסוכן סמוי מנות סם של קוקאין בשלוש הזדמנויות, במשקל של 0.3901 גרם, במשקל של 0.8179 גרם, במשקל של 2.5056 גרם. בית המשפט קבע כי מתחם העונש הולם לכל מכירה נע בין 8 ל-18 חודשי מאסר בפועל וגזר על הנאשם, בעל עבר פלילי מכביד, עונש של 16 חודשי מאסר בפועל והפעלת המאסר מותנה בן 4 חודשים כך שסה""כ ירצה 20 חודשי מאסר בפועל. ערעור ובקשת רשות ערעור נדחו.",דיון והכרעה,דיון והכרעה,דיון והכרעה,דיון והכרעה,דיון והכרעה,דיון והכרעה
SH-21-12-59578-330,"רע""פ 957/22  חבושה נ' מדינת ישראל (‏8.2.22) – המבקש הורשע על פי בעבירות סחר בסמים והחזקת סמים שלא לצריכה עצמית, בכך שמכר סם מסוג קנביס במסגרת חמש עסקאות שונות וכן נתפסו באמתחתו עוד עשרות יחידות סם מחולקת ל-47 מנות. בית משפט השלום השית על הנאשם שהוגשו בעניינו תסקירים חיוביים  6 חודשי מאסר שירוצו בדרך של עבודות שירות. ערעור ובקשת רשות ערעור שנגעו לעתירת הנאשם לסטות  ממתחם העונש שנקבע בעניינו, וזאת מטעמי שיקום נדחו.",דיון והכרעה,דיון והכרעה,דיון והכרעה,דיון והכרעה,דיון והכרעה,דיון והכרעה
SH-21-12-59578-330,"רע""פ 5353/17 טפרה נ' מדינת ישראל (18.9.17) – הנאשם הורשע בעבירות של תיווך בסם מסוכן וסחר בסם מסוכן בכך שתיווך הנאשם בשתי הזדמנויות עבור סוכן משטרתי רכישת סם מסוג קוקאין במשקל 1.1592 גר' תמורת סכום של 1,500 ₪ ובמשקל 4.5440 גר' תמורת סכום של 4,000 ₪. עוד מכר הנאשם לסוכן משטרתי סם מסוג קוקאין במשקל 2.0174 גר' תמורת סכום של 2,500 ₪. בית המשפט השלום קבע כי מתחם הענישה בעבירות הסחר בסם נע בין 6 חודשי מאסר בפועל לבין 18 חודשי מאסר בפועל וגזר על הנאשם תוך התחשבות בנסיבות חייו האישיות והתמדתו בהליך הטיפולי, עונש של 6 חודשי מאסר לריצוי בדרך של עבודות שירות. ערעור המדינה על קולת העונש התקבל ובית המשפט המחוזי החמיר בעונשו של הנאשם כך שהושתו על הנאשם 7 חודשי מאסר לריצוי בפועל חלף עבודות השירות. בקשת רשות ערעור נדחתה.",דיון והכרעה,דיון והכרעה,דיון והכרעה,דיון והכרעה,דיון והכרעה,דיון והכרעה
SH-21-12-59578-330,"עפ""ג (מרכז) 13959-12-19 מדינת ישראל נ' ברייר (24.11.20) –  הנאשם הורשע בביצוע של שתי עבירות סחר בסם מסוכן מסוג קוקאין במשקלים 4.8 גר' ו– 1 גר'. בית משפט קמא קבע כי מתחם העונש ההולם נע בין 8 ל-18 חודשי מאסר בפועל, סטה ממתחם הענישה משיקולי שיקום והשית על הנאשם מאסר על תנאי, צו מבחן ושל""צ בצד עונשים נוספים. ערעור המדינה על קולת העונש התקבל והעונש הוחמר ל– 6 חודשי מאסר שיינשאו בעבודות שירות.",דיון והכרעה,דיון והכרעה,דיון והכרעה,דיון והכרעה,דיון והכרעה,דיון והכרעה
SH-21-12-59578-330,"לאחר שנתתי דעתי למכלול הנסיבות הקשורות לביצוע העבירות ומדיניות הענישה הרווחת אני קובעת כי מתחם העונש ההולם בתיק זה נע בין מספר חודשי מאסר שניתן לרצות בעבודות שירות ל- 15  חודשי מאסר בפועל, לצד מע""ת וקנס.",דיון והכרעה,דיון והכרעה,דיון והכרעה,דיון והכרעה,דיון והכרעה,דיון והכרעה
SH-21-12-59578-330,הצטברותם של השיקולים לקולה שכנעוני שיש לסטות בעניינו של הנאשם ממתחם העונש ההולם.,קביעת עונשו של הנאשם בסטייה ממתחם הענישה,דיון והכרעה,דיון והכרעה,דיון והכרעה,דיון והכרעה,דיון והכרעה
SH-21-12-59578-330,"ראשית אציין כי על אף שהדברים לא נאמרו במפורש על ידי ב""כ המאשימה, מטיעוניה עולה כי היא סבורה שיש לסטות במידה מה ממתחם העונש ההולם ועל כן עתרה להשית על הנאשם מאסר שירוצה בעבודות שירות וזאת בניגוד לתיקים אחרים בהם היא עותרת לריצוי המאסר בפועל.",קביעת עונשו של הנאשם בסטייה ממתחם הענישה,דיון והכרעה,דיון והכרעה,דיון והכרעה,דיון והכרעה,דיון והכרעה
SH-21-12-59578-330,"סעיף 40ד(א) בחוק העונשין קובע, כי בית המשפט רשאי  לחרוג לקולה ממתחם העונש ההולם, אם מצא שהנאשם השתקם או כי יש סיכוי של ממש שישתקם. כידוע, שימוש בכלי זה ראוי שייעשה בזהירות, שהרי שיקולי שיקום אינם חזות הכול, אלא חלק ממגוון שיקולי ענישה אחרים ובהם גמול והרתעה (ע""פ 1810/22 מדינת ישראל נ' פלונית (31.5.22). ע""פ 587/22  עדאב אבו נאעסה נ' מדינת ישראל (‏22.5.22); רע""פ 398/14 ערג' נ' מדינת ישראל (16.3.14); ע""פ 671/22 אחמד אבו תנהא נ' מדינת ישראל (‏20.10.2022)). ומצד שני, אם מצא בית המשפט כי יש לסטות ממתחם העונש ההולם מטעמי שיקום, יש גם להקפיד לתת לסעיף זה משמעות מעשית ולגזור את העונש כך שלא ייפגעו סיכויי השיקום (ע""פ 6637/17 אליזבת קרנדל נ' מדינת ישראל (‏18.4.2018) (להלן: עניין קרנדל).",קביעת עונשו של הנאשם בסטייה ממתחם הענישה,דיון והכרעה,דיון והכרעה,דיון והכרעה,דיון והכרעה,דיון והכרעה
SH-21-12-59578-330,"בעניין קרנדל סקר בית המשפט את השיקולים המרכזיים להערכת סיכויי השיקום של נאשם, וביניהם, המוטיבציה להשתקם; השלמת הליך טיפולי או הליך גמילה; אינדיקציות לשינוי עמוק בהתנהגות ובדרך החשיבה; הבעת חרטה כנה על המעשים והפגנת אמפתיה כלפי נפגעי העבירה. הכלי המרכזי להערכת סיכויי השיקום הוא תסקיר שירות המבחן. התסקירים שהוגשו בעניינו של הנאשם מצביעים על כך שמדובר באדם המחזיק בסט ערכים נורמטיבי, שהסתבך בביצוע עבירות נוכח קושי כלכלי משמעותי. הנאשם הוא אדם נעדר הרשעות קודמות, איש משפחה, אשר עורך מאמצים רבים להשיב חובות ולחזור ולפרנס את משפחתו בדרכים לגיטימיות. הנאשם הודה בעבירות ונטל עליהן אחריות, לא חזר לבצע עבירות וניכר כי ההליך הפלילי כמו גם מעצרו הקצר ושהייתו בתנאים מגבילים הרתיעו אותו. הוא השתלב בטיפול לשביעות רצון הגורמים המטפלים, בעל מוטיבציה ויכולת להתבונן פנימה, להפיק לקחים ולערוך שינוי בחייו. בנסיבות אלה הוא הוכיח שהשתקם ולמצער כי קיים סיכוי של ממש שישתקם, כדרישת המחוקק.",קביעת עונשו של הנאשם בסטייה ממתחם הענישה,דיון והכרעה,דיון והכרעה,דיון והכרעה,דיון והכרעה,דיון והכרעה
SH-21-12-59578-330,"לא נעלמו מעיני הצורך בהרתעת הרבים בדרך של ענישה משמעותית בעבירות סמים של כל אלה הנוטלים חלק בשרשרת הפצת הסם ואולם, גם במקרים חמורים יותר  בהם מדובר היה בגידול סמים לאורך תקופה או בסחר במספר רב של עסקאות ולא באירוע חד פעמי, מצאו בתי המשפט במקרים המתאימים לבכר את שיקולי השיקום (ראו למשל: עפ""ג (י-ם) 2977-09-21 מדינת ישראל נ' אוחיון (28.9.22); רע""פ  5478/19 לוין נ' מדינת ישראל (‏25.8.19) עפ""ג (מרכז) 60818-06-18 מדינת ישראל נ' חסון (14.5.19)). בעניינו של הנאשם מצאתי כי השתת עונש מאסר בעבודות שירות ולו לתקופה שאיננה ארוכה עלולה לגרום לנסיגה במצבו ולמצוקה כלכלית שעלולה לסכל את שיקומו. לאור האמור, מצאתי לאמץ את המלצת שירות המבחן במלואה ואולם אחמיר מעט בהיקף עבודות השל""צ כמו גם באורכה של תקופת המבחן, על מנת לאזן את העונש עם שיקולי הענישה הנוספים.",קביעת עונשו של הנאשם בסטייה ממתחם הענישה,דיון והכרעה,דיון והכרעה,דיון והכרעה,דיון והכרעה,דיון והכרעה
SH-21-12-59578-330,"מאסר מותנה למשך 6 חודשים, והתנאי הוא כי הנאשם לא יעבור עבירה על פקודת הסמים מסוג פשע למשך 3 שנים.","לפיכך, אני גוזרת על הנאשם את העונשים הבאים:",דיון והכרעה,דיון והכרעה,דיון והכרעה,דיון והכרעה,דיון והכרעה
SH-21-12-59578-330,"מאסר מותנה למשך 3 חודשים, והתנאי הוא כי הנאשם לא יעבור עבירה שכרוכה בפגיעה ברכוש או עבירה של החזקת סכין, למשך 3 שנים.","לפיכך, אני גוזרת על הנאשם את העונשים הבאים:",דיון והכרעה,דיון והכרעה,דיון והכרעה,דיון והכרעה,דיון והכרעה
SH-22-01-16014-223,"פקודת הסמים המסוכנים [נוסח חדש], תשל""ג-1973: סע'  13, 19א",nothing,מידע אחר,מידע אחר,מידע אחר,מידע אחר,מידע אחר
SH-22-01-16014-223,"פקודת התעבורה [נוסח חדש]: סע'  10(א), 67",nothing,מידע אחר,מידע אחר,מידע אחר,מידע אחר,מידע אחר
SH-22-01-16014-223,"פקודת ביטוח רכב מנועי [נוסח חדש], תש""ל-1970: סע'  2א",nothing,מידע אחר,מידע אחר,מידע אחר,מידע אחר,מידע אחר
SH-22-01-16014-223,"חוק העונשין, תשל""ז-1977: סע'  ו40 ה', 40ד', 40ט', 40יא'",nothing,מידע אחר,מידע אחר,מידע אחר,מידע אחר,מידע אחר
SH-22-01-16014-223,"הנאשם הורשע על פי הודאתו, בעבירות המיוחסות לו בכתב אישום מתוקן (במסגרת הליך גישור שנוהל בפני סגנית הנשיאה דאז כב' השופטת ארגמן), בעבירות של הספקת סם מסוכן (ריבוי עבירות) – לפי סעיפים 13 + 19א לפקודת הסמים המסוכנים, (נוסח חדש) תשל""ג – 1973, נהיגה בזמן פסילה – לפי סעיף 67 לפקודת התעבורה (נוסח חדש) תשכ""א – 1961, נהיגה ברכב ללא ביטוח – לפי סעיף 2א לפקודת ביטוח רכב מנועי (נוסח חדש) תש""ל – 1970 ונהיגה ללא רישיון נהיגה (פקיעה מעל שנתיים) – לפי סעיף 10(א) לפקודת התעבורה (נוסח חדש) תשכ""א - 1961.",רקע,עובדות המקרה,עובדות המקרה,עובדות המקרה,עובדות המקרה,עובדות המקרה
SH-22-01-16014-223,"בתמצית עובדות כתב האישום המתוקן המכיל 6 אישומים, במועדים שונים מכר הנאשם לשוטרים מביימים סמים מסוכנים – 31 גרם לערך מסוג חשיש ו-11 טבליות MDMA וזאת תמורת 2,100 ₪.",רקע,עובדות המקרה,עובדות המקרה,עובדות המקרה,עובדות המקרה,עובדות המקרה
SH-22-01-16014-223,"בנוסף, בתאריך 07.04.21 אותר הנאשם כשהוא נוהג במכונית וזאת על אף שרישיון נהיגתו פקע בשנת 2014 ובהיותו פסול לנהיגה מתאריך 11.07.18 מתוקף גזר דין שניתן בעניינו בתיק 11816-01-17.",רקע,עובדות המקרה,עובדות המקרה,עובדות המקרה,עובדות המקרה,עובדות המקרה
SH-22-01-16014-223,"בתאריך 16.03.23 הנאשם הודה בעבירות המיוחסות לו בכתב האישום המתוקן והורשע בהן ולבקשת בא כוחו, הופנה עניינו לשירות המבחן לצורך קבלת תסקיר בעניינו.",רקע,עובדות המקרה,עובדות המקרה,עובדות המקרה,עובדות המקרה,עובדות המקרה
SH-22-01-16014-223,"בתאריך 07.12.23 נתקבל תסקיר שירות המבחן בו צוין שהנאשם, רווק בן 28 המתגורר עם בת זוגתו ועובד עצמאי בעסק לגידול בקר. הנאשם שיתף שעזב את ערערה מאחר והסביבה החברתית משפיעה עליו ופוגעת בהליך שיקומו. בשנת 2019, נרצח אחיו הצעיר של הנאשם בשל טעות בזיהוי על רקע סכסוך משפחות שנפתר בשנת 2021 בהליך סולחה רשמי.",תסקירי שירות המבחן וחוות דעת הממונה על עבודות השירות,תסקיר שירות מבחן,תסקיר שירות מבחן,תסקיר שירות מבחן,תסקיר שירות מבחן,תסקיר שירות מבחן
SH-22-01-16014-223,"הנאשם השתלב בשוק העבודה מגיל צעיר בשל קשיים כלכליים במשפחתו. במסגרת עבודתו נחשף לגורמים שוליים והיה מעורב בקטטות, שוד וסחר בסמים. לאחר שחרורו ממאסרו האחרון בשנת 2020, השתלב בעבודות מזדמנות ועקב מצוקה כלכלית פנה למעורבות פלילית. לאחר ביצוע העבירות, התערבות גורמי אכיפת החוק וההליך המשפטי, ניהל מסעדה, אותה סגר בשל הקורונה וכיום מנהל עסק לגידול בקר. הנאשם חש סיפוק בעבודתו מאחר שמצליח לפרנס אותו, את בת זוגו ואת הוריו.",תסקירי שירות המבחן וחוות דעת הממונה על עבודות השירות,תסקיר שירות מבחן,תסקיר שירות מבחן,תסקיר שירות מבחן,תסקיר שירות מבחן,תסקיר שירות מבחן
SH-22-01-16014-223,"לחובת הנאשם 2 הרשעות קודמות בהן נדון למאסר בפועל בגין עבירת שוד, עבירות אלימות וגניבת רכב, האחרונה משנת 2018. בעת מאסרו השני הבין את ההשפעה השלילית של סביבתו וניתק את הקשר עם גורמים שוליים אך עקב הקושי להשתלב בשוק העבודה והמצוקה הכלכלית חיפש דרך להשגת רווחים מהירים. בעקבות השפעות החברה השולית על חייו ועל חיי משפחתו, עזב את ערערה ועבר להתגורר בחיפה.",תסקירי שירות המבחן וחוות דעת הממונה על עבודות השירות,תסקיר שירות מבחן,תסקיר שירות מבחן,ראיות לעונש,תסקיר שירות מבחן,ראיות לעונש
SH-22-01-16014-223,"שירות המבחן התרשם שהנאשם מגלה הבנה של חומרת העבירות, לוקח אחריות על ביצוען, מביע חרטה ומגלה מוטיבציה התחלתית להשתלבות בהליך שיקומי. לאור הסכמת הנאשם להשתלב בהליך טיפולי, הומלץ על דחיית הדיון.",תסקירי שירות המבחן וחוות דעת הממונה על עבודות השירות,תסקיר שירות מבחן,תסקיר שירות מבחן,תסקיר שירות מבחן,תסקיר שירות מבחן,תסקיר שירות מבחן
SH-22-01-16014-223,"בתאריך 28.03.24 הוגש תסקיר משלים, ממנו עולה כי הנאשם שולב בהליך טיפולי ומשתף פעולה. מאחר שלא נפתחו כנגד הנאשם תיקים חדשים ושירות המבחן התרשם שהנאשם ייתרם מהליך טיפולי, הומלץ על הטלת צו מבחן למשך 12 חודשים במסגרתו ימשיך בהליך הטיפולי וכן צו של""צ בהיקף של 300 שעות.",תסקירי שירות המבחן וחוות דעת הממונה על עבודות השירות,תסקיר שירות מבחן,תסקיר שירות מבחן,תסקיר שירות מבחן,תסקיר שירות מבחן,תסקיר שירות מבחן
SH-22-01-16014-223,"בתאריך 25.06.24 הוגש תסקיר סופי בו צוין שלא נפתחו כנגד הנאשם תיקים חדשים. הנאשם הגיע למרבית המפגשים הקבוצתיים של ההליך הטיפולי, לחלקם באיחור, על רקע לחצים בעבודה וקשיים אישיים. שירות המבחן התרשם שהתנהלות זו נובעת מקושי של הנאשם לזהות את צרכיו הטיפוליים וסבור שזה תואם את השלב הטיפולי בו הוא מצוי. יחד עם זאת, במפגשים בהם נכח, הנאשם לקח חלק פעיל וערך התבוננות עצמית בהקשר לתכנים שעלו. הנאשם התייחס למעורבותו החזרתית בעבירות, לקח אחריות מלאה על התנהלותו וזיהה את הגרומים שעמדו ברקע להתנהלותו.",תסקירי שירות המבחן וחוות דעת הממונה על עבודות השירות,תסקיר שירות מבחן,תסקיר שירות מבחן,תסקיר שירות מבחן,תסקיר שירות מבחן,תסקיר שירות מבחן
SH-22-01-16014-223,"שירות המבחן התרשם שהנאשם מסתייע ונענה להליך הטיפולי, מתבונן על מצבי הסיכון, רוכש כלים להתמודדות יעילה במצבים אלה ובמצב זה פוחת הסיכון להישנות העבירות. לאור האמור, שב שירות המבחן על המלצתו להטלת ענישה שיקומית חינוכית בדמות צו מבחן למשך 12 חודשים וצו של""צ בהיקף 300 שעות.",תסקירי שירות המבחן וחוות דעת הממונה על עבודות השירות,תסקיר שירות מבחן,תסקיר שירות מבחן,תסקיר שירות מבחן,תסקיר שירות מבחן,תסקיר שירות מבחן
SH-22-01-16014-223,בתאריך 22.08.24 נתקבלה חוות דעת הממונה על עבודות השירות לפיה הנאשם נמצא לא כשיר לבצע עבודות שירות וזאת בשל התנגדות משטרת ישראל.,תסקירי שירות המבחן וחוות דעת הממונה על עבודות השירות,תסקיר שירות מבחן,תסקיר שירות מבחן,תסקיר שירות מבחן,תסקיר שירות מבחן,ראיות לעונש
SH-22-01-16014-223,"המאשימה הפנתה בטיעוניה לעובדות כתב האישום המתוקן ועתרה להטלת ענישה מחמירה לאור הפגיעה בערכים המוגנים של שמירה על שלום הציבור ובריאותו וכן פגיעה בביטחונם של משתמשי הדרך. זאת, במיוחד כאשר עונש מאסר מותנה של 6 חודשים, בר הפעלה בהליך זה, לא היווה הרתעה כלשהי ולא היה בו כדי להרתיעו מלחזור לסורו. המאשימה הפנתה לפסיקה רלוונטית וביקשה לקבוע מתחם ענישה בין 15 ל-30 חודשי מאסר בפועל.",טיעוני הצדדים לעניין העונש,טיעוני הצדדים,טיעוני הצדדים,טיעוני הצדדים,טיעוני הצדדים,טיעוני הצדדים
SH-22-01-16014-223,"המאשימה הגישה מטעמה גיליון רישום פלילי ותעבורתי של הנאשם (ת/1) ואת גזר דינו של בית משפט המחוזי בחיפה בת""פ 17443-12-17 (ת/2). המאשימה ביקשה שלא לאמץ את המלצות שירות המבחן ולהשית על הנאשם עונש במרכז מתחם הענישה, הפעלת המאסר המותנה במצטבר, מאסר על תנאי, קנס, פסילה בפועל, פסילה על תנאי וצו להשמדת המוצגים.",טיעוני הצדדים לעניין העונש,טיעוני הצדדים,טיעוני הצדדים,ראיות לעונש,ראיות לעונש,טיעוני הצדדים
SH-22-01-16014-223,"מנגד, ב""כ הנאשם ביקש מבית המשפט לאמץ את המלצות שירות המבחן. לטענתו, הנאשם סחר בסמים קלים, בכמות קטנה ולמשך כחודש ימים. כתב האישום הוגש לאחר כשנתיים ובינתיים לא נפתחו תיקים חדשים כנגד הנאשם.",טיעוני הצדדים לעניין העונש,טיעוני הצדדים,טיעוני הצדדים,טיעוני הצדדים,טיעוני הצדדים,טיעוני הצדדים
SH-22-01-16014-223,"נטען כי במסגרת פרשייה זו נדונו נאשמים אחרים באישומים זהים, שהופללו אף הם על ידי אותו סוכן, לרבות אחיו של הנאשם. נאשמים אלה נידונו לעבודות שירות ולשל""צ.",טיעוני הצדדים לעניין העונש,טיעוני הצדדים,טיעוני הצדדים,טיעוני הצדדים,טיעוני הצדדים,טיעוני הצדדים
SH-22-01-16014-223,"ב""כ הנאשם הפנה לפסיקה רלוונטית לעמדתו וביקש לאמץ את המלצות שירות המבחן ולסטות ממתחם הענישה משיקולי שיקום.",טיעוני הצדדים לעניין העונש,טיעוני הצדדים,טיעוני הצדדים,טיעוני הצדדים,טיעוני הצדדים,טיעוני הצדדים
SH-22-01-16014-223,הנאשם אף הוא ביקש לומר את דברו וציין שהיה קטן ועכשיו הוא בדרך חדשה. הנאשם ציין שהוא הוציא רישיון חדש והוא זקוק לו לשם עבודתו.,טיעוני הצדדים לעניין העונש,טיעוני הצדדים,טיעוני הצדדים,טיעוני הצדדים,טיעוני הצדדים,טיעוני הצדדים
SH-22-01-16014-223,"תיקון 113 לחוק העונשין, עיגן את הבניית שיקול הדעת השיפוטי והעניק מעמד בכורה לעיקרון ההלימה, היינו קיומו של יחס הולם בין חומרת מעשי העבירה, בנסיבותיו ומידת אשמו של הנאשם ובין סוג ומידת העונש המוטל עליו. בהתאם לתיקון לחוק, על בית המשפט לקבוע את מתחם העונש ההולם למעשה העבירות שביצע הנאשם. לשם כך יתחשב בית המשפט בערך החברתי שנפגע מביצוע העבירה, במידת הפגיעה בו, במדיניות הענישה הנהוגה ובנסיבות הקשורות בביצוע העבירה המפורטות בסעיף 40ט' לחוק העונשין.",דיון והכרעה,דיון והכרעה,דיון והכרעה,דיון והכרעה,דיון והכרעה,דיון והכרעה
SH-22-01-16014-223,"לכשייקבע מתחם הענישה, יקבע בית המשפט את העונש המתאים, בתוך המתחם, אשר יוטל על הנאשם וזאת בהתחשב בנסיבות שאינן קשורות בביצוע העבירה המפורטות בסעיף 40יא' לחוק.",דיון והכרעה,דיון והכרעה,דיון והכרעה,דיון והכרעה,דיון והכרעה,דיון והכרעה
SH-22-01-16014-223,בית המשפט רשאי לחרוג ממתחם העונש ההולם בשל שיקולי שיקום או הגנה על שלום הציבור לפי סעיפים 40ד' ו40 ה' לחוק.,דיון והכרעה,דיון והכרעה,דיון והכרעה,דיון והכרעה,דיון והכרעה,דיון והכרעה
SH-22-01-16014-223,"אין צורך להכביר מילים אודות חומרת העבירות בהן הורשע הנאשם והפגיעה בערכים המוגנים לרבות בציבור בכללותו וודאי כאשר עסקינן בסמים שונים מסוג חשיש וMDMA וכן הפגיעה בביטחון המשתמשים בדרך בעת שהנאשם נהג ברכב וזאת למרות שלא החזיק ברישיון נהיגה בתוקף, למרות שרישיון נהיגתו נפסל על ידי בית המשפט ובהיעדר ביטוח.",דיון והכרעה,דיון והכרעה,דיון והכרעה,דיון והכרעה,דיון והכרעה,דיון והכרעה
SH-22-01-16014-223,"בענייננו אין חולק שהנאשם מכר את הסם לשוטרים מביימים לשם רווח כספי כמפורט בסעיף 3 לעובדות כתב האישום המתוקן. כך גם אין חולק כי מדובר בסמים מסוכנים, מסוג חשיש וMDMA אשר החזקתם פוגעת בבריאות הציבור, בשלומו, בפגיעה הפיזית והנפשית אשר עלולה להיגרם כתוצאה ממנו, הן בטווח המידי והן בטווח הממושך, וודאי כאשר מדובר בנזקים שנגרמים לחברה כתוצאה מהשימוש בסם גם על ידי הפרט, מאחר שגם המשתמש הבודד מהווה סכנה מידית ומוחשית לסביבתו ולחברה בכללותה.",דיון והכרעה,דיון והכרעה,דיון והכרעה,דיון והכרעה,דיון והכרעה,דיון והכרעה
SH-22-01-16014-223,לא ניתן להתעלם גם מהעובדה שעבירות הסמים מגבירות ומהוות לעיתים את הסיבה העיקרית לביצוע עבירות פליליות אחרות כגון עבירות רכוש הפוגעות בקניינו של הפרט.,דיון והכרעה,דיון והכרעה,דיון והכרעה,דיון והכרעה,דיון והכרעה,דיון והכרעה
SH-22-01-16014-223,"על אחת כמה וכמה, כאשר מדובר בשימוש בסם שהוגדר בפסיקה כסם קשה ומסוכן, כפי שעסקינן בענייננו בסם מסוג MDMA, ולעניין זה אפנה לת""פ (מחוזי חי') 69783-10-18 מדינת ישראל נ' אברמסון (07.06.20), שם נאמר לעניין זה:",דיון והכרעה,דיון והכרעה,דיון והכרעה,דיון והכרעה,דיון והכרעה,דיון והכרעה
SH-22-01-16014-223,"""להמחשת השפעתו הרעה  של סם ה – MDMA  וסכנותיו יובאו להלן דברים העולים לעניין סם זה מהאתר באינטרנט למאבק בסמים, אלכוהול ואלימות (http://www.antidrugs.org.il): ""נחשב לסם המסיבות, ונצרך בעיקר על ידי מתבגרים וצעירים, שרבים מהם לא מודעים לסיכונים שבו. החומר שפותח כתרופה פסיכיאטרית נמצא כבר שנים רבות ברשימת החומרים האסורים וממשיך לגבות קורבנות מדי שנה...אקסטזי, ששמו המדעי הואMDMA , מורכב מחומר כימי שהוא נגזרת של אמפטמין - חומר מעורר, ומשלב תכונות פרמקולוגיות של החומר מסקאלין, הידוע כמעורר הזיות...ניתן לחלק את סכנות השימוש באקסטזי לשני סוגים עיקריים:א. סכנות הנובעות מסוג החומר: אקסטזי הוא תרכובת של חומר מעורר וחומר מעורר הזיות המזיק למערכת העצבים המרכזית ולמערכות הלב והדם, השרירים, הכליות והכבד. ב. סכנות הנובעות מאופן ייצור החומר: אקסטזי מיוצר במעבדות פיראטיות בתנאים לא-היגייניים ועם שאריות כימיות של חומרי זיקוק, ותוספות ותרכובות בלתי ידועות שעלולות להיות מסוכנות מאוד..."""". דברים אלה יפים לטעמי בענייננו וודאי ככל שנוגעים להספקת סם מסוג הסם שמכר הנאשם.",דיון והכרעה,דיון והכרעה,דיון והכרעה,דיון והכרעה,דיון והכרעה,דיון והכרעה
SH-22-01-16014-223,"לעניין חומרת העבירה של הספקת סמים והצורך בענישה מחמירה כלפי מי שהורשע בביצועה, יובאו הדברים הבאים שנאמרו בע""פ 8048/19 פיצ'חזדה נ' מדינת ישראל (04.06.20) על ידי בית המשפט העליון:",דיון והכרעה,דיון והכרעה,דיון והכרעה,דיון והכרעה,דיון והכרעה,דיון והכרעה
SH-22-01-16014-223,"וכן בע""פ 966/94 אמזלג נ' מדינת ישראל: ""נגע הסמים הפוגע קשות בחברתנו מחייב מלחמת חורמה והעונשים שיגזרו על ידי בתי המשפט בשל עבירות סמים צריכים להשתלב במאבק הכולל להדברת הנגע. על כן, יש ליתן משקל ממשי לשיקול ההרתעתי אל מול השיקולים האישיים, אשר משקלם יהיה נמוך יותר במקרים כגון אלה. 'עונש הולם למחזיקי סמים שלא לשימוש עצמי – קרי: למשולבים במערך ההפצה – מכוון לקבוע בהכרת הכל את החומרה היתירה שאנו מייחסים להפצת הסמים, ולהרתיע עבריינים בכוח מלשלוח ידם בפעילות ההפצה. שתי תכליות מרכזיות אלו ניתן להשיג רק על ידי הטלת עונשים חמורים"".",דיון והכרעה,דיון והכרעה,דיון והכרעה,דיון והכרעה,דיון והכרעה,דיון והכרעה
SH-22-01-16014-223,"ראו לעניין זה גם ע""פ 211/09 אזולאי נ' מדינת ישראל: ""הענישה בעבירות מסוג זה נועדה, קודם לכל, לשרת את מטרת הגמול לעבריין על עיסוק בסם העלול לסכן חיי אדם ולפגוע בבריאות המשתמשים בו; שנית, על העונש להעביר מסר חד-משמעי של הרתעה ביחס לעבריינים פוטנציאליים, ולשמש אות אזהרה אפקטיבי לכל מי שמתכוון לקחת חלק במערכת ההעברות והסחר בסמים, תהא אשר תהא הפונקציה אותה הוא ממלא בשרשרת זו של העברת הסם מיד ליד"".",דיון והכרעה,דיון והכרעה,דיון והכרעה,דיון והכרעה,דיון והכרעה,דיון והכרעה
SH-22-01-16014-223,"בעבירות סחר בסמים קיים מנעד ענישה רחב שנגזר בין היתר מסוג הסם המעורב, מנסיבות הסחר בו ומהכמות שלו (ע""פ 8436-20 אמסלם נ' מדינת ישראל (07.06.21)).",מדיניות הענישה הנוהגת ,דיון והכרעה,דיון והכרעה,דיון והכרעה,דיון והכרעה,דיון והכרעה
SH-22-01-16014-223,"בחינת מדיניות הענישה הנוהגת מלמדת כי בעניינם של נאשמים אשר הורשעו בעבירות דומות, הוטלו על נאשמים עונשים במנעד רחב, כמפורט להלן:",מדיניות הענישה הנוהגת ,דיון והכרעה,דיון והכרעה,דיון והכרעה,דיון והכרעה,דיון והכרעה
SH-22-01-16014-223,"ברע""פ 7570/21 אבו סוילם נ' מדינת ישראל (11.11.21) נדחתה בקשת ערעור של נאשם שהורשע בהחזקת סמים שלא לשימוש עצמי מסוג קנביס במשקל של למעלה מ-4 ק""ג. הנאשם, נעדר עבר פלילי ונתמך בהמלצת שירות המבחן לצו של""צ, נדון ל-8 חודשי מאסר בפועל לאחר שנקבע מתחם עונש הולם שנע בין 8-24 חודשי מאסר. כאמור, ערעורו נדחה.",מדיניות הענישה הנוהגת ,דיון והכרעה,דיון והכרעה,דיון והכרעה,דיון והכרעה,דיון והכרעה
SH-22-01-16014-223,"בעפ""ג (מח' י-ם) 29138-07-17 מדינת ישראל נ' ג'ית (17.08.17) התקבל ערעור המדינה על קולת העונש. הנאשם הורשע בהחזקת 12 פלטות חשיש במשקל 1.199 ק""ג וכן 408 טבליות MDMA שלא לצריכה עצמית ונדון ל-9 חודשי מאסר. בית המשפט המחוזי החמיר בעונשו, קבע את מתחם הענישה בין 10 לבין 32 חודשי מאסר בפועל והטיל על הנאשם 14 חודשי מאסר בפועל.",מדיניות הענישה הנוהגת ,דיון והכרעה,דיון והכרעה,דיון והכרעה,דיון והכרעה,דיון והכרעה
SH-22-01-16014-223,"בת""פ (מחוזי י-ם) 19469-12-13 מדינת ישראל נ' מסוודא (12.01.22) הורשע הנאשם בתיווך של 991 כדורי MDMA לסוכן משטרתי. נקבע מתחם ענישה הנע בין 9 לבין 20 חודשי מאסר בפועל. על הנאשם, בעל עבר פלילי, הוטלו 9 חודשי עבודות שירות משיקולי שיקום.",מדיניות הענישה הנוהגת ,דיון והכרעה,דיון והכרעה,דיון והכרעה,דיון והכרעה,דיון והכרעה
SH-22-01-16014-223,"בת""פ 55035-10-18 מדינת ישראל נ' שהאב (11.03.20) הורשע הנאשם בהחזקת סם שלא לצריכה עצמית של 98 כדורי MDMA וסחר ב-352 כדורים. נקבע מתחם ענישה שנע בין 18 לבין 48 חודשי מאסר בפועל. על הנאשם, נעדר עבר פלילי הוטלו 18 חודשי מאסר בפועל.",מדיניות הענישה הנוהגת ,דיון והכרעה,דיון והכרעה,דיון והכרעה,דיון והכרעה,דיון והכרעה
SH-22-01-16014-223,"לאחר שמיעת טיעוני הצדדים ועיון בפסיקה שאוזכרה על ידם במסגרת טיעוניהם, לרבות בפסק הדין של האחרים שהורשעו בפרשה זו, וכן לאור נסיבותיו של מקרה קונקרטי זה כאשר לפי עובדות כתב האישום המתוקן הסמים שנמכרו היו בכמות מעטה ותמורת סכום כסף מועט, אני קובע שמתחם העונש ההולם לעבירות בהן הורשע הנאשם בהליך זה שלפני נע בין 9-24 חודשי מאסר בפועל לצד ענישה הצופה פני עתיד, פסילה בפועל, פסילה על תנאי וקנס.",מדיניות הענישה הנוהגת ,דיון והכרעה,דיון והכרעה,דיון והכרעה,דיון והכרעה,דיון והכרעה
SH-22-01-16014-223,"הנאשם הודה בעבירות המיוחסות לו בכתב האישום המתוקן בהזדמנות הראשונה, לקח אחריות על מעשיו וחסך זמן שיפוטי יקר.",קביעת העונש המתאים לנאשם,דיון והכרעה,דיון והכרעה,דיון והכרעה,דיון והכרעה,דיון והכרעה
SH-22-01-16014-223,"לקחתי בחשבון את העובדה שלחובת הנאשם 3 הרשעות פליליות קודמות וכן 6 הרשעות תעבורה קודמות, בגינן נשא בעונשי מאסר וכן הוטל עליו עונש מאסר מותנה למשך 6 חודשים בר הפעלה בתיק זה (ת""פ 17443-12-17 בית המשפט המחוזי חיפה, גזר דין מתאריך 19.06.18).",קביעת העונש המתאים לנאשם,דיון והכרעה,דיון והכרעה,דיון והכרעה,דיון והכרעה,דיון והכרעה
SH-22-01-16014-223,"נראה שעונש המאסר המותנה, לא הרתיע את הנאשם מלחזור לסורו ולנהוג ללא רישיון תקף. הנאשם היה מודע לחומרת מעשיו, לנזק אותו הוא מסב לחברה, כך גם היה מודע לעונש בו יצטרך לשאת במידה וייתפס ויורשע בעבירה של נהיגה ללא רישיון תקף. אציין כי עונש המאסר המותנה הינו בר הפעלה בתיק זה ולעניין זה אני דוחה את טענת הסניגור ביחס לאופן ניסוח סעיף התנאי בגזר הדין של בית המשפט המחוזי וקיומו של ספק ביחס להפעלתו בהליך זה.",קביעת העונש המתאים לנאשם,דיון והכרעה,דיון והכרעה,דיון והכרעה,דיון והכרעה,דיון והכרעה
SH-22-01-16014-223,"מנגד, נתתי דעתי גם להמלצות שירות המבחן אשר שב על המלצתו והתרשמותו מן הנאשם בשלושת תסקיריו ולעמדתו, לראשונה הנאשם מעוניין לעשות שינוי אמיתי בחייו, מסוגל להיתרם מטיפול בשירות המבחן וככל שיתמיד בטיפול זה, יקטן הסיכון להישנות העבירות.",קביעת העונש המתאים לנאשם,דיון והכרעה,דיון והכרעה,דיון והכרעה,דיון והכרעה,דיון והכרעה
SH-22-01-16014-223,"למעשה, לאור העבירות אותן ביצע הנאשם וריבוין, היה מקום לגזור על הנאשם תקופת מאסר בפועל מאחורי סורג ובריח. אולם, במקרה זה, לאור ההליך השיקומי אותו עובר הנאשם ולאור התרשמות שירות המבחן, סבורני שזהו המקרה בו יש לאפשר לנאשם להוכיח את רצינות כוונותיו, לחרוג ממתחם העונש משיקולי שיקום, לאמץ את המלצת שירות המבחן ולהטיל על הנאשם צו מבחן וצו של""צ.",קביעת העונש המתאים לנאשם,דיון והכרעה,דיון והכרעה,דיון והכרעה,דיון והכרעה,דיון והכרעה
SH-22-01-16014-223,"אדגיש כי בעת קביעת העונש המתאים, בתוך מתחם הענישה, בהתאם לתיקון 113 לחוק העונשין אשר ביקש להבנות את שיקול הדעת השיפוטי, יש לקחת בחשבון ולבדוק האם במקרה הקונקרטי הטלת מאסר בפועל מאחורי סורג ובריח, גם אם מדובר בתקופה קצרה, יהיה בה כדי לקבוע שהנזק עולה על התועלת.",קביעת העונש המתאים לנאשם,דיון והכרעה,דיון והכרעה,דיון והכרעה,דיון והכרעה,דיון והכרעה
SH-22-01-16014-223,"דו""ח הוועדה הציבורית לבחינת מדיניות הענישה והטיפול בעבריינים (""ועדת דורנר""), התייחס לעניין זה ומסקנתו מצדיקה בחינה מחודשת של שיקולי הענישה. במקרה הנ""ל, לאור נתוני הנאשם, אני סבור שפחותה התועלת בשליחתו של הנאשם למאסר בפועל מהנזק שייגרם לנאשם וזאת, כאשר ניתן אולי להקטין את הסיכון להישנות העבירות על ידי צו מבחן תחת עינו הפקוחה של שירות המבחן. שליחת הנאשם, למאסר בפועל מאחורי סורג ובריח בו ייחשף פעם נוספת לתרבות עבריינית איננה מאינטרס הציבור ומנגד, אם יתמיד הנאשם לשקם עצמו ייתרם מכך לא רק הוא עצמו אלא גם החברה תצא נשכרת (עפ""ת 6597-09-15 מ""י נ' עוקר [פורסם בנבו] [ניתן ביום 21.1.16]).",קביעת העונש המתאים לנאשם,דיון והכרעה,דיון והכרעה,דיון והכרעה,דיון והכרעה,דיון והכרעה
SH-22-01-16014-223,"בפסיקה נאמר כי הרתעת הציבור אינה חזות הכול ו""יש לשקול כל מקרה על פי נסיבותיו המיוחדות ונסיבותיו האישיות של הנאשם כאינדיבידואל ולאזן בצורה ראויה ביניהן לבין מדיניות הענישה האמורה"" (עפ""ת 1267-05-16 חיזגילוב נ' מ""י) [פורסם בנבו].",קביעת העונש המתאים לנאשם,דיון והכרעה,דיון והכרעה,דיון והכרעה,דיון והכרעה,דיון והכרעה
SH-22-01-16014-223,"למסקנתי, השיקולים הפרטניים בענייננו מצדיקים במקרה הנוכחי את העדפת השיקול השיקומי- טיפולי. בית המשפט מודע לכך שבענישה האמורה המעדיפה את הפן השיקומי אין משום מיצוי הדין עם הנאשם ביחס לעבירות החמורות שביצע אך לאור ההליך השיקומי המשמעותי בו נתון הנאשם, אני מוצא לנכון  לתת משקל להיבט זה בענישה, מתוך תקווה כי חזרתו של הנאשם למסלול נורמטיבי תסב תועלת רבה הן לו כאדם, והן לחברה (ע""פ 9911/07 פלוני נ' מדינת ישראל [פורסם בנבו] (ניתן ביום 17.8.2009). במקרה זה – ולא בלי התלבטות – אני סבור כי יש מקום לאפשר לנאשם להמשיך ולשמר את תהליך הטיפול והשיקום.",קביעת העונש המתאים לנאשם,דיון והכרעה,דיון והכרעה,דיון והכרעה,דיון והכרעה,דיון והכרעה
SH-22-01-16014-223,"יתר על כן, מובן כי ככל שלא ישכיל הנאשם לנצל את ההזדמנות שניתנה לו, לתקן את דרכיו ולשנות באמת מעמדותיו ותפיסותיו המוטעות, הרי שלא יינתנו לו הזדמנויות נוספות, צו המבחן יופקע ועניינו יוחזר למתן גזר דין מחדש בפני לרבות האפשרות של הטלת מאסר בפועל בהתאם לעמדתה העונשית של המאשימה.",קביעת העונש המתאים לנאשם,דיון והכרעה,דיון והכרעה,דיון והכרעה,דיון והכרעה,דיון והכרעה
SH-22-01-16014-223,"לאחר ששקלתי את מכלול השיקולים האמורים ונתתי את דעתי לטיעוני הצדדים, כמו גם לאור אחידות הענישה והעונשים שהוטלו על האחרים בפרשה, באתי לכלל מסקנה כי במקרה קונקרטי זה, יש לאמץ את המלצות שירות המבחן, להטיל על הנאשם ענישה שיקומית וזאת לצד חידוש את המאסר המותנה בר ההפעלה.",קביעת העונש המתאים לנאשם,דיון והכרעה,דיון והכרעה,דיון והכרעה,דיון והכרעה,דיון והכרעה
SH-22-01-16014-223,"אני מורה על חידוש עונש המאסר המותנה שהוטל על הנאשם בת""פ 17443-12-17 בבית המשפט המחוזי בחיפה בגר דין מתאריך 19.06.18 בשנתיים נוספות החל מהיום.","לאור האמור, אני מטיל בזאת על הנאשם את העונשים הבאים: ",דיון והכרעה,דיון והכרעה,דיון והכרעה,דיון והכרעה,דיון והכרעה
SH-22-01-16014-223,צו מבחן למשך 12 חודשים אשר יבוצע ויפוקח בידי שירות המבחן.,"לאור האמור, אני מטיל בזאת על הנאשם את העונשים הבאים: ",דיון והכרעה,דיון והכרעה,דיון והכרעה,דיון והכרעה,דיון והכרעה
SH-22-01-16014-223,"הוסבר לנאשם כי ככל שלא יעמוד בתנאי הצו, יכול ותוגש בקשה להפקעתו ועניינו יובא לבית המשפט לצורך דיון מחודש ברכיבי הענישה של גזר הדין.","לאור האמור, אני מטיל בזאת על הנאשם את העונשים הבאים: ",דיון והכרעה,דיון והכרעה,דיון והכרעה,דיון והכרעה,מידע אחר
SH-22-01-16014-223,"צו של""צ בהיקף של 300 שעות וזאת בהתאם לתוכנית של""צ שתגובש עבור הנאשם באמצעות שירות המבחן.","לאור האמור, אני מטיל בזאת על הנאשם את העונשים הבאים: ",דיון והכרעה,דיון והכרעה,דיון והכרעה,דיון והכרעה,דיון והכרעה
SH-22-01-16014-223,"קנס בסך 5,000 ₪.","לאור האמור, אני מטיל בזאת על הנאשם את העונשים הבאים: ",דיון והכרעה,דיון והכרעה,דיון והכרעה,דיון והכרעה,דיון והכרעה
SH-22-05-36033-112,"פקודת הסמים המסוכנים [נוסח חדש], תשל""ג-1973: סע'  13, 19א, 36א(ב), 37א",nothing,מידע אחר,מידע אחר,מידע אחר,מידע אחר,מידע אחר
SH-22-05-36033-112,פקודת התעבורה [נוסח חדש]: סע'  43,nothing,מידע אחר,מידע אחר,מידע אחר,מידע אחר,מידע אחר
SH-22-05-36033-112,"חוק העונשין, תשל""ז-1977: סע'  40ג(א), 40ג(ב), 40ד, 40ה, 40ו, 40ז, 40ח, 40יא, 40 יט",nothing,מידע אחר,מידע אחר,מידע אחר,מידע אחר,מידע אחר
SH-22-05-36033-112,"ב-7.3.23 הוצג בפני כב' הש' משעלי-ביטון הסדר, במסגרתו הודה הנאשם בעובדות כתב האישום המתוקן (להלן: כתב האישום) והורשע ב-3 עבירות סחר בסמים מסוכנים, לפי סעיפים 13 ו-19א ל-פקודת הסמים המסוכנים [נוסח חדש], התשל""ג-1973 (להלן: פקודת הסמים) ו-הסתייעות ברכב לעבור עבירה, לפי סעיף 43 ל-פקודת התעבורה [נוסח חדש] (להלן: פקודת התעבורה).","כתב האישום, הסדר הטיעון, הכרעת הדין והשתלשלות ההליך",עובדות המקרה,עובדות המקרה,עובדות המקרה,עובדות המקרה,עובדות המקרה
SH-22-05-36033-112,"בהתאם לעובדות כתב האישום, במשך תקופה עובר ליום 30.3.22 התנהל במרשתת, באמצעות יישומון ""טלגרם"" (להלן: טלגרם), סחר בסמים מסוכנים.","כתב האישום, הסדר הטיעון, הכרעת הדין והשתלשלות ההליך",עובדות המקרה,עובדות המקרה,עובדות המקרה,עובדות המקרה,עובדות המקרה
SH-22-05-36033-112,"השוטרים יאיר דניאל (להלן: דניאל), משה דיין (להלן: דיין) וללה בוברוב (להלן: בוברוב) נשלחו לביים עסקאות כדי לחשוף עברייני סמים. דניאל עשה שימוש בטלפון נייד בשם ""Matan Eliyahu"" ויצר קשר באמצעות הטלגרם עם היוזר ""ZEUS"" משתמש העונה לשם @zeuskush (להלן: זאוס), תוך הצגת כתובת מגורים ברחוב משה ברזני 23, קריית גת (להלן: רחוב ברזני). דיין עשה שימוש בטלפון נייד בשם ""Maor Moshe"" ויצר קשר באמצעות הטלגרם עם היוזר ""פול החייזר OG"" משתמש העונה לשם @paultheOgallen (להלן: פול), תוך הצגת כתובת מגורים במתחם סטודנטים בקיבוץ ברור חיל (להלן: ברור חיל). בוברוב השתמשה בטלפון נייד בשם ""Yael Elayev"" ויצרה קשר בטלגרם עם זאוס, תוך הצגת כתובת מגורים בקיבוץ שדה יואב (להלן: שדה יואב).","כתב האישום, הסדר הטיעון, הכרעת הדין והשתלשלות ההליך",עובדות המקרה,עובדות המקרה,עובדות המקרה,עובדות המקרה,עובדות המקרה
SH-22-05-36033-112,"במועדים הרלוונטיים לכתב האישום החזיק הנאשם שני טלפונים ניידים ועשה שימוש ברכב מסוג סקודה אוקטביה, לוחית זיהוי 35-163-53 (להלן: הסקודה).","כתב האישום, הסדר הטיעון, הכרעת הדין והשתלשלות ההליך",עובדות המקרה,עובדות המקרה,עובדות המקרה,עובדות המקרה,עובדות המקרה
SH-22-05-36033-112,"בהתאם לעובדות האישום הראשון – ב-3.4.22, סמוך ל-15:44, יצרה בוברוב קשר עם זאוס באמצעות הטלגרם, במסגרתו תואמה רכישת 5 גרם תמורת 300 ₪. לבקשת זאוס, בוברוב שלחה תצלום עמוד פייסבוק, צילום תעודת זהות, סרטון וידאו בו ציינה תאריך ושעה, ואת כתובתה ומספר הטלפון. בהמשך, בין השעות 16:39-16:20, או בסמוך לכך, התקשר הנאשם ממכשיר הטלפון הראשון אל בוברוב ועדכן אותה לגבי מועד ההגעה לשדה יואב. בוברוב הכווינה את הנאשם לנקודת המפגש, ניגשה לסקודה מצד חלון הנהג, הנאשם מסר לה שקית שקופה שהכילה 3 גרם נטו קנבוס תמורת 200 ₪ (בעובדות כתב האישום נרשם פעם אחת סכום 300 ₪ ופעם נוספת 200 ₪. לצורך גזר הדין הסכום הנמוך הוא הקובע).","כתב האישום, הסדר הטיעון, הכרעת הדין והשתלשלות ההליך",עובדות המקרה,עובדות המקרה,עובדות המקרה,עובדות המקרה,עובדות המקרה
SH-22-05-36033-112,"בהתאם לעובדות האישום השני – ב-3.4.22, סמוך ל-16:19 יצר דניאל קשר עם זאוס באמצעות הטלגרם, במסגרתו תואמה רכישת 5 גרם תמורת 300 ₪. לבקשת זאוס דניאל שלח תצלום עמוד פייסבוק, צילום תעודת זהות, סרטון וידאו בו ציין תאריך ושעה ואת כתובתו ומספר הטלפון. בהמשך, בין השעות 18:15-17:40 או בסמוך לכך, התקשר הנאשם מהטלפון הראשון אל דניאל ועדכן אותו במועד הגעתו לרחוב ברזני. סמוך ל-18:15 הגיע הנאשם בסקודה לרחוב ברזני והתקשר אל דניאל, שניגש אל הסקודה מכיוון דלת הנוסע. הנאשם, שישב במושב הנהג, מסר לדניאל שקית שהכילה 4.78 גרם קנבוס, תמורת 300 ₪.","כתב האישום, הסדר הטיעון, הכרעת הדין והשתלשלות ההליך",עובדות המקרה,עובדות המקרה,עובדות המקרה,עובדות המקרה,עובדות המקרה
SH-22-05-36033-112,"בהתאם לעובדות האישום השלישי – ב-30.3.22, סמוך ל-15:09, דיין יצר קשר עם פול באמצעות הטלגרם, במסגרתו תואמה רכישת 10 גרם תמורת 500 ₪.","כתב האישום, הסדר הטיעון, הכרעת הדין והשתלשלות ההליך",עובדות המקרה,עובדות המקרה,עובדות המקרה,עובדות המקרה,עובדות המקרה
SH-22-05-36033-112,"בין השעות 16:39-16:37 התקשר הנאשם מהטלפון השני אל דיין. סמוך ל-16:52 הגיע הנאשם והתקשר אל דיין, שניגש אל הסקודה. הנאשם, שישב במושב הנהג, מסר לדיין שתי שקיות שקופות שהכילו קנבוס. לשאלת דיין האם זה 10 גרם, הנהן הנאשם בראשו לחיוב. דיין מסר לנאשם שטר של 200 ₪. סמוך ל-17:08 חזר הנאשם ברכב הסקודה, פגש בשנית את דיין. דיין לקח את השטרות ומסר לנאשם 200 ₪ במזומן תמורת הסם. במעשים אלו סחר הנאשם ב-2 גרם קנבוס (כך נרשם בהתאם לתיקון כתב האישום), תמורת 200 ₪.","כתב האישום, הסדר הטיעון, הכרעת הדין והשתלשלות ההליך",עובדות המקרה,עובדות המקרה,עובדות המקרה,עובדות המקרה,עובדות המקרה
SH-22-05-36033-112,"הסדר הטיעון לא כלל הסכמה עונשית והנאשם הופנה לשירות המבחן לעריכת תסקיר. דיון טיעונים לעונש נקבע בפני כב' הש' בונדה ליום 14.9.23. מועד זה נדחה ל-25.12.23 ובהמשך ל-14.2.24 בפניי. במועד זה נדחתה בקשת ב""כ הנאשם לשוב ולהפנותו לשירות המבחן לקבלת תסקיר משלים. הבקשה להפנות את הנאשם לממונה על עבודות שירות התקבלה, מבלי שמי מהצדדים יפתח ציפייה כלשהי לגבי תוצאות ההליך. בחוות הדעת מ-16.4.24 נמצא הנאשם מתאים לביצוע עבודות שירות. מועד מתן גזר הדין נדחה מספר פעמים מטעמים שונים, לרבות מאילוצי בית המשפט ולבקשת ב""כ הנאשם.","כתב האישום, הסדר הטיעון, הכרעת הדין והשתלשלות ההליך",עובדות המקרה,עובדות המקרה,תסקיר שירות מבחן,עובדות המקרה,עובדות המקרה
SH-22-05-36033-112,"הנאשם הורשע ב-3 עבירות סחר בסמים, שבוצעו במקומות שונים, במשקלים שונים ומול סוכנים שונים, משכך – הגם שמדובר בעבירות שבוצעו בסמיכות זמנים, וחלקן אף באותו תאריך, בהתאם להוראת תיקון 113 ל-חוק העונשין ול""מבחן הקשר ההדוק"" שנקבע ב-ע""פ 4910/13 ג'אבר נ' מדינת ישראל (29.10.14) (להלן: הלכת ג'אבר) – אני מקבלת עמדת המאשימה וקובעת כי מדובר ב-3 אירועים נפרדים. עם זאת, בהינתן קיומה של זיקה בין האירועים, כשמדובר ב-3 אירועי סחר בקנבוס בנסיבות דומות, לרבות מבחינת כמויות הסם, מדובר במתחמים זהים ומשכך ייסקרו להלן אמות המידה ואבני הבוחן בהתאם לסעיף 40ג(א) ל-חוק העונשין במאוחד:",קביעת מתחם העונש ההולם,דיון והכרעה,דיון והכרעה,דיון והכרעה,עובדות המקרה,דיון והכרעה
SH-22-05-36033-112,"הערכים חברתיים שנפגעו מביצוע העבירות הם הגנה על שלום הציבור ובריאותו. השימוש בסמים פוגע בבריאות המשתמשים, משבש שגרת חייהם, עלול להביא להתמכרות ולעבריינות נלווית בתחומי הרכוש והאלימות ובכך להוביל לפגיעה בערכים נוספים, לרבות פגיעה בקניין הציבור, בשלוות נפשו, בביטחונו האישי ושלמות הגוף. כך, מעבר לנזקים הישירים הנגרמים למשתמשי הסם, נגע הסמים מהווה אחד ממחוללי הפשיעה, המלווה ואף יוצר נזקים עקיפים בשל עבירות רכוש, המבוצעות על רקע הצורך העז והבלתי נשלט להשיג את מנת סם, ולעיתים אף עבירות אלימות, המבוצעות כתוצאה מהשימוש בסמים או במהלך ביצוע עבירות הרכוש.",קביעת מתחם העונש ההולם,דיון והכרעה,דיון והכרעה,דיון והכרעה,עובדות המקרה,דיון והכרעה
SH-22-05-36033-112,"מידת הפגיעה בערכים המוגנים לא מבוטלת – סוחרי סמים הם מפיצי הסמים ומסיבה זו ממוקמים גבוה בשרשרת הפצת הסמים המסוכנים, ודאי כשמדובר בסחר בסמים ברחובות העיר ובאור יום. אמנם נוכח נסיבות ביצוע העבירות, לרבות כמויות הסם וסוגו, מידת הפגיעה היא לא מהחמורות, אך אף כשמדובר בכמויות ""קטנות"" – ""אין בכך כדי להפחית מחומרתן של עבירות אלה"" [ראו והשוו רע""פ 7996/12 יוסף נ' מדינת ישראל (23.1.13)] ואף אין להקל ראש בסמים המוגדרים ""קלים"". כך קבעה כב' הש' ארבל ב-ע""פ 2000/06 מדינת ישראל נ' ויצמן ואח' (20.7.06), כי ""...אין להקל ראש בעבירות הנוגעות לסמים המוגדרים כ'קלים'. המאבק בנגע הסמים צריך להיות מכוון גם נגד השימוש בסמים קלים ובפגיעתם של אלה ביחידים ובחוסנה של החברה כולה אין להמעיט"". בשל עוצמת הפגיעה נקבע לא אחת כי ""מלחמת החורמה בעברייני סמים נמשכת והולכת. מלחמה קשה היא, מלחמה ארוכה, והיא כמלחמת ישראל בעמלק"" [ראו קביעת כב' הש' חשין (כתוארו אז) בסעיף 35 לפסק דינו ב-ע""פ 4998/95 מדינת ישראל נ' אוקטביו, פ""ד נא(3) 769, 787)].",קביעת מתחם העונש ההולם,דיון והכרעה,דיון והכרעה,דיון והכרעה,עובדות המקרה,דיון והכרעה
SH-22-05-36033-112,"מדיניות הענישה הנהוגה – עיון בפסיקת 3 הערכאות מלמד כי קיים מנעד גדול של ענישה. כל אחד מב""כ הצדדים הפנה לפסיקה התומכת בעמדתו ועליה הוספתי פסיקה. כל מקרה לנסיבותיו וברי כי יש לאבחן המקרים השונים למקרה שלפניי – אולם קיימים פסקי דין מהם ניתן לגזור אמת-מידה עונשית הולמת, כמפורט להלן:",קביעת מתחם העונש ההולם,דיון והכרעה,דיון והכרעה,דיון והכרעה,עובדות המקרה,דיון והכרעה
SH-22-05-36033-112,"רע""פ 6401/18 ספיר נ' מדינת ישראל (17.9.18), אליו הפנו ב""כ המאשימה – נדחו ערעור ובקשת רשות ערעור. נקבע מתחם 16–36 בגין 5 עבירות סחר בקנבוס וכן תיווך, ניסיון לסחר, החזקה לצריכה עצמית והפרעה לשוטר במילוי תפקידו. עבירות הסחר, הניסיון לסחר והתיווך בוצעו תוך שימוש במערכת מסרונים. בחריגה לקולה מהמתחם, לאור שיקולי שיקום, בהתחשב בנסיבותיו האישיות, הודאתו, מצבו המשפחתי והבריאותי, עברו, נטילת אחריות והתרשמות שירות המבחן שהשתקם – הושתה שנת מאסר בפועל.",קביעת מתחם העונש ההולם,דיון והכרעה,דיון והכרעה,דיון והכרעה,עובדות המקרה,דיון והכרעה
SH-22-05-36033-112,"רע""פ 5698/17 ליפצר נ' מדינת ישראל (4.9.17), אליו הפנו ב""כ המאשימה – נדחו ערעור ובקשת רשות ערעור. נקבע מתחם 6–12 חודשי מאסר לכל עבירת סחר בחשיש, החזקתו שלא לצריכה עצמית והחזקת כלים להכנת סם, לצד מספר חודשי מאסר, שיכול שירוצו בעבודות שירות, בגין אספקת קנבוס. מדובר היה במי שבהזדמנויות רבות במשך כשנה, מכר קנבוס במשקלים של 5-1 גרם ל-8 מכרים שונים, החזיק בביתו כ-120 גרם קנבוס, כלים וכסף מזומן וסיפק קנבוס. על צעיר, שנטל אחריות, ביצע את העבירות על רקע נסיבות אישיות, נפשיות ורפואיות ואשר לחובתו עבר בהחזקת סם שלא לצריכה עצמית – הושתו 30 חודשי מאסר בפועל, מאסרים מותנים, פסילה בפועל ומותנית וחולטו 13,590 ₪ ומכשיר טלפון שנתפסו.",קביעת מתחם העונש ההולם,דיון והכרעה,דיון והכרעה,דיון והכרעה,עובדות המקרה,דיון והכרעה
SH-22-05-36033-112,"רע""פ 5712/16 אייזנבאך נ' מדינת ישראל (17.8.16) – נדחו ערעור ובקשת רשות ערעור. נקבע מתחם 8–24 בגין 4 עבירות סחר בקנבוס, תמורת כמה מאות שקלים. על צעיר, שנסיבות חייו מורכבות, אשר הודה ונטל אחריות, שיתף פעולה בהליך טיפולי ולהתרשמות שירות המבחן ההליך היווה עבורו גורם מרתיע, כשלחובתו הרשעה בהיעדר מהשירות – הושתו 8 חודשי מאסר בפועל, מאסרים מותנים וקנס, חרף המלצת שירות המבחן להסתפק בשל""צ וצו מבחן.",קביעת מתחם העונש ההולם,דיון והכרעה,דיון והכרעה,דיון והכרעה,דיון והכרעה,דיון והכרעה
SH-22-05-36033-112,"רע""פ 6087/16 אבו דיאב נ' מדינת ישראל (11.8.16), אליו הפנו ב""כ המאשימה – נדחתה בקשת רשות ערעור על פסק הדין בערעור, בגדרו התקבל חלקית ערעור המבקש. בגין הרשעה ב-3 עבירות סחר בחשיש ומכירת כדורים הנחזים לסםAlfa-PVP  נקבע מתחם 18–40 חודשי מאסר בפועל, לצד ענישה נלווית, הכוללת קנס ופסילה. בית המשפט המחוזי הפחית מ-27 ל-24 חודשי מאסר לאור הודאתו, חרף התרשמות שלילית של שירות המבחן.",קביעת מתחם העונש ההולם,דיון והכרעה,דיון והכרעה,דיון והכרעה,דיון והכרעה,דיון והכרעה
SH-22-05-36033-112,"רע""פ 3627/13 שדה נ' מדינת ישראל (22.5.13) – נדחו ערעור ובקשת רשות ערעור של מי שבגין הרשעתו ב-2 עסקאות סחר בקנבוס, במשקל מצטבר של 1.87 גרם, תוך התחשבות בהודאתו, עברו הלא מכביד ובכך ש""מדובר בסחר בכמות קטנה, בסם שאיננו סם 'קשה' יחסית, ובתמורה הכספית הנמוכה שאותה קיבל המבקש בעבור הסמים שמכר"" – נידון ל-7 חודשי מאסר, מאסר מותנה, 3,000 ₪ קנס ו-12 חודשי פסילה.",קביעת מתחם העונש ההולם,דיון והכרעה,דיון והכרעה,דיון והכרעה,דיון והכרעה,דיון והכרעה
SH-22-05-36033-112,"רע""פ 3488/09 מנור נ' מדינת ישראל (27.4.09), אליו הפנו ב""כ המאשימה – נדחו ערעור ובקשת רשות ערעור. על מי שהורשע לפי הודאתו בשתי עבירות סחר ב-MDMA וחשיש ובהחזקת חשיש וקנבוס שלא לצריכה עצמית – הושתו 20 חודשי מאסר, 8 חודשי מאסר מותנה וחילוט הרכב ו-700 ₪ שנתפסו, תוך התחשבות בנסיבותיו האישיות, עברו הפלילי, דברי המטפלת בו מזה מספר שנים והמלצת שירות המבחן. נוכח חוסר מודעות אשתו, שהיתה בעלים במשותף ברכב, לעבירות שביצע המבקש ברכב – נקבע כי החילוט יחול על מחצית שווי הרכב בלבד.",קביעת מתחם העונש ההולם,דיון והכרעה,דיון והכרעה,דיון והכרעה,דיון והכרעה,דיון והכרעה
SH-22-05-36033-112,"עפ""ג (מחוזי-ב""ש) אבטאו נ' מדינת ישראל (23.4.23) – לאחר שהמערער חזר בו, בהמלצת בית המשפט, נדחה ערעור על גזר הדין ב-ת""פ (שלום-אשק') 39423-05-22 מדינת ישראל נ' יצחק ואח' (10.1.23), אליו הפנו ב""כ המאשימה. המערער, שהיה נאשם 2, הורשע על פי הודאתו בסחר בסמים והסתייעות ברכב לעבור עבירה. בשים לב לסמיכות הזמנים, אופי העבירות, תדירותן והזיקה ביניהן – נקבע כי מדובר באירוע אחד לגביו נקבע מתחם 24-8 חודשי מאסר, קנס במתחם 1,500 ₪-5,000 ₪ ופסילה במתחם בין 45 ימים לבין 3 חודשים. לאחר שלא נמצאו שיקולים המצדיקים סטייה מהמתחם לקולה או לחומרה – הושתו 16 חודשי מאסר בפועל בניכוי ימי המעצר, מאסרים מותנים, התחייבות, 2,500 ₪ קנס, 2 חודשי פסילה בפועל ו-4 חודשי פסילה מותנית.",קביעת מתחם העונש ההולם,דיון והכרעה,דיון והכרעה,דיון והכרעה,דיון והכרעה,דיון והכרעה
SH-22-05-36033-112,"עפ""ג (מחוזי-חי') 43561-08-20 הררי נ' מדינת ישראל (5.11.20), אליו הפנה ב""כ הנאשם – נדחה ערעור על אי-ביטול הרשעה. בגין גידול 36 שתילי קנבוס במשקל 9.15 גרם, החזקת כלים המשמשים להכנת סמים וגידולם (עציצים, מפוח, 6 מנורות, 3 מערכות אוורור מקובעות לקיר, מזגן נייד, 6 שנאים ו-7 מיכלי כימיקליים), החזקת 2.67 גרם קנבוס לצריכה העצמית, בהפרת הוראת חוקית והפרעה לשוטר במילוי תפקידו – הושתו מאסרים מותנים, 5,000 ₪ קנס, מבחן ל-18 חודשים ו-250 שעות של""ץ. הרכב לא חולט בהעדר אינדיקציה לכך שהמערער סחר בסמים שגידל ונוכח מסמכי רישום הרכב.",קביעת מתחם העונש ההולם,דיון והכרעה,דיון והכרעה,דיון והכרעה,דיון והכרעה,דיון והכרעה
SH-22-05-36033-112,"עפ""ג (מחוזי-ת""א) 28791-06-20 מושיוב נ' מדינת ישראל (30.7.20) – הערעור נדחה. נקבע מתחם 5–15 חודשי מאסר בפועל לצד ענישה נלווית בגין 3 עבירות סחר בקנבוס. על מי שהיה נעדר עבר פלילי, הודה בפתח משפטו, נטל אחריות מלאה על מעשיו והביע חרטה, תרם למדינה בשירות צבאי מלא בחיל הים, סבל ממצב נפשי לא פשוט שהיה הרקע לביצוע העבירות, השתלב בטיפול, גילה מוטיבציה ושירות המבחן המליץ על של""ץ ומבחן – הושתו 5 חודשי עבודות שירות וענישה נלווית.",קביעת מתחם העונש ההולם,דיון והכרעה,דיון והכרעה,דיון והכרעה,דיון והכרעה,דיון והכרעה
SH-22-05-36033-112,"עפ""ג (מחוזי-ב""ש) 58296-05-19 אלהואשלה נ' מדינת ישראל (10.7.19), אליו הפנו ב""כ המאשימה – נקבע מתחם 7–18 חודשי מאסר בגין מכירת 7.3 גרם קנבוס לשוטר תמורת 300 ₪ במסיבה. בערעור הוקל עונשו מ-9 ל-7 חודשי מאסר לריצוי בעבודות שירות וענישה נלווית, הכוללת מאסרים מותנים, קנס ו-90 ימי פסילת רישיון נהיגה. בתי המשפט התחשבו בגילו הצעיר, שמירה על רצף תעסוקתי, נטילת אחריות, ההודאה והחרטה, היותו מורתע מההליך, שהה כחודש במעצר ולאחריו בתנאים מגבילים ונעדר עבר פלילי. שירות המבחן לא בא בהמלצה טיפולית משום שהחזיק בעמדה קורבנית ופסיבית ולא ראה צורך במעורבות טיפולית. לצד זאת, המליץ שירות המבחן כי המאסר ירוצה בעבודות שירות, כדי שלא ייחשף לחברה שולית במאסר.",קביעת מתחם העונש ההולם,דיון והכרעה,דיון והכרעה,דיון והכרעה,דיון והכרעה,דיון והכרעה
SH-22-05-36033-112,"ע""פ (מחוזי-י-ם) 33947-10-17 מדינת ישראל נ' קרוקוצקי (20.3.18), אליו הפנו ב""כ המאשימה – נדחה ערעור המאשימה. בגין 6 עבירות סחר בקנבוס וחשיש (בכמויות שבין 1 גרם ל-10 גרם) נקבע מתחם 6–12 חודשי מאסר לכל עבירת סחר (וכן מתחם ממאסר מותנה עד מספר חודשי מאסר בפועל בהחזקת קנבוס). הרשעת הנאשם בוטלה והושתו 420 שעות של""ץ, מבחן לשנה ו-10,000 ₪ התחייבות. בדחותו הערעור קבע בית המשפט המחוזי, בין היתר, שאכן מדובר בעבירות סחר בסם מסוכן, אך העבירות נעשו על פני פרק זמן קצר, בסמים קלים וכי לא נפלה טעות בהחלטת בית משפט קמא.",קביעת מתחם העונש ההולם,דיון והכרעה,דיון והכרעה,דיון והכרעה,דיון והכרעה,דיון והכרעה
SH-22-05-36033-112,"ת""פ (שלום-נצ') 64418-09-16 מדינת ישראל נ' שיבלי (14.2.19),  אליו הפנה ב""כ הנאשם – בגין גידול במעבדה, שכללה אביזרי גידול ופנקס טיפולים, של עשרות שתילי קנבוס, במשקל כולל של 837.76 גרם, החזקת 3 אריזות שהכילו 287.53 גרם חשיש, החזקת 1.86 גרם חשיש ונייר מקופל ובו תפזורת 0.25 גרם חשיש – נקבע מתחם הנע ממאסר קצר, שניתן לריצוי בעבודות שירות עד 10 חודשי מאסר בפועל. לא נמצא מקום לביטול ההרשעה ולאחר בחינת השיקולים לקולה ולחומרה, הושתו מאסרים מותנים, 300 שעות של""ץ, 5,000 ₪ התחייבות, מבחן לשנה ו-3 חודשי פסילה מותנית.",קביעת מתחם העונש ההולם,דיון והכרעה,דיון והכרעה,דיון והכרעה,דיון והכרעה,דיון והכרעה
SH-22-05-36033-112,"ת""פ (שלום-ק""ש) 40639-10-17 מדינת ישראל נ' בובו (28.5.18), אליו הפנה ב""כ הנאשם – בגין 4 עבירות סחר בקנבוס (במשקלים 3, 5, 10 ולא ידוע) ובהחזקת כ-80 גרם קנבוס שלא לצריכה עצמית – נקבע מתחם 6–15 חודשי מאסר. על צעיר כבן 21, נעדר עבר פלילי, שהודה בכתב האישום ללא תיקון, נטל אחריות, הביע חרטה, מסר בדיקות נקיות מסמים, בהינתן תסקיר נושא אופי חיובי – הושתו 6 חודשי מאסר בעבודות שירות, מאסר מותנה, 4,000 ₪ קנס, פסילת רישיון בפועל ומותנית.",קביעת מתחם העונש ההולם,דיון והכרעה,דיון והכרעה,דיון והכרעה,דיון והכרעה,דיון והכרעה
SH-22-05-36033-112,"ת""פ (שלום-ת""א) 9050-04-13 מדינת ישראל נ' פלוני (1.7.15), אליו הפנה ב""כ הנאשם –  נקבע כי מדובר במקרה יוצא דופן, לאור אישיות הנאשם והנזק העצום וה""מרחבי"" שעלול להיגרם לו במישור המשפחתי והתעסוקתי ומשכך בוטלה הרשעתו ב-4 עבירות סחר בחשיש, תמורת סכומים שבין 300 ₪ לבין 1,000 ₪. לזכות הנאשם עמדו התקופה הקשה בה היה שרוי באירוע (עקב הליכים משפטיים מול גרושתו), נסיבות העבירה (רכישה מרוכזת של הסם על ידי הנאשם, אותו חילק לחבריו תמורת עמלת רכישה), מאמצי שיקום וטיפול כדי לחזור למוטב והמלצת שירות המבחן, לפיה הסיכון שישוב לפלילים מינימלי. הושתו 360 שעות של""ץ ו-5,000 ₪ התחייבות.",קביעת מתחם העונש ההולם,דיון והכרעה,דיון והכרעה,דיון והכרעה,דיון והכרעה,דיון והכרעה
SH-22-05-36033-112,"ת""פ (שלום-ת""א) 44597-02-13 מדינת ישראל נ' שאגן (9.8.13), אליו הפנה ב""כ הנאשם – ב-3 עבירות סחר בחשיש (במשקלים של 10.06 גרם, 9.91 גרם ו-19.89 גרם) נקבע מתחם לכל מכירה ממאסר מותנה לצד של""צ עד 6 חודשי מאסר, שניתן לרצותם בעבודות שירות, יחד עם קנס. ההרשעה בוטלה, לא בלי היסוס, תוך קביעה כי אמנם מדובר ב-3 מכירות במהלך 4 שבועות, אך התנהגות הנאשם רחוקה מלהיות התנהגות סוחר סמים. הובא בחשבון שהמכירות היו ביוזמת הסוכן, בכמויות קטנות של סם ""קל"", לאדם שהנאשם ראה בו ידיד ועמית לצריכת סמים קלים, ללא ראיה או חשד שהנאשם נהג לסחור בסם דרך קבע וכי מוצדק להתייחס לפרשה כאל מעידה חד פעמית, שלא תחזור במסכת חייו הנורמטיביים. הושתו 300 שעות של""ץ וצו פיקוח לשנה.",קביעת מתחם העונש ההולם,דיון והכרעה,דיון והכרעה,דיון והכרעה,דיון והכרעה,דיון והכרעה
SH-22-05-36033-112,"ת""פ (שלום-י-ם) 54706-01-13 מדינת ישראל נ' חביב ואח' (17.6.13), אליו הפנה ב""כ הנאשם – בין הרשעת נאשם 2, על יסוד הודאתו, ב-2 עבירות סחר בחשיש (4.31 גרם ו-3.99 גרם) נקבע מתחם ממספר חודשי מאסר בפועל עד 12 חודשי מאסר בפועל. לאחר שנמצאה הצדקה לחריגה משיקולי שיקום הושתו, בהסכמת הצדדים, 45 ימי מאסר לריצוי בעבודות שירות, מאסרים מותנים וצו פיקוח לשנה.",קביעת מתחם העונש ההולם,דיון והכרעה,דיון והכרעה,דיון והכרעה,דיון והכרעה,דיון והכרעה
SH-22-05-36033-112,"*** לא למותר לציין, כי ב-9.9.13 נגזר דינו של נאשם 1 (ב""כ הנאשם לא הפנה לגז""ד זה). בגין הרשעתו, לפי הודאתו, ב-4 עבירות סחר בחשיש (6.4 גרם, 5.38 גרם, 3.89 גרם ואצבע במשקל לא ידוע) – נקבע מתחם הנע בין מספר חודשי מאסר לבין 18 חודשי מאסר בפועל. בהחזקת יחידה של AM-2201 לשימוש עצמי – נקבע מתחם הנע בין מאסר מותנה לבין ענישה מוחשית, שיכולה להיות מאסר בעבודות שירות (בעבירה של שיבוש מהלכי משפט נקבע מתחם הנע בין עונש שלא כולל מאסר בפועל לבין מספר חודשי מאסר בפועל). תוך התחשבות גם בעונש שנגזר על נאשם 2 ולפער בחומרת מעשי השניים – הושתו 6 חודשי מאסר לריצוי בעבודות שירות, מאסרים מותנים, 4,000 ₪ קנס, 3 חודשי פסילה בפועל ופסילה מותנית.",קביעת מתחם העונש ההולם,דיון והכרעה,דיון והכרעה,דיון והכרעה,דיון והכרעה,דיון והכרעה
SH-22-05-36033-112,"ת""פ (שלום-רמ') 48125-05-11 מדינת ישראל נ' ספיבק (11.11.12), אליו הפנה ב""כ הנאשם – בגין הרשעתו, לפי הודאתו, ב-2 אישומי סחר בחשיש (3.66 גרם ו-4.73 גרם) נקבע מתחם 3–18 חודשי מאסר בפועל. הושתו 6 חודשי מאסר לריצוי בעבודות שירות, מאסרים מותנים, 7,500 ₪ קנס, 6 חודשי פסילה בפועל ו-6 חודשי פסילה מותנית.",קביעת מתחם העונש ההולם,דיון והכרעה,דיון והכרעה,דיון והכרעה,דיון והכרעה,דיון והכרעה
SH-22-05-36033-112,"בפסיקה עוברת כחוט השני הקביעה בדבר חשיבות נסיבות הקשורות בביצוע העבירה, שכן אין דין עסקה בודדת כדין מי שעיסוקו בסחר בסמים, אין דין סחר בכמויות גדולות כדין סחר בכמויות קטנות ובמסגרת זו יש לתת את הדעת גם לסוג הסם ונסיבות נוספות, כפי שנקבע בסעיף 40 יט ל-חוק העונשין, ובכלל זה:",קביעת מתחם העונש ההולם,דיון והכרעה,דיון והכרעה,דיון והכרעה,דיון והכרעה,דיון והכרעה
SH-22-05-36033-112,"התכנון שקדם לביצוע העבירות –מעצם טיבן וטבען קדם לעבירות תכנון מוקדם. משעובדות כתב האישום בהן הודה לא מובילות למסקנה כי הנאשם הוא אותו ""יוזר"" שהתכתב עם הסוכנים טרם ביצוע עבירות הסחר בסמים – התכנון המוקדם בא לידי ביטוי בפעולות שעשה בשלבים מתקדמים יותר של ביצוע העבירות והשימוש ברכב.",קביעת מתחם העונש ההולם,דיון והכרעה,דיון והכרעה,דיון והכרעה,דיון והכרעה,דיון והכרעה
SH-22-05-36033-112,"חלקו של הנאשם בביצוע העבירות – הנאשם הוא מי ששינע את הסמים לסוכנים, מסר להם אותם וקיבל את התמורה הכספית. לשיטת המאשימה, מעובדות כתב האישום עולה כי חלקו של הנאשם הוא בלעדי. מנגד, לטענת ב""כ הנאשם, מדובר בנאשם שהצטייד בפלאפון שמסרו לו אחרים, שדיבר עם השוטרים, קבע איתם, הגיע למקום האיסוף, לא הסתיר פניו והתכנון הסתיים בקביעת המפגש בלבד. כמצוין לעיל, מעובדות כתב האישום עלה, שהסוכנים התכתבו עם ""יוזרים"" אשר זהותם לא ידועה. עמימות זו תזקף לזכות הנאשם בכל הנוגע לחלקו בביצוע העבירות. לצד זאת, נפסק לא אחת, כי במסגרת המאבק בנגע הסמים, יש צורך להכות בכל אחת ואחת מחוליות הפצת הסם. בענין זה קבע כב' הש' עמית בסעיף 5 לפסק דינו ב-ע""פ 3172/13 סואעד נ' מדינת ישראל (7.1.14) –",קביעת מתחם העונש ההולם,דיון והכרעה,דיון והכרעה,דיון והכרעה,דיון והכרעה,דיון והכרעה
SH-22-05-36033-112,"הנזק שנגרם מביצוע העבירות לא נמצא ברף גבוה, מאחר שהסמים נמכרו לסוכנים סמויים ובהינתן כי הסמים נתפסו.",קביעת מתחם העונש ההולם,דיון והכרעה,דיון והכרעה,דיון והכרעה,דיון והכרעה,דיון והכרעה
SH-22-05-36033-112,"אין להקל ראש בנזק שהיה צפוי מביצוע העבירות – בסחר בסמים טמון פוטנציאל נזק רב, בשל פגיעתם הרעה בבריאות הציבור, בחלקים נרחבים באוכלוסייה. השלכות השימוש בסמים קשות, השימוש פוגע בבריאות המשתמשים, משבש שגרת חייהם, עשוי להביא להתמכרות ולעבריינות נלווית בתחומי הרכוש והאלימות, כמפורט לעיל. לצד זאת, בהתחשב בכמויות הסם (גרמים בודדים), בתמורה הלא גבוהה ובסוג הסם, שלא נמנה על הקטלניים שב-פקודת הסמים – לא מדובר בנזק ברף הגבוה.",קביעת מתחם העונש ההולם,דיון והכרעה,דיון והכרעה,דיון והכרעה,דיון והכרעה,דיון והכרעה
SH-22-05-36033-112,"הסיבות שהביאו את הנאשם לביצוע העבירות, לדבריו, כעולה מהתסקיר – כחודש עובר לביצוען פגש הנאשם בתחנת דלק אנשים שלא הכיר, אשר הציעו לו להצטרף לשיחה, בה שוחחו על טלגרם וסיפרו לו שניתן להרוויח כסף בקלות ממכירת קנבוס. לטענתו, באלמונים תיווכו לו איש קשר, אשר סיפק את הסם, ולימדו אותו לתפעל את הממשק. על רקע תקופה כלכלית קשה באותו זמן, חשב לבצע מספר מכירות כדי לשלם חוב של אמו. הנאשם טען בפני שירות המבחן כי לא ידע שקנבוס לא חוקי וכי מבצע עבירה בכך שסוחר בו, משום שסבר כי מדובר בסם חוקי, שכן ניתן במרשם רופא ונמכר בבתי מרקחת. טען שלו ידע כי מדובר בסם וסחר לא חוקי בו, לא היה פועל כך.",קביעת מתחם העונש ההולם,דיון והכרעה,דיון והכרעה,דיון והכרעה,דיון והכרעה,תסקיר שירות מבחן
SH-22-05-36033-112,"הנאשם הורשע ב-3 עבירות המהוות 3 אירועים נפרדים. מתחם העונש ההולם בכל אירוע הוא 12-4 חודשי מאסר בפועל, בנוסף לענישה נלווית, הכוללת מאסר מותנה, עיצומים כלכליים ופסילה בפועל ומותנית (הגם שבאישום הראשון הורשע בנוסף בהסתייעות ברכב לעבור עבירה).",מתחמי העונש ההולמים,דיון והכרעה,דיון והכרעה,דיון והכרעה,דיון והכרעה,דיון והכרעה
SH-22-05-36033-112,"עבירות הסמים הן עבירות כלכליות וככאלו מחייבות עיצומים כלכליים, שיהיה בהם כדי ללמד על חוסר הכדאיות בצבירת הון על חשבון בריאות הציבור. לצד זאת, בהתאם לסעיף 40ח ל-חוק העונשין, התחשבתי במצבו הכלכלי הנטען של הנאשם. על כן, מתחם הקנס יהיה מתון בחלקו התחתון ויעמוד על 2,500 ₪–10,000 ₪ לכל אירוע.",מתחמי העונש ההולמים,דיון והכרעה,דיון והכרעה,דיון והכרעה,דיון והכרעה,דיון והכרעה
SH-22-05-36033-112,"כפי שנקבע בפסיקה ובהתאם להוראות סעיף 37א ל-פקודת הסמים, בעבירות הקשורות בסם מסוכן יש חשיבות לפסילה, קל וחומר כשהנאשם עשה שימוש ברכב בעת שינוע הסמים במסגרת 3 עבירות הסחר והסתייע ברכבו לביצוע הפשעים, כפי שנקבע בסעיף 43 ל-פקודת התעבורה [נוסח חדש]. מתחם הפסילה לכל אירוע הוא 3–12 חודשי פסילה בפועל ופסילה מותנית.",מתחמי העונש ההולמים,דיון והכרעה,דיון והכרעה,דיון והכרעה,דיון והכרעה,דיון והכרעה
SH-22-05-36033-112,"בגזירת העונש המתאים לנאשם התחשבתי, בהתאם לסעיף 40ג(ב) ל-חוק העונשין, בנסיבות שאינן קשורות בביצוע העבירה, כאמור בסעיף 40יא ל-חוק העונשין, כפי שאלו עלו מהתסקיר, טענות ב""כ הצדדים ודברי הנאשם עצמו:",גזירת העונש המתאים לנאשם במסגרת המתחם,דיון והכרעה,דיון והכרעה,דיון והכרעה,דיון והכרעה,דיון והכרעה
SH-22-05-36033-112,"נסיבות חיים, מצבו המשפחתי והכללי – הנאשם כבן 23, רווק, יליד ישראל, מתגורר בבית אמו ברהט. הנאשם שלל בעיות בריאות ובעיות פסיכיאטריות, מסר שלא מוכר לשירותי הרווחה ושלל שימוש בעבר ובהווה בחומרים משני תודעה ועיסוק בהימורים.",גזירת העונש המתאים לנאשם במסגרת המתחם,דיון והכרעה,דיון והכרעה,דיון והכרעה,דיון והכרעה,תסקיר שירות מבחן
SH-22-05-36033-112,"הנאשם הוא ה-5 מבין 6 אחאים בגילי 27-20. הבן היחיד של אמו, שהיא כבת 62, עקרת בית. אביו נפטר לפני כעשור עקב בעיות בריאות וטרם מותו עסק בתחום החקלאות באופן עצמאי. מאז מות אביו מרגיש חסר עורף והגנה, מחויב לשמור על עצמו ומתוקף היותו בן יחיד, חש צורך ליטול על עצמו תפקיד אב המשפחה. תאר עצמו כדמות אחראית וסמכותית במשפחתו, כי דואג לצרכי אמו ואחיותיו. תיאר קשרים חיוביים ותקינים עם אמו ואחיותיו. אביו היה נשוי לאישה נוספת ולהם 6 ילדים, עמם הנאשם מקיים קשרים שטחיים בלבד. הנאשם שלל שימוש בחומרים משני תודעה בקרב בני משפחתו וכן מסר שהם נעדרי עבר פלילי.",גזירת העונש המתאים לנאשם במסגרת המתחם,דיון והכרעה,דיון והכרעה,דיון והכרעה,דיון והכרעה,תסקיר שירות מבחן
SH-22-05-36033-112,"הנאשם שלל מעורבות בחברה שולית. לדבריו, יש לו חבר קרוב אחד בלבד מאז ילדותו, וכלל חבריו הם אנשים נורמטיביים ודתיים אדוקים, שכלל לא מעורבים בעבריינות. התרשמות שירות המבחן היא כי צמצם מידע בנושא.",גזירת העונש המתאים לנאשם במסגרת המתחם,דיון והכרעה,דיון והכרעה,דיון והכרעה,דיון והכרעה,תסקיר שירות מבחן
SH-22-05-36033-112,"לימודים – הנאשם השלים 8 שנות לימוד. לדבריו, היה תלמיד ממוצע, שלל קשיים לימודיים ותיאר עצמו כתלמיד ממושמע, שכיבד את מוריו ושלל קשיים חברתיים במסגרת הלימודית. נשר מהמסגרת החינוכית מתוך רצון לעבוד ולהתפרנס.",גזירת העונש המתאים לנאשם במסגרת המתחם,דיון והכרעה,דיון והכרעה,דיון והכרעה,דיון והכרעה,תסקיר שירות מבחן
SH-22-05-36033-112,"תעסוקה –לאחר נשירתו מהמסגרת החינוכית החל לעבוד. עבד כשנה במפעל עופות בקריית מלאכי, לאחר מכן במספר עבודות מזדמנות לפרקי זמן שבין מספר חודשים לשנה. טרם פסילת רישיונו עבד כנהג הסעות בחברת ""עוף עוז"" כשנה וחצי (לא הוצגו אישורים), ולאחר שרישיונו נפסל עבד באופן עצמאי בתחום מכירת ברזל (אסף חלקי ברזל ומכרם באזור מגוריו). המעברים התכופים במקומות העבודה נבעו מרצון להגדיל הכנסותיו ובשל קושי פיזי. נכון להיום, בשל מעצר הבית, מתקיים מקצבת הבטחת הכנסה, שלדבריו לא מספקת מימון צרכיו. תיאר מצב כלכלי מורכב.",גזירת העונש המתאים לנאשם במסגרת המתחם,דיון והכרעה,דיון והכרעה,דיון והכרעה,דיון והכרעה,תסקיר שירות מבחן
SH-22-05-36033-112,"נטילת אחריות – לעמדת שירות המבחן הנאשם נטל אחריות חלקית, נוכח טענתו כי לא ידע שמדובר בסם וסחר לא חוקיים וכי לו היה יודע זאת, לא היה פועל כך. לדבריו, לאחר שהבין שעבר על החוק הצטער מאוד על מעשיו. גם לאחר ששוקף לו כי לעמדת שירות המבחן הוא מצמצם התייחסותו לביצוע העבירה – הנאשם שב וחזר על דבריו ודבק בעמדותיו. כיום, לאחר מעורבותו בפלילים והמחירים ששילם בעקבות זאת, נזהר יותר במעשיו.",גזירת העונש המתאים לנאשם במסגרת המתחם,דיון והכרעה,דיון והכרעה,דיון והכרעה,דיון והכרעה,תסקיר שירות מבחן
SH-22-05-36033-112,"בטיעוניו לעונש אמר הנאשם ""אני באמת טעיתי וזו טעות גדולה ואני מצטער על זה, אני מתרגש, אני לא חוזר על הדברים האלה, אני למדתי מהטעות שלי, אני כבר כמעט שנתיים בתיק הזה, אני ישבתי כמעט חודשיים בכלא וגם הייתי במעצר בית מלא כמעט שנה רחוק מהבית שאני לא אחזור על זה, אני למדתי את הטעות, זו טעות גדולה שלי ואני מצטער"".",גזירת העונש המתאים לנאשם במסגרת המתחם,דיון והכרעה,דיון והכרעה,דיון והכרעה,דיון והכרעה,טיעוני הצדדים
SH-22-05-36033-112,"מאמצי הנאשם לחזור למוטב – כעולה מהתסקיר, הנאשם הופנה לשירות המבחן עת שהה במעצר בגין העבירות בתיק זה לשם בחינת חלופת מעצר. בשל גילו הצעיר וההתרשמות כי המעצר לראשונה בחייו והמחירים ששילם בעקבותיו היוו עבורו גורם מרתיע, משנמצאה חלופת מעצר מרוחקת ממקום מגוריו ולאור ההתרשמות מהמפקחים, הומלץ על שחרורו למעצר בית אצל אחותו והטלת צו פיקוח מעצר, במסגרתו היה אמור להשתלב בקבוצה טיפולית המיועדת לעצורי בית, אך לא שולב בקבוצה טיפולית. הנאשם שהה בבית אחותו עד פברואר 2023. במועד מתן הכרעת הדין, 7.3.23, שונו התנאים למעצר בית לילי בפיקוח ומעצר אדם במהלך שעות היום. ב""כ הנאשם תיאר מצב זה כקשה מאוד עבורו כלכלית ורגשית.",גזירת העונש המתאים לנאשם במסגרת המתחם,דיון והכרעה,דיון והכרעה,דיון והכרעה,דיון והכרעה,תסקיר שירות מבחן
SH-22-05-36033-112,"הנאשם הביע אמביוולנטיות לגבי תהליך טיפולי. להתרשמות שירות המבחן, תגובתו הראשונית התאפיינה בזלזול ובשלילת נזקקות טיפולית, אך לאחר שהוסברו לו עיקרי ההליך הטיפולי, מסר שמעוניין להשתלב בו. אלא שלהתרשמות שירות המבחן מדובר במוטיבציה חיצונית בלבד, מתוך רצון להקל בגזר דינו. הנאשם הביע ספקנות לגבי יעילות התהליך הטיפולי ולא ראה צורך בשינוי, כשלדבריו עבר באופן עצמאי שינוי ולא זקוק לתמיכה חיצונית. מכל האמור לעיל עולה כי הנאשם לא עשה מאמצים לחזור למוטב.",גזירת העונש המתאים לנאשם במסגרת המתחם,דיון והכרעה,דיון והכרעה,דיון והכרעה,דיון והכרעה,תסקיר שירות מבחן
SH-22-05-36033-112,"המלצת שירות המבחן והתרשמותו מהנאשם – להתרשמות שירות המבחן, גורמי הסיכוי הם: היעדר עבר פלילי; הבעת שאיפות נורמטיביות ביחס לעתיד; אחריות כלפי תפקודו המשפחתי (הגם שצויין כי בשל מות אביו נטל על עצמו, בשלבים מוקדמים בחייו, תפקידים הוריים שלא תואמים את שלבי התפתחותו); קיום גורמי תמיכה משפחתיים וחבריים. כן צוין, כי מאחר שמדובר במעורבותו הראשונה בפלילים, ניכר שההליך המשפטי מהווה עבורו טלטלה והוא בעל אפקט מרתיע עבורו.",גזירת העונש המתאים לנאשם במסגרת המתחם,דיון והכרעה,דיון והכרעה,דיון והכרעה,דיון והכרעה,תסקיר שירות מבחן
SH-22-05-36033-112,"גורמי הסיכון הם: קושי לבטא עצמו בצורה טובה ורחבה ולהתבונן באופן מעמיק ברגשותיו; החזקה בדפוסים וערכים נוקשים לגבי תפקודו כגבר היחיד במשפחתו, באופן המקשה עליו להיעזר ולהיתמך באחרים ומהווה עבורו מעמסה רגשית; קושי לגלות יציבות במסגרות השונות בחייו (נשירה מוקדמת ממסגרת חינוכית ומעברים תכופים בין עבודות שונות); צמצום וטשטוש חלקיו הבעייתיים; התייחסותו לעבירה הנוכחית ונטילת אחריות חלקית, כשניכר שלא מבין לעומק את חומרת מעשיו; בעל מיקוד שליטה חיצוני (השליך אחריות על גורמים חיצוניים שלטענתו בעידודם ביצע העבירות); טשטוש והקטנת הבנתו ביחס להתנהגותו הבעייתית בביצוע העבירות ושימוש במנגנוני הגנה אלו באופן מודע ולא אותנטי; פועל באופן אימפולסיבי מבלי לצפות השלכת מעשיו. שירות המבחן התרשם, כי הנאשם התקשה להתבונן בדפוסיו הבעייתיים ולזהותם, טשטש דבריו ביחס לביצוע העבירות, והתקשה להבין חומרת מעשיו.",גזירת העונש המתאים לנאשם במסגרת המתחם,דיון והכרעה,דיון והכרעה,דיון והכרעה,דיון והכרעה,תסקיר שירות מבחן
SH-22-05-36033-112,"לאור האמור – האחריות החלקית שנטל, צמצום דפוסיו הבעייתיים, טשטוש העבירה שביצע, גורמי הסיכון להישנות התנהגות עוברת חוק והמוטיבציה החיצונית בלבד שגילה בנוגע להשתלבות בתהליך טיפולי – לא בא שירות המבחן בהמלצה טיפולית בעניינו של הנאשם.",גזירת העונש המתאים לנאשם במסגרת המתחם,דיון והכרעה,דיון והכרעה,דיון והכרעה,דיון והכרעה,תסקיר שירות מבחן
SH-22-05-36033-112,"הנזקים שנגרמו לנאשם מביצוע העבירות ומהרשעתו – לדברי ב""כ הנאשם, הנאשם היה עצור מ-13.5.22 עד 18.7.24, לטענתו בתנאים קשים. בהמשך שהה במעצר בית. כן נטען כי הנאשם נפגע מההליכים נפשית וכלכלית ואיבד את מקום עבודתו.",גזירת העונש המתאים לנאשם במסגרת המתחם,דיון והכרעה,דיון והכרעה,דיון והכרעה,דיון והכרעה,טיעוני הצדדים
SH-22-05-36033-112,"השפעת העונש על הנאשם ועל משפחתו – לטענת ב""כ הנאשם, כיום הנאשם עובד בגינון, הוא בן יחיד לאמו המבוגרת עם רקע מחלתי, והוא המפרנס היחידי במשפחה. עוד נטען כי הנאשם הוא היחיד המחזיק ברכב וברישיון שיכול לסייע לו לפרנסתו ולפרנסת אמו. לדבריו המגורים הם שלא בסמיכות לתחבורה ציבורית והרכב הוא רגלי המשפחה.",גזירת העונש המתאים לנאשם במסגרת המתחם,דיון והכרעה,דיון והכרעה,דיון והכרעה,דיון והכרעה,טיעוני הצדדים
SH-22-05-36033-112,"עבר פלילי – הנאשם נעדר עבר פלילי. לנאשם עבר תעבורתי, הכולל 11 הרשעות קודמות, בשנים 2021-2018, בגינן נדון לתשלום קנסות ולפסילת רישיון נהיגה בפועל ומותנית.",גזירת העונש המתאים לנאשם במסגרת המתחם,דיון והכרעה,דיון והכרעה,דיון והכרעה,דיון והכרעה,ראיות לעונש
SH-22-05-36033-112,חלוף הזמן – חלפו כשנתיים וחצי מאז ביצוע העבירות.,גזירת העונש המתאים לנאשם במסגרת המתחם,דיון והכרעה,דיון והכרעה,דיון והכרעה,דיון והכרעה,מידע אחר
SH-22-05-36033-112,"לא מצאתי לקבלת עתירת המאשימה להכריז על הנאשם כסוחר סמים, שכן בהתאם לסעיף 36א(ב) ל-פקודת הסמים בית המשפט יקבע זאת בהכרעת הדין. במסגרת הצגת הסדר הטיעון ומתן הכרעת הדין בעקבותיו, לא היתה התייחסות מי מהצדדים לבקשה זו של המאשימה, שהובאה בכתב האישום וכב' הש' משעלי ביטון לא קבעה כי הנאשם הוא סוחר סמים. בנסיבות אלו, בחלוף כשנתיים ממועד מתן הכרעת הדין, לא ראיתי לנכון ליתן הכרעת דין משלימה ביחס לסוגיה זו, קל וחומר מבלי שהוסבר מדוע לא הובררה שאלה זו בעת הצגת הסדר הטיעון ומתן הכרעת הדין. האמור מקבל משנה תוקף שעה שבהתאם להסכמות הצדדים שהובאו בהסדר הטיעון, הוחזר לנאשם הטלפון הנייד ללא מגבלה כלשהי, ואף בוטל איסור השימוש בטלפון שהוטל עליו.",גזירת העונש המתאים לנאשם במסגרת המתחם,דיון והכרעה,דיון והכרעה,דיון והכרעה,דיון והכרעה,דיון והכרעה
SH-22-05-36033-112,"נוכח כל המפורט לעיל, תוך התחשבות בצורך בהרתעה אישית ובהרתעת הרבים, בהתאם לסעיפים 40ו ו-40ז ל-חוק העונשין ומשלא מצאתי מקום לחרוג ממתחמי העונש ההולמים בשל שיקולי שיקום או הגנה על שלום הציבור לפי הוראות סעיפים 40ד ו-40ה ל-חוק העונשין – מצאתי כי יש למקם את הנאשם בחלקם התחתון של המתחמים, אך לא בתחתיתם ולהורות על חפיפה מסוימת בין העונשים ב-3 האירועים, אך אין מקום לחפיפה מלאה. הטעמים לכך הם גילו הצעיר, נסיבות חייו המורכבות, היעדר עבר פלילי, הודייתו, נטילת האחריות החלקית, עמדת שירות המבחן, התקופה בה שהה במעצר מאחורי סורג ובריח והשלכותיה, התקופה בה שהה בתנאים מגבילים וחלוף הזמן, במהלכו לא הורשע בביצוע עבירות נוספות. מכל המקובץ לעיל, תוך התחשבות במספר העבירות, תדירותן, בזיקה ביניהן, תוך שמירה על יחס הולם בין חומרת מכלול המעשים ומידת אשמו של הנאשם לבין תקופת המאסר שעליו לשאת, אני גוזרת על הנאשם את העונשים הבאים:",סוף דבר,דיון והכרעה,דיון והכרעה,דיון והכרעה,דיון והכרעה,דיון והכרעה
SH-22-05-36033-112,"9 חודשי מאסר בפועל, אשר ירוצו בעבודות שירות, בהתאם לחוות דעת הממונה על עבודות שירות.",סוף דבר,דיון והכרעה,דיון והכרעה,דיון והכרעה,דיון והכרעה,דיון והכרעה
SH-22-05-36033-112,"הנאשם יבצע את עבודות השירות - 5 ימים בשבוע, 8.5 שעות ביום.",תחילת בצוע עבודות השירות ביום 19.12.24.,דיון והכרעה,דיון והכרעה,דיון והכרעה,דיון והכרעה,מידע אחר
SH-22-05-36033-112,"ביום 19.12.24, בשעה 8:00, יתייצב הנאשם לצורך קליטה והצבה ב-יחידת ברקאי - עבודות שירות - שלוחת דרום - סמוך לכלא באר שבע. אוטובוסים להגעה: 247, 350, 189.",תחילת בצוע עבודות השירות ביום 19.12.24.,דיון והכרעה,דיון והכרעה,דיון והכרעה,דיון והכרעה,מידע אחר
SH-22-05-36033-112,"עליו לעדכן את משרד הממונה בכל שינוי, אם יחול, בכתובת מגוריו ובטלפון הנייד שלו.",הנאשם מוזהר:,דיון והכרעה,דיון והכרעה,דיון והכרעה,דיון והכרעה,מידע אחר
SH-22-05-36033-112,"עליו לעמוד בתנאי הפיקוח, שכן כל הפרה או אי מילוי עבודות השירות על פי הנחיות המפקח, עלול להביא להפסקתן ולהמרתן בריצוי יתרת המאסר בפועל.",הנאשם מוזהר:,דיון והכרעה,דיון והכרעה,דיון והכרעה,דיון והכרעה,מידע אחר
SH-22-05-36033-112,"במקום נערכות ביקורות, וכי אי עמידה בביקורת עלולה להביא להפסקת עבודות השירות ולהמרתן בריצוי יתרת המאסר בפועל.",הנאשם מוזהר:,דיון והכרעה,דיון והכרעה,דיון והכרעה,דיון והכרעה,מידע אחר
SH-22-05-36033-112,מדובר בתנאי העסקה קפדניים וכי כל חריגה מכללים אלו עלולה להביא להפסקת עבודות השירות ולהמרתן בריצוי יתרת המאסר בפועל.,הנאשם מוזהר:,דיון והכרעה,דיון והכרעה,דיון והכרעה,דיון והכרעה,מידע אחר
SH-22-05-36033-112,"6 חודשי מאסר על תנאי, למשך 3 שנים מהיום, שלא יעבור כל עבירת פשע לפי פקודת הסמים.",הממונה מתבקשת לדווח לבית המשפט עם תום ביצוען של העבודות.,דיון והכרעה,דיון והכרעה,דיון והכרעה,דיון והכרעה,מידע אחר
SH-22-05-36033-112,"קנס בסך 5,000 ₪, או 50 ימי מאסר תמורתו.",הממונה מתבקשת לדווח לבית המשפט עם תום ביצוען של העבודות.,דיון והכרעה,דיון והכרעה,דיון והכרעה,דיון והכרעה,מידע אחר
SH-22-05-36033-112,"הקנס ישולם ב-10 תשלומים שווים ורצופים, החל מיום 10.12.24 וכל 10 בחודש שלאחריו.",הממונה מתבקשת לדווח לבית המשפט עם תום ביצוען של העבודות.,דיון והכרעה,דיון והכרעה,דיון והכרעה,דיון והכרעה,מידע אחר
SH-22-05-36033-112,אם לא יבוצע תשלום במועדו - תעמוד כל יתרת הקנס לפירעון מיידי.,הממונה מתבקשת לדווח לבית המשפט עם תום ביצוען של העבודות.,דיון והכרעה,דיון והכרעה,דיון והכרעה,דיון והכרעה,מידע אחר
SH-22-05-36033-112,בכרטיס אשראי - באתר המקוון של רשות האכיפה והגבייהwww.eca.gov.il,ניתן לשלם את הקנס באחת הדרכים הבאות:,דיון והכרעה,דיון והכרעה,דיון והכרעה,דיון והכרעה,מידע אחר
SH-22-05-36033-112,מוקד שירות טלפוני (בשרות עצמי) מרכז גבייה - במספר *35592 או 073-2055000,ניתן לשלם את הקנס באחת הדרכים הבאות:,דיון והכרעה,דיון והכרעה,דיון והכרעה,דיון והכרעה,מידע אחר
SH-22-05-36033-112,במזומן בכל סניף של בנק הדואר - בהצגת תעודת זהות בלבד (אין צורך בהצגת בשוברי תשלום).,ניתן לשלם את הקנס באחת הדרכים הבאות:,דיון והכרעה,דיון והכרעה,דיון והכרעה,דיון והכרעה,מידע אחר
SH-22-05-36033-112,"5,000 ₪ התחייבות, למשך 3 שנים מהיום, שלא יעבור כל עבירה על פקודת הסמים.",לא תשמע טענה שהנאשם לא קיבל שוברי תשלום בדואר.,דיון והכרעה,דיון והכרעה,דיון והכרעה,דיון והכרעה,מידע אחר
SH-22-05-36033-112,"על הנאשם להצהיר על ההתחייבות היום. לא יצהיר על ההתחייבות היום – יהיה על הנאשם     לרצות 30 ימי מאסר בפועל, במצטבר לכל עונש אחר, על מנת לכפות אותו לעשות כן.",לא תשמע טענה שהנאשם לא קיבל שוברי תשלום בדואר.,דיון והכרעה,דיון והכרעה,דיון והכרעה,דיון והכרעה,מידע אחר
SH-22-05-36033-112,"מובהר לנאשם כי עליו להפקיד רישיון הנהיגה, או תצהיר על העדרו, היום במזכירות בית המשפט.","הפסילה בפועל תחל היום, במצטבר לכל פסילה אחרת שטרם סיים לרצות.",דיון והכרעה,דיון והכרעה,דיון והכרעה,דיון והכרעה,מידע אחר
SH-22-05-36033-112,"לא יופקד הרישיון או תצהיר על העדרו – תחל הפסילה בפועל, הנאשם יחשב פסול מלנהוג, אך הפסילה לא תימנה כל עוד לא יופקד הרישיון או התצהיר, ולכן לא תסתיים.","על הנאשם להפקיד רישיון נהיגה, גם אם תוקף רישיון הנהיגה פקע. ",דיון והכרעה,דיון והכרעה,דיון והכרעה,דיון והכרעה,מידע אחר
SH-22-05-36033-112,מוסברת לנאשם חשיבות הפקדת הרישיון או מתן ההצהרה וחומרת העבירה של נהיגה בזמן פסילה.,"על הנאשם להפקיד רישיון נהיגה, גם אם תוקף רישיון הנהיגה פקע. ",דיון והכרעה,דיון והכרעה,דיון והכרעה,דיון והכרעה,מידע אחר
SH-22-05-36033-112,11 חודשי פסילה מקבל או מהחזיק רישיון נהיגה על תנאי. התנאי הוא שבמשך 3 שנים מהיום לא יעבור כל עבירה על פקודת הסמים וכל עבירה תוך שימוש או הסתייעות ברכב.,"על הנאשם להפקיד רישיון נהיגה, גם אם תוקף רישיון הנהיגה פקע. ",דיון והכרעה,דיון והכרעה,דיון והכרעה,דיון והכרעה,מידע אחר
SH-23-02-41988-839,"פקודת הסמים המסוכנים [נוסח חדש], תשל""ג-1973: סע'  7(א)(ג), 13, 19א",nothing,מידע אחר,מידע אחר,מידע אחר,מידע אחר,מידע אחר
SH-23-02-41988-839,פקודת התעבורה [נוסח חדש]: סע'  43,nothing,מידע אחר,מידע אחר,מידע אחר,מידע אחר,מידע אחר
SH-23-02-41988-839,"חוק העונשין, תשל""ז-1977: סע'  40ד'",nothing,מידע אחר,מידע אחר,מידע אחר,מידע אחר,מידע אחר
SH-23-02-41988-839,"הנאשמת הורשעה על-פי הודאתה בביצוע עבירות של סחר בסמים, לפי סעיף 13 ו-19א לפקודת הסמים המסוכנים; החזקת סם שלא לצריכה עצמית, לפי סעיפים 7(א)(ג) רישא לפקודה ובהסתייעות ברכב לעבור עבירה, לפי סעיף 43 לפקודת התעבורה. מכתב האישום עולה כי ביום 2.2.2023 תיאמה עסקה עם אחרת באמצעות יישומון ""טלגרם"". היא הגיעה ברכבה למקום העסקה ומכרה ללקוחה מעט פחות מגרם קטמין שהוא סם מסוכן, תמורת 350 ₪. הנאשמת נתפסה בכף כשברכבה נמצאו 17 יחידות סם MDMA מחולק לשקיות, MDMA במצב נוזלי במשקל 6.9 גרם, קוקאין במשקל 14.85 גרם וקטמין במשקל 2.8 גרם. כמו כן נתפס בחזקתה כסף מזומן בסך 5,950 ₪ וכן נמצאו שלושה טלפונים ניידים.",כתב האישום בו הודתה הנאשמת,עובדות המקרה,עובדות המקרה,עובדות המקרה,עובדות המקרה,עובדות המקרה
SH-23-02-41988-839,"הנאשמת הייתה עצורה במסגרת חקירה מיום 2.2.2023 ועד ליום 12.2.2023 עת שוחררה בתנאים שנמשכו לאחר שהוגשו כתב האישום יחד עם בקשה להותרת התנאים המגבילים על כנם עד לתום ההליכים. הנאשמת הייתה נתונה במעצר בית מלא עד ליום 19.4.2023, עת הוקלו התנאים והתאפשרו יציאות בפיקוח, ובהמשך לאחר הכרעת הדין הפחתתי את התנאים למעצר בית לילי. יצוין, כי רכבה של הנאשמת הוחזר לה תמורת הפקדה בסך 5,000 ₪ (ה""ת 71328-03-23, החלטה מיום 5.7.2023) שהוסכם על חילוטם בתום ההליך. הנאשמת הודתה בכתב האישום המקורי ללא הסכמה עונשית ונשלחה לשירות המבחן.",מהלך הדיון,עובדות המקרה,מידע אחר,עובדות המקרה,עובדות המקרה,עובדות המקרה
SH-23-02-41988-839,"בעניינה של הנאשמת הוגש תסקיר אחד לעונש. מהתסקיר עולה, כי הנאשמת כבת 23, רווקה ומתגוררת עם משפחתה החרדית מרובת הילדים ביישוב חרדי. כיום היא עובדת בשתי עבודות בתחום החינוך. היא סיימה 12 שנות לימוד במסגרות חרדיות ללא בגרות, ולאחר מכן למדה תחומים שונים, אך לא התמידה בלימודיה ושינתה את מסלול הלימודים מעת לעת. כיום היא במצוקה כלכלית בשל חובות שצברה, בין היתר בשל רכישת רכבה. שירות המבחן מעריך כי נסיבות גדילתה של הנאשמת בתנאי מחסור והזנחה יחסיים הם העומדים בבסיס התנהלותה, לרבות זו הכלכלית. הנאשמת שולבה בצו פיקוח מעצרים במסגרתו שולבה בטיפול. היא שיתפה וממשיכה לשתף פעולה באופן מלא עם הטיפול, וקיבלה אחריות מלאה למעשיה. היא הופנתה למרכז המסייע בתחום הלימודי וכן תופנה להכוונה בתחום ההתנהלות הכלכלית. שירות המבחן התרשם מצעירה חזקה ובעל כוחות תפקודיים טובים מאוד שהאירוע אינו מלמד על אופייה הטוב. נוכח קבלת האחריות ושיתוף הפעולה, והרקע ממנו מגיעה הנאשמת, המליץ שירות המבחן על הטלת של""ץ בהיקף 300 שעות וכן צו מבחן. שירות המבחן ציין כי אם יוטלו על הנאשמת עבודות שירות לא יתאפשר לה להשתלב בטיפול בתחום התעסוקתי ובתחום ההתנהלות הכלכלית.",תסקיר שירות המבחן,תסקיר שירות מבחן,תסקיר שירות מבחן,תסקיר שירות מבחן,תסקיר שירות מבחן,תסקיר שירות מבחן
SH-23-02-41988-839,"הצדדים לא הגיעו להסכמה עונשית.  מחד גיסא, ב""כ המאשימה עתר להטיל על הנאשמת  עונש בתחתית מתחם שבין 8 ל-18 חודשי מאסר נוכח חומרת הנסיבות ותוך שקלול התסקיר החיובי בעניינה. מאידך גיסא, ב""כ הנאשמת סבר שנוכח כברת הדרך שעברה הנאשמת, יש לאמץ את המלצת שירות המבחן. הנאשמת סיפרה לי, טרם מתן גזר הדין, כי בזכות ההליך ובזכות מעורבות שירות המבחן, למדה, לראשונה בחייה, לבקש עזרה. כמו כן סיפרה כי היום ממש, אמורה להתחיל את הקשר עם מנטורית בעניין התנהלות כלכלית.",טיעונים לעונש,טיעוני הצדדים,טיעוני הצדדים,טיעוני הצדדים,טיעוני הצדדים,טיעוני הצדדים
SH-23-02-41988-839,"מתחם הענישה צריך להתייחס לעקרון ההלימה, הנוגע ליחס לערך החברתי המוגן, מידת הפגיעה בו, נסיבות ביצוע העבירה ומידת אשמו של הנאשם, ומדיניות הענישה.",קביעת מתחם הענישה,דיון והכרעה,דיון והכרעה,דיון והכרעה,דיון והכרעה,דיון והכרעה
SH-23-02-41988-839,"אשר לערכים המוגנים, במעשיה פגעה הנאשמת בערכים המוגנים של בריאות הציבור וביטחונו במידה בינונית.",קביעת מתחם הענישה,דיון והכרעה,דיון והכרעה,דיון והכרעה,דיון והכרעה,דיון והכרעה
SH-23-02-41988-839,"אשר לנסיבות הקשורות בביצוע העבירה, בין הנסיבות הקשורות בביצוע העבירה יש לשקול את אלה, לעניין קביעת המתחם: מדובר בעבירה מתכוננת שבוצעה מתוך רצון להשיג רווח כספי נוכח מצוקה כלכלית. מדובר במניעים שאין בהם להצדיק את העבירה אשר נסיבותיה אינן קלות נוכח טיבם המסוכן של הסמים, כמותם וסוגם המגוון. בפועל נגרם נזק מוגבל נוכח העסקה האחת שיצאה לפועל והנזק הפוטנציאלי גדול, אך לא מומש משום שהנאשמת נתפסה בכף. היא אחראית באופן מלא למעשיה.",קביעת מתחם הענישה,דיון והכרעה,דיון והכרעה,דיון והכרעה,דיון והכרעה,דיון והכרעה
SH-23-02-41988-839,"אשר למדיניות הענישה הנוהגת, זו לרוב מחמירה ומסתיימת בנסיבות דומות במעצר או בעבודות שירות.",קביעת מתחם הענישה,דיון והכרעה,דיון והכרעה,דיון והכרעה,דיון והכרעה,דיון והכרעה
SH-23-02-41988-839,"רע""פ 1349/22 מחאמיד נ' מ""י (מיום 28.2.2022( - הנאשם הורשע בעבירות של החזקת סמים שלא לצריכה עצמית, הפרעה לשוטר ועבירות נהיגה מסוכנות. הוא החזיק ברכבו 87 יחידות MDMA ומזומן בסכום ניכר. הוא נדון ל-7 חודשי מאסר.",קביעת מתחם הענישה,דיון והכרעה,דיון והכרעה,דיון והכרעה,דיון והכרעה,דיון והכרעה
SH-23-02-41988-839,"עפ""ג (באר שבע) גוסיינוב נ' מ""י (מיום 12.1.2022) – אדם שהחזיק 13 גרם קנביס, 90 גרם חשיש ו-12 גרם MDMA  וכן סחר בגרמים בודדים של קנביס נדון ל-12 חודשי מאסר על בסיס מתחם שבין 6 ל-18 חודשי מאסר בעבירות שלא להחזקה עצמית, ומס' חודשים עד שנת מאסר בעבירות הסחר.",קביעת מתחם הענישה,דיון והכרעה,דיון והכרעה,דיון והכרעה,דיון והכרעה,דיון והכרעה
SH-23-02-41988-839,"רע""פ 1473/18 אוחיון נ' מ""י (מיום 22.4.2018) – נאשם שהחזיק בביתו 4 יחידות קוקאין במשקל 4 גרם נדון לחודשיים עבודות שירות על בסיס מתחם שבין 6 ל-12 חודשי מאסר.",קביעת מתחם הענישה,דיון והכרעה,דיון והכרעה,דיון והכרעה,דיון והכרעה,דיון והכרעה
SH-23-02-41988-839,"עפ""ג (ירושלים) 39067-10-19 מ""י נ' זקן (מיום 19.2.2020) – הנאשם ייבא 330 מיליליטר קטמין אותו הבריח לארץ. בתיק זה קבעתי מתחם שבין עבודות שירות ל-7 חודשי מאסר אך חרגתי מהמתחם והטלתי 460 ש' של""ץ בשל שיקולי שיקום. בית המשפט המחוזי אישר את הכרעתי על כל חלקיה.",קביעת מתחם הענישה,דיון והכרעה,דיון והכרעה,דיון והכרעה,דיון והכרעה,דיון והכרעה
SH-23-02-41988-839,"מתחם הענישה – לפיכך, מתחם הענישה צריך לעמוד על מאסר קצר ועד 10 חודשי מאסר שיכול ויבוצעו בעבודות שירות.",קביעת מתחם הענישה,דיון והכרעה,דיון והכרעה,דיון והכרעה,דיון והכרעה,דיון והכרעה
SH-23-02-41988-839,"ניתן  לתת משקל לנסיבות הבאות שאינן קשורות בביצוע העבירה, במסגרת גזירת העונש בתוך המתחם: מדובר בנאשמת צעירה ללא עבר פלילי שקיבלה אחריות מלאה למעשיה, שיתפה פעולה וממשיכה לשתף פעולה עם שירות המבחן באופן מרשים, היא עובדת לפרנסתה בשתי עבודות ועליה להתמודד עם חובות כלכליים, כששירות המבחן הציע את סיועו בהכוונה מקצועית בהקשר זה, דבר משמעותי לעתידה בטווח הקרוב והבינוני. מעבר לכך, אין מחלוקת בין הצדדים כי ההתנהלות הכלכלית השגויה היא שהניעה את הנאשמת לבצע את העבירה, ומשעה שעניין זה מטופל, הרי שיש בו להפחית משמעותית את הסיכון לביצוע עבירות על רקע זה.","נסיבות שאינן קשורות בביצוע העבירה, והחריגה ממתחם העונש מטעמי שיקום",דיון והכרעה,דיון והכרעה,דיון והכרעה,דיון והכרעה,דיון והכרעה
SH-23-02-41988-839,"יש לתת משקל לרקע החרדי ממנו מגיעה הנאשמת ולהשפעת המעשה עליה בנסיבות אלה. אין מדובר בחזון נפרץ, בוודאי כאשר הנאשמת הייתה במעצר ימים לא קצרים. בהמשך לא פתחה תיקים חדשים ולא הפרה תנאים. לטעמי מתקיימים בנאשמת הוראות סעיף 40ד' לחוק העונשין שעניינן שיקום. הנאשמת באופן התנהלותה בהליך זה מול בית המשפט ומול שירות המבחן הוכיחה פוטנציאל שיקום משמעותי, ויש לבכר, בנסיבות אלו, את האינטרס האישי על-פני הציבורי, ולאפשר לה להשלים את המהלך הטיפולי שבו היא נמצאת בתחומי הלימודים, התעסוקה וההתנהלות הכלכלית. לכן העונש ההולם הוא זה שהמליץ עליו שירות המבחן בנסיבות העניין.","נסיבות שאינן קשורות בביצוע העבירה, והחריגה ממתחם העונש מטעמי שיקום",דיון והכרעה,דיון והכרעה,דיון והכרעה,דיון והכרעה,דיון והכרעה
SH-23-02-41988-839,"לפיכך, אני מחליט לגזור על הנאשם את העונשים הבאים:",גזירת הדין,דיון והכרעה,דיון והכרעה,דיון והכרעה,דיון והכרעה,דיון והכרעה
SH-23-02-41988-839,"6 חודשי מאסר על-תנאי, שלא תעבור הנאשמת בתוך 3 שנים מהיום כל עבירת סמים מסוג פשע;",גזירת הדין,דיון והכרעה,דיון והכרעה,דיון והכרעה,דיון והכרעה,דיון והכרעה
SH-23-02-41988-839,"קנס בסך 2,000 ₪, או 8 ימי מאסר תמורתו אם לא ישולם. הקנס ישולם עד ליום 1.7.2024;",גזירת הדין,דיון והכרעה,דיון והכרעה,דיון והכרעה,דיון והכרעה,דיון והכרעה
SH-23-02-41988-839,"300 שעות שירות לתועלת הציבור (של""ץ), אשר ירוצו לא לפני 1.8.2024 בעמותת עזר מציון על-פי התוכנית שהכין שירות המבחן ובפיקוחו;",גזירת הדין,דיון והכרעה,דיון והכרעה,דיון והכרעה,דיון והכרעה,דיון והכרעה
SH-23-02-41988-839,צו מבחן לתקופה של 12 חודשים מהיום;,גזירת הדין,דיון והכרעה,דיון והכרעה,דיון והכרעה,דיון והכרעה,דיון והכרעה
SH-23-02-41988-839,"התחייבות בסך 10,000 ₪ שלא לעבור כל עבירת סמים מסוג פשע במשך שנתיים מהיום. הובהר לנאשם שמשמעות ההתחייבות היא, כי אם יעבור את העבירה בתוך התקופה שצוינה, בית המשפט שיגזור את הדין יהא חייב לחלט את ההתחייבות כקנס;",גזירת הדין,דיון והכרעה,דיון והכרעה,דיון והכרעה,דיון והכרעה,דיון והכרעה
SH-23-02-41988-839,מורה על חילוט הטלפון והכספים שנתפסו וכן מורה על השמדת הסמים. יש להחזיר את הטלפון מסוג iphone12 promax.,גזירת הדין,דיון והכרעה,דיון והכרעה,דיון והכרעה,דיון והכרעה,דיון והכרעה
SH-23-02-41988-839,"כמוסכם, מורה על חילוט הסך של 5,000 ₪ תמורת שחרור הרכב שכבר בוצע (הפרטים בתיק החזרת התפוס הקשור).",גזירת הדין,דיון והכרעה,דיון והכרעה,דיון והכרעה,דיון והכרעה,דיון והכרעה
SH-23-02-41988-839,"הנאשמת הוזהרה כי אי ביצוע צו המבחן וצו השל""ץ עלול להוביל להפקעתם ולהטלת כל עונש חלופי לרבות מאסר.",גזירת הדין,דיון והכרעה,דיון והכרעה,דיון והכרעה,דיון והכרעה,מידע אחר
SH-23-07-61816-773,"פקודת הסמים המסוכנים [נוסח חדש], תשל""ג-1973: סע'  13, 19א",nothing,מידע אחר,מידע אחר,מידע אחר,מידע אחר,מידע אחר
SH-23-07-61816-773,"הנאשם הורשע, על סמך הודאתו, בשתי עבירות של סחר בסם מסוכן בניגוד לסעיף 13 + 19א לפקודת הסמים המסוכנים [נוסח חדש], תשל""ג – 1973 (להלן: ""פקודת הסמים המסוכנים"").",גזר דין בעניינו של הנאשם 1,עובדות המקרה,עובדות המקרה,עובדות המקרה,עובדות המקרה,עובדות המקרה
SH-23-07-61816-773,"בהתאם לעובדות כתב האישום, במועדים הרלוונטיים לכתב האישום, שימש השוטר עודד זמרו כסוכן סמוי מטעם משטרת ישראל  (להלן: ""הסוכן המשטרתי""), ובמסגרת זו פעל באופן חשאי לשם איסוף ראיות ומידע נגד עבריינים (להלן: ""המשימה"").",גזר דין בעניינו של הנאשם 1,עובדות המקרה,עובדות המקרה,עובדות המקרה,עובדות המקרה,עובדות המקרה
SH-23-07-61816-773,"לשם הגשמת המשימה, במספר מועדים במהלך חודש יולי 2023, נהג הסוכן המשטרתי להגיע לדירה ברח' הרצל 43 בחיפה (להלן: ""תחנת הסמים""), בה התגורר הנאשם 1 עם משפחתו, וקנה במספר הזדמנויות מהנאשמים סם מסוכן מסוג קוקאין (להלן: ""עסקאות הסמים"").",גזר דין בעניינו של הנאשם 1,עובדות המקרה,עובדות המקרה,עובדות המקרה,עובדות המקרה,עובדות המקרה
SH-23-07-61816-773,בין שני הנאשמים הכרות מוקדמת ובמסגרת התקופה הרלוונטית לכתב האישום נהג הנאשם 2 לשהות בתחנת הסמים ולקחת חלק בעסקאות הסמים.,גזר דין בעניינו של הנאשם 1,עובדות המקרה,עובדות המקרה,עובדות המקרה,עובדות המקרה,עובדות המקרה
SH-23-07-61816-773,"בתאריך 2.7.23 סמוך לשעה 12:45, הגיע הסוכן המשטרתי לתחנת הסמים לצורך ביצוע עסקת סמים, נעמד בסמוך לחלון התחנה והחל לשרוק. מששמע את השריקות הסיט הנאשם 1 את וילון החלון. הסוכן המשטרתי פנה לנאשם 1 וביקש לקנות סם מסוכן מסוג קוקאין בסכום של 100 ₪. הנאשם 1 מסר לסוכן המשטרתי סם מסוכן מסוג קוקאין במשקל כולל של 0.1990 גרם נטו, ובתמורה לכך מסר הסוכן המשטרתי לידי הנאשם 1 סכום כספי בסך 100 ₪.",גזר דין בעניינו של הנאשם 1,עובדות המקרה,עובדות המקרה,עובדות המקרה,עובדות המקרה,עובדות המקרה
SH-23-07-61816-773,"בתאריך 4.7.23 סמוך לשעה 15:30 הגיע הסוכן המשטרתי לתחנת הסמים לצורך ביצוע עסקת סמים ופגש בנאשם 1. הסוכן המשטרתי פנה לנאשם 1 שעמד בפתח תחנת הסמים, ביקש לקנות סם מסוכן מסוג קוקאין בסכום של 100 ₪ והנאשם בתגובה ביקש ממנו להמתין, ירד לתחנת הסמים ונכנס פנימה. בהמשך, קרא הסוכן המשטרתי לנאשם 1, שהסיט את הווילון ומסר לידיו סכום כספי בסך 100 ₪ ובתמורה לכך, מסרה אחרת, שזהותה לא ידועה למאשימה, לידי הסוכן המשטרתי סם מסוכן מסוג קוקאין במשקל כולל של 0.1808 גרם נטו.",גזר דין בעניינו של הנאשם 1,עובדות המקרה,עובדות המקרה,עובדות המקרה,עובדות המקרה,עובדות המקרה
SH-23-07-61816-773,"לבקשת ב""כ הנאשם, הופנה הנאשם לקבלת תסקיר שירות המבחן. בתאריך 29.2.24 התקבל תסקיר שירות המבחן בעניינו של הנאשם.",תסקיר שירות המבחן: ,תסקיר שירות מבחן,תסקיר שירות מבחן,תסקיר שירות מבחן,תסקיר שירות מבחן,תסקיר שירות מבחן
SH-23-07-61816-773,"שירות המבחן התרשם כי הנאשם בעל יכולות קוגניטיביות וורבליות תקינות, המתקשה לשמור על התנהגות נורמטיבית. בתסקיר צוין, כי הנאשם נחשף לפלילים מגיל צעיר, אימץ התנהגות עבריינית, שהקשתה עליו בפיתוח והפנמת גבולות פנימיים. משפחתו של הנאשם, על אף שהייתה מודעת למעורבותו בפלילים והביעה התנגדות לכך, המשיכה לתמוך בו ותומכת בו גם היום.",תסקיר שירות המבחן: ,תסקיר שירות מבחן,תסקיר שירות מבחן,תסקיר שירות מבחן,תסקיר שירות מבחן,תסקיר שירות מבחן
SH-23-07-61816-773,"לצד זאת, צוין כי הנאשם קיבל אחריות על העבירות שביצע, הביע אמפטיה כלפי האנשים שנפגעו מהתנהגותו, וכן הביע מוטיבציה ורצון לשקם את חייו ולאמץ אורח חיים נורמטיבי.",תסקיר שירות המבחן: ,תסקיר שירות מבחן,תסקיר שירות מבחן,תסקיר שירות מבחן,תסקיר שירות מבחן,תסקיר שירות מבחן
SH-23-07-61816-773,הנאשם שלל שימוש בחומרים ממכרים ובשתי בדיקות שתן שביצע בשירות המבחן לא התגלו שרידי סם.,תסקיר שירות המבחן: ,תסקיר שירות מבחן,תסקיר שירות מבחן,תסקיר שירות מבחן,תסקיר שירות מבחן,תסקיר שירות מבחן
SH-23-07-61816-773,"שירות המבחן התרשם מיכולותיו של הנאשם ומרצונו לנהל אורח חיים נורמטיבי, אך לצד זאת צוין כי ללא הליך טיפולי משמעותי, הוא יתקשה לשמור על אורח חיים תקין.",תסקיר שירות המבחן: ,תסקיר שירות מבחן,תסקיר שירות מבחן,תסקיר שירות מבחן,תסקיר שירות מבחן,תסקיר שירות מבחן
SH-23-07-61816-773,"מאחר והנאשם ביטא מוטיבציה ופועל לשינוי אורחות חייו, מכיר בנזקקותו בתמיכה והכוונה תוך רצון להתגייסות להליך טיפולי, העריך שירות המבחן כי שילוב הנאשם בקבוצה טיפולית יוכל לעזור בהפנמת עמדות ונורמות חברתיות תקינות, ויתרום לשינוי דפוסי מחשבה והתנהגות כושלים. משכך, שירות המבחן סבר כי מענה שיקומי יכול להפחית את הסיכון למעשים דומים.",תסקיר שירות המבחן: ,תסקיר שירות מבחן,תסקיר שירות מבחן,תסקיר שירות מבחן,תסקיר שירות מבחן,תסקיר שירות מבחן
SH-23-07-61816-773,"על כן, הומלץ להעמיד את הנאשם בצו מבחן של שירות המבחן לתקופה של שנה וחצי, במהלכו ישולב בקבוצה לצעירים עוברי חוק.",תסקיר שירות המבחן: ,תסקיר שירות מבחן,תסקיר שירות מבחן,תסקיר שירות מבחן,תסקיר שירות מבחן,תסקיר שירות מבחן
SH-23-07-61816-773,"עוד הומלץ, להטיל על הנאשם צו של""צ בהיקף של 300 שעות, שייתן ביטוי לחלק ההרתעתי ויתרום להפחתת הסיכון לעבירות דומות, וכן מאסר על תנאי.",תסקיר שירות המבחן: ,תסקיר שירות מבחן,תסקיר שירות מבחן,תסקיר שירות מבחן,תסקיר שירות מבחן,תסקיר שירות מבחן
SH-23-07-61816-773,"בתאריך 26.5.24 הוגש עדכון דחוף מטעם שירות המבחן, לפיו במהלך חודש אפריל 2024 זומן הנאשם לראיון לקבוצת הצעירים, ובמסגרתו העלה הנאשם כי הוא מתמודד עם תחלואה נפשית, שומע קולות ורואה דמויות שאינן קיימות. בהתאם לכך, נפגש שירות המבחן עם הנאשם אשר שיתף אודות הקושי ממנו הוא סובל והוא הופנה לפסיכיאטר. לאחר פגישה זו ניסה שירות המבחן ליצור עם הנאשם קשר לבחינת מצבו אך לא היה מענה מטעמו.",תסקיר שירות המבחן: ,תסקיר שירות מבחן,תסקיר שירות מבחן,תסקיר שירות מבחן,תסקיר שירות מבחן,תסקיר שירות מבחן
SH-23-07-61816-773,"בהתאם לאמור, ציין שירות המבחן כי עולה חשד לקיומה של תחלואה נפשית קשה אצל הנאשם, ועל כן, הוא אינו מתאים לשילוב בטיפול בקבוצה, כך גם יכולתו לבצע של""צ מוגבלת.",תסקיר שירות המבחן: ,תסקיר שירות מבחן,תסקיר שירות מבחן,תסקיר שירות מבחן,תסקיר שירות מבחן,תסקיר שירות מבחן
SH-23-07-61816-773,"משכך, שירות המבחן חזר בו מהמלצתו מיום 29.2.24 להטלת צו מבחן וצו של""צ.",תסקיר שירות המבחן: ,תסקיר שירות מבחן,תסקיר שירות מבחן,תסקיר שירות מבחן,תסקיר שירות מבחן,תסקיר שירות מבחן
SH-23-07-61816-773,לצורך השלמת הליך האבחון וגיבוש המלצה מתאימה ביקש שירות המבחן את דחיית מועד דיונו של הנאשם בשלושה חודשים.,תסקיר שירות המבחן: ,תסקיר שירות מבחן,תסקיר שירות מבחן,תסקיר שירות מבחן,תסקיר שירות מבחן,תסקיר שירות מבחן
SH-23-07-61816-773,בתאריך 4.6.24 התקיים דיון בפניי בו הובהר על ידי בא כוח הנאשם כי אין צורך בהפנייתו של הנאשם לקבלת חוות דעת מטעם הפסיכיאטר המחוזי.,תסקיר שירות המבחן: ,תסקיר שירות מבחן,תסקיר שירות מבחן,תסקיר שירות מבחן,תסקיר שירות מבחן,תסקיר שירות מבחן
SH-23-07-61816-773,"ב""כ המאשימה טענה בטיעוניה בכתב (טע/1) ובעל פה, כי הערכים החברתיים שנפגעו ממעשי הנאשם, הם הגנה על שלום הציבור מפני נגע הסמים בגדר מחולל פשיעה על כל גווניה וכן הגנה על אלו אשר צורכים את הסמים המסוכנים.",טענות הצדדים לעונש: ,טיעוני הצדדים,טיעוני הצדדים,טיעוני הצדדים,טיעוני הצדדים,טיעוני הצדדים
SH-23-07-61816-773,"ב""כ המאשימה טענה כי התנהלות הנאשם התבצעה באופן שיטתי ונרחב, דבר המלמד על היות הנאשם פעיל בשרשרת ההפצה. עוד נטען, כי מדובר בתחנת סמים שהופעלה על ידי הנאשם באור יום, כשתושבי העיר עוברים ושבים במקום.",טענות הצדדים לעונש: ,טיעוני הצדדים,טיעוני הצדדים,טיעוני הצדדים,טיעוני הצדדים,טיעוני הצדדים
SH-23-07-61816-773,"ב""כ המאשימה הפנתה לפסיקה וביקשה ללמוד ממנה כי מתחם העונש ההולם נע בין 9 ל- 18 חודשי מאסר בפועל. יצוין כבר עתה, כי מרבית הפסיקה אליה הפנתה המאשימה ניתנה בטרם נכנס לתוקף תיקון 113 לחוק העונשין, כך שקשה להקיש ממנה לצורך קביעת המתחם לו עתרה המאשימה.",טענות הצדדים לעונש: ,טיעוני הצדדים,טיעוני הצדדים,טיעוני הצדדים,טיעוני הצדדים,טיעוני הצדדים
SH-23-07-61816-773,"מאחר והנאשם ללא עבר פלילי ובשים לב להמלצה השיקומית של שירות המבחן עתרה המאשימה להטיל על הנאשם מאסר ברף התחתון של המתחם לו עתרה, קרי 9 חודשי מאסר שירוצו בעבודות שירות.",טענות הצדדים לעונש: ,טיעוני הצדדים,טיעוני הצדדים,טיעוני הצדדים,טיעוני הצדדים,טיעוני הצדדים
SH-23-07-61816-773,"עוד עתרה ב""כ המאשימה להשית על הנאשם מאסר על תנאי משמעותי, קנס כספי, פסילת רישיון נהיגה בפועל ועל תנאי.",טענות הצדדים לעונש: ,טיעוני הצדדים,טיעוני הצדדים,טיעוני הצדדים,טיעוני הצדדים,טיעוני הצדדים
SH-23-07-61816-773,"ב""כ הנאשם טען כי העבירות בוצעו במשך יומיים בלבד, כאשר מדובר על סם מסוג קוקאין אך בכמויות קטנות מאוד, ובתמורה כוללת של 200 ₪ בגין 2 עסקאות.",טענות הצדדים לעונש: ,טיעוני הצדדים,טיעוני הצדדים,טיעוני הצדדים,טיעוני הצדדים,טיעוני הצדדים
SH-23-07-61816-773,"עוד נטען, כי הנאשם צעיר בן 19 בעת ביצוע העבירות, ללא עבר פלילי אשר הודה בהזדמנות הראשונה ונטל אחריות על מעשיו.",טענות הצדדים לעונש: ,טיעוני הצדדים,טיעוני הצדדים,טיעוני הצדדים,טיעוני הצדדים,טיעוני הצדדים
SH-23-07-61816-773,"ב""כ הנאשם טען כי מתחם העונש ההולם צריך להיות זהה למתחם שנקבע בגזר דינו של השותף, אשר נע בין 6 ל-18 חודשי מאסר בפועל.",טענות הצדדים לעונש: ,טיעוני הצדדים,טיעוני הצדדים,טיעוני הצדדים,טיעוני הצדדים,טיעוני הצדדים
SH-23-07-61816-773,"ב""כ הנאשם הפנה לפסיקה (טע/2), שם משיקולי שיקום חרגו בתי המשפט ממתחם העונש ההולם ועל הנאשמים הוטל עונש צופה פני עתיד בצירוף צו מבחן וצו של""צ.",טענות הצדדים לעונש: ,טיעוני הצדדים,טיעוני הצדדים,טיעוני הצדדים,טיעוני הצדדים,טיעוני הצדדים
SH-23-07-61816-773,"ב""כ הנאשם טען כי בניגוד לשותף, הנאשם ללא עבר פלילי, וניתן בעניינו תסקיר חיובי עם המלצה שיקומית, על כן, קיים סיכוי של ממש שהנאשם ישתקם ומשכך יש לחרוג ממתחם העונש ההולם משיקולי שיקום.",טענות הצדדים לעונש: ,טיעוני הצדדים,טיעוני הצדדים,טיעוני הצדדים,טיעוני הצדדים,טיעוני הצדדים
SH-23-07-61816-773,"ב""כ הנאשם הוסיף וטען כי אין להיעתר לבקשת המאשימה להטיל על הנאשם  9 חודשי מאסר אשר ירוצו בעבודות שירות נוכח העובדה כי על השותף, בעל עבר פלילי בעבירות סמים, נגזרו 7 חודשי מאסר בפועל, במסגרת הסדר טיעון סגור. עוד נטען, כי רישיון הנהיגה של השותף לא נפסל ולכן לא היה מקום כי המאשימה תעתור לפסילת רישיון הנהיגה של הנאשם.",טענות הצדדים לעונש: ,טיעוני הצדדים,טיעוני הצדדים,טיעוני הצדדים,טיעוני הצדדים,טיעוני הצדדים
SH-23-07-61816-773,"ב""כ הנאשם עתר כאמור, לסטות בעניינו של הנאשם ממתחם העונש ההולם ולהשית עליו ענישה שיקומית. לחילופין, עתר ב""כ הנאשם למקם את עונשו של הנאשם ברף הנמוך של עבודות השירות.",טענות הצדדים לעונש: ,טיעוני הצדדים,טיעוני הצדדים,טיעוני הצדדים,טיעוני הצדדים,טיעוני הצדדים
SH-23-07-61816-773,הנאשם הצטער על מעשיו.,דברי הנאשם:,טיעוני הצדדים,טיעוני הצדדים,ראיות לעונש,טיעוני הצדדים,טיעוני הצדדים
SH-23-07-61816-773,"לאחר טיעונים לעונש, הופנה הנאשם לקבלת חוות דעת ממונה על עבודות השירות.",דברי הנאשם:,טיעוני הצדדים,טיעוני הצדדים,ראיות לעונש,טיעוני הצדדים,טיעוני הצדדים
SH-23-07-61816-773,בתאריך 9.7.24 התקבלה חוות דעת הממונה על עבודות השירות לפיה הנאשם נמצא מתאים לביצוע עבודות שירות והומלץ להציבו במקום עבודה: אצטדיון סמי עופר בחיפה החל מתאריך 22.7.24.,חוות דעת הממונה על עבודות השירות:,תסקיר שירות מבחן,תסקיר שירות מבחן,ראיות לעונש,תסקיר שירות מבחן,ראיות לעונש
SH-23-07-61816-773,"הנאשם הודה והורשע בביצוע שתי עבירות של סחר בסם מסוכן מסוג קוקאין. מדובר בעבירות אשר בוצעו באופן דומה, באותו מקום ובאותו אופן ובהפרש של יומיים, ועל כן, יש לראות את כל העבירות כאירוע עברייני אחד לפי מבחן ""הקשר ההדוק"" (ע""פ 4910/13 ג'אבר נ' מ""י (29.10.14)).",דיון והכרעה: ,דיון והכרעה,דיון והכרעה,עובדות המקרה,דיון והכרעה,דיון והכרעה
SH-23-07-61816-773,"בית המשפט קובע את מתחם העונש ההולם בהתאם לעיקרון ההלימה, שביישומו על בית המשפט להתחשב בערך החברתי שנפגע מביצוע העבירה, במדיניות הענישה הנהוגה ובנסיבות הקשורות בביצוע העבירה (ע""פ 8641/12 מוחמד סעד נ' מ""י (5.8.13)).",מתחם העונש ההולם  ,דיון והכרעה,דיון והכרעה,דיון והכרעה,דיון והכרעה,דיון והכרעה
SH-23-07-61816-773,"אין צורך להכביר במילים באשר לערכים המוגנים שנפגעו מביצוע עבירות הסמים על ידי הנאשם, שעניינם הגנה מפני הנזקים הישירים והעקיפים הנגרמים עקב השימוש בסמים. מדובר בצורך להגן, על בריאות גופו ונפשו של ציבור המשתמשים בסמים, וכן להגן על החברה מפני הנזקים הנגרמים לה, עקב עבירות המתבצעות על ידי עבריינים על רקע השימוש בסמים ועל מנת לממן את הסמים. פסיקת בתי המשפט הדגישה את נזקי הסחר בסמים והעבירות הנלוות לסחר בסמים ולעניין זה יפים דברי כב' השופט י. עמית בע""פ 3172/13 סואעד נ' מדינת ישראל (6.1.14):",מתחם העונש ההולם  ,דיון והכרעה,דיון והכרעה,דיון והכרעה,דיון והכרעה,דיון והכרעה
SH-23-07-61816-773,"וגם ר' דבריו של  כב' השופט הנדל בע""פ 972/11 מדינת ישראל נ' יונה (4.7.12):",מתחם העונש ההולם  ,דיון והכרעה,דיון והכרעה,דיון והכרעה,דיון והכרעה,דיון והכרעה
SH-23-07-61816-773,"בהקשר לעוצמת הפגיעה בערכים המוגנים יש לשקול, בין היתר, את השיקולים הבאים:",מתחם העונש ההולם  ,דיון והכרעה,דיון והכרעה,דיון והכרעה,דיון והכרעה,דיון והכרעה
SH-23-07-61816-773,"היקף עסקאות הסם, סוג הסם היקפו ושוויו: הנאשם היה מעורב בביצוע 2 עסקאות של סם מסוכן מסוג קוקאין במשקל כולל של כ-0.3798 גרם נטו. אמנם מדובר בכמויות קטנות של סם, אך מדובר בסם קשה, אשר נמכר על ידי הנאשם בשתי הזדמנויות שונות מתוך ביתו, אותו הפך לתחנת סמים,  כאשר בהתאם לעובדות כתב האישום ממקום זה סחר גם נאשם 2, מכרו של הנאשם 1.",מתחם העונש ההולם  ,דיון והכרעה,דיון והכרעה,דיון והכרעה,דיון והכרעה,דיון והכרעה
SH-23-07-61816-773,"התכנון שקדם לביצוע העבירות: הנאשם החזיק תחנת סמים במועדים הרלוונטיים לכתב האישום, כשהוא מתגורר במקום יחד עם משפחתו, וברור כי קדם תכנון לביצוע העבירות.",מתחם העונש ההולם  ,דיון והכרעה,דיון והכרעה,דיון והכרעה,דיון והכרעה,דיון והכרעה
SH-23-07-61816-773,חלקו היחסי של הנאשם בביצוע העבירות: הנאשם היה זה שמכר סמים בפועל לסוכן המשטרתי  והיווה חולייה משמעותית בשרשרת הפצת הסם.,מתחם העונש ההולם  ,דיון והכרעה,דיון והכרעה,דיון והכרעה,דיון והכרעה,דיון והכרעה
SH-23-07-61816-773,"הנזק שנגרם מביצוע העבירות ופוטנציאל הנזק: אמנם לא נגרם נזק בפועל מביצוע העבירות על ידי הנאשם, בשים לב לעובדה כי הסם נמכר לסוכן משטרתי, אך ברור כי קיים פוטנציאל גבוה לגרימת נזק לציבור בכללותו לו הסם היה מגיע לציבור המשתמשים בסם.",מתחם העונש ההולם  ,דיון והכרעה,דיון והכרעה,דיון והכרעה,דיון והכרעה,דיון והכרעה
SH-23-07-61816-773,"מידת הפגיעה בערכים המוגנים: בשים לב לסוג הסם ולעובדה כי לא מדובר באירוע אקראי מחד, ולכמות הקטנה שנמכרה מאידך, אני קובעת כי מידת הפגיעה בערכים המוגנים היא ממשית.",מתחם העונש ההולם  ,דיון והכרעה,דיון והכרעה,דיון והכרעה,דיון והכרעה,דיון והכרעה
SH-23-07-61816-773,"ברע""פ 1955/19 אבו רקייק נ' מדינת ישראל (01.04.19), המבקש הורשע בעבירה של סחר בסם מסוכן מסוג קוקאין ומעשה פזיזות ורשלנות ברכב. בהתאם לעובדות כתב האישום, המבקש מכר לסוכן משטרתי 2 מנות סם מסוג קוקאין במשקל 1.0490 גרם. בית משפט השלום קבע כי מתחם העונש ההולם נע בין 14 ל-30 חודשי מאסר בפועל בגין שתי העבירות. הנאשם נעדר עבר פלילי נדון ל 14 חודשי מאסר בפועל בצירוף ענישה נלווית. ערעור שהוגש לבית המשפט המחוזי ובקשת רשות ערעור שהגיש המבקש לבית המשפט העליון - נדחו.",מדיניות הענישה הנהוגה:,דיון והכרעה,דיון והכרעה,דיון והכרעה,דיון והכרעה,דיון והכרעה
SH-23-07-61816-773,"ברע""פ 5353-17  דגו טפרה נ' מדינת ישראל (18.9.17) – המשיב הודה והורשע במסגרת הסדר דיוני בשלושה אישומים נפרדים, בשתי עבירות של תיווך בסם מסוכן מסוג קוקאין (במשקל של כ-1.16 גרם נטו ובמשקל של כ-4.55 גרם נטו), ובעבירה אחת של סחר בסם מסוכן מסוג קוקאין (במשקל של כ-2 גרם נטו), אותם מכר לסוכן. בית משפט השלום קבע כי מתחם העונש ההולם לעבירת הסחר בסם נע בין 6 ל-18 חודשי מאסר בפועל. המשיב ללא עבר פלילי, לקח אחריות על מעשיו, השתתף בקבוצה טיפולית והביע נכונות לעבור טיפול בשירות המבחן. שירות המבחן המליץ על ענישה של צו של""צ לצד הטלת צו מבחן. בית משפט השלום חרג ממתחם העונש ההולם לאור שיקולי שיקום והשית על המשיב עונש של 6 חודשי מאסר שירוצו בדרך של עבודות שירות, וענישה נלווית. ערעור המאשימה לבית המשפט המחוזי על קולת העונש התקבל. נקבע כי שיקולי השיקום אינם מצדיקים חריגה כה משמעותית ממתחמי הענישה הנהוגים בעבירות אותן ביצע המשיב, המחייבות הטלת עונשי מאסר בפועל. בית המשפט המחוזי ציין כי מאחר שערכאת הערעור אינה ממצה את הדין, יושת על המשיב עונש של 7 חודשי מאסר בפועל מאחורי סורג ובריח. בקשת רשות ערעור שהוגשה על ידי המשיב לבית המשפט העליון נדחתה.",מדיניות הענישה הנהוגה:,דיון והכרעה,דיון והכרעה,דיון והכרעה,דיון והכרעה,דיון והכרעה
SH-23-07-61816-773,"ברע""פ 126/15 חביף נ' מדינת ישראל (13.1.15) הורשע המבקש, על יסוד הודאתו, במסגרת הסדר טיעון דיוני, ללא הסכמה עונשית, בעבירות של סחר בסם מסוכן. המבקש מכר לסוכן סמוי מנות סם של קוקאין בשלוש הזדמנויות: במשקל של 0.3901 גרם נטו תמורת סכום של 460 ₪, במשקל של 0.8179 גרם נטו תמורת סכום של 800 ₪ ובתיווכו של חברו אשר הואשם יחד אתו, במשקל של 2.5056 גרם נטו תמורת סכום של 2,000 ₪. בית משפט השלום קבע כי מתחם העונש ההולם לכל מכירה, וכן לתיווך, נע בין 8 ל-18 חודשי מאסר בפועל, ולכל מעשה החזקת סם, נע בין שישה ל-12 חודשי מאסר בפועל. על המבקש הושתו 16 חודשי מאסר בפועל, הופעל במצטבר מאסר מותנה בן ארבעה חודשים כך שסה""כ ירצה המבקש 20 חודשי מאסר בפועל וענישה נלווית. ערעור שהגיש המבקש לבית המשפט המחוזי נדחה וכך גם בר""ע לבית המשפט העליון.",מדיניות הענישה הנהוגה:,דיון והכרעה,דיון והכרעה,דיון והכרעה,דיון והכרעה,דיון והכרעה
SH-23-07-61816-773,"בעפ""ג (מרכז-לוד) 33119-07-17 סלאמה נ' מדינת ישראל (26.12.2017), נדחה ערעורו של המערער, נעדר עבר פלילי, אשר הורשע, על יסוד הודאתו, בעבירה של סחר בסם מסוכן מסוג קוקאין במשקל של 1.77 גרם, ובעבירה של סיוע לסחר בסם מסוכן מסוג קוקאין במשקל 5 גרם. בית משפט השלום קבע כי מתחם העונש ההולם נע בין 12 ל-28 חודשי מאסר, ועל המערער הושת עונש של 12 חודשי מאסר בפועל. בדחותו את הערעור שהגיש המערער קבע בית המשפט המחוזי שהתחשבות בהליך שיקום, אינה מובילה בהכרח לסטייה מהרף התחתון של המתחם.",מדיניות הענישה הנהוגה:,דיון והכרעה,דיון והכרעה,דיון והכרעה,דיון והכרעה,דיון והכרעה
SH-23-07-61816-773,"בעפ""ג 37357-11-19 מדינת ישראל נ' יוסף עראבי (2.1.20) המשיב הורשע, על יסוד הודאתו, בחמש עבירות של סחר בסם מסוכן מסוג הרואין במשקלים שבין 0.9971 גרם נטו ועד 1.0394 גרם נטו וכן בחמש עבירות של החזקת סמים שלא לצריכה עצמית. בית משפט שלום קבע כי מתחם העונש ההולם לאירוע כולו הוא בין 9 ובין 18 חודשי מאסר בפועל. על המשיב, נגזרו 10 חודשי מאסר בפועל, 7 חודשי מאסר על תנאי ופסילת רישיון הנהיגה בפועל למשך 6 חודשים. המאשימה ערערה על קולת העונש, בית המשפט המחוזי, אישר את המתחם שנקבע, תוך ציון שהוא נוטה לקולא והחמיר בעונש המשיב והעמידו על 16 חודשי מאסר בפועל.",מדיניות הענישה הנהוגה:,דיון והכרעה,דיון והכרעה,דיון והכרעה,דיון והכרעה,דיון והכרעה
SH-23-07-61816-773,"בעפ""ג (מרכז-לוד) 5342-09-17 עקיבא נ' מדינת ישראל (3.12.2017), המערער הורשע על יסוד הודאתו, בשתי עבירות של סחר ותיווך בסם מסוכן מסוג קוקאין במשקל של פחות מ-2 גרם בכל אירוע, ובעבירה של החזקת סם מסוכן מסוג קנאביס לשימוש עצמי. למרות המלצת שירות המבחן לבטל את הרשעתו, נקבע מתחם עונש הולם הנע בין 8 ל-18 חודשי מאסר לכל עבירת סחר. על המערער הושת עונש של 6 חודשי מאסר לריצוי בדרך של עבודות שירות וענישה נלווית, לאחר שבית המשפט מצא לסטות ממתחם העונש ההולם משיקולי שיקום. בית המשפט התחשב בכך שהמערער עבר הליך גמילה, וכן התחשב בתרומתו המשמעותית לחברה במסגרת שירותו הצבאי. ערעור שהוגש לבית המשפט המחוזי על ידי המערער נדחה.",מדיניות הענישה הנהוגה:,דיון והכרעה,דיון והכרעה,דיון והכרעה,דיון והכרעה,דיון והכרעה
SH-23-07-61816-773,"בת""פ (ת""א) 9860-10-15 מדינת ישראל נ' רבאעה (25.11.18), הנאשם כבן 21 בעת ביצוע העבירות, הורשע, לאחר שמיעת ראיות, בעבירה של סחר בסם מסוכן. הנאשם מכר לקונה שתי שקיות ובהן סם מסוג קוקאין במשקל של 0.5118 גרם נטו בתמורה לסכום כסף שגובהו אינו ידוע. בית משפט השלום קבע כי מתחם העונש ההולם  נע בין 6 חודשי מאסר ועד 18 חודשי מאסר. על הנאשם, בעל עבר פלילי, נגזרו 10 חודשי מאסר בפועל בצירוף ענישה נלווית. (יצוין כי בקשת הנאשם להארכת מועד להגשת נימוקי ערעור על גזר הדין נדחתה בבית המשפט המחוזי עפ""ג (מחוזי- ת""א) 17498-01-19 (18.11.20)).",מדיניות הענישה הנהוגה:,דיון והכרעה,דיון והכרעה,דיון והכרעה,דיון והכרעה,דיון והכרעה
SH-23-07-61816-773,"בנוגע לשותף (הנאשם 2), אשר אף הוא הודה בביצוע שתי עבירות של סחר בסם מסוכן מסוג קוקאין, במשקל כולל של כ- 0.3 גרם בתמורה לסך כולל של 200 ₪, המדינה הגיעה להסדר טיעון אשר כלל הסכמה עונשית. על הנאשם, בעל עבר פלילי, הוטל עונש של 7 חודשי מאסר בפועל והופעל עונש מאסר על תנאי בן 4 חודשים במצטבר, כך שסך הכל על הנאשם הוטל עונש של 11 חודשי מאסר לריצוי בפועל.  בעניינו של הנאשם 2 קבעתי כי העונש עליו הוסכם בין הצדדים, נמצא בתוך מתחם העונש ההולם, אש נע בנסיבות התיק בין 6 ל- 18 חודשי מאסר בפועל, לצד ענישה נלווית.",מדיניות הענישה הנהוגה:,דיון והכרעה,דיון והכרעה,דיון והכרעה,דיון והכרעה,דיון והכרעה
SH-23-07-61816-773,"בשים לב לנסיבות ביצוע העבירות, ובשים לב לעונש שהוטל על הנאשם 2, אשר הורשע בביצוע עבירות זהות, אני קובעת כי מתחם העונש ההולם נע בין 6 חודשי מאסר שניתן בנסיבות מתאימות לבצע בעבודות שירות ל- 18 חודשי מאסר בפועל, לצד ענישה נלווית.",מדיניות הענישה הנהוגה:,דיון והכרעה,דיון והכרעה,דיון והכרעה,דיון והכרעה,דיון והכרעה
SH-23-07-61816-773,"לא מצאתי כי יש מקום לחרוג ממתחם העונש ההולם לא לקולא, ולא לחומרא, וזאת על אף ההמלצה הראשונית של שירות המבחן להסתפק בצו מבחן וצו של""צ. יש להדגיש, כי שירות המבחן הגיש עדכון לתיק בית המשפט וחזר בו מההמלצה הטיפולית נוכח מורכבות מצבו הנפשי של הנאשם אשר התגלה עת שניסה לשלב את הנאשם בקבוצה טיפולית.",מדיניות הענישה הנהוגה:,דיון והכרעה,דיון והכרעה,דיון והכרעה,דיון והכרעה,דיון והכרעה
SH-23-07-61816-773,"לקולא, שקלתי את הודאתו המיידית של הנאשם בעובדות כתב האישום, לקיחת האחריות על מעשיו והבעת החרטה.",באשר לעונשו של הנאשם בתוך מתחם העונש ההולם:,דיון והכרעה,דיון והכרעה,דיון והכרעה,דיון והכרעה,דיון והכרעה
SH-23-07-61816-773,"כמו כן, נתתי דעתי לגילו הצעיר של הנאשם, שהוא רק בן 20, לעובדה כי אין לחובתו עבר פלילי, וזוהי הפעם הראשונה שהוא מעורב בפלילים.",באשר לעונשו של הנאשם בתוך מתחם העונש ההולם:,דיון והכרעה,דיון והכרעה,דיון והכרעה,דיון והכרעה,דיון והכרעה
SH-23-07-61816-773,"כך גם נתתי דעתי לאמור בתסקיר שירות המבחן בנוגע לאפיק טיפולי בעניינו של הנאשם, אך יחד עם זאת, כפי שעלה מעדכון מטעם שירות המבחן הנאשם לא נקלט בקבוצה טיפולית נוכח מורכבות מצבו הנפשי.",באשר לעונשו של הנאשם בתוך מתחם העונש ההולם:,דיון והכרעה,דיון והכרעה,דיון והכרעה,דיון והכרעה,דיון והכרעה
SH-23-07-61816-773,"עוד נתתי דעתי לשיקולי אחדות הענישה, כאשר בעניינו של השותף בעל עבר פלילי, אשר ביצע עבירות זהות כשמאסר על תנאי מרחף מעל ראשו, המדינה הסכימה להטלת עונש של 7 חודשי מאסר בפועל.",באשר לעונשו של הנאשם בתוך מתחם העונש ההולם:,דיון והכרעה,דיון והכרעה,דיון והכרעה,דיון והכרעה,דיון והכרעה
SH-23-07-61816-773,"לאחר ששקלתי את  כלל השיקולים המפורטים לעיל, אני גוזרת על הנאשם את העונשים הבאים:",באשר לעונשו של הנאשם בתוך מתחם העונש ההולם:,דיון והכרעה,דיון והכרעה,דיון והכרעה,דיון והכרעה,דיון והכרעה
SH-23-07-61816-773,"מאסר בפועל בן 6 חודשים,  אשר ירוצה בעבודות שירות באצטדיון סמי עופר בחיפה.",באשר לעונשו של הנאשם בתוך מתחם העונש ההולם:,דיון והכרעה,דיון והכרעה,דיון והכרעה,דיון והכרעה,דיון והכרעה
SH-23-07-61816-773,"עבודות השירות יבוצעו החל מיום 22.7.24, למשך 5 ימים בשבוע על פי טווח השעות המתאפשר בחוק העונשין.",באשר לעונשו של הנאשם בתוך מתחם העונש ההולם:,דיון והכרעה,דיון והכרעה,דיון והכרעה,דיון והכרעה,דיון והכרעה
SH-23-07-61816-773,"על הנאשם להתייצב ביום 22.7.24 בשעה 8:00 במשרדי הממונה על עבודות שירות, יחידת ברקאי – שלוחת צפון – סמוך לבית סוהר מגידו.",באשר לעונשו של הנאשם בתוך מתחם העונש ההולם:,דיון והכרעה,דיון והכרעה,דיון והכרעה,דיון והכרעה,דיון והכרעה
SH-23-07-61816-773,"מובהר לנאשם כי מדובר בתנאי העסקה קפדניים המצריכים התייצבות רציפה וכי במידה ולא יבצע את עבודות השירות בהתאם לדרישות הממונה יופסקו עבודות השירות, והנאשם ירצה את יתרת עונש מאסר מאחורי סורג ובריח.",באשר לעונשו של הנאשם בתוך מתחם העונש ההולם:,דיון והכרעה,דיון והכרעה,דיון והכרעה,דיון והכרעה,דיון והכרעה
SH-23-07-61816-773,"מאסר על תנאי בן 5 חודשים למשך 3 שנים, והתנאי הוא שהנאשם לא יעבור בתקופת התנאי עבירה מסוג פשע לפי פקודת הסמים המסוכנים, ויורשע בגינה.",באשר לעונשו של הנאשם בתוך מתחם העונש ההולם:,דיון והכרעה,דיון והכרעה,דיון והכרעה,דיון והכרעה,דיון והכרעה
SH-23-07-61816-773,"5129371 בשים לב לעיקרון אחדות הענישה, כאשר בעניינו של השותף  לא הושת עונש קנס ולא נפסל רישיון הנהיגה, אינני מוצאת לנכון לגזור על הנאשם עונש קנס או פסילת רישיון נהיגה.",באשר לעונשו של הנאשם בתוך מתחם העונש ההולם:,דיון והכרעה,דיון והכרעה,דיון והכרעה,דיון והכרעה,דיון והכרעה
SH-23-09-35299-260,"פקודת הסמים המסוכנים [נוסח חדש], תשל""ג-1973: סע'  13, 19א, 29(א), 37א(א)",nothing,מידע אחר,מידע אחר,מידע אחר,מידע אחר,מידע אחר
SH-23-09-35299-260,"חוק העונשין, תשל""ז-1977: סע'  40ט'",nothing,מידע אחר,מידע אחר,מידע אחר,מידע אחר,מידע אחר
SH-23-09-35299-260,פקודת התעבורה [נוסח חדש]: סע'  43,nothing,מידע אחר,מידע אחר,מידע אחר,מידע אחר,מידע אחר
SH-23-09-35299-260,"חוק המאבק בתופעת השימוש בחומרים מסכנים, תשע""ג-2013",nothing,מידע אחר,מידע אחר,מידע אחר,מידע אחר,מידע אחר
SH-23-09-35299-260,"הנאשם שלפני נותן את הדין בגין שתי עבירות של סחר בסם מסוכן בצוותא חדא, בניגוד לסעיף 13 ו- 19א, ביחד עם סעיף 29(א) לפקודת הסמים המסוכנים [נוסח חדש], תשל""ג – 1973.",כתב האישום והסדר הטיעון,עובדות המקרה,עובדות המקרה,עובדות המקרה,עובדות המקרה,עובדות המקרה
SH-23-09-35299-260,"בהתאם לעובדות כתב האישום המתוקן ת/2, בהן הורשע הנאשם במסגרת הסדר טיעון, במועדים הרלוונטיים לעובדות כתב האישום, שימש השוטר נתנאל ליבוביץ כסוכן משטרתי (להלן: ""הסוכן"") בפעילות למיגור תופעת הסמים בעיר באר שבע (להלן: ""הפעילות"").",כתב האישום והסדר הטיעון,עובדות המקרה,עובדות המקרה,עובדות המקרה,עובדות המקרה,עובדות המקרה
SH-23-09-35299-260,"במועדים הרלוונטיים לעובדות כתב האישום, השתמש הסוכן בטלפון סלולרי שמספרו 054-6454608 ודים דנילוב (להלן: ""ודים"") השתמש בטלפון סלולרי שמספרו 055-3955795.",כתב האישום והסדר הטיעון,עובדות המקרה,עובדות המקרה,עובדות המקרה,עובדות המקרה,עובדות המקרה
SH-23-09-35299-260,"בתאריך 20.06.23 בשעה 12:40 התקשר הסוכן מהטלפון לטלפון הסלולרי של ודים אולם לא היה מענה. בהמשך לכך, בסמוך לשעה 12:56 התקשר ודים לטלפון של הסוכן והסוכן ביקש לקנות ""2 ב-300"" ודים אמר שיחזור אליו.",אישום מס' 1,עובדות המקרה,עובדות המקרה,עובדות המקרה,עובדות המקרה,עובדות המקרה
SH-23-09-35299-260,"כשתי דקות לאחר מכן, התקשר ודים לסוכן דרך יישומון ה""וואטסאפ"" ואמר לו: ""אין בעיה אני אארגן אותך אבל תחתוך לי חתיכה מהמנה"".",אישום מס' 1,עובדות המקרה,עובדות המקרה,עובדות המקרה,עובדות המקרה,עובדות המקרה
SH-23-09-35299-260,"בהמשך למתואר לעיל, קבעו ודים והסוכן להיפגש בקיוסק אלכסנדר בשכונה יעלים בבאר שבע (להלן: ""מקום המפגש"").",אישום מס' 1,עובדות המקרה,עובדות המקרה,עובדות המקרה,עובדות המקרה,עובדות המקרה
SH-23-09-35299-260,"באותן הנסיבות, בסמוך לשעה 13:50 פגש הסוכן את ודים במקום המפגש וודים ביקש מהסוכן את הכסף ואמר לו שתכף ""הבחור בא"". כחמש דקות לאחר מכן, הנאשם לבדו ברכב מסוג קיה, ל.ז 30-522-72 (להלן: ""הרכב"") ונעצר בסמוך לוודים ולסוכן.",אישום מס' 1,עובדות המקרה,עובדות המקרה,עובדות המקרה,עובדות המקרה,עובדות המקרה
SH-23-09-35299-260,"מיד לאחר מכן, ניגש ודים לרכב, מסר את הכסף המזומן לנאשם ונטל ממנו 2 מנות של סם מסוג קוקאין במשקל כולל של 0.28 גרם נטו (להלן: ""הסם"") אותן מסר לסוכן.",אישום מס' 1,עובדות המקרה,עובדות המקרה,עובדות המקרה,עובדות המקרה,עובדות המקרה
SH-23-09-35299-260,"מיד לאחר מכן, ביקש ודים מהסוכן שיתלווה אליו לבניין סמוך ויתן לו חתיכה מהסם.",אישום מס' 1,עובדות המקרה,עובדות המקרה,עובדות המקרה,עובדות המקרה,עובדות המקרה
SH-23-09-35299-260,"במעשים המתוארים לעיל, סחר ודים בסם מסוכן בצוותא חדא עם הנאשם מבלי שהדבר הותר לו בפקודה או מאת המנהל.",אישום מס' 1,עובדות המקרה,עובדות המקרה,עובדות המקרה,עובדות המקרה,עובדות המקרה
SH-23-09-35299-260,"בתאריך 21.06.23 בשעה 12:58 התקשר הסוכן לוודים דרך יישומון ""הוואטסאפ"" ואמר לו שהוא ""צריך כמו אתמול"". בתגובה, ביקש ודים לבדוק ואמר שיחזור אליו עוד מספר דקות.",אישום מס' 2,עובדות המקרה,עובדות המקרה,עובדות המקרה,עובדות המקרה,עובדות המקרה
SH-23-09-35299-260,"בהמשך, בשעה 13:18 התקשר ודים לסוכן ואמר לו: ""דיברתי איתו הוא 20 דקות פה, תבוא לקיוסק אלכסנדר"" (להלן: ""מקום המפגש"").",אישום מס' 2,עובדות המקרה,עובדות המקרה,עובדות המקרה,עובדות המקרה,עובדות המקרה
SH-23-09-35299-260,"באותן הנסיבות, בסמוך לשעה 13:30 הגיע הסוכן לקיוסק אלכסנדר ופגש בוודים.",אישום מס' 2,עובדות המקרה,עובדות המקרה,עובדות המקרה,עובדות המקרה,עובדות המקרה
SH-23-09-35299-260,"ודים והסוכן המתינו במקום המפגש ובמסוך לשעה 13:55, הגיע הנאשם לבדו ברכב מסוג קיה, ל.ז 30-522-72, חלף את מקום המפגש תוך שהוא מסמן לוודים שיפגוש אותו מעבר לכביש וודים ביקש מהסוכן את הכסף.",אישום מס' 2,עובדות המקרה,עובדות המקרה,עובדות המקרה,עובדות המקרה,עובדות המקרה
SH-23-09-35299-260,"באותן הנסיבות, העביר הסוכן לוודים כסף מזומן בסך 300 ₪. ודים ניגש לרכב ומסר לנאשם את הכסף ונטל ממנו 2 מנות של סם מסוכן מסוג קוקאין עטופות בניילון שקוף במשקל כולל של 0.28 גרם נטו (להלן: ""הסם""), אותן מסר לסוכן.",אישום מס' 2,עובדות המקרה,עובדות המקרה,עובדות המקרה,עובדות המקרה,עובדות המקרה
SH-23-09-35299-260,"בין הצדדים נקשר הסדר טיעון, במסגרתו תוקן כתב האישום, והנאשם הודה והורשע בעובדות ובעבירות שבכתב האישום המתוקן ת/1.",אישום מס' 2,עובדות המקרה,עובדות המקרה,עובדות המקרה,עובדות המקרה,עובדות המקרה
SH-23-09-35299-260,"במועד שמיעת פרשת העונש, הודיעו הצדדים על הגשת כתב האישום מתוקן נוסף (ת/2 – נושא גזר דין זה), במסגרתו תוקנו טעויות שנפלו בעובדות כתב האישום המתוקן ת/1, אך ללא שינוי בהוראות החיקוק בהן הורשע הנאשם. לאור האמור, ניתן תיקון להכרעת דין, במסגרתו הורשע הנאשם בעובדות ובעבירות שבכתב האישום המתוקן ת/2, ללא שינוי בהוראות החיקוק.",אישום מס' 2,עובדות המקרה,עובדות המקרה,עובדות המקרה,עובדות המקרה,עובדות המקרה
SH-23-09-35299-260,"לאחר מכן, טענו הצדדים לעונש, ומכאן – גזר דין זה.",אישום מס' 2,עובדות המקרה,עובדות המקרה,טיעוני הצדדים,עובדות המקרה,עובדות המקרה
SH-23-09-35299-260,"התביעה הגישה, לענין העונש, ראיות כדלקמן:",ראיות לעונש,ראיות לעונש,ראיות לעונש,ראיות לעונש,ראיות לעונש,ראיות לעונש
SH-23-09-35299-260,גיליון הרשעות קודמות פלילי (ת3/א') – לחובת הנאשם הרשעה בעבירות של החזקת סם שלא לצריכה עצמית; הפרת הוראה חוקית; נהיגה פוחזת של רכב.,ראיות לעונש,ראיות לעונש,ראיות לעונש,ראיות לעונש,ראיות לעונש,ראיות לעונש
SH-23-09-35299-260,"גיליון הרשעות קודמות תעבורתי (ת/3ב') – לחובת הנאשם, הרשעה בעבירה של נהיגה ללא רשיון.",ראיות לעונש,ראיות לעונש,ראיות לעונש,ראיות לעונש,ראיות לעונש,ראיות לעונש
SH-23-09-35299-260,"גזר דין ת""פ 48933-09-19 ו-28139-06-19 מיום 11.05.20 להוכחת מאסר מותנה ופסילה מותנית (ת/4) – הנאשם הורשע בעבירות של החזקת סמים; הפרת הוראה חוקית; נהיגה פוחזת של רכב; נהיגה כשרישיון הנהיגה פקע. הנאשם נדון ל-20 חודשי מאסר בפועל, ונדון, בין היתר, ל-6 חודשי מאסר על תנאי שלא יעבור עבירת סמים מסוג פשע; 3 חודשי מאסר על תנאי שלא יעבור עבירה של נהיגה בזמן פסילה; וכן ל-12 חודשי פסילת רישיון על תנאי, שלא יעבור עבירה בניגוד לפקודת הסמים המסוכנים.",ראיות לעונש,ראיות לעונש,ראיות לעונש,ראיות לעונש,ראיות לעונש,ראיות לעונש
SH-23-09-35299-260,"ההגנה לא הגישה ראיות לעונש, אך הציגה לפני בית המשפט אישור רפואי, בו נרשם שרעיית הנאשם הגיעה לבית החולים; לא נצפה דופק עוברי; והיא זומנה לביקורת נוספת בחלוף 4 – 6 שבועות.",ראיות לעונש,ראיות לעונש,ראיות לעונש,ראיות לעונש,ראיות לעונש,ראיות לעונש
SH-23-09-35299-260,התביעה הגישה טיעוניה בכתב (ת/5) והשלימה אותן על פה.,טענות הצדדים,טיעוני הצדדים,טיעוני הצדדים,טיעוני הצדדים,טיעוני הצדדים,טיעוני הצדדים
SH-23-09-35299-260,התביעה טענה לפגיעה בערכים המוגנים של פגיעה בבריאות הציבור לצד ההגנה על שלום הציבור והגנתו מפני עבירות פליליות ומפני הנזקים החברתיים הישירים והעקיפים הנגרמים כתוצאה מסמים מסוכנים.,טענות הצדדים,טיעוני הצדדים,טיעוני הצדדים,טיעוני הצדדים,טיעוני הצדדים,טיעוני הצדדים
SH-23-09-35299-260,"התביעה טענה, כי הנאשם סחר בסמים בצוותא חדא עם אחר, תוך שעשה שתי עסקאות מול סוכן משטרתי סמוי, כאשר הסוכן קבע מפגשים עם האחר, אך למקום הגיע הנאשם עם הסמים, כשהוא נוהג ברכב, והוא זה שקיבל את הכסף מהאחר.",טענות הצדדים,טיעוני הצדדים,טיעוני הצדדים,טיעוני הצדדים,טיעוני הצדדים,טיעוני הצדדים
SH-23-09-35299-260,"התביעה טענה, כי התנהלות הנאשם וזמינות הסמים בעבורו מעידות על מעורבות עומק בעולם הסחר בסמים.",טענות הצדדים,טיעוני הצדדים,טיעוני הצדדים,טיעוני הצדדים,טיעוני הצדדים,טיעוני הצדדים
SH-23-09-35299-260,"התביעה טענה, כי יש לתת את הדעת לסוג הסם, כאשר במקרה דנן, סחר הנאשם בסם מסוכן מסוג קוקאין.",טענות הצדדים,טיעוני הצדדים,טיעוני הצדדים,טיעוני הצדדים,טיעוני הצדדים,טיעוני הצדדים
SH-23-09-35299-260,"התביעה טענה, כי העסקאות נערכו במקומות ציבוריים בשעות היום, כאשר ישנם עוברים ושבים ברחוב, דבר המעיד על היעדר כל מורא.",טענות הצדדים,טיעוני הצדדים,טיעוני הצדדים,טיעוני הצדדים,טיעוני הצדדים,טיעוני הצדדים
SH-23-09-35299-260,"התביעה טענה, כי למרות שהכמויות אינן גדולות, יש להתייחס לפוטנציאל הנזק הנגרם מעבירות סחר בסמים.",טענות הצדדים,טיעוני הצדדים,טיעוני הצדדים,טיעוני הצדדים,טיעוני הצדדים,טיעוני הצדדים
SH-23-09-35299-260,התביעה עתרה למתחם ענישה הנע בין 15 ועד 28 חודשי מאסר בפועל.,טענות הצדדים,טיעוני הצדדים,טיעוני הצדדים,טיעוני הצדדים,טיעוני הצדדים,טיעוני הצדדים
SH-23-09-35299-260,"התביעה טענה, כי ענינו של ודים מתנהל לפני מותב אחר, שם עתרה התביעה למתחם ענישה הנע בין 22 ועד 28 חודשי מאסר, וענינו קבוע למתן גזר דין.",טענות הצדדים,טיעוני הצדדים,טיעוני הצדדים,טיעוני הצדדים,טיעוני הצדדים,טיעוני הצדדים
SH-23-09-35299-260,"התביעה הפנתה להרשעתו הקודמת של הנאשם, במסגרתה נגזרו עליו, בין היתר, מאסר מותנה ופסילה מותנית שהינם ברי הפעלה, ולא היה בהם כדי להרתיעו.",טענות הצדדים,טיעוני הצדדים,טיעוני הצדדים,ראיות לעונש,טיעוני הצדדים,טיעוני הצדדים
SH-23-09-35299-260,התביעה עתרה להכריז על הנאשם סוחר סמים ולחלט את הכספים שנתפסו בחזקתו בעת מעצרו.,טענות הצדדים,טיעוני הצדדים,טיעוני הצדדים,טיעוני הצדדים,טיעוני הצדדים,טיעוני הצדדים
SH-23-09-35299-260,"התביעה עתרה לפסילת רישיון נהיגה בפועל ועל תנאי, לאור שימוש ברכב לביצוע עבירות סמים.",טענות הצדדים,טיעוני הצדדים,טיעוני הצדדים,טיעוני הצדדים,טיעוני הצדדים,טיעוני הצדדים
SH-23-09-35299-260,התביעה עתרה לגזור את עונשו של הנאשם בחלקו הבינוני של המתחם; להפעיל את המאסר המותנה בן 6 חודשים במצטבר לעונש שיוטל; מאסרים מותנים מרתיעים; פסילה בפועל ועל תנאי של רישיון הנהיגה; הפעלת פסילה מותנית בת 12 חודשים במצטבר לכל פסילה שתושת עליו; קנס משמעותי; התחייבות להימנע מעבירה; חילוט הכסף שנתפס על הנאשם.,טענות הצדדים,טיעוני הצדדים,טיעוני הצדדים,טיעוני הצדדים,טיעוני הצדדים,טיעוני הצדדים
SH-23-09-35299-260,"ההגנה טענה, כי הנאשם סחר בסמים במשקלים ""מזעריים"", וכי התשלום שהועבר לא היה על הצד הגבוה.",טענות הצדדים,טיעוני הצדדים,טיעוני הצדדים,טיעוני הצדדים,טיעוני הצדדים,טיעוני הצדדים
SH-23-09-35299-260,"ההגנה טענה, כי לחובת הנאשם הרשעה אחת בלבד בעבירה של החזקת סמים שלא לצריכה עצמית במשקל נמוך.",טענות הצדדים,טיעוני הצדדים,טיעוני הצדדים,טיעוני הצדדים,טיעוני הצדדים,טיעוני הצדדים
SH-23-09-35299-260,"ההגנה ביקשה לקחת בחשבון את נסיבותיו האישיות של הנאשם – כבן 25; צעיר אשר התחתן לאחרונה ואשתו עברה ""לידה שקטה""; גדל במשפחה מעוטת יכולת; לנאשם 16 אחים מאימהות שונות.",טענות הצדדים,טיעוני הצדדים,טיעוני הצדדים,טיעוני הצדדים,טיעוני הצדדים,טיעוני הצדדים
SH-23-09-35299-260,"ההגנה טענה, כי במקרים חמורים יותר, קובעים ענישה נמוכה יותר מזו שאליה עתרה התביעה.",טענות הצדדים,טיעוני הצדדים,טיעוני הצדדים,טיעוני הצדדים,טיעוני הצדדים,טיעוני הצדדים
SH-23-09-35299-260,ההגנה עתרה למתחם ענישה הנע בין 6 ועד 13 חודשי מאסר בפועל.,טענות הצדדים,טיעוני הצדדים,טיעוני הצדדים,טיעוני הצדדים,טיעוני הצדדים,טיעוני הצדדים
SH-23-09-35299-260,"ההגנה עתרה לגזור את עונשו של הנאשם בחלקו התחתון של המתחם, או לכל היותר בחלקו האמצעי, לאור הרשעתו הקודמת בעבירת סמים.",טענות הצדדים,טיעוני הצדדים,טיעוני הצדדים,טיעוני הצדדים,טיעוני הצדדים,טיעוני הצדדים
SH-23-09-35299-260,ההגנה עתרה להפעיל את המאסר המותנה כך שלפחות מחציתו תהיה בחופף.,טענות הצדדים,טיעוני הצדדים,טיעוני הצדדים,טיעוני הצדדים,טיעוני הצדדים,טיעוני הצדדים
SH-23-09-35299-260,"ההגנה טענה, כי העונש ההולם הוא 9 חודשי מאסר, ולאחר הפעלת המאסר המותנה – 12 חודשי מאסר.",טענות הצדדים,טיעוני הצדדים,טיעוני הצדדים,טיעוני הצדדים,טיעוני הצדדים,טיעוני הצדדים
SH-23-09-35299-260,ההגנה ביקשה להתחשב בנאשם לעניין הקנס ופסילת רישיון הנהיגה.,טענות הצדדים,טיעוני הצדדים,טיעוני הצדדים,טיעוני הצדדים,טיעוני הצדדים,טיעוני הצדדים
SH-23-09-35299-260,"בדברו האחרון של הנאשם מסר, כי הוא אינו רוצה לעבור עוד עבירות והוא מעוניין לפתוח ""דף חדש"". הוא יודע ששגה ומצטער על מעשיו. הוא נשוי ללא ילדים.",טענות הצדדים,טיעוני הצדדים,טיעוני הצדדים,טיעוני הצדדים,טיעוני הצדדים,טיעוני הצדדים
SH-23-09-35299-260,העבירות שעבר הנאשם חמורות.,דיון והכרעה,דיון והכרעה,דיון והכרעה,טיעוני הצדדים,דיון והכרעה,דיון והכרעה
SH-23-09-35299-260,המדובר בשתי עבירות של סחר בסם מסוכן מסוג קוקאין.,דיון והכרעה,דיון והכרעה,דיון והכרעה,טיעוני הצדדים,דיון והכרעה,דיון והכרעה
SH-23-09-35299-260,"בכך, יצר הנאשם פוטנציאל לפגיעה ממשית בשלום הציבור, במרקם החיים התקין בחברה ובפריון בעבודה, שכן אין צורך להכביר מילים בדבר השפעת שימוש בסמים מסוכנים על תפקודם של צרכני הסם.",דיון והכרעה,דיון והכרעה,דיון והכרעה,טיעוני הצדדים,דיון והכרעה,דיון והכרעה
SH-23-09-35299-260,"לענין זה, ראו ע""פ 6029/03 מדינת ישראל נ' שמאי פ""ד נח(2) 734:",דיון והכרעה,דיון והכרעה,דיון והכרעה,טיעוני הצדדים,דיון והכרעה,דיון והכרעה
SH-23-09-35299-260,"הקוקאין הוא אחד הסמים הגורמים להתמכרות החזקה ביותר. בעקבות הפסקת השימוש בקוקאין חלים שינויים ברורים בהתנהגות המשתמש כגון תחושת נמנמת, חוסר שקט, חרדה, דיכאון, וירידה בפעילות הגופנית. צרכני קוקאין בשלבי גמילה מעידים על כך שההתמכרות לסם השפיעה על התנהגותם במשך מספר שבועות, ואפילו חודשים, לאחר הפסקת השימוש בו. במקרים רבים דווחו על התפרצויות של התנהגויות היסטריות ופסיכוטיות או התקפי חרדה, דיכאון ופאניקה.",דיון והכרעה,דיון והכרעה,דיון והכרעה,ראיות לעונש,דיון והכרעה,דיון והכרעה
SH-23-09-35299-260,"הוסף לאמור, הפגיעה הכלכלית במדינה ובציבור בכללותו, היות שמדובר בעסקאות כספיות שכולן אינן מדווחות; לא נגבה מהן מס והן משמשות, בין היתר, למימון פעילות עבריינית או פעילות שלילית אחרת.",דיון והכרעה,דיון והכרעה,דיון והכרעה,ראיות לעונש,דיון והכרעה,דיון והכרעה
SH-23-09-35299-260,"הגם שתיאום העסקאות נעשה מול המעורב הנוסף – ודים, הרי עולה מכתב האישום, כי הנאשם הוא שסיפק את הסמים בכל אחת מהעסקאות והנאשם הוא זה שבסופו של דבר, קיבל את הכסף לידיו.",דיון והכרעה,דיון והכרעה,דיון והכרעה,עובדות המקרה,דיון והכרעה,דיון והכרעה
SH-23-09-35299-260,"ברשות הנאשם או בשליטתו היה סם מסוכן מסוג קוקאין, זמין, יום אחר יום.",דיון והכרעה,דיון והכרעה,דיון והכרעה,עובדות המקרה,דיון והכרעה,דיון והכרעה
SH-23-09-35299-260,"כל אלה מביאים למסקנה, כי לנאשם תפקיד משמעותי בחוליה המפיצה את הסמים המסוכנים.",דיון והכרעה,דיון והכרעה,דיון והכרעה,דיון והכרעה,דיון והכרעה,דיון והכרעה
SH-23-09-35299-260,"במסגרת המאבק החברה בהתפשטות נגע הסמים – על מערכת המשפט להוקיע עבירות מסוג זה – תוך הטלת עונשים מחמירים, על אלו הבוחרים לעסוק בסמים.",דיון והכרעה,דיון והכרעה,דיון והכרעה,דיון והכרעה,דיון והכרעה,דיון והכרעה
SH-23-09-35299-260,"לא פעם נפסק, כי כאשר המדובר בעבירות מסוג זה – נדחות הנסיבות האישיות של העברין מפני צרכי השיקום.",דיון והכרעה,דיון והכרעה,דיון והכרעה,דיון והכרעה,דיון והכרעה,דיון והכרעה
SH-23-09-35299-260,"לענין זה, ראו ע""פ 211/09 אזולאי נ' מדינת ישראל (פורסם במאגרים):",דיון והכרעה,דיון והכרעה,דיון והכרעה,דיון והכרעה,דיון והכרעה,דיון והכרעה
SH-23-09-35299-260,"הענישה בעבירות מסוג זה נועדה, קודם לכל, לשרת את מטרת הגמול לעבריין על עיסוק בסם העלול לסכן חיי אדם ולפגוע בבריאות המשתמשים בו; שנית, על העונש להעביר מסר חד-משמעי של הרתעה ביחס לעבריינים פוטנציאליים, ולשמש אות אזהרה אפקטיבי לכל מי שמתכוון לקחת חלק במערכת ההעברות והסחר בסמים, תהא אשר תהא הפונקציה אותה הוא ממלא בשרשרת זו של העברת הסם מיד ליד. מזה זמן רב, מדגישים בתי המשפט בפסיקתם את חשיבות הערך הענישתי בעבירות סמים כאחד הכלים החשובים בפעילות לביעורו של נגע הסמים. ההחמרה בענישה בגין עבירות סמים משרתת את מטרות הגמול וההרתעה, שהן היעדים העיקריים של הענישה בתחום הסמים. (ההדגשות אינן במקור).",דיון והכרעה,דיון והכרעה,דיון והכרעה,דיון והכרעה,דיון והכרעה,דיון והכרעה
SH-23-09-35299-260,"להלן, תובא פסיקה במקרים דומים:",דיון והכרעה,דיון והכרעה,דיון והכרעה,דיון והכרעה,דיון והכרעה,דיון והכרעה
SH-23-09-35299-260,"רע""פ 189/15 כהן נ' מדינת ישראל (פורסם במאגרים) – המבקש הורשע, יחד עם אחר, במספר עבירות סמים. בין היתר, מכר הנאשם  סם מסוכן מסוג קוקאין לסוכן משטרתי כדלקמן: בעסקה הראשונה, מכר 0.93 גרם קוקאין תמורת 800 ₪; בעסקה השניה, מכר 0.73 גרם קוקאין תמורת 800 ₪; בעסקה השלישית, מכר 1.56 גרם קוקאין תמורת 1,100 ₪. בנוסף, תיווך המבקש לעסקת סמים, במסגרתה, מכר הנאשם 2 עמו בכתב האישום 2.5 גרם קוקאין לסוכן משטרתי, תמורת 2,000 ₪. בית משפט השלום קבע מתחם הנע בין 8 ועד 18 חודשי מאסר בפועל בגין כל עסקת סחר ובנוסף, מתחם זהה בגין עבירת תיווך אחת. ערעורו של המבקש על גזר דינו לבית המשפט המחוזי נדחה, תוך שבית המשפט המחוזי ציין, בנוגע למתחם הענישה, כי ""הוא מתחם מתון שאין כל מקום להתערב בו"". אף בקשת רשות הערעור לבית המשפט העליון – נדחתה.",דיון והכרעה,דיון והכרעה,דיון והכרעה,דיון והכרעה,דיון והכרעה,דיון והכרעה
SH-23-09-35299-260,"עפ""ג 1434-12-18 מדינת ישראל נ' נסים (פורסם במאגרים) – המשיב הורשע בשלוש עבירות סחר בסם מסוכן מסוג קוקאין לסוכן משטרתי: בעסקה הראשונה, מכר הנאשם 2.47 גרם תמורת 2,200 ₪; בעסקה השניה, מכר הנאשם 2.35 גרם תמורת 2,500 ₪; בעסקה השלישית, מכר הנאשם 2.37 גרם תמורת 2,000 ₪. בית משפט השלום גזר על הנאשם 6 חודשי מאסר לריצוי בדרך של עבודות שירות, מאסר על תנאי, קנס בסך 10,000 ₪ וצו מבחן. ערעור המדינה התקבל, ועל הנאשם נגזרו 8 חודשי מאסר בכליאה ממשית, תוך שבית המשפט המחוזי הבהיר, כי בעבירות מסוג זה, לא ניתן לקבוע מתחם ענישה לריצוי בדרך של עבודות שירות.",דיון והכרעה,דיון והכרעה,דיון והכרעה,דיון והכרעה,דיון והכרעה,דיון והכרעה
SH-23-09-35299-260,"ת""פ 4730-11-21 מדינת ישראל נ' אבו עמרה – הנאשם הורשע בשתי עסקאות של תיווך בסם מסוכן מסוג קוקאין ועסקה אחת של סחר בסם מסוכן מסוג קוקאין, מול סוכנת משטרתית. המדובר היה במשקלים של  0.6042 גרם של סם מסוכן מסוג קוקאין תמורת 500 ₪; 0.4729 גרם של סם מסוכן מסוג קוקאין תמורת 500 ₪; 0.5372 גרם של סם מסוכן מסוג קוקאין תמורת 500 ₪. מותב זה קבע מתחם ענישה הנע בין 14 ועד 28 חודשי מאסר בפועל.",דיון והכרעה,דיון והכרעה,דיון והכרעה,דיון והכרעה,דיון והכרעה,דיון והכרעה
SH-23-09-35299-260,"בהקשר זה יש להדגיש, סקירת הענישה הנוהגת ומתחם העונש ההולם – אינם זהים. בבואו של בית המשפט לקבוע את מתחם העונש ההולם, עליו לשקול, בין היתר, את מדיניות הענישה הנוהגת, אך שיקול זה – כמובן אינו היחיד. בהתאם לסעיף 40ט' לחוק העונשין, תשל""ז – 1977, בבואו של בית המשפט לקבוע מתחם ענישה, רשאי לקחת בחשבון מכלול שיקולים, בין היתר, נסיבות ביצוע העבירה; משך ההתנהגות העבריינית; מידת הפגיעה בערכים המוגנים; וכן, שיקולים נוספים.",דיון והכרעה,דיון והכרעה,דיון והכרעה,דיון והכרעה,דיון והכרעה,דיון והכרעה
SH-23-09-35299-260,"תוך עריכת ההתאמות הנדרשות אל מול הפסיקה שהובאה לעיל, בהתייחס למספר העסקאות; כמות הסם בכל עסקה; טיב הסם – קוקאין; זמינות הנאשם לספק סם זה; גובה האתנן שהועבר – מוצא בית המשפט, להעמיד את מתחם הענישה כך שינוע בין 14 ועד 28 חודשי מאסר בפועל.",דיון והכרעה,דיון והכרעה,דיון והכרעה,דיון והכרעה,דיון והכרעה,דיון והכרעה
SH-23-09-35299-260,"אשר לקביעת הענישה במסגרת המתחם האמור, על בית המשפט לשקול, את עברו של הנאשם; נסיבותיו האישיות והפרוגנוזה של גורמי ההערכה לגביו.",קביעת הענישה הספציפית בתוך המתחם,דיון והכרעה,דיון והכרעה,דיון והכרעה,דיון והכרעה,דיון והכרעה
SH-23-09-35299-260,"במקרה דנן, מדובר בנאשם שאין זו הסתבכותו הראשונה בעבירות סמים, ואף ריצה עונש מאסר בגין הסתבכות קודמת.",קביעת הענישה הספציפית בתוך המתחם,דיון והכרעה,דיון והכרעה,דיון והכרעה,דיון והכרעה,דיון והכרעה
SH-23-09-35299-260,"על הנאשם נגזרו, בין היתר, מאסר על תנאי ופסילת רישיון נהיגה על תנאי, אשר לא היה בהם כדי להרתיעו מלהסתבך שוב בעבירות סמים.",קביעת הענישה הספציפית בתוך המתחם,דיון והכרעה,דיון והכרעה,דיון והכרעה,דיון והכרעה,דיון והכרעה
SH-23-09-35299-260,לזכות הנאשם תילקח הודאתו באשמה ונטילת האחריות מצדו.,קביעת הענישה הספציפית בתוך המתחם,דיון והכרעה,דיון והכרעה,דיון והכרעה,דיון והכרעה,דיון והכרעה
SH-23-09-35299-260,"עוד יקח בית המשפט בחשבון, את נסיבותיו האישיות של הנאשם, כפי שפורטו מפי ההגנה.",קביעת הענישה הספציפית בתוך המתחם,דיון והכרעה,דיון והכרעה,דיון והכרעה,דיון והכרעה,דיון והכרעה
SH-23-09-35299-260,"במכלול השיקולים, מוצא בית המשפט למקם את עונשו של הנאשם בחלקו האמצעי של הענישה, אך לאור הודאת הנאשם באשמה, תינתן לו הקלה מסוימת, כך שעונש המאסר על תנאי בן 6 חודשים מגזר הדין ת/4 יופעל חופף, במחציתו, לעונש המאסר שיוטל.",קביעת הענישה הספציפית בתוך המתחם,דיון והכרעה,דיון והכרעה,דיון והכרעה,דיון והכרעה,דיון והכרעה
SH-23-09-35299-260,"בצד עונש המאסר, יושתו עונשים נוספים בדמות מאסר על תנאי, פסילת רישיון נהיגה בפועל ועל תנאי, קנס משמעותי, וחילוט הכסף שנתפס על הנאשם.",קביעת הענישה הספציפית בתוך המתחם,דיון והכרעה,דיון והכרעה,דיון והכרעה,דיון והכרעה,דיון והכרעה
SH-23-09-35299-260,"בכל הנוגע לעיצומים הכספיים, עבירות סמים, בבסיסן, נעברות מתוך מניע של רווח כלכלי, זאת על חשבון שלום הציבור ובריאותו.",קביעת הענישה הספציפית בתוך המתחם,דיון והכרעה,דיון והכרעה,דיון והכרעה,דיון והכרעה,דיון והכרעה
SH-23-09-35299-260,"כאמור לעיל, המדובר בעבירות, בעטיין מתגלגלים סכומים גדולים של כספים בלתי מדווחים, המוצאים דרכם למימון פעילות עבריינית מסוגים שונים.",קביעת הענישה הספציפית בתוך המתחם,דיון והכרעה,דיון והכרעה,דיון והכרעה,דיון והכרעה,דיון והכרעה
SH-23-09-35299-260,"עוד מוצא בית המשפט, להכריז על הנאשם סוחר סמים ולהורות על חילוט הכספים שנתפסו על הנאשם.",קביעת הענישה הספציפית בתוך המתחם,דיון והכרעה,דיון והכרעה,דיון והכרעה,דיון והכרעה,דיון והכרעה
SH-23-09-35299-260,"על הנאשם תוטל התחייבות להימנע מעבירה, אשר יהיה בה להרתיעו מלעבור שוב עבירות סמים.",קביעת הענישה הספציפית בתוך המתחם,דיון והכרעה,דיון והכרעה,דיון והכרעה,דיון והכרעה,דיון והכרעה
SH-23-09-35299-260,"אשר לרכיב פסילת רישיון הנהיגה, מתוקף סמכותו של בית המשפט, בהתאם להוראות סעיף 37א(א) לפקודת הסמים המסוכנים [נוסח חדש], תשל""ג – 1973 וכן סעיף 43 לפקודת התעבורה [נוסח חדש], תשכ""א – 1961, מאחר שעל פי העובדות המוסכמות בכתב האישום המתוקן ת/2 – עשה הנאשם שימוש ברכב מנועי על מנת לספק את הסמים המסוכנים - מוצא בית המשפט להורות על פסילת רישיון הנהיגה של הנאשם, בפועל ועל תנאי, לתקופה מתאימה.",קביעת הענישה הספציפית בתוך המתחם,דיון והכרעה,דיון והכרעה,דיון והכרעה,דיון והכרעה,דיון והכרעה
SH-23-09-35299-260,"בית המשפט מוצא להפעיל פסילת רישיון הנהיגה על תנאי בת 12 חודשים מגזר הדין ת/4 . לאור הודאת הנאשם באשמה ונטילת האחריות מצדו, תופעל, כך שחציה יהיה בחופף לפסילה שתוטל וחציה – במצטבר.",קביעת הענישה הספציפית בתוך המתחם,דיון והכרעה,דיון והכרעה,דיון והכרעה,דיון והכרעה,דיון והכרעה
SH-23-09-35299-260,לאחר שבית המשפט שמע טיעוני הצדדים על פה; עיין בראיות לעונש; עיין בפסיקה שהוגשה; שמע דברו האחרון של הנאשם; גוזר על הנאשם את העונשים כדלקמן:,סיכום,דיון והכרעה,דיון והכרעה,דיון והכרעה,דיון והכרעה,דיון והכרעה
SH-23-09-35299-260,"הפעל מאסר מותנה בן 6 חודשים מגזר הדין ת/4, כך שמחציתו בחופף והיתרה - במצטבר;",סיכום,דיון והכרעה,דיון והכרעה,דיון והכרעה,דיון והכרעה,דיון והכרעה
SH-23-09-35299-260,"סך הכל, ירצה הנאשם עונש מאסר בפועל בן 21 חודשים, בניכוי ימי מעצרו בהתאם לרישומי שב""ס;",סיכום,דיון והכרעה,דיון והכרעה,דיון והכרעה,דיון והכרעה,דיון והכרעה
SH-23-09-35299-260,"12 חודשים מאסר על תנאי למשך 3 שנים מיום שחרורו של הנאשם ממאסר, והתנאי – שהנאשם לא יעבור עבירה בניגוד לפקודת הסמים המסוכנים [נוסח חדש], תשל""ג – 1973, או עבירה בניגוד לחוק המאבק בתופעת השימוש בחומרים מסכנים, תשע""ג – 2013, שהיא מסוג פשע;",סיכום,דיון והכרעה,דיון והכרעה,דיון והכרעה,דיון והכרעה,דיון והכרעה
SH-23-09-35299-260,"6 חודשים מאסר על תנאי למשך 3 שנים מיום שחרורו של הנאשם ממאסר, והתנאי – שהנאשם לא יעבור עבירה בניגוד לפקודת הסמים המסוכנים [נוסח חדש], תשל""ג – 1973, או עבירה בניגוד לחוק המאבק בתופעת השימוש בחומרים מסכנים, תשע""ג – 2013, שהיא מסוג עוון;",סיכום,דיון והכרעה,דיון והכרעה,דיון והכרעה,דיון והכרעה,דיון והכרעה
SH-23-09-35299-260,"4 חודשים מאסר על תנאי למשך 3 שנים מיום שחרורו של הנאשם ממאסרו, והתנאי – שהנאשם לא יעבור עבירה בניגוד לפקודת התעבורה [נוסח חדש], תשכ""א – 1961, סעיף 43;",סיכום,דיון והכרעה,דיון והכרעה,דיון והכרעה,דיון והכרעה,דיון והכרעה
SH-23-09-35299-260,"קנס בסך 15,000 ₪ או 120 ימי מאסר תמורתו. הקנס ישולם ב - 15 תשלומים שווים החל מיום 15.08.24 ובכל 15 לחודש העוקב. לא יעמוד הנאשם באחד התשלומים במועד – תעמוד היתרה לפירעון מידי;",סיכום,דיון והכרעה,דיון והכרעה,דיון והכרעה,דיון והכרעה,דיון והכרעה
SH-23-09-35299-260,"הנאשם יצהיר על התחייבות בסך 10,000 ₪ להימנע, בתוך שלוש שנים מיום שחרורו ממאסר, מכל עבירה המפעילה את אחד המאסרים המותנים בתיק זה. לא יצהיר הנאשם כאמור – ייאסר למשך 35 יום;",סיכום,דיון והכרעה,דיון והכרעה,דיון והכרעה,דיון והכרעה,דיון והכרעה
SH-23-09-35299-260,"בית המשפט מכריז על הנאשם סוחר סמים ומורה על חילוט סכומי הכסף שנתפסו עליו, לטובת קרן החילוט למאבק בסמים המסוכנים;",סיכום,דיון והכרעה,דיון והכרעה,דיון והכרעה,דיון והכרעה,דיון והכרעה
SH-23-09-35299-260,פסילה בפועל מקבל או מהחזיק רישיון נהיגה לרכב מנועי למשך שנה;,סיכום,דיון והכרעה,דיון והכרעה,דיון והכרעה,דיון והכרעה,דיון והכרעה
SH-23-09-35299-260,"הפעל פסילה על תנאי למשך שנה מגזר הדין ת/4, כך שחציה בחופף והיתרה במצטבר;",סיכום,דיון והכרעה,דיון והכרעה,דיון והכרעה,דיון והכרעה,דיון והכרעה
SH-23-09-35299-260,"סך הכל, ירצה הנאשם פסילה בפועל של רישיון הנהיגה למשך 18 חודשים. על הנאשם להפקיד רשיונו, או תצהיר מתאים, במזכירות בית המשפט, עד ליום העסקים הראשון שלאחר שחרורו ממאסר. מובהר לנאשם, כי החל ממועד זה – כל עוד לא הופקד הרישיון – יהיה הנאשם פסול מלנהוג, אך הפסילה לא תימנה;",סיכום,דיון והכרעה,דיון והכרעה,דיון והכרעה,דיון והכרעה,דיון והכרעה
SH-23-09-35299-260,"פסילה מקבל ומהחזיק רישיון נהיגה לרכב מנועי, בת שנה, על תנאי. תקופת התנאי -למשך 3 שנים מיום סיום הפסילה בפועל;",סיכום,דיון והכרעה,דיון והכרעה,דיון והכרעה,דיון והכרעה,דיון והכרעה
SH-23-09-35299-260,5129371השמדת הסמים המסוכנים - בחלוף תקופת הערעור.,סיכום,דיון והכרעה,דיון והכרעה,דיון והכרעה,דיון והכרעה,מידע אחר
SH-24-01-26596-264,"פקודת הסמים המסוכנים [נוסח חדש], תשל""ג-1973: סע'  7(א), (ג), 13, 19א, 37א(א)",nothing,מידע אחר,מידע אחר,מידע אחר,מידע אחר,מידע אחר
SH-24-01-26596-264,"חוק העונשין, תשל""ז-1977: סע'  40",nothing,מידע אחר,מידע אחר,מידע אחר,מידע אחר,מידע אחר
SH-24-01-26596-264,פקודת התעבורה [נוסח חדש]: סע'  43,nothing,מידע אחר,מידע אחר,מידע אחר,מידע אחר,מידע אחר
SH-24-01-26596-264,"חוק המאבק בתופעת השימוש בחומרים מסכנים, תשע""ג-2013",nothing,מידע אחר,מידע אחר,מידע אחר,מידע אחר,מידע אחר
SH-24-01-26596-264,הנאשם שלפני נותן את הדין בגין עבירות כדלקמן:,כתב האישום והסדר הטיעון,עובדות המקרה,עובדות המקרה,עובדות המקרה,עובדות המקרה,עובדות המקרה
SH-24-01-26596-264,"סחר בסמים מסוכנים, בניגוד לסעיף 13 ו- 19א לפקודת הסמים המסוכנים [נוסח חדש], תשל""ג – 1973 (שש עבירות);",כתב האישום והסדר הטיעון,עובדות המקרה,עובדות המקרה,עובדות המקרה,עובדות המקרה,עובדות המקרה
SH-24-01-26596-264,"אחזקת סם מסוכן שלא לצריכה עצמית, בניגוד לסעיף 7(א) ו-(ג) רישא לפקודה (עבירה אחת).",כתב האישום והסדר הטיעון,עובדות המקרה,עובדות המקרה,עובדות המקרה,עובדות המקרה,עובדות המקרה
SH-24-01-26596-264,"בהתאם לעובדות כתב האישום המתוקן כא/1, בהן הורשע הנאשם במסגרת הסדר טיעון, במועדים הרלוונטיים לעובדות כתב האישום, שימש השוטר מקסים שומסקי (להלן: ""הסוכן"") בפעילות כנגד סחר בסמים בעיר ערד (להלן: ""הפעילות"").",כתב האישום והסדר הטיעון,עובדות המקרה,עובדות המקרה,עובדות המקרה,עובדות המקרה,עובדות המקרה
SH-24-01-26596-264,"במסגרת הפעילות עשה הסוכן שימוש בטלפון סלולרי מבצעי שמספרו 052-5219530 (להלן: ""הטלפון המבצעי"").",כתב האישום והסדר הטיעון,עובדות המקרה,עובדות המקרה,עובדות המקרה,עובדות המקרה,עובדות המקרה
SH-24-01-26596-264,"במועדים הרלוונטיים לכתב האישום, החזיק הנאשם בטלפון סלולרי מסוג גלקסי שמספרו 053-7262975 (להלן: ""הטלפון"").",כתב האישום והסדר הטיעון,עובדות המקרה,עובדות המקרה,עובדות המקרה,עובדות המקרה,עובדות המקרה
SH-24-01-26596-264,"בתאריך 28.12.23 בסמוך לשעה 17:11 יצרה השוטרת יפעת בראל (להלן: ""השוטרת יפעת"") קשר באמצעות הטלפון המבצעי באמצעות ישומון הטלגראם דרך קבוצה בשם ""SKOPY"" וביקשה לרכוש ממנו סם מסוכן מסוג קנבוס במשקל של 30 גרם (להלן: ""הסם"") בתמורה ל- 1,000 ₪ (להלן: ""העסקה"").",אישום ראשון,עובדות המקרה,עובדות המקרה,עובדות המקרה,עובדות המקרה,עובדות המקרה
SH-24-01-26596-264,"בהמשך למתואר לעיל, וכחלק מתנאי העסקה, שלח הסוכן לנאשם דרך ישומון הטלגראם הודעה עם תמונתו ואמצעי זיהוי כתובת ומיקום לביצוע העסקה.",אישום ראשון,עובדות המקרה,עובדות המקרה,עובדות המקרה,עובדות המקרה,עובדות המקרה
SH-24-01-26596-264,"בהמשך לכך, בסמוך לשעה 17:42, הגיע הנאשם לחניית הרכבים ברחוב בן יאיר 24 בעיר ערד (להלן: ""המקום"") כשהוא נוהג ברכב מסוג סקודה אוקטביה ל.ז 56-748-12 (להלן: ""הרכב""), יצר קשר עם הסוכן לחניה ברחוב בן יאיר 24 בערד (להלן: ""המקום""), יצר קשר עם הסוכן כשהתקשר אליו ממספר חסום אל הטלפון המבצעי והכווין אותו להגיע לרכב.",אישום ראשון,עובדות המקרה,עובדות המקרה,עובדות המקרה,עובדות המקרה,עובדות המקרה
SH-24-01-26596-264,"מיד לאחר מכן, הסוכן פגש את הנאשם ברכב והנאשם מסר לסוכן סם מסוכן מסוג קנבוס במשקל כולל של 26.94 גרם נטו ובתמורה העביר הסוכן לנאשם כסף מזומן בסך 1,000 ₪, אז אמר הנאשם לסוכן ""אין בעיה אחי, אם אתה צריך עוד דבר איתי, יש לנו חומר איכותי"".",אישום ראשון,עובדות המקרה,עובדות המקרה,עובדות המקרה,עובדות המקרה,עובדות המקרה
SH-24-01-26596-264,"בהמשך למתואר לעיל, החל הנאשם בנסיעה לכיוון היציאה מהמקום כשהשוטרים אשר דרך ושחר בובליל (להלן: ""השוטר אשר"" ו- ""השוטר שחר"", יכונו יחדיו, ""השוטרים""), שנסעו בניידת משטרה סמויה, חסמו את נתיב נסיעתו של הנאשם ועצרו אותו.",אישום ראשון,עובדות המקרה,עובדות המקרה,עובדות המקרה,עובדות המקרה,עובדות המקרה
SH-24-01-26596-264,"באותן הנסיבות, החזיק הנאשם בדלת הנהג ברכב בשקית שקופה ובה סם מסוכן מסוג קנבוס במשקל כולל של 20.03 גרם, כסף מזומן בסך 600 ₪ וכן ב- 17 כרטיסי סים אשר היו פזורים ברכב.",אישום ראשון,עובדות המקרה,עובדות המקרה,עובדות המקרה,עובדות המקרה,עובדות המקרה
SH-24-01-26596-264,"במעשים המתוארים לעיל, סחר הנאשם בסם מסוכן מסוג קנבוס מבלי שקיבל היתר לכך בפקודה או מאת המנהל.",אישום ראשון,עובדות המקרה,עובדות המקרה,עובדות המקרה,עובדות המקרה,עובדות המקרה
SH-24-01-26596-264,"עוד במעשיו, החזיק הנאשם סם מסוכן מסוג קנבוס שלא לצריכתו העצמית מבלי שקיבל היתר לכך בפקודה או מאת המנהל.",אישום ראשון,עובדות המקרה,עובדות המקרה,עובדות המקרה,עובדות המקרה,עובדות המקרה
SH-24-01-26596-264,אישום שני – נמחק במסגרת הסדר הטיעון.,אישום ראשון,עובדות המקרה,עובדות המקרה,עובדות המקרה,עובדות המקרה,עובדות המקרה
SH-24-01-26596-264,"בתאריך 25.12.23 בשעה 18:27 או בסמוך לכך, יצר מר מור שלומי עזרזר (להלן: ""מור"") קשר עם הנאשם באמצעות ישומון הטלגראם דרך קבוצה בשם ""SKOPY"" וביקש לרכוש סם מסוכן (להלן: ""העסקה"").",אישום שלישי,עובדות המקרה,עובדות המקרה,עובדות המקרה,עובדות המקרה,עובדות המקרה
SH-24-01-26596-264,"בתגובה ביקשה הנאשם ממור שישלו לו פרטי אימות, טלפון וכתובת לביצוע העסקה.",אישום שלישי,עובדות המקרה,עובדות המקרה,עובדות המקרה,עובדות המקרה,עובדות המקרה
SH-24-01-26596-264,"בהמשך למתואר לעיל ולאחר שמור שלח לנאשם צילום רשיון הנהיגה שלו ומיקום למשלוח, בסמוך לשעה 19:40 הגיע הנאשם לרחוב האירוסים 52 בערד והעביר למור 10 גרם של סם מסוכן מסוג קנבוס ובתמורה העביר מור לנאשם כסף מזומן בסך 500 ₪.",אישום שלישי,עובדות המקרה,עובדות המקרה,עובדות המקרה,עובדות המקרה,עובדות המקרה
SH-24-01-26596-264,"במעשים המתוארים לעיל, סחר הנאשם בסם מסוכן מבלי שהדבר הותר בפקודה או מאת המנהל.",אישום שלישי,עובדות המקרה,עובדות המקרה,עובדות המקרה,עובדות המקרה,עובדות המקרה
SH-24-01-26596-264,"בתאריך 21.12.23 בשעה 20:38 או בסמוך לכך, יצר מר חאלד אבו ניע (להלן: ""חאלד"") קשר עם הנאשם באמצעות ישומון הטלגראם דרך קבוצה בשם ""SKOPY"" וביקש לרכוש סם מסוכן (להלן: ""העסקה"").",אישום רביעי,עובדות המקרה,עובדות המקרה,עובדות המקרה,עובדות המקרה,עובדות המקרה
SH-24-01-26596-264,"בתגובה ביקש הנאשם מחאלד שישלח לו פרטי אימות ומספר טלפון וקבעו להיפגש בתחנת הדלק דור אלון בכניסה לעיר ערד (להלן: ""המקום"").",אישום רביעי,עובדות המקרה,עובדות המקרה,עובדות המקרה,עובדות המקרה,עובדות המקרה
SH-24-01-26596-264,"באותן הנסיבות, בסמוך לשעה 21:20 הנאשם וחאלד נפגשו במקום. הנאשם העביר לחאלד 3 גרם קנבוס ובתמורה העביר חאלד לנאשם כסף מזומן בסך 200 ₪.",אישום רביעי,עובדות המקרה,עובדות המקרה,עובדות המקרה,עובדות המקרה,עובדות המקרה
SH-24-01-26596-264,"בתאריך 24.12.23 בסמוך לשעה 09:44 יצר חאלד קשר עם הנאשם באמצעות ישומון הטלגראם וביקש לרכוש ממנו סם מסוכן ""כמו בפעם הקודמת"" (להלן: ""הסם"") ושאל אותו אם יוכל להעביר לו את הסם לים המלח. בתגובה, השיב הנאשם לחאלד כי השליח לא נמצא כעת ויעביר לו את הסם אחרי הצהריים בסמוך לשעה 16:00.",אישום רביעי,עובדות המקרה,עובדות המקרה,עובדות המקרה,עובדות המקרה,עובדות המקרה
SH-24-01-26596-264,"בהמשך ובסמוך לשעה 16:24, פגש הנאשם את חאלד בים המלח והעביר לידיו גרם של סם מסוכן מסוג קנבוס ובתמורה העביר חאלד לנאשם כסף מזומן בסך 200 ₪.",אישום רביעי,עובדות המקרה,עובדות המקרה,עובדות המקרה,עובדות המקרה,עובדות המקרה
SH-24-01-26596-264,"במעשים המתוארים לעיל, סחר הנאשם בסם מסוכן מבלי שקיבל היתר לכך בפקודה או מאת המנהל.",אישום רביעי,עובדות המקרה,עובדות המקרה,עובדות המקרה,עובדות המקרה,עובדות המקרה
SH-24-01-26596-264,"בתאריך 26.11.23 בסמוך לשעה 09:35, יצרה גברת רדה סליקין (להלן: ""רדה"") קשר עם הנאשם באמצעות ישומון הטלגראם דרך קבוצה בשם ""SKOPY"" וביקשה לרכוש סם מסוכן (להלן: ""העסקה"").",אישום חמישי,עובדות המקרה,עובדות המקרה,עובדות המקרה,עובדות המקרה,עובדות המקרה
SH-24-01-26596-264,"בתגובה, השיב הנאשם לרדה כי ""לא קיבל, יש לי איזה 100 מהתות נשאר לי אני על הקצה"". בתגובה, שאלה רדה את הנאשם האם יש צפי שיקבל ובתגובה השיב הנאשם שיעדכן אותה היום ועושה כל מיני מאמצים.",אישום חמישי,עובדות המקרה,עובדות המקרה,עובדות המקרה,עובדות המקרה,עובדות המקרה
SH-24-01-26596-264,"בהמשך באותו היום, בסמוך לשעה 19:09, רדה יצרה עם הנאשם בשנית ושאלה אם יש חדשות מאז שדיברו. בתגובה השיב הנאשם כי אמור לקבל הלילה ומסר כי ישלח לה דוגמא ששלח לרדה תמונה של פרח קנבוס והוסיף כי לא קיבל עליו מידע אולם זה סוג ""אינדיקה"" ומסר כי בסמוך לשעה 22:00 יגיע אליו.",אישום חמישי,עובדות המקרה,עובדות המקרה,עובדות המקרה,עובדות המקרה,עובדות המקרה
SH-24-01-26596-264,"בהמשך למתואר לעיל, בסמוך לשעה 22:00 שלח הנאשם הודעה לרדה בה כתב לה ""קיבלתי"" וציין כי הסוג הוא ""כושי פרסי"" וכי שולח לה דוגמא לחוות דעת. בתגובה ביקשה רדה מהנאשם שישלח לה יותר מדוגמית וביקשה שיתן לה בקרדיט.",אישום חמישי,עובדות המקרה,עובדות המקרה,עובדות המקרה,עובדות המקרה,עובדות המקרה
SH-24-01-26596-264,"בהמשך למתואר לעיל, בסמוך לשעה 22:59 הגיע הנאשם לחניה ברחוב שמעון 7 בערד ומסר לרדה 40 גרם קנבוס ובתמורה העבירה רדה לנאשם כסף מזומן בסך 400 ₪.",אישום חמישי,עובדות המקרה,עובדות המקרה,עובדות המקרה,עובדות המקרה,עובדות המקרה
SH-24-01-26596-264,"בהמשך, בסמוך לשעה 23:05 שלחה רדה הודעה לנאשם וכתבה לו ""קיבלתי תודה"" ואז הנאשם ורדה שוחחו על איכות הסמים שרכשה.",אישום חמישי,עובדות המקרה,עובדות המקרה,עובדות המקרה,עובדות המקרה,עובדות המקרה
SH-24-01-26596-264,"בתאריך 19.12.23 בשעה 17:58 שלח הנאשם הודעה לרדה וכתב לה ""רוצה לשלוח לך 40"". בתגובה, רדה כתבה לנאשם ""שלח לי, בבקשה"" והנאשם עדכן את רדה כי יגיע שליח בסמוך לשעה 20:00.",אישום חמישי,עובדות המקרה,עובדות המקרה,עובדות המקרה,עובדות המקרה,עובדות המקרה
SH-24-01-26596-264,"בהמשך למתואר לעיל, בסמוך לשעה 19:30, הגיע הנאשם לחניה ברחוב שמעון 7 בערד ומסר לרדה 40 גרם קנבוס ובתמורה העבירה רדה לנאשם כסף מזומן בסך 400 ש""ח.",אישום חמישי,עובדות המקרה,עובדות המקרה,עובדות המקרה,עובדות המקרה,עובדות המקרה
SH-24-01-26596-264,"בהמשך, בסמוך לשעה 19:42, רדה שלחה הודעה לנאשם בה כתבה כי מסרה רק 400 ₪ כי ""רוצה שישאר לי משהו בקטנה ביד, סוף החודש וזה. נשלים לך בנגלה הבאה"".",אישום חמישי,עובדות המקרה,עובדות המקרה,עובדות המקרה,עובדות המקרה,עובדות המקרה
SH-24-01-26596-264,"בין הצדדים נקשר הסדר טיעון, במסגרתו תוקן כתב האישום, והנאשם הודה והורשע בעובדות ובעבירות שבכתב האישום המתוקן.",אישום חמישי,עובדות המקרה,עובדות המקרה,עובדות המקרה,עובדות המקרה,עובדות המקרה
SH-24-01-26596-264,"ההסדר לא כלל הסכמה לענין העונש, אך הוסכם על חילוט הכסף שנתפס ברכב, בסך 600 ₪, לטובת קרן החילוט.",אישום חמישי,עובדות המקרה,עובדות המקרה,עובדות המקרה,עובדות המקרה,עובדות המקרה
SH-24-01-26596-264,מכאן – גזר דין זה.,אישום חמישי,עובדות המקרה,עובדות המקרה,מידע אחר,עובדות המקרה,מידע אחר
SH-24-01-26596-264,"התביעה הגישה, לענין העונש, גיליון הרשעות פלילי של הנאשם (ת/1) – לחובת הנאשם, הרשעה בגין שלושה תיקי חקירה שצורפו לכתב אישום אחד, בעבירות של פריצה לרכב בכוונה לגנוב; גניבה מרכב; פריצה לרכב; קבלת דבר במרמה; הונאה בכרטיסי חיוב.",ראיות לעונש,ראיות לעונש,ראיות לעונש,ראיות לעונש,ראיות לעונש,ראיות לעונש
SH-24-01-26596-264,"ההגנה הגישה, לענין העונש, מסמך רפואי (נ/1) ממנו עולה, כי הנאשם סובל מ""פריצת דיסק"".",ראיות לעונש,ראיות לעונש,ראיות לעונש,ראיות לעונש,ראיות לעונש,ראיות לעונש
SH-24-01-26596-264,התביעה הגישה טיעוניה בכתב (ת/2) והשלימה אותן על פה.,טענות הצדדים,טיעוני הצדדים,טיעוני הצדדים,טיעוני הצדדים,טיעוני הצדדים,טיעוני הצדדים
SH-24-01-26596-264,"התביעה טענה, כי מעשי הנאשם פגעו בערכים המוגנים של הגנה על בריאות הציבור ושלומו ועל הגנתו מהסיכון מפני עבירות פליליות ונזקים ישירים ועקיפים הנגרמים כתוצאה מסמים.",טענות הצדדים,טיעוני הצדדים,טיעוני הצדדים,טיעוני הצדדים,טיעוני הצדדים,טיעוני הצדדים
SH-24-01-26596-264,"התביעה טענה, כי גם העבירה של החזקת סם שלא לצריכה עצמית, היא ""אחותה"" של עבירת הסחר בסמים.",טענות הצדדים,טיעוני הצדדים,טיעוני הצדדים,טיעוני הצדדים,טיעוני הצדדים,טיעוני הצדדים
SH-24-01-26596-264,"התביעה טענה, כי עבירות הסחר נעברו תוך שימוש באמצעים דיגיטליים, באמצעות ישומון הטלגרם.",טענות הצדדים,טיעוני הצדדים,טיעוני הצדדים,טיעוני הצדדים,טיעוני הצדדים,טיעוני הצדדים
SH-24-01-26596-264,"התביעה טענה, כי הנאשם סיפק את הסם בתוך דקות מאז שהגיע אליו ההזמנה, ומכאן, שהנאשם מעורה בעולם הסמים. כך למשל, חלק מהפונים הם לקוחות ""חוזרים"", ואף מדברי הנאשם ניתן ללמוד, כי ברשותו סמים מסוגים שונים ובכמויות שונות.",טענות הצדדים,טיעוני הצדדים,טיעוני הצדדים,טיעוני הצדדים,טיעוני הצדדים,טיעוני הצדדים
SH-24-01-26596-264,"בנוסף, החזיק הנאשם בסם מסוכן מסוג קנביס במשקל 20.03 גרם נטו, שלא לצריכתו העצמית, לצד 600 ₪ ו-17 כרטיסי סים.",טענות הצדדים,טיעוני הצדדים,טיעוני הצדדים,עובדות המקרה,טיעוני הצדדים,טיעוני הצדדים
SH-24-01-26596-264,התביעה ביקשה לקחת בחשבון את כמות העסקאות ואת התקופה בה פעל הנאשם.,טענות הצדדים,טיעוני הצדדים,טיעוני הצדדים,טיעוני הצדדים,טיעוני הצדדים,טיעוני הצדדים
SH-24-01-26596-264,"התביעה טענה, כי אין המדובר במעידה חד פעמית אלא פעילות מאורגנת ושיטתית.",טענות הצדדים,טיעוני הצדדים,טיעוני הצדדים,טיעוני הצדדים,טיעוני הצדדים,טיעוני הצדדים
SH-24-01-26596-264,התביעה עתרה למתחם ענישה הנע בין 34 ועד 60 חודשי מאסר בפועל.,טענות הצדדים,טיעוני הצדדים,טיעוני הצדדים,טיעוני הצדדים,טיעוני הצדדים,טיעוני הצדדים
SH-24-01-26596-264,"התביעה ביקשה לקחת בחשבון את הרשעתו הקודמת של הנאשם בגין עבירות רכוש, בגינה ריצה עונש מאסר.",טענות הצדדים,טיעוני הצדדים,טיעוני הצדדים,ראיות לעונש,טיעוני הצדדים,טיעוני הצדדים
SH-24-01-26596-264,"התביעה טענה, כי במקרה דנן, אין נסיבות לקולה המצדיקות חריגה ממתחם הענישה, ויש להעדיף שיקולי גמול והרתעת היחיד והרבים.",טענות הצדדים,טיעוני הצדדים,טיעוני הצדדים,טיעוני הצדדים,טיעוני הצדדים,טיעוני הצדדים
SH-24-01-26596-264,התביעה עתרה למקם את עונשו של הנאשם ברף הבינוני של מתחם הענישה לצד מאסרים מותנים; פסילה בפועל ועל תנאי של רישיון הנהיגה; קנס משמעותי.,טענות הצדדים,טיעוני הצדדים,טיעוני הצדדים,טיעוני הצדדים,טיעוני הצדדים,טיעוני הצדדים
SH-24-01-26596-264,"בטיעוניה על פה, הוסיפה התביעה, בדבר ההסכמה לחילוט סכום של 600 ₪.",טענות הצדדים,טיעוני הצדדים,טיעוני הצדדים,טיעוני הצדדים,טיעוני הצדדים,טיעוני הצדדים
SH-24-01-26596-264,"ההגנה טענה, כי בחלק מהעסקאות, אשר היו באמצעות ישומון, לא נתפס הסם, והרשעת הנאשם התבססה על אמרותיו בחקירה.",טענות הצדדים,טיעוני הצדדים,טיעוני הצדדים,טיעוני הצדדים,טיעוני הצדדים,טיעוני הצדדים
SH-24-01-26596-264,"ההגנה טענה, כי העסקאות נעשו מול ""צרכני סם"" והנאשם לא היה זה שהכיר להם את הסם.",טענות הצדדים,טיעוני הצדדים,טיעוני הצדדים,טיעוני הצדדים,טיעוני הצדדים,טיעוני הצדדים
SH-24-01-26596-264,"ההגנה טענה, כי לא הוגשו כתבי אישום נגד הרוכשים ולכן אין שוויוניות.",טענות הצדדים,טיעוני הצדדים,טיעוני הצדדים,טיעוני הצדדים,טיעוני הצדדים,טיעוני הצדדים
SH-24-01-26596-264,"ההגנה טענה, כי העבירות נעברו בסמיכות זמנים ולכן מדובר באירוע אחד.",טענות הצדדים,טיעוני הצדדים,טיעוני הצדדים,טיעוני הצדדים,טיעוני הצדדים,טיעוני הצדדים
SH-24-01-26596-264,"ההגנה הפנתה לנסיבותיו האישיות של הנאשם, צעיר, נשוי ואב לשני קטינים, אשר גדל בבית חסר הכוונה עם מצב סוציו-אקונומי נמוך. כן ביקשה לקחת בחשבון נסיבות רפואיות.",טענות הצדדים,טיעוני הצדדים,טיעוני הצדדים,טיעוני הצדדים,טיעוני הצדדים,טיעוני הצדדים
SH-24-01-26596-264,"ההגנה ביקשה לקחת בחשבון, כי הנאשם הודה באשמה, נטל אחריות על מעשיו וחסך זמן שיפוטי יקר.",טענות הצדדים,טיעוני הצדדים,טיעוני הצדדים,טיעוני הצדדים,טיעוני הצדדים,טיעוני הצדדים
SH-24-01-26596-264,"ההגנה טענה, כי אין לזקוף לחובת הנאשם העובדה, שלא פנה להערכת שירות המבחן למבוגרים.",טענות הצדדים,טיעוני הצדדים,טיעוני הצדדים,טיעוני הצדדים,טיעוני הצדדים,טיעוני הצדדים
SH-24-01-26596-264,"ההגנה טענה, כי הנאשם מעד זו הפעם הראשונה בתחום עבירות סמים, לכן יש לשקול שלא למצות את הדין עמו.",טענות הצדדים,טיעוני הצדדים,טיעוני הצדדים,טיעוני הצדדים,טיעוני הצדדים,טיעוני הצדדים
SH-24-01-26596-264,"ההגנה טענה, כי מתחם הענישה אליו עתרה התביעה הינו גבוה ולא הולם את נסיבות המקרה, ועתרה למתחם ענישה הנע בין מספר חודשי עבודות שירות ועד 12 חודשי מאסר בפועל.",טענות הצדדים,טיעוני הצדדים,טיעוני הצדדים,טיעוני הצדדים,טיעוני הצדדים,טיעוני הצדדים
SH-24-01-26596-264,"אשר לפסילה, טענה ההגנה, כי מחזיק הנאשם בשלושה סוגים של רישיון נהיגה, ועתרה להשאיר בידו את הרישיון מסוג B.",טענות הצדדים,טיעוני הצדדים,טיעוני הצדדים,טיעוני הצדדים,טיעוני הצדדים,טיעוני הצדדים
SH-24-01-26596-264,"ההגנה אישרה, כי הוסכם על חילוט הכסף שנתפס בסך 600 ₪.",טענות הצדדים,טיעוני הצדדים,טיעוני הצדדים,טיעוני הצדדים,טיעוני הצדדים,טיעוני הצדדים
SH-24-01-26596-264,"ההגנה ביקשה מבית המשפט להתחשב בנאשם, אשר, לטענתה – ""סיים עם עניין הסמים"" ומשלם מחיר על מעשיו.",טענות הצדדים,טיעוני הצדדים,טיעוני הצדדים,טיעוני הצדדים,טיעוני הצדדים,טיעוני הצדדים
SH-24-01-26596-264,"בדברו האחרון של הנאשם מסר, כי הוא מודה ומצטער על מעשיו. לדבריו, הוא רוצה לראות את ילדיו הקטנים, לעבוד ולהשתקם.",טענות הצדדים,טיעוני הצדדים,טיעוני הצדדים,טיעוני הצדדים,טיעוני הצדדים,טיעוני הצדדים
SH-24-01-26596-264,העבירות שעבר הנאשם חמורות.,דיון והכרעה,דיון והכרעה,דיון והכרעה,טיעוני הצדדים,דיון והכרעה,דיון והכרעה
SH-24-01-26596-264,עבירות בתחום הסמים המסוכנים נושאות בחובן פוטנציאל לפגיעה משמעותית בחברה.,דיון והכרעה,דיון והכרעה,דיון והכרעה,טיעוני הצדדים,דיון והכרעה,דיון והכרעה
SH-24-01-26596-264,"מדובר בנגע המתפשט במהירות ומשחית חייהם של אנשים, בין אם זה ציבור המשתמשים בסמים ובין אם ציבור הנפגעים מעבירות המבוצעות ע""י אלו המשתמשים בסמים.",דיון והכרעה,דיון והכרעה,דיון והכרעה,טיעוני הצדדים,דיון והכרעה,דיון והכרעה
SH-24-01-26596-264,"המשתמשים בסמים הופכים – מאזרחים עמלניים, המנהלים חיים מסודרים, למי שעומדים בשולי החברה, אינם תורמים לאחרים ולא זו אלא, שהטיפול בהם ופרנסתם מוטלים על אחרים.",דיון והכרעה,דיון והכרעה,דיון והכרעה,טיעוני הצדדים,דיון והכרעה,דיון והכרעה
SH-24-01-26596-264,"בנוסף, כתוצאה מעבירות אלה, מועברים מיד ליד כספים בלתי מדווחים בהיקף עצום, חלקם מוצאים דרכם למימון פעילות עבריינית בתחומים שונים.",דיון והכרעה,דיון והכרעה,דיון והכרעה,טיעוני הצדדים,דיון והכרעה,דיון והכרעה
SH-24-01-26596-264,"כל זאת, בשל עבריינים המחזיקים ומפיצים סמים מסוכנים, בדומה לנאשם דנן.",דיון והכרעה,דיון והכרעה,דיון והכרעה,טיעוני הצדדים,דיון והכרעה,דיון והכרעה
SH-24-01-26596-264,"על אף רוחות שונות הנושבות בתחום זה, גם סם מסוכן מסוג קנביס, הוא חומר ממכר, ששימוש מתמשך בו עלול לגרום נזקים לא קלים בתחום התובנה, תפיסת המציאות ובייחוד בתחום התפקודי והתעסוקתי, ומכאן גם – נזקים חברתיים.",דיון והכרעה,דיון והכרעה,דיון והכרעה,טיעוני הצדדים,דיון והכרעה,דיון והכרעה
SH-24-01-26596-264,"על חומרתן של עבירות סחר בסם מסוכן, ראו ע""פ 2596/18 זנזורי נ' מדינת ישראל (פורסם במאגרים):",דיון והכרעה,דיון והכרעה,דיון והכרעה,טיעוני הצדדים,דיון והכרעה,דיון והכרעה
SH-24-01-26596-264,"צרכנים ומשתמשים ואנשים נורמטיביים, שבעבר לא היו נכונים ליטול על עצמם סיכון להסתבך בעולם הפלילי, נכונים כיום לילך צעד נוסף ולהפוך למגדלים ולסוחרים בסם. זאת, מתוך תפיסה שגויה כי מדובר ב""סמים קלים"", ובהינתן הטכנולוגיה המאפשרת מכירה והפצה קלה ו""סטרילית"" של סמים. ברם, סחר בסמים הוא סחר בסמים. ידע כל מי שמהרהר בדרכים לעשיית כסף קל, כי מדיניות הענישה לא השתנתה ובית המשפט רואה בחומרה עבירות של סחר והפצה של סמים מסוכנים, גם סמים ""קלים"", תוך הטלת ענישה משמעותית ומרתיעה. צרכנים ומשתמשים – ראו הוזהרתם (ההדגשה אינה במקור).",דיון והכרעה,דיון והכרעה,דיון והכרעה,טיעוני הצדדים,דיון והכרעה,דיון והכרעה
SH-24-01-26596-264,"עוד ראו רע""פ 8695/19 פסו נ' מדינת ישראל (פורסם במאגרים):",דיון והכרעה,דיון והכרעה,דיון והכרעה,טיעוני הצדדים,דיון והכרעה,דיון והכרעה
SH-24-01-26596-264,"בית משפט זה שב והדגיש כי על מדיניות הענישה בגין סחר והפצה של סמים מסוכנים, ובכללן סמים הנחשבים כ""סמים קלים"", להיות מרתיעה ומשמעותית, וכי יש לראות בחומרה ניסיונות לעשיית רווח כספי באמצעות סחר בסמים אלה.",דיון והכרעה,דיון והכרעה,דיון והכרעה,דיון והכרעה,דיון והכרעה,דיון והכרעה
SH-24-01-26596-264,(ההדגשות - אינן במקור).,דיון והכרעה,דיון והכרעה,דיון והכרעה,דיון והכרעה,דיון והכרעה,דיון והכרעה
SH-24-01-26596-264,"עוד ראו עפ""ג 53142-12-16 רחמימוב נ' מדינת ישראל (פורסם במאגרים):",דיון והכרעה,דיון והכרעה,דיון והכרעה,דיון והכרעה,דיון והכרעה,דיון והכרעה
SH-24-01-26596-264,"עבירות של סחר בסמים מסוכנים הן עבירות חמורות. בית המשפט העליון חזר וקבע, כי הסמים המסוכנים פשטו בקרבנו כנגע חברתי, אשר השלכותיו הרסניות וסכנותיו רחבות היקף. בשל הנזק החברתי רב העוצמה, שגורמת עבירה של סחר בסם מסוכן שלא לצריכה עצמית, זוהי עבירה שככלל ראוי שכל המבצע אותה יישא בעונש מאסר בפועל משמעותי וממושך מאחורי סורג ובריח.",דיון והכרעה,דיון והכרעה,דיון והכרעה,דיון והכרעה,דיון והכרעה,דיון והכרעה
SH-24-01-26596-264,(ההדגשה - אינה במקור).,דיון והכרעה,דיון והכרעה,דיון והכרעה,דיון והכרעה,דיון והכרעה,דיון והכרעה
SH-24-01-26596-264,"כן ראו ע""פ 211/09 אזולאי נ' מדינת ישראל (פורסם במאגרים):",דיון והכרעה,דיון והכרעה,דיון והכרעה,דיון והכרעה,דיון והכרעה,דיון והכרעה
SH-24-01-26596-264,"הענישה בעבירות מסוג זה נועדה, קודם לכל, לשרת את מטרת הגמול לעבריין על עיסוק בסם העלול לסכן חיי אדם ולפגוע בבריאות המשתמשים בו; שנית, על העונש להעביר מסר חד-משמעי של הרתעה ביחס לעבריינים פוטנציאליים, ולשמש אות אזהרה אפקטיבי לכל מי שמתכוון לקחת חלק במערכת ההעברות והסחר בסמים, תהא אשר תהא הפונקציה אותה הוא ממלא בשרשרת זו של העברת הסם מיד ליד. מזה זמן רב, מדגישים בתי המשפט בפסיקתם את חשיבות הערך הענישתי בעבירות סמים כאחד הכלים החשובים בפעילות לביעורו של נגע הסמים. ההחמרה בענישה בגין עבירות סמים משרתת את מטרות הגמול וההרתעה, שהן היעדים העיקריים של הענישה בתחום הסמים.",דיון והכרעה,דיון והכרעה,דיון והכרעה,דיון והכרעה,דיון והכרעה,דיון והכרעה
SH-24-01-26596-264,"בנוגע לעבירה של החזקת סם שלא לצריכה עצמית, ראו דברי בית המשפט העליון במסגרת ע""פ 1345/08 איסטחרוב נ' מדינת ישראל (פורסם במאגרים):",דיון והכרעה,דיון והכרעה,דיון והכרעה,דיון והכרעה,דיון והכרעה,דיון והכרעה
SH-24-01-26596-264,"אין מנוס מהכבדת היד על המחזיקים סמים שלא לצריכה עצמית, שכל בר דעת מבין כי נועדו לצריכת הזולת, קרי, להוספת שמן על מדורת הסמים אשר להבותיה אופפות רבים וטובים, או רבים שהיו טובים. עבירה זו היא תאומתה הסטטוטורית של עבירת הסחר בסמים, אלא שלא ניתן להוכיח לגביה את הסחר עצמו, ונקבע לשתיהן עונשה זהה, עונש מירבי של עשרים שנות מאסר וקנס פי עשרים וחמישה מזה הקבוע בסעיף 61(א)(4) לחוק העונשין, העומד כיום על 202,000 ₪...",דיון והכרעה,דיון והכרעה,דיון והכרעה,דיון והכרעה,דיון והכרעה,דיון והכרעה
SH-24-01-26596-264,"על בית המשפט להרתיע היחיד והרבים מפני עבירות הסמים, ולהילחם בתופעה הקשה של נגע הסמים, הצוברת תאוצה בשנים האחרונות.",דיון והכרעה,דיון והכרעה,דיון והכרעה,דיון והכרעה,דיון והכרעה,דיון והכרעה
SH-24-01-26596-264,"להלן, תובא סקירה של מדיניות הענישה הנוהגת:",דיון והכרעה,דיון והכרעה,דיון והכרעה,דיון והכרעה,דיון והכרעה,דיון והכרעה
SH-24-01-26596-264,"עפ""ג 4842-05-23 בן נח נ' מדינת ישראל – המערער הורשע, על פי הודאתו, בעבירות של סיוע לסחר בסם מסוכן מסוג קנביס והחזקת סם שלא לצריכה עצמית. בהתאם לעובדות כתב האישום המתוקן, סייע הנאשם לאחר לסחור בסם מסוכן מסוג קנביס במשקל 9.94 גרם תמורת 500 ₪, ובאותו מעמד, החזיק ברכבו בסם מסוכן מסוג קנביס, במשקל 530 גרם, שלא לצריכתו העצמית. מותב זה קבע מתחם ענישה הנע בין 12 ועד 24 חודשי מאסר בפועל, וגזר על הנאשם 15 חודשי מאסר, לצד ענישה נלווית וחילוט הרכב בו הסתייע. בשל נסיבות מיוחדות של נאשם זה, הסכימה המשיבה לבקשת ההגנה להפחית את עונש המאסר ל-11 חודשי מאסר וביטול פסילת רישיון הנהיגה בפועל, כאשר לא היה כל שינוי ביתר רכיבי גזר הדין. בית המשפט המחוזי (כב' השופט א' ביתן) ציין, כי העונש שהוטל על הנאשם בבית המשפט קמא הינו מתאים למעשה העבירה.",דיון והכרעה,דיון והכרעה,דיון והכרעה,דיון והכרעה,דיון והכרעה,דיון והכרעה
SH-24-01-26596-264,"ת""פ 64772-05-22 מדינת ישראל נ' אבו בלאל – הנאשם הורשע, על פי הודאתו, בעבירה של ניסיון לסחר בסם מסוכן מסוג קנביס במשקל 850 גרם, תמורת 7,500 ₪. מותב זה אימץ את מתחם הענישה אליו עתרה התביעה והעמידו כך שינוע בין 10 ועד 20 חודשי מאסר, תוך שציין בגזר הדין, כי ראוי היה לעתור למתחם ענישה גבוה יותר.",דיון והכרעה,דיון והכרעה,דיון והכרעה,דיון והכרעה,דיון והכרעה,דיון והכרעה
SH-24-01-26596-264,"ת""פ 5072-11-21 מדינת ישראל נ' אבן עתמי – הנאשם הורשע, על פי הודאתו, בעבירות של קשירת קשר לעשות פשע, סחר בסם מסוכן מסוג קנביס והחזקת סם מסוכן מסוג קנביס שלא לצריכה עצמית. בעסקה הראשונה, מכר הנאשם לסוכן סם מסוכן מסוג קנביס במשקל 24 גרם נטו, תמורת 400 ₪; בעסקה השניה, מכר הנאשם לסוכן סם מסוכן מסוג קנביס במשקל 14.85 גרם נטו תמורת 300 ₪; בעסקה השלישית, מכר הנאשם לאחר סם מסוכן מסוג קנביס במשקל 7.08 גרם תמורת 300 ₪ ובאותו מעמד, החזיק ברכבו בסם מסוכן מסוג קנביס במשקל 77.06 גרם, שלא לצריכתו העצמית. מותב זה קבע מתחם ענישה הנע בין 10 ועד 20 חודשי מאסר.",דיון והכרעה,דיון והכרעה,דיון והכרעה,דיון והכרעה,דיון והכרעה,דיון והכרעה
SH-24-01-26596-264,"בית המשפט עיין בפסיקה שהוגשה מטעם באי כוח הצדדים. אולם, קביעת מתחם הענישה היא בהתאם לנסיבות המקרה העומד לדיון, וסקירת מדיניות הענישה הנוהגת היא רק שיקול אחד מבין כלל השיקולים אותו עושה בית המשפט בקובעו מתחם ענישה הולם. בהתאם להוראות סעיף 40 לחוק העונשין, תשל""ז – 1977, בבואו של בית המשפט לקבוע מתחם ענישה, רשאי לקחת בחשבון מכלול שיקולים, בין היתר, נסיבות ביצוע העבירה; משך ההתנהגות העבריינית; מידת הפגיעה בערכים המוגנים; וכן, שיקולים נוספים.",דיון והכרעה,דיון והכרעה,דיון והכרעה,דיון והכרעה,דיון והכרעה,דיון והכרעה
SH-24-01-26596-264,"במקרה דנן, קיימות מספר נסיבות לחומרה, שיש בהן כדי להעיד על פעילות עקבית ומאורגנת בתחום הסחר בסמים מסוכנים, וכן על היות הנאשם בדרג משמעותי בהיררכיה העבריינית: הנאשם היה פעיל במסגרת קבוצת טלגרם העוסקת במכירה של סמים מסוכנים; הנאשם ערך עסקאות עם לקוחות שנחזו להיות מזדמנים; הנאשם החזיק בסמים בתצורות שונות; הנאשם סיפק הסמים מידית לאחר הסיכום, ומכאן שהיו בידו סמים באופן זמין; העסקאות לא נערכו בכמויות קטנות, אלא בכמויות בינוניות.",דיון והכרעה,דיון והכרעה,דיון והכרעה,דיון והכרעה,דיון והכרעה,דיון והכרעה
SH-24-01-26596-264,לאור ריבוי העסקאות; משך הזמן בו פעל הנאשם; טיב הסם; כמות הסם בה סחר הנאשם; וכמות הסם שהחזיק הנאשם שלא לצריכתו העצמית – מוצא בית המשפט להעמיד את מתחם הענישה כך שינוע בין 20 ועד 50 חודשי מאסר.,דיון והכרעה,דיון והכרעה,דיון והכרעה,דיון והכרעה,דיון והכרעה,דיון והכרעה
SH-24-01-26596-264,"עובדות כתב האישום המתוקן והמוסכם בהן הודה הנאשם, ובכללן – האופן בו נערכו העסקאות למכירת הסמים המסוכנים, בין היתר לסוכן משטרתי, תוך אספקת סמים באופן מידי ובמשקל גבוה מעידות על מעורבות עומק בעולם הסמים המסוכנים, וכי הנאשם אינו ""קוטל קנים"" בתחום הסמים.",קביעת הענישה הספציפית ,דיון והכרעה,דיון והכרעה,דיון והכרעה,דיון והכרעה,דיון והכרעה
SH-24-01-26596-264,"לחובת הנאשם, הרשעה קודמת בגין מספר עבירות רכוש כלפי רכבים וכן עבירות של מרמה והונאה, בגינה ריצה עונש מאסר בן ששה חודשים.",קביעת הענישה הספציפית ,דיון והכרעה,דיון והכרעה,דיון והכרעה,דיון והכרעה,דיון והכרעה
SH-24-01-26596-264,באלו יש ללמד על יחסו של הנאשם לחוק ועל כך שלא היה במאסר שהוטל עליו כדי להניא אותו מלעבור שוב על החוק ולגרום לו לנהל אורח חיים נורמטיבי.,קביעת הענישה הספציפית ,דיון והכרעה,דיון והכרעה,דיון והכרעה,דיון והכרעה,דיון והכרעה
SH-24-01-26596-264,"לזכות הנאשם, תלקחנה הודאתו באשמה ונטילת האחריות מצדו.",קביעת הענישה הספציפית ,דיון והכרעה,דיון והכרעה,דיון והכרעה,דיון והכרעה,דיון והכרעה
SH-24-01-26596-264,"במכלול השיקולים, נוטה הכף לקביעת העונש בשליש התחתון של מתחם הענישה, אך לא בתחתית המתחם.",קביעת הענישה הספציפית ,דיון והכרעה,דיון והכרעה,דיון והכרעה,דיון והכרעה,דיון והכרעה
SH-24-01-26596-264,"בצד עונש המאסר, יושתו עונשים נוספים בדמות מאסר על תנאי, פסילת רישיון נהיגה בפועל ועל תנאי, קנס משמעותי, וחילוט הכסף שנתפס על הנאשם.",קביעת הענישה הספציפית ,דיון והכרעה,דיון והכרעה,דיון והכרעה,דיון והכרעה,דיון והכרעה
SH-24-01-26596-264,"בכל הנוגע לעיצומים הכספיים, עבירות סמים, בבסיסן, נעברות מתוך מניע של רווח כלכלי, זאת על חשבון שלום הציבור ובריאותו.",קביעת הענישה הספציפית ,דיון והכרעה,דיון והכרעה,דיון והכרעה,דיון והכרעה,דיון והכרעה
SH-24-01-26596-264,"כאמור לעיל, המדובר בעבירות, בעטיין מתגלגלים סכומים גדולים של כספים בלתי מדווחים, המוצאים דרכם למימון פעילות עבריינית מסוגים שונים.",קביעת הענישה הספציפית ,דיון והכרעה,דיון והכרעה,דיון והכרעה,דיון והכרעה,דיון והכרעה
SH-24-01-26596-264,"הנאשם סחר בסמים בתמורת סכומי כסף בלתי מבוטלים, והחזיק ברכבו בכמות סמים בעלת שווי רב. לאור האמור, ולאור המניע הכלכלי שבעבירות הסמים, יש הצדקה להשתת עיצום כספי משמעותי, ומצדיקה את חילוט הכסף שנתפס על הנאשם, אשר לגביו הוצגה הסכמת באי כוח הצדדים.",קביעת הענישה הספציפית ,דיון והכרעה,דיון והכרעה,דיון והכרעה,דיון והכרעה,דיון והכרעה
SH-24-01-26596-264,"אשר לרכיב פסילת רישיון הנהיגה, מתוקף סמכותו של בית המשפט, בהתאם להוראות סעיף 37א(א) לפקודת הסמים המסוכנים [נוסח חדש], תשל""ג – 1973 וכן סעיף 43 לפקודת התעבורה [נוסח חדש], תשכ""א – 1961, מוצא בית המשפט להורות על פסילת רישיון הנהיגה של הנאשם, בפועל ועל תנאי, שהרי נהג הנאשם ברכבו על מנת להוביל את הסמים המסוכנים בעסקאות הסחר שביצע, ואף החזיק סמים ברכבו (הגם שלא יוחסה לו עבירה של הסתייעות ברכב לעבור עבירה, הרי שמדובר בעובדות בהן הודה הנאשם). עובדה זו היתה עשויה גם להצדיק את חילוט הרכב, אך משלא עתרה התביעה לרכיב ענישה זה במסגרת פרשת העונש, ואף לא בסיפא לכתב האישום, לא יחמיר בית המשפט מעבר לעמדת התביעה.",קביעת הענישה הספציפית ,דיון והכרעה,דיון והכרעה,דיון והכרעה,דיון והכרעה,דיון והכרעה
SH-24-01-26596-264,לאחר שבית המשפט שמע טיעוני הצדדים על פה; עיין בראיות לעונש; עיין בפסיקה שהוגשה; שמע דברו האחרון של הנאשם; גוזר על הנאשם את העונשים כדלקמן:,סיכום,דיון והכרעה,דיון והכרעה,דיון והכרעה,דיון והכרעה,דיון והכרעה
SH-24-01-26596-264,"24 חודשי מאסר בפועל, בניכוי ימי מעצרו בהתאם לרישומי שב""ס;",סיכום,דיון והכרעה,דיון והכרעה,דיון והכרעה,דיון והכרעה,דיון והכרעה
SH-24-01-26596-264,"12 חודשים מאסר על תנאי למשך 3 שנים מיום שחרורו של הנאשם ממאסר, והתנאי – שהנאשם לא יעבור עבירה בניגוד לפקודת הסמים המסוכנים [נוסח חדש], תשל""ג – 1973, או עבירה בניגוד לחוק המאבק בתופעת השימוש בחומרים מסכנים, תשע""ג – 2013, שהיא מסוג פשע;",סיכום,דיון והכרעה,דיון והכרעה,דיון והכרעה,דיון והכרעה,דיון והכרעה
SH-24-01-26596-264,"6 חודשים מאסר על תנאי למשך 3 שנים מיום שחרורו של הנאשם ממאסר, והתנאי – שהנאשם לא יעבור עבירה בניגוד לפקודת הסמים המסוכנים [נוסח חדש], תשל""ג – 1973, או עבירה בניגוד לחוק המאבק בתופעת השימוש בחומרים מסכנים, תשע""ג – 2013, שהיא מסוג עוון;",סיכום,דיון והכרעה,דיון והכרעה,דיון והכרעה,דיון והכרעה,דיון והכרעה
SH-24-01-26596-264,"4 חודשים מאסר על תנאי למשך 3 שנים מיום שחרורו של הנאשם ממאסרו, והתנאי – שהנאשם לא יעבור עבירה בניגוד לפקודת התעבורה [נוסח חדש], תשכ""א – 1961, סעיף 43;",סיכום,דיון והכרעה,דיון והכרעה,דיון והכרעה,דיון והכרעה,דיון והכרעה
SH-24-01-26596-264,"קנס בסך 15,000 ₪ או 95 ימי מאסר תמורתו. הקנס ישולם ב - 15 תשלומים שווים החל מיום 15.08.24 ובכל 15 לחודש העוקב. לא יעמוד הנאשם באחד התשלומים במועד – תעמוד היתרה לפירעון מידי;",סיכום,דיון והכרעה,דיון והכרעה,דיון והכרעה,דיון והכרעה,דיון והכרעה
SH-24-01-26596-264,"חילוט סך בן 600 ₪. בהתאם להסכמת הצדדים, יועבר הכסף לטובת קרן החילוט למאבק בסמים;",סיכום,דיון והכרעה,דיון והכרעה,דיון והכרעה,דיון והכרעה,דיון והכרעה
SH-24-01-26596-264,"פסילה בפועל מקבל או מהחזיק רישיון נהיגה לרכב מנועי למשך שנה. על הנאשם להפקיד רשיונו, או תצהיר מתאים, במזכירות בית המשפט, עד ליום העסקים הראשון שלאחר שחרורו ממאסר. מובהר לנאשם, כי החל ממועד זה – כל עוד לא הופקד הרישיון – יהיה הנאשם פסול מלנהוג, אך הפסילה לא תימנה;",סיכום,דיון והכרעה,דיון והכרעה,דיון והכרעה,דיון והכרעה,דיון והכרעה
SH-24-01-26596-264,"פסילה מקבל ומהחזיק רישיון נהיגה לרכב מנועי, בת מחצית השנה, על תנאי. תקופת התנאי - למשך 3 שנים מיום סיום הפסילה בפועל;",סיכום,דיון והכרעה,דיון והכרעה,דיון והכרעה,דיון והכרעה,דיון והכרעה
SH-24-01-26596-264,5129371השמדת הסמים המסוכנים - בחלוף תקופת הערעור.,סיכום,דיון והכרעה,דיון והכרעה,דיון והכרעה,דיון והכרעה,מידע אחר
