verdict,text,part,label,title_results,text_results,text_and_title_results,whole_case_results
ME-12-09-28180-412,"פקודת הסמים המסוכנים [נוסח חדש], תשל""ג-1973",nothing,מידע אחר,מידע אחר,מידע אחר,מידע אחר,מידע אחר
ME-12-09-28180-412,"הנאשם הורשע לאחר שמיעת ראיות בעבירה של החזקת סם שלא לצריכה עצמית וזוכה מעבירה של הסתייעות ברכב בביצוע פשע. מהכרעת הדין עולה כי הנאשם החזיק ארבעה שקים, אשר בתוכם סם מסוכן מסוג חשיש, המחולק לאריזות, במשקל כולל של 62.8 ק""ג שלא לצריכתו העצמית. עוד הוכח, כי הנאשם הטמין את השקים במסלעה הסמוכה לביתו, שם הם נמצאו לאחר חיפוש שנערך על ידי המשטרה.",נתוני רקע,עובדות המקרה,עובדות המקרה,עובדות המקרה,עובדות המקרה,עובדות המקרה
ME-12-09-28180-412,"בהכרעת הדין נקבע שיש להניח לטובת הנאשם, כי החזיק בסמים עבור אחרים ולמענם כמעין ""אפסנאי"", וחזקה כי הדבר נעשה בתמורה, אף כי אין לדעת בדיוק מה שוויה. כן נקבע, כי אין להרשיע את הנאשם בנסיבה מחמירה לפיה קיבל את הסמים  ""במספר הזדמנויות שונות"", כנטען בכתב האישום, היינו כי בוצעו מספר פעולות אסורות, ויש להניח לטובתו, מחמת הספק, כי מדובר בפעולה אחת.",נתוני רקע,עובדות המקרה,עובדות המקרה,דיון והכרעה,עובדות המקרה,עובדות המקרה
ME-12-09-28180-412,"שירות המבחן חיווה דעתו ביחס לנאשם. נכתב לגביו, כי הינו אדם נשוי ואב לילדה בת 3.5 שנים. נמסר כי הנאשם סיים 7 שנות לימוד בלבד במטרה לסייע בנטל פרנסת המשפחה. עד למעצרו הנוכחי עבד בעבודה מסודרת, בתחום התיירות.",נתוני רקע,תסקיר שירות מבחן,עובדות המקרה,דיון והכרעה,תסקיר שירות מבחן,תסקיר שירות מבחן
ME-12-09-28180-412,"עוד עולה מהתסקיר  כי המדובר בנאשם ללא עבר פלילי, אשר הודה בביצוע העבירה ונטל אחריות ראשונית למעשיו. לדבריו, הסכים להצעה לאחסן את הסמים בשל קשיים כלכליים עמם נאלץ להתמודד, ההצעה שקיבל והקושי שלו לסרב לאותה הצעה. הנאשם שב וציין בפני קצינת המבחן כי שגה בהתנהגותו ופעל באופן פסול. כן הדגיש את תחושות האשמה והבושה, כמו גם את המחיר הכבד שנאלץ לשלם בעקבות מעשיו.",נתוני רקע,תסקיר שירות מבחן,עובדות המקרה,דיון והכרעה,תסקיר שירות מבחן,תסקיר שירות מבחן
ME-12-09-28180-412,"שירות המבחן התרשם, כי עד למעצרו תפקד הנאשם באופן חיובי במישור התעסוקתי והמשפחתי. הרושם היה שההליך הפלילי מהווה שבר בחיי הנאשם, ויכול לשמש עבורו כגורם מרתיע. עם זאת צוין כי הנאשם ממוקד בתחושה של קורבנות בגין עצם העמדתו לדין. עוד צוין בתסקיר כי לנאשם נטייה לפעול מתוך דחפים רגעיים לצורך השגת רווח מהיר מבלי ליתן דעתו להבין את תוצאות המעשה והחוק. שירות המבחן גם התרשם כי הנאשם מתקשה לבחון את דפוסי ההתנהגות הבעייתיים שעמדו בבסיס העבירה.",נתוני רקע,תסקיר שירות מבחן,עובדות המקרה,דיון והכרעה,תסקיר שירות מבחן,תסקיר שירות מבחן
ME-12-09-28180-412,"בשל כל אלה, מעריך שירות המבחן שיש סיכון להתנהגות עבריינית חוזרת וממליץ לנקוט כלפי הנאשם בענישה מרתיעה בדמות מאסר בפועל ומאסר מותנה.",נתוני רקע,תסקיר שירות מבחן,עובדות המקרה,דיון והכרעה,תסקיר שירות מבחן,תסקיר שירות מבחן
ME-12-09-28180-412,"אביו של הנאשם הביע את כעסו כלפי מעשיו של הנאשם, וביקש את רחמי בית המשפט בגזירת העונש. האב הדגיש כי מעשיו של הנאשם חמורים, אך ציין כי הנאשם למד את הלקח. כמו כן, תיאר את הקושי של אשת הנאשם ובתו כתוצאה מהמעצר.",ראיות וטענות לעונש ,טיעוני הצדדים,ראיות לעונש,דיון והכרעה,טיעוני הצדדים,ראיות לעונש
ME-12-09-28180-412,"בטיעוניו לעונש, הדגיש התובע את חומרת העבירה שביצע הנאשם ועמד על ההשלכות הקשות הנובעות ממנה על שלום הציבור וביטחונו. כן הדגיש את כמות הסם העצומה שהנאשם החזיק, אשר בה פוטנציאל לגרימת נזק בהיקף רב, ומשכך מהווה היא נסיבה משמעותית לחומרה. התובע תיאר את תפקידו של הנאשם במערך הכולל של הפצת הסמים, הדגיש את התכנון בעצם הטמנתם ואת האחריות הנדרשת בשמירה עליהם.",ראיות וטענות לעונש ,טיעוני הצדדים,ראיות לעונש,דיון והכרעה,טיעוני הצדדים,טיעוני הצדדים
ME-12-09-28180-412,"התובע הפנה לפסיקה, אשר לטעמו יש בה כדי ללמד על מדיניות הענישה הנוהגת בעבירות מסוג זה. בסופו של דבר, טען כי מתחם הענישה ההולם את מעשיו של הנאשם הוא כזה הנע בין 6 ל-9 שנות מאסר בפועל. בתוך המתחם, התייחס התובע מחד גיסא לעובדה כי הנאשם נעדר עבר פלילי, ומאידך גיסא ציין את העובדה כי הנאשם הכחיש את המיוחס לו ובחר לנהל את המשפט. כן הפנה לעמדת שירות המבחן, לפיה הומלץ על הטלת עונש מאסר בפועל. בשל כל אלה, עתר כי עונשו של הנאשם ימוקם, אפוא, מחציו של מתחם הענישה ומטה, אם כי לא יגיע עד לרף התחתון שלו.",ראיות וטענות לעונש ,טיעוני הצדדים,ראיות לעונש,דיון והכרעה,טיעוני הצדדים,טיעוני הצדדים
ME-12-09-28180-412,"מנגד, טען הסניגור כי לנאשם זכות לקבל את יומו בבית המשפט וניהול משפטו הוליד בסופו של דבר זיכוי מעבירה של הסתייעות ברכב לביצוע פשע. כן הדגיש כי בית המשפט הכריע לטובת הנאשם בהתייחס למספר נסיבות עובדתיות והדבר ממעט מהחומרה שיוחסה למעשים בכתב האישום המתוקן. כך, בין היתר, ציין לקולה את העובדה שאין מדובר במספר הזדמנויות בהן פעל הנאשם בניגוד לחוק וכי הסמים בסופו של דבר אינם שייכים לנאשם עצמו.",ראיות וטענות לעונש ,טיעוני הצדדים,ראיות לעונש,דיון והכרעה,טיעוני הצדדים,טיעוני הצדדים
ME-12-09-28180-412,"הסניגור הטעים כי הנאשם לא היה הבעלים של הסם ואף לא שלט במערך הפצתו, אלא היווה אך כחוליה אחת בשרשרת הפצת הסם. בהתייחס לנסיבותיו האישיות ציין הסניגור את עברו הנקי של הנאשם, את ההודאה בפני שירות המבחן עם לקיחת האחריות, את תחושת השבר הקשה שמלווה אותו מאז האירוע כמפורט בתסקיר ואת תפקודו החיובי בבית הסוהר. כן הזכיר כי הנאשם שוהה במעצר תקופה ארוכה המתקרבת ל-20 חודשים, תקופה בה נותק ממשפחתו ומבתו הקטנה. בשל כל אלה, עתר לנהוג בו במידת הרחמים.",ראיות וטענות לעונש ,טיעוני הצדדים,ראיות לעונש,דיון והכרעה,טיעוני הצדדים,טיעוני הצדדים
ME-12-09-28180-412,זכות המילה האחרונה ניתנה לנאשם. הוא שב והביע חרטה וכאב על המחירים המשפחתיים שנאלץ לשלם כתוצאה מהאירוע. הוא תיאר את הקושי המלווה אותו והבטיח שלא לחזור שוב על מעשים אלה.,ראיות וטענות לעונש ,טיעוני הצדדים,ראיות לעונש,דיון והכרעה,טיעוני הצדדים,טיעוני הצדדים
ME-12-09-28180-412,"העבירה של החזקת סם שלא לצריכה עצמית בלבד היא עבירה חמורה שהעונש המקסימאלי בגינה הוא 20 שנות מאסר, וזאת לא בכדי, שהרי עבירה זו כרוכה בפגיעה בציבור רחב, במיוחד כאשר מדובר בכמות גדולה של סם כבמקרה שלפנינו.",קביעת המתחם ,דיון והכרעה,דיון והכרעה,דיון והכרעה,דיון והכרעה,דיון והכרעה
ME-12-09-28180-412,"אין צורך להכביר מילים על חומרת העבירה בה הורשע הנאשם ועל התוצאות ההרסניות הגלומות בעיסוק בהפצת סמים מסוכנים. בתי המשפט התייחסו לא פעם אל החומרה שיש לראות בעבירה זו, הפוגעת באורח אנוש באושיות החברה ומכלה בה כל חלקה טובה. כן הדגישו את החשיבות לביעור התופעה, באמצעות ענישה מחמירה ועל הצורך להכות בכל אחת מחוליות הפצת הסם תהא אשר תהא הפונקציה אותה היא ממלאת בשרשרת. כל שכן כאשר מדובר בכמות כה גדולה של סמים מסוכנים. בהקשר זה נכתב כך: ""אין מנוס מהכבדת היד על המחזיקים סמים שלא לצריכה עצמית, שכל בר דעת מבין כי נועדו לצריכת הזולת, קרי, להוספת שמן על מדורת הסמים אשר להבותיה אופפות רבים וטובים, או רבים שהיו טובים..."" (ע""פ 1345/08 איסטחרוב נ' מדינת ישראל, מיום 18.5.09).",קביעת המתחם ,דיון והכרעה,דיון והכרעה,דיון והכרעה,דיון והכרעה,דיון והכרעה
ME-12-09-28180-412,"לעניין הערכים המוגנים, רבות נכתב אודות הנזק שנגרם לחברה מהשימוש בסמים, החל מנזק ישיר למשתמש, דרך הנזק העקיף לחברה בשיקום הנפגעים וכלה בנזקים הנגרמים על ידי צרכני הסמים, אשר נאלצים, לשם מימון הסם, לבצע עבירות שונות, קלות וחמורות, הפוגעות בציבור, ברכושו ובמגוון רחב של ערכים מוגנים.",קביעת המתחם ,דיון והכרעה,דיון והכרעה,דיון והכרעה,דיון והכרעה,דיון והכרעה
ME-12-09-28180-412,"יבואני הסמים וסוחריו המרכזיים הם אלו שיוזמים ומניעים את התהליך. אולם תפקיד חשוב וממשי בפגיעה בערכים המוגנים מסור גם לכל יתר חברי החוליות המרכיבות את השרשרת, מגדול ועד קטן. שכן, ללא חוליות-הביניים המרכיבות את השרשרת מתקשים סוחרי הסמים לבצע את מעלליהם. מכאן החובה להיאבק בכל אחת מהחוליות ולהוביל לניתוק השרשרת ולמנוע את השלמת הביצוע. ( ראו ע""פ 6990/13 מדינת ישראל נ' זועבי ואח', מיום 24.2.14).",קביעת המתחם ,דיון והכרעה,דיון והכרעה,דיון והכרעה,דיון והכרעה,דיון והכרעה
ME-12-09-28180-412,"צודק התובע, שאין לזלזל בתפקידו של ""אפסנאי בכמויות הסיטונאיות, הלוקח על עצמו את הסיכון המשפטי בתפיסת הסם, בין שלב היבוא לשלב השיווק. הרי כך מאפשר הוא את הסחר, וכך מגן הוא בהתנהגותו על יתר חברי שרשרת ההפצה. אחריות רבה הופקדה בידי הנאשם, על ידי הבעלים של הסם, ואם קטון הנאשם בעיניו, אין מעשהו זניח כלל וכלל בעיני בית המשפט.",קביעת המתחם ,דיון והכרעה,דיון והכרעה,דיון והכרעה,דיון והכרעה,דיון והכרעה
ME-12-09-28180-412,"נסיבות ביצוע העבירה שביצע הנאשם הן חמורות מאוד. עסקינן בסם מסוכן מסוג חשיש בכמות עצומה ואף מסחרית המספיקה לייצור אלפי מנות ואף יותר מכך. מעבר לכך, נראה כי הנאשם ביצע המעשה למען בצע כסף, תוך התעלמות מהנזק הרחב הנגרם לציבור, והתעלמות מעמדת הרשויות המוסמכות אודות חומרת המעשה. עם זאת, לעניין סוג הסם, יש לקחת בחשבון שמדובר בסם מסוכן בהחלט, אך לא בסמים מהסוגים המסוכנים ביותר.",קביעת המתחם ,דיון והכרעה,דיון והכרעה,דיון והכרעה,דיון והכרעה,דיון והכרעה
ME-12-09-28180-412,"באשר למדיניות הענישה הנוהגת, ציינו הצדדים כי לא עלה בידיהם לאתר פסיקה הדומה למקרה דנן, ממנה ניתן לגזור מתחמי ענישה בעבירה של החזקת סם שלא לצריכה עצמית בנסיבות כאלה. עם זאת, התובע הפנה למספר פסקי דין העוסקים בענישה בעבירות שונות במידת מה בניסיון להקיש. כך, בין היתר, הפנה לע""פ 9210/11 שי מגירה נ' מדינת ישראל, מיום 19.11.12, בו נקבע כי עונש של 48 חודשי מאסר בפועל שנגזרו על ידי בית המשפט המחוזי בגין החזקת סם שלא לצריכה עצמית מסוג חשיש בכמות של 8 ק""ג, בגין עסקה אחרת בסם ושיבוש מהלכי משפט – אינו חורג באורח קיצוני ממדיניות הענישה הראויה. שם מדובר היה במי שיש לו עבר פלילי רחוק אך הודה במסגרת הסדר. המדובר בכמות סם הפחותה באופן משמעותי מענייננו של הנאשם דנן.",קביעת המתחם ,דיון והכרעה,דיון והכרעה,דיון והכרעה,דיון והכרעה,דיון והכרעה
ME-12-09-28180-412,"כן הפנה לע""פ 7044/11 עבדאללה עבד נ' מדינת ישראל, מיום 7.6.12 שם נדחה ערעורם של המערערים שהורשעו בעבירות הסתננות וייבוא סם מסוכן לישראל מסוג קנביס בצוותא חדא עם נאשמים נוספים. הבגירים שם אשר נדונו לשמונה שנות מאסר בפועל, אם כי עונשם של הקטינים הוקל מ- 6 שנות מאסר ל- 4. עם זאת, בית המשפט העליון לקח בחשבון כי מדובר היה בקשר רחב בו ערבו גם קטינים. מספק הדין של בית המשפט המחוזי שם עולה כי מדובר היה בכמות של כ- 80 ק""ג. אותו מקרה חמור משמעותית מענייננו, בהיותו עוסק במעשה יבוא תוך הסתננות, וזאת מעבר לנסיבות המחמירות האחרות שפורטו כאמור. גם בת""פ 9281-09-10 מדינת ישראל נ' ג'ומעה, מיום 26.4.11, דובר על נאשמים שהודו במסגרת הסדר טיעון בגין עבירת הסתננות וייבוא סם מסוכן בכמות של 25 ק""ג, ונדונו ל-54 חודשי מאסר בפועל. בשני המקרים האמורים, לא היה לנאשמים עבר פלילי.",קביעת המתחם ,דיון והכרעה,דיון והכרעה,דיון והכרעה,דיון והכרעה,דיון והכרעה
ME-12-09-28180-412,"התובע הפנה גם לת""פ 33848-01-12 מדינת ישראל נ' אלחמידי, מיום 24.10.12, שם נדון הנאשם במסגרת הסדר טיעון שכלל הסכמה עונשית ל-32 חודשי מאסר בפועל בגין החזקת 24 ק""ג חשיש בתוך שק גדול המחולק לאריזות, הסתייעות ברכב והנהיגה ללא רישיון. בעניין זה נקבע כי, כאשר מדובר בכמות כה גדולה מתחם העונש הראוי יכול להגיע למספר שנים בטווח העליון וככל הנראה שלא יפחת בהרבה מהעונש המוסכם בין הצדדים (דהיינו 32 חודשי מאסר). בשונה מענייננו הרי שמדובר שם בהסדר טיעון בגין כשליש מהכמות המיוחסת לנאשם דנן.",קביעת המתחם ,דיון והכרעה,דיון והכרעה,דיון והכרעה,דיון והכרעה,דיון והכרעה
ME-12-09-28180-412,"נוכח האמור, בהתחשב במדיניות הענישה הנהוגה, ככל שניתן לשרטטה, בערכים המוגנים שנפגעו, בנסיבות ביצוע העבירה, הכוללות את חלקו של הנאשם בשרשרת הפצת הסם ובעיקר את כמות הסם הנכבדה שהחזיק ברשותו, אני קובע כי מתחם הענישה הראוי ינוע בין 3 לבין 8 שנות מאסר בפועל.",קביעת המתחם ,דיון והכרעה,דיון והכרעה,דיון והכרעה,דיון והכרעה,דיון והכרעה
ME-12-09-28180-412,"נסיבותיו האישיות של הנאשם, שאינן קשורות בביצוע העבירה, מטות את הכף לקולה ומחייבות להטיל עונש שהוא פחות מאמצעו של מתחם הענישה. ראש וראשון מדובר בהסתבכות ראשונה ויחידה של הנאשם עם החוק. עברו נקי, וזו לו מעידה ראשונה וממילא מאסר ראשון. כמו כן ראוי ליתן משקל מסוים לנסיבותיו האישיות והמשפחתיות של הנאשם. הנאשם, בטרם ביצוע העבירה, ניהל אורח חיים נורמטיבי, חיי עבודה וחיי משפחה תקינים, שנגדעו בעקבות מעצרו שנמשך מזה כ-20 חודשים. נראה, כי ההליך המשפטי גרם לשבר בחייו והדברים באים לידי ביטוי בדברי אביו ובתסקיר שירות המבחן. עוצמת ההלם מן המעצר אף באה לידי ביטוי בשיחותיו עם המדובב, כעולה מהכרעת הדין",ענישה בתוך המתחם,דיון והכרעה,דיון והכרעה,דיון והכרעה,דיון והכרעה,דיון והכרעה
ME-12-09-28180-412,"צודק הסנגור שאין לזקוף לחובת הנאשם את ניהול המשפט. אין ניהול המשפט מהווה נסיבה לחומרה. מעבר לכך, הנאשם הורשע בנסיבות מרוככות מעט מהנסיבות שיוחסו לו בכתב האישום. יחד עם זאת, לא מתקיימת אצל הנאשם הנסיבה המקלה של הודיה כנה מתחילת הדרך, החוסכת משאבים רבים לבית המשפט, לתביעה ולעדים. שכן, הנאשם לא הודה בפתח המשפט בעובדות בהן הורשע, אלא הכחיש הכול. הודייתו לא באה אלא לאחר הכרעת הדין, בשיחותיו עם שירות המבחן. יש זכור כי מרבית התקדימים לעניין הענישה מתייחסים למי שהודה בכתב האישום. שכן הודיה כזו, עם או בלי הסדר טיעון, יכולה להביא להפחתה משמעותית מאוד בעונש. בדרך כלל, לא ייגזר עונש המתקרב לצד התחתון של מתחם הענישה אלא על מי, שבנוסף לנתונים אישיים טובים, גם הודה בתחילת המשפט. הרף התחתון עצמו שמור למקרים המיוחדים, בדרך כלל רק למי שנתוניו טובים, הודה בשלבים מוקדמים וגם מתקיימים בו שיקולים נוספים להקל כגון נסיבות בריאות או משפחה חריגות.",ענישה בתוך המתחם,דיון והכרעה,דיון והכרעה,דיון והכרעה,דיון והכרעה,דיון והכרעה
ME-12-09-28180-412,"למרות כל האמור, יש מקום ליתן משקל מסוים לעצם ההודיה של הנאשם בפני שירות המבחן, והחרטה שהביע בפני השירות ובפני בית המשפט בדבריו האחרונים לעונש.",ענישה בתוך המתחם,דיון והכרעה,דיון והכרעה,דיון והכרעה,דיון והכרעה,דיון והכרעה
ME-12-09-28180-412,"יש לשקול גם את עמדת שירות המבחן לגופו של עניין, אשר התרשם כי קיימת לגבי הנאשם רמת סיכון להתנהגות עבריינית חוזרת והמליץ, בסופו של דבר, על עונש מאסר מרתיע. ראוי להשית על הנאשם מאסר מותנה משמעותי, שישמש עבורו גורם מרתיע, לבל ישוב לבצע עבירות דומות בעתיד.",ענישה בתוך המתחם,דיון והכרעה,דיון והכרעה,דיון והכרעה,דיון והכרעה,דיון והכרעה
ME-12-09-28180-412,"אני דן את הנאשם ל- 56  חודשי מאסר בפועל, אשר יחושבו מיום מעצרו של הנאשם, יום 30.8.12.",התוצאה,דיון והכרעה,דיון והכרעה,דיון והכרעה,דיון והכרעה,דיון והכרעה
ME-12-09-28180-412,"כמו כן אני משית על הנאשם שנה אחת מאסר על תנאי, למשך שלוש שנים מיום שחרורו מהמאסר, שלא יעבור עבירות מסוג פשע על פקודת הסמים המסוכנים.",התוצאה,דיון והכרעה,דיון והכרעה,דיון והכרעה,דיון והכרעה,מידע אחר
ME-13-04-35007-454,"בשם הנאשם: בעצמו וע""י ב""כ עו""ד רוני נוג'ידאת","נוכחים: בשם המאשימה: עו""ד אור לרנר",מידע אחר,מידע אחר,מידע אחר,מידע אחר,מידע אחר
ME-13-04-35007-454,"חוק העונשין, תשל""ז-1977: סע'  144(א), 144(ב)","נוכחים: בשם המאשימה: עו""ד אור לרנר",מידע אחר,מידע אחר,מידע אחר,מידע אחר,מידע אחר
ME-13-04-35007-454,"כנגד הנאשם הוגש לבית משפט זה כתב אישום, בו יוחסו לו במקור העבירות שעניינן, נשיאת נשק שלא כדין, החזקת נשק שלא כדין וירי באזור מגורים.",מבוא:,עובדות המקרה,עובדות המקרה,עובדות המקרה,עובדות המקרה,עובדות המקרה
ME-13-04-35007-454,"תחילה, כפר הנאשם במיוחס לו בכתב האישום.",מבוא:,עובדות המקרה,עובדות המקרה,טיעוני הצדדים,עובדות המקרה,עובדות המקרה
ME-13-04-35007-454,"בדיון מיום 18/11/13 ולאחר שהוחל בשמיעת ראיות, הגיעו הצדדים להסדר טיעון ולפיו, הנאשם יחזור בו מכפירתו, כתב האישום יתוקן, הנאשם יודה בעובדות כתב האישום המתוקן ויורשע על פי הודאתו. עוד הוסכם, כי בטרם ישמעו טיעוני הצדדים לעונש ואף מפאת גילו של הנאשם במועד ביצוע העבירות, יתקבל תסקיר מאת שירות המבחן בעניינו של הנאשם ולאחר מכן, הצדדים יטענו באופן חופשי לעונש באשר לכל רכיבי הענישה. במעמד זה הבהירה המאשימה, כי היא תעתור להשית על הנאשם עונש מאסר בפועל בהתאם לרמת הענישה הנהוגה, בעוד שהסניגור יטען באופן חופשי לעונש (הכל ביחד יקרא להלן: ""הסדר הטיעון"").",מבוא:,עובדות המקרה,עובדות המקרה,עובדות המקרה,עובדות המקרה,עובדות המקרה
ME-13-04-35007-454,"בהתאם להסדר הטיעון, הנאשם חזר בו מכפירתו, כתב האישום תוקן, התקבל וסומן ב/1 (להלן: ""כתב האישום""). הנאשם הודה בעובדות כתב האישום המתוקן והורשע על פי הודאתו בעבירות כדלקמן:",מבוא:,עובדות המקרה,עובדות המקרה,עובדות המקרה,עובדות המקרה,עובדות המקרה
ME-13-04-35007-454,"נשיאת נשק שלא כדין - עבירה לפי סעיף 144(ב) רישא + סיפא לחוק העונשין, התשל""ז - 1977 (להלן: ""חוק העונשין"").",מבוא:,עובדות המקרה,עובדות המקרה,עובדות המקרה,עובדות המקרה,עובדות המקרה
ME-13-04-35007-454,החזקת נשק שלא כדין - עבירה לפי סעיף 144(א) רישא + סיפא לחוק העונשין.,מבוא:,עובדות המקרה,עובדות המקרה,עובדות המקרה,עובדות המקרה,עובדות המקרה
ME-13-04-35007-454,"כן הוריתי על הגשת תסקיר מאת שירות המבחן בעניינו של הנאשם. תסקיר, כאמור, כמו גם",מבוא:,עובדות המקרה,עובדות המקרה,תסקיר שירות מבחן,תסקיר שירות מבחן,תסקיר שירות מבחן
ME-13-04-35007-454,"תסקירים משלימים, מונחים בפני.",מבוא:,עובדות המקרה,עובדות המקרה,תסקיר שירות מבחן,תסקיר שירות מבחן,תסקיר שירות מבחן
ME-13-04-35007-454,"מעובדות כתב האישום המתוקן עולה, כי בזמן הרלוונטי לכתב האישום, שרר סכסוך בכפר דבוריה, בו היו מעורבים הנאשם ואחרים (להלן: ""הסכסוך""). במסגרת הסכסוך אירעו מספר אירועי אלימות בכפר במהלך הימים הראשונים של חודש אפריל 2013.",עובדות כתב האישום המתוקן:,עובדות המקרה,עובדות המקרה,עובדות המקרה,עובדות המקרה,עובדות המקרה
ME-13-04-35007-454,"עוד עולה, כי במועד אשר אינו ידוע למאשימה, הצטייד הנאשם בנשק מסוג אקדח (להלן: ""הנשק""). ביום 6/4/13, בשעה 16:30 או בסמוך לכך, על רקע האירועים הקשורים לסכסוך, הגיע הנאשם למרכז הכפר כשהוא נושא ומוביל עמו נשק כשהוא טעון, זאת כאשר אחרים, המעורבים בסכסוך, נמצאים בקרבת מקום ובמטרה להפחידם. לאחר מכן, נמלט הנאשם במהירות מהמקום.",עובדות כתב האישום המתוקן:,עובדות המקרה,עובדות המקרה,עובדות המקרה,עובדות המקרה,עובדות המקרה
ME-13-04-35007-454,"בדיון מיום 10/11/14 הוגשו טיעוני המאשימה לעונש בכתב. במסגרת השלמת טיעוניה בעל פה, הדגישה המאשימה את העבירות בהן הורשע הנאשם על פי הודאתו ואת המעשים שביצע, כעולה מעובדות כתב האישום המתוקן. בהקשר זה הדגישה ב""כ המאשימה, כי הנאשם הוביל והחזיק בנשק בצהרי היום, באמצע כפר דבוריה, תוך שהוא מתעמת עם קבוצה שאיתה הוא מסוכסך וכי אין בנמצא כל אינדיקציה, כי התקיימה הידברות עם הקבוצה, או כי בין הצדדים נכרת הסכם ""סולחה"". כן הדגישה, כי הפסיקה בעבירות בנשק ברורה וחד משמעית ועיקרה מאסר מאחורי סורג ובריח.",טיעוני המאשימה לעונש:,טיעוני הצדדים,טיעוני הצדדים,טיעוני הצדדים,טיעוני הצדדים,טיעוני הצדדים
ME-13-04-35007-454,"ב""כ המאשימה הפנתה לתסקירי שירות המבחן שהוגשו בעניינו של הנאשם ולעולה מהם, כמפורט בטיעוניה שם. בהקשר זה הדגישה המאשימה, כי לדידה, די היה בתסקיר הראשון שהוגש בעניינו של הנאשם כדי להבין לאן פנינו מועדות וכי לא זהו הזמן להתחיל הליך טיפולי אשר נדחה שוב ושוב, על מנת לאפשר לנאשם להירתם להליך כזה. עוד ציינה, כי גם עתה, לאחר יותר ממחצית השנה, הנאשם אך בתחילת דרכו של ההליך ועדיין מונע ממניעים חיצוניים. המאשימה סבורה עוד, כי אמנם אין עסקינן בתסקיר שלילי, אך מאידך, אינו חיובי מספיק בנסיבות העניין. אחיזת הנאשם בהתנהלות המסכנת את הציבור, עדיין שרירה וקיימת.",טיעוני המאשימה לעונש:,טיעוני הצדדים,טיעוני הצדדים,טיעוני הצדדים,טיעוני הצדדים,טיעוני הצדדים
ME-13-04-35007-454,"עוד טענה המאשימה, כי אם יחליט בית המשפט לאמץ את המלצות התסקיר, הרי שהוא יעדיף את האינטרס השיקומי הלא וודאי של הנאשם, על פני האינטרס הציבורי.",טיעוני המאשימה לעונש:,טיעוני הצדדים,טיעוני הצדדים,טיעוני הצדדים,טיעוני הצדדים,טיעוני הצדדים
ME-13-04-35007-454,"בנסיבות אלו, לאור חומרת העבירות, הפסיקה החד משמעית בעבירות אלו ונסיבותיו האישיות של הנאשם אשר אינן חריגות ואינן מצדיקות סטייה ממתחם הענישה המקובל בעבירות כגון דא, עותרת המאשימה להשית על הנאשם עונש מאסר בפועל מאחורי סורג ובריח, מאסר מותנה וחיובו בתשלום קנס כספי שלא יפחת מ - 10,000 ₪.",טיעוני המאשימה לעונש:,טיעוני הצדדים,טיעוני הצדדים,טיעוני הצדדים,טיעוני הצדדים,טיעוני הצדדים
ME-13-04-35007-454,"במסגרת טיעוניה הכתובים, הפנתה המאשימה להוראות תיקון 113 לחוק העונשין. עוד טענה, כי הערך החברתי המוגן בעבירות בנשק הינו ביטחון הציבור. בהקשר זה הדגישה, כי נשק חם הינו מסוכן וכי החזקתו, נשיאתו והובלתו, צפויים להוביל לשימוש בו לביצוע עבירות פליליות או אידיאולוגיות ואף לפגיעה בגוף ובנפש. בהקשר זה הפנתה המאשימה לפסיקה רלוונטית.",טיעוני המאשימה לעונש:,טיעוני הצדדים,טיעוני הצדדים,טיעוני הצדדים,טיעוני הצדדים,טיעוני הצדדים
ME-13-04-35007-454,"עוד טענה המאשימה, כי קשה לאמוד את מידת הפגיעה בערך המוגן שעה שעסקינן בביטחון הציבור, או באינטרס ציבורי דומה שכן, בעוד שבמקרה של פגיעה בגוף או ברכוש, הפגיעה היא קונקרטית, הרי שקשה ואף בלתי אפשרי לאמוד במדויק את הפגיעה בביטחון הציבור, בעבירות נשק. עם זאת, הפגיעה בציבור הנובעת מזמינותו של נשק חם המוחזק בידי אנשים בבתיהם, או נישא על ידם ברחובה של עיר, הייתה משמעותית וחמורה. תופעה זו, כך לדידה של המאשימה, הינה הקרקע המאפשרת שימוש בנשק חם לביצוע  עבירות ופגיעה בגוף ובנפש.",טיעוני המאשימה לעונש:,טיעוני הצדדים,טיעוני הצדדים,טיעוני הצדדים,טיעוני הצדדים,טיעוני הצדדים
ME-13-04-35007-454,"באשר לנסיבות הקשורות בביצוע העבירות ציינה המאשימה, כי הנאשם לא ""נקלע"" לאירוע בו החזיק בנשק באופן רגעי וספונטני. הנשק הגיע לידי הנאשם והוא בחר לשאת אותו ברחבי הכפר במהלך סכסוך חמולות, כשהוא טעון. מעשה כזה, כך לטענת המאשימה, הינו מעשה מתוכן וכי הנאשם אף מודה, כי הייתה בהחזקת הנשק הטעון כוונה להפחיד ואף ציין כיצד התכוון להפחיד את הזולת כשהנשק טעון.",טיעוני המאשימה לעונש:,טיעוני הצדדים,טיעוני הצדדים,טיעוני הצדדים,טיעוני הצדדים,טיעוני הצדדים
ME-13-04-35007-454,"עוד טענה המאשימה, כי העבירות בוצעו במלואן ע""י הנאשם וכי הוא אחראי באופן מלא לתוצאותיהן. באשר לנזק שהיה צפוי להיגרם מביצוע העבירות, טוענת המאשימה, כי אמנם הנאשם טען, כי כל כוונתו הייתה להפחיד, אך לא ברור כיצד התכוון לעשות זאת ומן העובדות בהן הודה ניתן רק להסיק, כי שימוש בנשק הטעון היה מממש את כוונתו. באשר לנזק הצפוי  מנשיאת והובלת נשק חם, טוענת המאשימה, כי מהותו של זה היא, כי יעשה שימוש בנשק וכי שימוש כזה עלול לפגוע בגוף ובנפש כאשר הדברים מקבלים משנה תוקף שעה שעסקינן בנשק טעון. באשר לנזק שנגרם מביצוע העבירות, טוענת המאשימה, כי נשק המוחזק שלא כדין ומובל בחוצות העיר, פוגע בביטחון הציבור ומסכן אותו.",טיעוני המאשימה לעונש:,טיעוני הצדדים,טיעוני הצדדים,טיעוני הצדדים,טיעוני הצדדים,טיעוני הצדדים
ME-13-04-35007-454,"באשר למדיניות הענישה הנהוגה, טוענת המאשימה, כי מדיניות זו בעבירות מסוג זה, הינה הטלת עונשי מאסר בפועל לתקופות משתנות. בהקשר זה הפנתה המאשימה לפסיקה רלוונטית. עוד ציינה, כי בתי המשפט קבעו בשנים האחרונות, כי יש להחמיר בענישה בעבירות מסוג זה במטרה להרתיע מפני עבירות בנשק, על מנת למגר את התופעה.",טיעוני המאשימה לעונש:,טיעוני הצדדים,טיעוני הצדדים,טיעוני הצדדים,טיעוני הצדדים,טיעוני הצדדים
ME-13-04-35007-454,"בנסיבות אלו, סבורה המאשימה, כי מתחם העונש ההולם נע בין 20 חודשי מאסר בפועל לבין 48 חודשי מאסר בפועל.",טיעוני המאשימה לעונש:,טיעוני הצדדים,טיעוני הצדדים,טיעוני הצדדים,טיעוני הצדדים,טיעוני הצדדים
ME-13-04-35007-454,"באשר לקביעת העונש הראוי לנאשם בתוך המתחם, תוך בחינת הנסיבות אשר אינן קשורות בביצוע העבירות, ציינה המאשימה, כי הנאשם הינו צעיר, נעדר הרשעות קודמות והודה בהזדמנות הראשונה. כן הפנתה המאשימה לתסקיר שירות המבחן שהוגש בעניינו של הנאשם והדגישה, כי מהתסקיר עולה, כי הנאשם מתקשה לקבל אחריות לעובדות כתב האישום המתוקן בהן הודה, מנסה להיתלות בטענה כאילו ההתרחשויות קרו לאור שימוש לרעה באלכוהול, כאשר הנאשם מביא בפני שירות המבחן גרסה לפיה, לאור היותו תחת השפעת אלכוהול, הוא קיבל מאחר שאינו זוכר מיהו, אקדח. עוד ציינה המאשימה, כי שירות המבחן התרשם, כי הנאשם אינו נכון להתבוננות פנימית עצמית, מכחיש נזקקות טיפולית וכי מהתסקיר עולה, כי הנאשם מתקשה לקבל אחריות בוגרת למעשיו ותולה את ביצוע העבירות במוקדי שליטה חיצוניים. זאת ועוד, הנאשם רואה בהתנסויות פורצות גבול וחוק, כחוויות והתנסויות שדרכן הוא לומד על עצמו. זאת ועוד, הנאשם הביע העדר נזקקות טיפולית, אינו נוטל אחריות לתוצאות מעשיו וחסר מוטיבציה לערוך שינויים. שירות המבחן התרשם עוד, כי הנאשם לא יפיק כל תועלת מקשר טיפולי והעריך, כי קיים סיכון גבוה להישנות התנהגות פורצת חוק. לפיכך, בתסקירו הראשון, שירות המבחן אינו בא בהמלצה טיפולית וממליץ להשית על הנאשם עונש ממשי ומרתיע.",טיעוני המאשימה לעונש:,טיעוני הצדדים,טיעוני הצדדים,טיעוני הצדדים,טיעוני הצדדים,טיעוני הצדדים
ME-13-04-35007-454,"למרות האמור ולבקשת הנאשם, כי תינתן לו הזדמנות נוספת, הוגש בעניינו של הנאשם תסקיר נוסף אשר גם ממנו עולה, כי הנאשם מתקשה לגעת בעולמו הרגשי ומגיב באופן אימפולסיבי בטרם שוקל את צעדיו. שירות המבחן התרשם, כי יש מקום לאפשר לנאשם המשך טיפול בו יתמודד עם רגשות מודחקים, כאשר שירות המבחן שב ומתרשם, כי המניע לשיתוף הפעולה הינו חיצוני, אך הוא מקווה, כי עם הזמן, יהפוך לנזקקות מתוך רצון לשינוי. בנסיבות אלו, בא שירות המבחן בהמלצה, להשית על הנאשם צו מבחן וכן התרשם שירות המבחן, כי הנאשם זקוק לענישה מוחשית בדמות עבודות שירות, חיובו בתשלום קנס ובחתימה על התחייבות כספית.",טיעוני המאשימה לעונש:,טיעוני הצדדים,טיעוני הצדדים,תסקיר שירות מבחן,טיעוני הצדדים,טיעוני הצדדים
ME-13-04-35007-454,"מהאמור לעיל, מבקשת המאשימה ללמוד ולהדגיש, כי גם הפעם אין מתרשם שירות המבחן, כי הנאשם הביע נזקקות טיפולית כנה וברור לכל, כי הדבר נובע ממניעים חיצוניים ומתוך שאיפה להקל בעונשו. שירות המבחן מביע תקווה, כי עם הזמן יהפוך המניע החיצוני לנזקקות טיפולית לטיפול משמעותי. לטענת המאשימה, אין לקבל עמדה זו של שירות המבחן, במיוחד לאור העובדה, כי גם בתסקיר המשלים והאחרון שהוגש בעניינו של הנאשם, עולה מסוכנות הנאשם לציבור. גם בתסקיר זה, שירות המבחן מביע עמדה ולפיה, הנאשם פועל באופן אינטואיטיבי ואימפולסיבי, מצב בו בזמינות לנשק יש כדי לסכן באופן מובהק וחד משמעי את הציבור, כפי שקרה בפועל במקרה דנן.",טיעוני המאשימה לעונש:,טיעוני הצדדים,טיעוני הצדדים,טיעוני הצדדים,טיעוני הצדדים,טיעוני הצדדים
ME-13-04-35007-454,"באשר למסוכנות הנאשם, מדגישה המאשימה, כי שירות המבחן התרשם בתחילה, כי הנאשם אינו בר טיפול בנסיבות הקיימות וקיים ממנו סיכון להישנות התנהגות מפרת חוק בעתיד. מנגד, הנאשם אינו מתאים לטיפול כאמור, לאור עמדותיו ובסופו של יום בתסקירו הראשון, שירות המבחן אינו בא בהמלצה טיפולית בעניינו של הנאשם. זאת ועוד, בתסקיר הנוסף, שב ועלה פוטנציאל המסוכנות המתקיים אצל הנאשם והנובע מחוסר יכולתו להגיב בצורה שקולה. נתונים אלו בצירוף התפיסה המביעה חוסר נזקקות טיפולית ופעולה מתוך מניעים חיצוניים, מלמדים, כי המסוכנות הטמונה בנאשם בטרם עבר טיפול ובטרם הבשיל לכדי הפנמה ונזקקות טיפולית, גבוהה מאוד.",טיעוני המאשימה לעונש:,טיעוני הצדדים,טיעוני הצדדים,טיעוני הצדדים,טיעוני הצדדים,טיעוני הצדדים
ME-13-04-35007-454,"עוד מציינת המאשימה, כי במקרה דנן, יש צורך אף להחמיר בעונשו של הנאשם בתוך מתחם העונש ההולם מהטעם של הרתעת הרבים, כאשר הדגישה בהקשר זה, כי בתי המשפט הדגישו, כי עבירות הנשק הפכו למכת מדינה ויש, איפוא, צורך להרתיע את הרבים מלבצע עבירות דומות.",טיעוני המאשימה לעונש:,טיעוני הצדדים,טיעוני הצדדים,טיעוני הצדדים,טיעוני הצדדים,טיעוני הצדדים
ME-13-04-35007-454,"בנסיבות העניין ונוכח כל האמור לעיל, ובכלל זה המסוכנות הנלמדת מן הנאשם מתסקירי שירות המבחן והצורך להרתיע את הרבים, סבורה המאשימה, כי העונש הראוי לנאשם הינו עונש מאסר בפועל הנע בין 24 - 36 חודשי מאסר בפועל. עוד עותרת המאשימה להשית על הנאשם מאסר מותנה מרתיעה וחיובו בתשלום קנס כספי בסך 10,000 ₪. המאשימה מציינת עוד, כי הנאשם היה נתון במעצר בגין ההליכים נשוא תיק זה מיום 8/4/13 ועד ליום 11/7/13.",טיעוני המאשימה לעונש:,טיעוני הצדדים,טיעוני הצדדים,טיעוני הצדדים,טיעוני הצדדים,טיעוני הצדדים
ME-13-04-35007-454,"כעד לעונש העיד מטעם הנאשם אביו של הנאשם, מר עבד אל עזיז עזאיזה. במסגרת עדותו העיד אביו של הנאשם, כי הנאשם השתנה וכי הוא מתפקד עתה באופן ראוי. עוד ציין, כי הנאשם מביע נכונות לסייע לו כאשר יסיים את הליכיו נשוא תיק זה. אביו של הנאשם ציין עוד, כי הנאשם נתון בתנאים מגבילים וכי בנו הבכור אינו עובד. בנסיבות אלו, ביקש אביו של הנאשם את רחמי בית המשפט.",ראיות הנאשם לעונש:,ראיות לעונש,ראיות לעונש,ראיות לעונש,ראיות לעונש,ראיות לעונש
ME-13-04-35007-454,"במסגרת חקירתו הנגדית, השיב אביו של הנאשם, כי בנו עבד בעת האחרונה עם אדם מכפר שיבלי, האב אישר, כי הוא מעוניין שבנו יסייע לו בפרנסת המשפחה ושב והדגיש, כי בעת האחרונה, התנהגותו של הנאשם השתפרה. אביו של הנאשם נשאל באשר להתנהגות הנאשם כלפי המעביד ולפיה, הנאשם התחצף, ברח ממקום העבודה ואף קילל. בהקשר זה השיב אביו של הנאשם, כי מר פראירה הוא זה שקילל את הנאשם. בהקשר זה ובאשר ליתר האמור בחקירת אביו של הנאשם, הוגשו הודעותיהם של מר פראירה ומר עבד במשטרה, אשר התקבלו וסומנו ת/1 ו - ת/2 וכן הוגש תצהיר אשר התקבל וסומן ת/3.",ראיות הנאשם לעונש:,ראיות לעונש,ראיות לעונש,ראיות לעונש,ראיות לעונש,ראיות לעונש
ME-13-04-35007-454,"במסגרת טיעוניו לעונש ובהתייחס למסמכים אשר הוגשו ע""י המאשימה במסגרת חקירת אביו של הנאשם, ציין ב""כ הנאשם, כי המעסיק הוא זה שגירש את הנאשם ממקום עבודתו, המעסיק ניצל את מצוקת הנאשם שעה שהוא נתון תחת פיקוחו ובתנאים מגבילים. עוד ציין, כי בכל תקופת העבודה, המעסיק התנהג כלפי הנאשם באופן בלתי הולם ובסופו של יום, השניים החליטו להיפרד זה מזה.",ראיות הנאשם לעונש:,טיעוני הצדדים,ראיות לעונש,טיעוני הצדדים,טיעוני הצדדים,טיעוני הצדדים
ME-13-04-35007-454,"ב""כ הנאשם התייחס עוד לתסקירי שירות המבחן שהוגשו בעניינו של הנאשם ולטיעוני המאשימה בהקשר זה וציין, כי בניגוד לעמדת המאשימה, לדידו, עסקינן בתסקירים חיוביים. כך הדגיש, כי בעניינו של הנאשם התקבל תסקיר משלים אשר הינו חיובי ואשר ממנו עולה, כי הנאשם הגיע למפגשים רצופים עם שירות המבחן, עמד בנדרש ממנו ובסופו של יום, בא שירות המבחן בהמלצה, להשית על הנאשם עונש מאסר בפועל אשר ירוצה על דרך עבודות שירות. באשר לטענת המאשימה ולפיה, הנאשם הינו מסוכן לציבור, טען ב""כ הנאשם, כי במהלך שהיית הנאשם בתנאים מגבילים, הוא יצא מספר פעמים לטיפולים רפואיים וחזר הביתה ולא נרשמה לחובתו כל הפרה. זאת ועוד, הנאשם יצא למפגשים אצל שירות המבחן וגם באלה עמד כדין. אם רצה הנאשם לבצע דבר מה שלילי, הרי שיכול היה לעשות כן ומשאין בנמצא אינדיקציה, כי הנאשם הפר באופן כלשהו את תנאי שחרורו, הרי שיש בכך כדי להצביע, כי אין עסקינן במי שהוא מסוכן לציבור.",ראיות הנאשם לעונש:,טיעוני הצדדים,ראיות לעונש,טיעוני הצדדים,טיעוני הצדדים,טיעוני הצדדים
ME-13-04-35007-454,"עוד הדגיש ב""כ הנאשם, כי הנאשם נעדר כל הרשעות קודמות וכי זוהי מעידתו הראשונה בחייו. כן הפנה לתיקון המהותי שנעשה בכתב האישום הנובע מקושי ראייתי. ב""כ הנאשם הדגיש עוד, כי הנאשם הודה במיוחס לו בכתב האישום המתוקן ובכך חסך זמן שיפוטי יקר. עוד הדגיש, כי מדובר בבחור צעיר, בן 21 שנים, הנמצא בראשית חייו וכי עד להגשת כתב האישום, ניהל אורח חיים נורמטיבי, עבד באופן מתמיד ודאג לפרנסת בני משפחתו. זאת ועוד, הנאשם נמנע מחיי חברה שוליים וכפי העולה מתסקיר שירות המבחן, הוא ביטא כוחות תוך שמירה על גבולות, הודה במיוחס לו, לקח אחריות על המעשים והביע חרטה מלאה וכנה בשלהם.",ראיות הנאשם לעונש:,טיעוני הצדדים,ראיות לעונש,טיעוני הצדדים,טיעוני הצדדים,טיעוני הצדדים
ME-13-04-35007-454,"עוד הדגיש ב""כ הנאשם, כי הנאשם היה נתון בתנאים מגבילים לרבות איזוק אלקטרוני במשך כשנה, זאת לאחר ששהה במעצר מאחורי סורג ובריח במשך כשלושה חודשים. כך הדגיש, כי ניהול ההליך נמשך זמן רב וכי יש בכך כדי להוות עבור הנאשם גורם מרתיע ומחדד גבולות, כפי העולה מתסקיר שירות המבחן.",ראיות הנאשם לעונש:,טיעוני הצדדים,ראיות לעונש,טיעוני הצדדים,ראיות לעונש,טיעוני הצדדים
ME-13-04-35007-454,"במכלול השיקולים ובשים לב לכך שהענישה לעולם אינדיווידואלית היא, טען ב""כ הנאשם, כי השתת עונש מאסר בפועל מאחורי סורג ובריח, תחשוף את הנאשם לדפוסים עבריינים קשים, זאת במיוחד נוכח מצבו הנוכחי והיותו נעדר עבר פלילי.",ראיות הנאשם לעונש:,טיעוני הצדדים,ראיות לעונש,טיעוני הצדדים,טיעוני הצדדים,טיעוני הצדדים
ME-13-04-35007-454,"בנסיבות אלו, עתר ב""כ הנאשם, כי בית המשפט יסתפק בתקופה בה שהה הנאשם במעצר מאחורי סורג ובריח, כמו גם שהייתו בתנאים מגבילים במעצר בית מלא ויימנע מלהשית עליו עונש מאסר בפועל כלשהו, תוך אימוץ המלצת שירות המבחן, להעמיד את הנאשם בצו מבחן. לחלופין, עתר ב""כ הנאשם, כי אם בית המשפט יסבור, כי יש מקום להשית מאסר בפועל, כי אז זה ירוצה על דרך עבודות שירות, כפי המלצת שירות המבחן. ב""כ הנאשם הגיש והפנה לפסיקה רלוונטית ולרמת הענישה שהושתה במסגרתה.",ראיות הנאשם לעונש:,טיעוני הצדדים,ראיות לעונש,טיעוני הצדדים,טיעוני הצדדים,טיעוני הצדדים
ME-13-04-35007-454,"באשר לעתירת המאשימה לחיוב הנאשם לתשלום קנס, הדגיש ב""כ הנאשם, כי מצבה הכלכלי של  משפחת הנאשם הינו קשה וכי הם הפקידו בעבור הנאשם כספים שנלקחו בהלוואה. עוד ציין, כי אמו של הנאשם אינה עובדת, אביו עובד במפעל וכי הם חייבים לאנשים שונים 20,000 ₪. בנסיבות אלו, עתר ב""כ הנאשם, כי בית המשפט יימנע מלחייב את הנאשם בתשלום קנס ותחת זאת יחייבו בחתימה על התחייבות כספית.",ראיות הנאשם לעונש:,טיעוני הצדדים,ראיות לעונש,טיעוני הצדדים,ראיות לעונש,טיעוני הצדדים
ME-13-04-35007-454,"בדבריו בפני, הביע הנאשם צער בשל מעשיו, ציין, כי הוא אינו מעוניין לשהות בבית הסוהר. עוד הדגיש הנאשם, כי בעבר הוא התנהג באופן בלתי ראוי, אולם כיום הוא שינה את התנהגותו. הנאשם ציין עוד, כי הוא מעוניין לבנות בית ולשקם את חייו",ראיות הנאשם לעונש:,טיעוני הצדדים,ראיות לעונש,טיעוני הצדדים,ראיות לעונש,טיעוני הצדדים
ME-13-04-35007-454,"כאמור, בעניינו של הנאשם, הוגשו 3 תסקירים מאת שירות המבחן.",תסקירי שירות המבחן:,תסקיר שירות מבחן,תסקיר שירות מבחן,תסקיר שירות מבחן,תסקיר שירות מבחן,תסקיר שירות מבחן
ME-13-04-35007-454,"מהתסקיר הראשון הנושא תאריך 5/3/2014, עולה, כי הנאשם כבן 21, רווק, בן למשפחה מוסלמית תושבת הכפר דבוריה, המונה זוג הורים ו - 4 ילדים. במסגרת התסקיר, הובאו נתונים אודות משפחת המוצא של הנאשם. הנאשם תיאר בפני שירות המבחן אווירה משפחתית נורמטיבית. עוד ציין, כי לזכותו 10 כיתות לימוד וכי הסיבה לנשירתו מבית הספר הינה העדר משאבים כלכליים, היות ואביו באותה תקופה היה מובטל מעבודה. לדברי הנאשם, אביו חזר לעבודה סדירה במפעל לפני כ - 3 שנים. עוד ציין הנאשם, כי עד למעצרו, עבד כצבעי.",תסקירי שירות המבחן:,תסקיר שירות מבחן,תסקיר שירות מבחן,תסקיר שירות מבחן,תסקיר שירות מבחן,תסקיר שירות מבחן
ME-13-04-35007-454,"הנאשם תיאר עצמו בפני שירות המבחן בתור ילד ומתבגר בעייתי שנהג באופן אימפולסיבי, פזיז וללא גבולות. עוד ציין הנאשם, כי מעורבותו הנוכחית בפלילים, מסייעת לו לערוך חשבון נפש אמיתי ולהתבונן במהות אורחות חייו, דבר המביא אותו לשקול חזרה למעגל הלימודים.",תסקירי שירות המבחן:,תסקיר שירות מבחן,תסקיר שירות מבחן,תסקיר שירות מבחן,תסקיר שירות מבחן,תסקיר שירות מבחן
ME-13-04-35007-454,"באשר לעבירות דנן, הרי שהנאשם התקשה לקבל אחריות לעובדות כתב האישום המתוקן. לדבריו, בעת האירוע, היה תחת השפעת אלכוהול וכי בעקבות ריב וסכסוך קודם עם בני חמולה אחרת בכפר, התרחשו קטטות בין הצעירים  משתי החמולות, כאשר במהלך אחת מהן, הוא הותקף באורח קשה. הנאשם ציין, כי ביום האירוע הוא חשש שמא יפגע בשנית ולפיכך, החליט להגן על עצמו. הנאשם הכחיש, כי הוא הגיע לקטטה כשהוא מצויד באקדח ולטענתו, האקדח ניתן לו בעת האירוע מאדם שאינו זוכר, בשל היותו תחת השפעת אלכוהול. הנאשם הכחיש, את החזקת הנשק וכי לדבריו התנהלותו באירוע הייתה ללא שיקול דעת כלל. עוד ציין הנאשם, כי הוא חש שנעשה לו עוול היות והאנשים בני החמולה השנייה, החזיקו בנשק ואף ירו בו, אולם רק הוא נעצר.",תסקירי שירות המבחן:,תסקיר שירות מבחן,תסקיר שירות מבחן,תסקיר שירות מבחן,תסקיר שירות מבחן,תסקיר שירות מבחן
ME-13-04-35007-454,"בשיחות הנאשם עם שירות המבחן, הוא ענה על שאלות שירות המבחן באופן קונקרטי, ללא נכונות להתבוננות עצמית, בעיקר כאשר נדרשה התייחסותו לאורחות חייו ולמערכות יחסיו במשפחה. מהנאשם  למד שירות המבחן, כי מאז נשירתו מבית הספר ועד למעורבותו בעבירות דנן, הוא נהג לבלות את רוב שעות היממה עם נערי שוליים, נהג לשתות אלכוהול בכמויות מופרזות, אם כי לדבריו, הדבר לא פגע בתפקודיו. הנאשם שיתף את שירות המבחן, כי הוא התנסה בסמים  מסוג חשיש, אך הפסיק בכוחות עצמו. שירות המבחן ציין, כי נערכה לנאשם בדיקת שתן במפתיע אשר הצביעה על ניקיון משרידי סמים. הנאשם הכחיש נזקקות טיפולית בהקשר זה ואף ציין, כי הוא אינו רואה את עצמו כאדם מכור, או משתמש לרעה בחומרים ממכרים.",תסקירי שירות המבחן:,תסקיר שירות מבחן,תסקיר שירות מבחן,תסקיר שירות מבחן,תסקיר שירות מבחן,תסקיר שירות מבחן
ME-13-04-35007-454,"הנאשם שייך גם את מעורבותו בעבירות דנן וגם את אורח החיים שניהל לגילו הצעיר, לנטייתו לחפש אחר חופש, שייכות בקרב קבוצת השווים וחוסר התחשבות בגבולות. הנאשם הכיר בנטייתו לאימפולסיביות ולעצבנות, אולם ייחס זאת לקשיי ראייה וסירובו להרכיב משקפיים.",תסקירי שירות המבחן:,תסקיר שירות מבחן,תסקיר שירות מבחן,תסקיר שירות מבחן,תסקיר שירות מבחן,תסקיר שירות מבחן
ME-13-04-35007-454,"שירות המבחן שיקף לנאשם את אורח חייו נטול המסגרת המחייבת של עבודה ולימודים והשלכותיו על התנהלותו פורצת גבולות. יחד עם זאת, הנאשם ציין, כי כל אלה הם נחלת העבר וכי כיום, בעקבות ההליך הפלילי בתיק דנן, הוא חש, כי השתנה והוא מתחיל פרק חדש בחייו. הנאשם לא הביע כל נזקקות לקשר טיפולי ולא התחבר לבעייתיות כלשהי בהתנהלותו, המצריכה עזרה מגורם חיצוני. הנאשם הדגיש עוד, כי הוא מעוניין לסיים את ההליך המשפטי מהר ככל האפשר וכי מבחינתו, הוא כבר קיבל את העונש הראוי. יחד עם זאת, הנאשם ציין, כי הוא אינו מביע חשש מפני תוצאות ההליך המשפטי גם אם יקבל עונש מאסר, בשל העובדה שהוא סומך על עצמו שהשתנה לטובה, מתחיל פרק חדש בחייו וכבר התנסה והסתגל למעצר ולשהייתו בתנאי מעצר בית.",תסקירי שירות המבחן:,תסקיר שירות מבחן,תסקיר שירות מבחן,תסקיר שירות מבחן,תסקיר שירות מבחן,תסקיר שירות מבחן
ME-13-04-35007-454,"בבוא שירות המבחן לגבש עמדה בעניינו של הנאשם, ציין שירות המבחן את התרשמותו מבחור צעיר, בשלהי גיל ההתבגרות, אשר ככל הנראה גדל באווירה משפחתית אשר בה לא סופקו לו המשאבים והגבולות הנדרשים לצורך התפתחות אישית תקינה. עוד צוין, כי זוהי מעורבותו הראשונה של הנאשם בפלילים וכי הנאשם מתקשה לקבל אחריות בוגרת למעשים ותולה את ביצועם במוקדי שליטה חיצוניים והשפעת האלכוהול על שיקול דעתו. ניסיונות שירות המבחן לחבר את הנאשם לבחירות שהוא עושה והשפעתן על הקורה לו, נתקלו  בהתנגדות והצביעו על יכולת התבוננות נמוכה.",תסקירי שירות המבחן:,תסקיר שירות מבחן,תסקיר שירות מבחן,תסקיר שירות מבחן,תסקיר שירות מבחן,תסקיר שירות מבחן
ME-13-04-35007-454,"שירות המבחן התרשם עוד, כי הנאשם רואה בהתנסויות פורצות גבול וחוק כ""חוויות והתנסויות"" שדרכן, הוא למד על עצמו והפיק לקחים חשובים. במקביל, הנאשם התנגד לראות באפיק הטיפולי הזדמנות נוספת ושונה שדרכה הוא עשוי ללמוד על עצמו בצורה בריאה ובטוחה יותר.",תסקירי שירות המבחן:,תסקיר שירות מבחן,תסקיר שירות מבחן,תסקיר שירות מבחן,תסקיר שירות מבחן,תסקיר שירות מבחן
ME-13-04-35007-454,"נוכח האמור לעיל, העדר נזקקות טיפולית, אחריות מינימלית לתוצאות המעשים וחוסר מוטיבציה לערוך בהם שינוי, מעריך שירות המבחן, כי הנאשם יתקשה להפיק תועלת מקשר טיפולי והוא סבור, כי הסיכון להישנות התנהגות פורצת חוק, הינו גבוה. אשר על כן וחרף גילו הצעיר של הנאשם, מתקשה שירות המבחן לבוא בהמלצה טיפולית בעניינו וממליץ להשית על הנאשם, ענישה מרתיעה.",תסקירי שירות המבחן:,תסקיר שירות מבחן,תסקיר שירות מבחן,תסקיר שירות מבחן,תסקיר שירות מבחן,תסקיר שירות מבחן
ME-13-04-35007-454,"מהתסקיר המשלים מיום 20/5/14, עולה, כי בהתייחס להערות הסניגור כפי שהן קיבלו את ביטוין בפרוטוקול הדיון הרלוונטי, ציין שירות המבחן, כי בתסקירו הקודם הוא רשם את גרסת הנאשם כפי שהובאה בפניו וכן ציין את הנתונים שעמדו בבסיס המלצתו, כפי שהובאה בתסקיר הראשון.",תסקירי שירות המבחן:,תסקיר שירות מבחן,תסקיר שירות מבחן,תסקיר שירות מבחן,תסקיר שירות מבחן,תסקיר שירות מבחן
ME-13-04-35007-454,"בשיחה האחרונה עם שירות המבחן, הנאשם הביע אכזבה בשל חוסר יכולתו לבטא עצמו כראוי בשיחה הראשונה שקיים עמו שירות המבחן. בהתייחסותו לעבירות דנן, הנאשם חזר על גרסתו הקודמת וציין, כי באותה תקופה שרר ריב קשה בין שתי חמולות בכפר וכי במועד האירוע, הוא היה נתון תחת השפעת אלכוהול וכי אינו זוכר כיצד הגיע הנשק לידיו. הנאשם שב וציין, כי הוא לא הגיע לקטטה כשהוא מצויד באקדח וכי התנהגותו התוקפנית נבעה בעיקר מתוך חשש שמא יפגע ע""י הצעירים מהחמולה היריבה.",תסקירי שירות המבחן:,תסקיר שירות מבחן,תסקיר שירות מבחן,תסקיר שירות מבחן,תסקיר שירות מבחן,תסקיר שירות מבחן
ME-13-04-35007-454,"בשיחה נוספת עם שירות המבחן, הנאשם הביע חשש מפני תוצאות ההליך המשפטי ומהאפשרות של ריצוי עונש מאסר, ענישה אשר הוא רואה בה הרס לעתידו ולעתיד משפחת מוצאו. הנאשם שיתף את שירות המבחן, כי הוא חש כיום בושה מול הוריו נוכח הסתבכותו בפלילים ואשמה על כי עיקר נטל פרנסת המשפחה נופלת על כתפי האב המתקשה כיום לעמוד בהוצאות הסתבכותו ומעשיו של הנאשם. הנאשם הוסיף עוד, כי הוא מצליח כיום להתחבר לאפשרות, כי הליך טיפולי עשוי לסייע לו במיתון נטייתו לתגובות אימפולסיביות, בהקניית כישורים ודרכי התמודדות יעילות עם מצבי מצוקה ושליטה בכעסים.",תסקירי שירות המבחן:,תסקיר שירות מבחן,תסקיר שירות מבחן,תסקיר שירות מבחן,תסקיר שירות מבחן,תסקיר שירות מבחן
ME-13-04-35007-454,"בשיחה נוספת שקיים שירות המבחן עם הנאשם, התרשם שירות המבחן מרמת חרדה גבוהה מתוצאות ההליך המשפטי, אשר הביאה את הנאשם לשינוי בעמדותיו ובמוכנותו להתבונן באופן ראשוני בחלקו ובאחריותו למצב בו הוא נתון כיום. שירות המבחן ציין, כי הוא ספקן באשר ליעילות מוטיבציה חיצונית זו לאורך זמן בהשגת השינוי ההתנהגותי הרצוי, אולם על מנת לבדוק הלכה למעשה את הצהרות הנאשם באשר ליכולתו להשתתף בהליך טיפולי ויכולתו לקבל אחריות אישית לאורח החיים שניהל, בא שירות המבחן בהמלצה לדחות את הדיון בעניינו של הנאשם לתקופה של 4 חודשים.",תסקירי שירות המבחן:,תסקיר שירות מבחן,תסקיר שירות מבחן,תסקיר שירות מבחן,תסקיר שירות מבחן,תסקיר שירות מבחן
ME-13-04-35007-454,"בתסקירו המשלים והנוסף מיום 22/7/14, ציין שירות המבחן, כי מאז התסקיר הקודם, שולב הנאשם בחודש יוני 2014 בקבוצה טיפולית המיועדת לצעירים שהופנו לשירות המבחן בגין עבירות שונות. הנאשם הקפיד להגיע לכל המפגשים הקבוצתיים. במרחב הקבוצתי ניכרת החרדה הגבוהה של הנאשם מההליך המשפטי, אשר באה לידי ביטוי בעיקר את הדגשתו את מצבו המשפטי, את חווייתו הקשה מתנאי מעצר הבית ומהאיזוק האלקטרוני. שירות המבחן התרשם, כי בשלב זה עסקינן במי המתקשה לגעת בעולמו הרגשי, נוטה להגיב באופן אוטומטי, אימפולסיבי וזאת, בטרם ישקול את צעדיו. שירות המבחן מעריך, כי התנהלותו זו של הנאשם במרחב הקבוצתי, מותאמת לשלב ההסתגלות לטיפול, לכישוריו ולגילו הכרונולוגי. חרף הקשיים שתוארו, ניכר, כי הנאשם מעוניין לתפוס מקום בתוך הקבוצה ובין חבריה, ומתאמץ להוות חלק פעיל בתוכה.",תסקירי שירות המבחן:,תסקיר שירות מבחן,תסקיר שירות מבחן,תסקיר שירות מבחן,תסקיר שירות מבחן,תסקיר שירות מבחן
ME-13-04-35007-454,"לאור התרשמות שירות המבחן, כי הנאשם מנצל את ההזדמנות שניתנה לו, מקפיד להגיע למפגשים במועד ועל פי יכולתו להפיק מהם תועלת, סבור שירות המבחן, כי יש מקום לאפשר את המשך ההליך הטיפולי וכי במהלך הקשר הטיפולי, מניעיו החיצוניים של הנאשם לשיתוף פעולה, יהפכו לנזקקות אמיתית מתוך רצון לשינוי אורח חייו.",תסקירי שירות המבחן:,תסקיר שירות מבחן,תסקיר שירות מבחן,תסקיר שירות מבחן,תסקיר שירות מבחן,תסקיר שירות מבחן
ME-13-04-35007-454,"אשר על כן, בא שירות המבחן בהמלצה להעמיד את הנאשם בצו מבחן למשך 18 חודשים. זאת ועוד, לאור התרשמות שירות המבחן, כי הנאשם זקוק לענישה מוחשית לשם הכרה בחומרת מעשיו, בא שירות המבחן בהמלצה, כי יושת על הנאשם עונש מאסר אשר ירוצה על דרך עבודות שירות, מאסר מותנה משמעותי ולתקופה ממושכת וחיובו בתשלום קנס ובחתימה על התחייבות כספית הולמת.",תסקירי שירות המבחן:,תסקיר שירות מבחן,תסקיר שירות מבחן,תסקיר שירות מבחן,תסקיר שירות מבחן,תסקיר שירות מבחן
ME-13-04-35007-454,"כאמור, הנאשם הורשע, על פי הודאתו בעבירות נשוא כתב האישום המתוקן אשר עניינן, נשיאת נשק שלא כדין והחזקת נשק שלא כדין. אינני רואה לחזור ולפרט את המעשים שביצע הנאשם ודי לי בהקשר זה, אם אפנה לעובדות כתב האישום המתוקן אשר פורטו בהרחבה לעיל ואשר מדברות הן בעד עצמן.",דיון והכרעה:,דיון והכרעה,דיון והכרעה,עובדות המקרה,דיון והכרעה,דיון והכרעה
ME-13-04-35007-454,"הכרעת הדין בעניינו של הנאשם ניתנה לאחר יום 10/7/12, ולפיכך חל בענייננו תיקון 113 לחוק העונשין בדבר ""הבניית שיקול הדעת השיפוטי"". במסגרת תיקון 113 בית המשפט נדרש לעריכת בחינה תלת שלבית. ראשית, על בית המשפט לקבוע האם מדובר באירוע אחד או במספר אירועים. שנית, על בית המשפט לקבוע את מתחם העונש ההולם וההנמקה לכך ושלישית, קביעת העונש הראוי בתוך המתחם, או סטייה ממנו אם החוק מאפשר זאת וההנמקה לכך. ראה בהקשר זה ע""פ 864/12 מוחמד סעד נ' מדינת ישראל (5/8/13).",דיון והכרעה:,דיון והכרעה,דיון והכרעה,דיון והכרעה,דיון והכרעה,דיון והכרעה
ME-13-04-35007-454,"לצורך קביעת מתחם העונש ההולם, בית המשפט נדרש לבחינת הערך החברתי שנפגע מביצוע העבירות ומידת הפגיעה בו, מדיניות הענישה הנהוגה ובחינת הנסיבות הקשורות בביצוע העבירות. לצורך קביעת העונש הראוי לנאשם, בית המשפט נדרש לבחינת הנסיבות אשר אינן קשורות בביצוע העבירות ובכלל זה נתוני העושה ונסיבותיו האישיות.",דיון והכרעה:,דיון והכרעה,דיון והכרעה,דיון והכרעה,דיון והכרעה,דיון והכרעה
ME-13-04-35007-454,"עיון בעובדות כתב האישום המתוקן מלמד, כי עסקינן באירוע אחד, נמשך ובעל קשר פנימי, אשר במהלכו ביצע הנאשם את המעשים נשוא כתב האישום המתוקן ואת העבירות בהן הודה ועל פיהן הורשע. בנסיבות אלו, הרי שבאנו לקבוע, כי המעשים מהווים אירוע אחד בזיקה לדרישת הפסיקה בהקשר זה.",ומן הכלל אל הפרט:,דיון והכרעה,דיון והכרעה,דיון והכרעה,דיון והכרעה,דיון והכרעה
ME-13-04-35007-454,"באשר לערך החברתי שנפגע מביצוע העבירות ומידת הפגיעה בו, הרי שבית המשפט העליון עמד לא אחת על חומרתן של עבירות הנשק, המקימות סיכון ממשי וחמור לציבור ויוצרות פוטנציאל להסלמה עבריינית, תוך שהוא חוזר ומבהיר, כי חומרה זו מחייבת ליתן ביטוי עונשי הולם באמצעות הרחקת מבצעי העבירות לתקופת מאסר ממשית לריצוי בפועל. בית המשפט העליון הבהיר עוד בפסיקתו האחרונה, במספר הזדמנויות, כי הגיעה העת להחמיר בעבירות הנשק.",ומן הכלל אל הפרט:,דיון והכרעה,דיון והכרעה,דיון והכרעה,דיון והכרעה,דיון והכרעה
ME-13-04-35007-454,"בהקשר זה ראה ע""פ 5604/11 נאסר נ' מדינת ישראל, [פורסם בנבו] שם נקבע, בין היתר, כדלקמן:",ומן הכלל אל הפרט:,דיון והכרעה,דיון והכרעה,דיון והכרעה,דיון והכרעה,דיון והכרעה
ME-13-04-35007-454,"כן ראה ע""פ 49/11 סלאימה נ' מדינת ישראל, [פורסם בנבו] שם נקבע, בין היתר, כדלקמן:",ומן הכלל אל הפרט:,דיון והכרעה,דיון והכרעה,דיון והכרעה,דיון והכרעה,דיון והכרעה
ME-13-04-35007-454,"""בהחזקת נשק שלא כדין כרוך סיכון ניכר לציבור, הואיל וניסיון החיים מלמד כי לא אחת נעשה שימוש בנשק זה לביצוען של עבירות אחרות או לפעילות עוינת.",ומן הכלל אל הפרט:,דיון והכרעה,דיון והכרעה,דיון והכרעה,דיון והכרעה,דיון והכרעה
ME-13-04-35007-454,"למרבה הדאבה, תופעה זו היא נפוצה, ואת מחירה שילמו לא אחת בחייהם אנשים תמימים שלרוע מזלם נקלעו לזירה אלימה.",ומן הכלל אל הפרט:,דיון והכרעה,דיון והכרעה,דיון והכרעה,דיון והכרעה,דיון והכרעה
ME-13-04-35007-454,"בנסיבות אלו צריך העונש ליתן מענה גם להרתעת הרבים, היינו, שלכל יהיה נהיר כי עבירות מסוג זה עלולות להביא לכליאתם של מבצעיהן"".",ומן הכלל אל הפרט:,דיון והכרעה,דיון והכרעה,דיון והכרעה,דיון והכרעה,דיון והכרעה
ME-13-04-35007-454,"בנסיבות אלו, הרי שהערכים החברתיים המוגנים שנפגעו מביצוע העבירות שביצע הנאשם הם ביטחון המדינה, שלום וביטחון הציבור והסדר הציבורי. במעשי הנאשם, כפי שהם מקבלים את ביטויים בעובדות כתב האישום המתוקן, הרי שעשה הנאשם כדי לפגוע באופן משמעותי וממשי בערכים החברתיים המוגנים, כפי שפורטו לעיל.",ומן הכלל אל הפרט:,דיון והכרעה,דיון והכרעה,דיון והכרעה,דיון והכרעה,דיון והכרעה
ME-13-04-35007-454,"בחינת מדיניות הענישה הנהוגה מעלה, כי במקרים דומים הוטלו על נאשמים עונשי  מאסר בפועל מאחורי סורג ובריח לתקופות משתנות. בסקירת מדיניות הענישה הנהוגה, נתייחס ונביא פסקי דין רלוונטיים המתייחסים לשתי העבירות שביצע הנאשם, בזיקה לשוני העונשי באשר לשתי עבירות אלו, בהתאם לענישה הנוהגת.",ומן הכלל אל הפרט:,דיון והכרעה,דיון והכרעה,דיון והכרעה,דיון והכרעה,דיון והכרעה
ME-13-04-35007-454,"בע""פ 5220/09, הייתם עוואודה נ' מדינת ישראל, [פורסם בנבו] נדון ערעורו של נאשם נעדר כל הרשעות קודמות, אשר הודה והורשע בעבירה שעניינה החזקת נשק ותחמושת. על נאשם זה הושתו 6 חודשי מאסר בפועל מאחורי סורג ובריח, מאסר מותנה וחיובו בתשלום קנס. ערעור על חומרת העונש נדחה.",ומן הכלל אל הפרט:,דיון והכרעה,דיון והכרעה,דיון והכרעה,דיון והכרעה,דיון והכרעה
ME-13-04-35007-454,"נשוב ונפנה לע""פ 5604/11, נאסר נ' מדינת ישראל, [פורסם בנבו] אשר צוטט לעיל, בו אישר בית המשפט העליון עונש מאסר בן 12 חודשים ועונשים נלווים לנאשם בעל עבר פלילי שאינו מכביד ואשר חלקו אף התיישן, אשר הורשע בעבירות בנשק (החזקת נשק ותחמושת) לאחר שבביתו נתפסו אקדח ומחסנית לאקדח ובה שמונה כדורים, תוך שהוא דוחה את ההבחנה בה ביקש סנגורו של המערער להתמקד, שבמרכזה הטענה לאי שמישות האקדח.",ומן הכלל אל הפרט:,דיון והכרעה,דיון והכרעה,דיון והכרעה,דיון והכרעה,דיון והכרעה
ME-13-04-35007-454,"כן ראה ת""פ 37846-11-11 מדינת ישראל נ' עידן גאון [פורסם בנבו] (27.12.12). שם, הורשע הנאשם על פי הודאתו בכתב אישום מתוקן בעבירות שעניינן, החזקת נשק שלא כדין (ריבוי עבירות) וגניבה. בין השנים 2005-2010 נטל הנאשם נשק, תחמושת וציוד מרשות צה""ל. בהמשך, ביום 2.2.10, החזיק הנאשם בביתו את הנשק והתחמושת. על נאשם זה נגזרו, בין היתר, 4 חודשי מאסר, שירוצו על דרך של עבודות שירות.",ומן הכלל אל הפרט:,דיון והכרעה,דיון והכרעה,דיון והכרעה,דיון והכרעה,דיון והכרעה
ME-13-04-35007-454,"כן ראה ת""פ 26500-11-09 מדינת ישראל נ' רפיק אבו רומי [פורסם בנבו] (3.3.11). שם, הורשע הנאשם בעבירות שעניינן החזקת נשק והחזקת אביזרי נשק ותחמושת. ביום 16.11.09, בחיפוש שנערך על ידי המשטרה בתוך מבנה צמוד לרפת בטמרה נמצא, כי הנאשם החזיק ברשותו נשק, אביזרים ותחמושת, כשהם מוסלקים בתוך הנמכת תקרה מגבס וכן, מאחורי מכונת כביסה ובתוך פח אשפה. על הנאשם נגזרו, בין היתר, 6 חודשי מאסר בפועל, אשר ירוצו בדרך של עבודות שירות.",ומן הכלל אל הפרט:,דיון והכרעה,דיון והכרעה,דיון והכרעה,דיון והכרעה,דיון והכרעה
ME-13-04-35007-454,"כן ראה ת""פ (מחוזי נצרת) 1162/01 מדינת ישראל נ' וג'די סביח ואח', [פורסם בנבו] שם הורשעו הנאשמים בכך שהחזיקו ללא רישיון כדין באקדח בקוטר 9 מ""מ ומחסנית שהכילה כדורים וכי הובילו את הנשק ברכבו של הנאשם 1. כאשר הבחינו במחסום משטרתי, הנאשם 1, אשר נהג ברכב, סטה לימין הדרך ובעוד שוטרי המחסום רצים לעבר הרכב שעורר את חשדם, השליך הנאשם 2 את הנשק מבעד לחלון הרכב. על הנאשם 1 הושת עונש מאסר בפועל למשך 15 חודשים וכן הופעל מאסר מותנה, כך שסך הכל נגזרו על הנאשם 24 חודשי מאסר בפועל, זאת בצד עונשים נלווים. על הנאשם 2, הושת עונש מאסר בפועל לתקופה של 10 חודשים, זאת בצד עונשים נלווים.",ומן הכלל אל הפרט:,דיון והכרעה,דיון והכרעה,דיון והכרעה,דיון והכרעה,דיון והכרעה
ME-13-04-35007-454,"באשר לנסיבות הקשורות בביצוע העבירות, נציין, כי הנאשם הצטייד בנשק מסוג אקדח. על רקע אירועים הקשורים לסכסוך, הגיע הנאשם למרכז הכפר כשהוא נושא ומוביל עמו את הנשק כשהוא טעון, זאת כאשר אחרים המעורבים בסכסוך, נמצאים בקרבת מקום ובמטרה להפחידם. לאחר מכן, נמלט הנאשם במהירות מהמקום.",ומן הכלל אל הפרט:,דיון והכרעה,דיון והכרעה,דיון והכרעה,דיון והכרעה,דיון והכרעה
ME-13-04-35007-454,"בהקשר זה ראוי לציין, כי הנאשם החזיק שלא כדין אקדח והגיע עמו לטבורו של כפר, כשהוא טעון, זאת במטרה להפחיד אחרים המעורבים בסכסוך ואשר היו בקרבת מקום.",ומן הכלל אל הפרט:,דיון והכרעה,דיון והכרעה,דיון והכרעה,דיון והכרעה,דיון והכרעה
ME-13-04-35007-454,"עוד ראוי לציין את חלקו היחסי של הנאשם בביצוע העבירות, שעה שהעבירות בוצעו במלואן ע""י הנאשם והוא אחראי באופן מלא לתוצאותיהן.",ומן הכלל אל הפרט:,דיון והכרעה,דיון והכרעה,דיון והכרעה,דיון והכרעה,דיון והכרעה
ME-13-04-35007-454,"באשר לסוגיית התכנון שקדם לביצוע העבירות והאם עסקינן במעשים אשר הינם פרי תכנון מוקדם, או מעשים רגעיים וספונטניים, נציין מחד, את עובדות כתב האישום המתוקן אשר מהן עולה, כי במועד אשר אינו ידוע למאשימה, הצטייד הנאשם בנשק מסוג אקדח וכי על רקע האירועים הקשורים לסכסוך, הגיע הנאשם למרכז הכפר כשהוא נושא ומוביל עמו את הנשק כשהוא טעון. מנגד, נציין את דברי הנאשם בפני שירות המבחן, כפי שהדבר קיבל את ביטויו בתסקירי שירות המבחן שהוגשו, בדבר קבלת האקדח במקום האירוע במרכז הכפר, ממאן דהוא, אשר הנאשם אינו זוכר את זהותו ושעה שהנאשם היה נתון תחת השפעת אלכוהול. יצוין, כי דבריו אלו של הנאשם, עומדים הם במידה מסוימת בסתירה לעובדות כתב האישום, שעה שמהעובדות עולה כאמור, כי הנאשם הצטייד באקדח והגיע למרכז הכפר כשהוא נושא ומוביל עמו את הנשק כשהוא טעון.",ומן הכלל אל הפרט:,דיון והכרעה,דיון והכרעה,דיון והכרעה,דיון והכרעה,דיון והכרעה
ME-13-04-35007-454,"באשר לנזק שנגרם מביצוע העבירות, ראוי להדגיש, כי עבירות הנשק בכלל טומנות בחובן פוטנציאל למסוכנות מוחשית וממשית לשלום הציבור ולביטחונו. באשר לנזק שצפוי היה להיגרם מביצוע העבירות, יצוין בהקשר זה האמור בעובדות כתב האישום המתוקן ולפיהן, הנאשם הגיע עם הנשק כשהוא טעון, במטרה להפחיד את המעורבים בסכסוך אשר היו בקרבת מקום, על המשמעויות הרוחביות הקמות מכך, באשר לנזק שעלול היה להיגרם מהחזקת אקדח כשהוא טעון ברחובה של עיר, בנוכחות אחרים, אשר מעורבים בסכסוך עם הנאשם ואחרים.",ומן הכלל אל הפרט:,דיון והכרעה,דיון והכרעה,דיון והכרעה,דיון והכרעה,דיון והכרעה
ME-13-04-35007-454,"מאידך ראוי לציין, כי כעולה מעובדות כתב האישום, הרי שבפועל לא נעשה שימוש בנשק ולא נגרם כל נזק ממשי ומוחשי בעטיו, מבלי להקל ראש בעצם נשיאת הנשק, החזקת האקדח ברחובה של עיר כשהוא טעון ובנוכחות אחרים, עמם נתון הנאשם בסכסוך.",ומן הכלל אל הפרט:,דיון והכרעה,דיון והכרעה,דיון והכרעה,דיון והכרעה,דיון והכרעה
ME-13-04-35007-454,"עוד נציין את מהות הנשק, שעה שעסקינן בהחזקת אקדח ובנשיאתו, זאת כשהוא טעון.",ומן הכלל אל הפרט:,דיון והכרעה,דיון והכרעה,דיון והכרעה,דיון והכרעה,דיון והכרעה
ME-13-04-35007-454,"בנסיבות אלו, בזיקה לערכים החברתיים המוגנים שנפגעו מביצוע העבירות ומידת הפגיעה בהם, מדיניות הענישה הנהוגה והנסיבות הקשורות בביצוע העבירות, אני סבורה, כי מתחם העונש ההולם נע במקרה דנן בין 7 חודשי מאסר בפועל, לבין 30 חודשי מאסר בפועל, בצירוף עונשים נלווים.",ומן הכלל אל הפרט:,דיון והכרעה,דיון והכרעה,דיון והכרעה,דיון והכרעה,דיון והכרעה
ME-13-04-35007-454,"עתה עלינו לקבוע מהו העונש הראוי לנאשם בהתייחס למתחם העונש ההולם, כפי שקבענו לעיל. בבוא בית המשפט לקבוע מהו העונש הראוי לנאשם, בית המשפט נדרש לבחינת הנסיבות אשר אינן קשורות בביצוע העבירות ובכלל זה, נתוני העושה ונסיבותיו האישיות.",קביעת העונש הראוי לנאשם:,דיון והכרעה,דיון והכרעה,דיון והכרעה,דיון והכרעה,דיון והכרעה
ME-13-04-35007-454,"סבורה אני, כי אין מקום במקרה דנן לסטות ממתחם העונש ההולם כפי שקבענו לעיל לחומרא או לקולא וכי יש לגזור את דינו של הנאשם בתוך מתחם העונש ההולם שקבענו לעיל.",קביעת העונש הראוי לנאשם:,דיון והכרעה,דיון והכרעה,דיון והכרעה,דיון והכרעה,דיון והכרעה
ME-13-04-35007-454,"באשר לנסיבות אשר אינן קשורות בביצוע העבירות, ראוי לציין מחד, כי עסקינן במי שהוא בוגר, יליד 1993, זאת בשונה ממי שהוא קטין. יחד עם זאת נציין, כי עסקינן במי שהוא ""בגיר - צעיר"" כהגדרת בית המשפט העליון בסוגיה זו, על ההשלכות הרוחביות הקמות מכך. בהקשר זה נציין, כי בעת ביצוע העבירות, היה הנאשם כבן 20 שנים וכי כיום, הנאשם הינו כבן 21 שנים.",קביעת העונש הראוי לנאשם:,דיון והכרעה,דיון והכרעה,דיון והכרעה,דיון והכרעה,דיון והכרעה
ME-13-04-35007-454,"עוד יצוין האמור בתסקירי שירות המבחן שהוגשו בעניינו של הנאשם, אשר פורטו בהרחבה בליבת גזר דין זה. בהקשר זה נציין, כי מהתסקיר הראשון שהוגש בעניינו של הנאשם, עולה, כי הנאשם התקשה לקבל אחריות לעובדות כתב האישום המתוקן, תולה את ביצוע העבירות במוקדי שליטה חיצוניים וכי ניסיונות שירות המבחן לחבר את הנאשם לבחירות שעשה והשפעתן על הקורות לו, נתקלו בהתנגדות והצביעו על יכולת התבוננות נמוכה של הנאשם. עוד תצוין התרשמות שירות המבחן, כי הנאשם רואה בהתנסויות פורצות גבול וחוק כ""חוויות והתנסויות"", שדרכן הנאשם לומד על עצמו ומפיק לקחים חשובים. במקביל, הנאשם התקשה לראות באפיק הטיפולי, הזדמנות נוספת ושונה שדרכה הוא עשוי ללמוד על עצמו בצורה בריאה ובטוחה יותר. בסופו של יום כאמור, שירות המבחן התרשם בתסקירו הראשון, כי הסיכון להישנות התנהגות פורצת חוק הינו גבוה וכי הנאשם יתקשה להפיק תועלת מקשר טיפולי. בנסיבות אלו, נמנע שירות המבחן מלבוא בהמלצה טיפולית בעניינו של הנאשם והמליץ, כי תוטל עליו ענישה מרתיעה.",קביעת העונש הראוי לנאשם:,דיון והכרעה,דיון והכרעה,דיון והכרעה,דיון והכרעה,דיון והכרעה
ME-13-04-35007-454,"מנגד, יצוין האמור בשני התסקירים הנוספים שהוגשו בעניינו של הנאשם וביתר שאת, האמור בתסקיר האחרון והמסכם ואולם, גם בתסקיר זה, ציין שירות המבחן, כי הנאשם מתקשה לגעת בעולמו הרגשי ונוטה להגיב באופן אימפולסיבי בטרם ישקול את צעדיו. שירות המבחן התרשם, כי יש מקום לאפשר לנאשם להמשיך את ההליך הטיפולי וכי במהלך הקשר הטיפולי, מניעיו החיצוניים של הנאשם לשיתוף פעולה, יהפכו לנזקקות אמיתית מתוך רצון לשינוי אורח חייו. בנסיבות אלו, המליץ שירות המבחן להעמיד את הנאשם בצו מבחן לתקופה של 18 חודשים. זאת ועוד, נוכח התרשמות שירות המבחן, כי הנאשם זקוק לענישה מוחשית לשם הכרה בחומרת מעשיו, המליץ שירות המבחן, כי יושת על הנאשם מאסר אשר ירוצה על דרך עבודות שירות וכן מאסר מותנה, חיובו בתשלום קנס וחתימה על התחייבות כספית.",קביעת העונש הראוי לנאשם:,דיון והכרעה,דיון והכרעה,דיון והכרעה,דיון והכרעה,דיון והכרעה
ME-13-04-35007-454,"מהאמור לעיל עולה, כי גם עתה, לאחר ההזדמנויות שניתנו לנאשם ושני תסקירים נוספים ומשלימים שהוגשו בעניינו, עדיין עניין לנו בניצניו של הליך טיפולי, הנאשם עדיין מונע ממניעים חיצוניים לשיתוף פעולה ותקוות שירות המבחן היא, כי במהלך ההליך הטיפולי, אלה יהפכו לנזקקות אמיתית מתוך רצון לשינוי אורחות חייו של הנאשם. גם לעת הזו, לאחר זמן ניכר, עדיין הנאשם מתקשה לגעת בעולמו הרגשי, נוטה להגיב באופן אימפולסיבי בטרם ישקול את צעדיו.",קביעת העונש הראוי לנאשם:,דיון והכרעה,דיון והכרעה,דיון והכרעה,דיון והכרעה,דיון והכרעה
ME-13-04-35007-454,"מנגד, ראוי לציין, כאמור, כי עסקינן בבחור צעיר, אשר הינו נעדר כל הרשעות קודמות ואשר זוהי לו עשייתו הראשונה בפלילים. עוד עולה, כי עד להסתבכותו של הנאשם במקרה דנן, ניהל הנאשם אורח חיים פרודוקטיבי ונורמטיבי ועשה לביתו ולפרנסתו.",קביעת העונש הראוי לנאשם:,דיון והכרעה,דיון והכרעה,דיון והכרעה,דיון והכרעה,דיון והכרעה
ME-13-04-35007-454,"עוד יצוינו נסיבותיו המשפחתיות והאישיות של הנאשם, הקורות אותו בתקופת נערותו ובהליך התבגרותו, בשים לב לקשיים בהתנהגות הנאשם, כפי שאלה פורטו בהרחבה וקיבלו את ביטויים בתסקיר הראשון שהוגש בעניינו. עוד יצוין, כי בסופו של יום ולמרות הקשיים כפי שהם בוארו ופורטו בתסקירי שירות המבחן, הרי שהנאשם נרתם להליך טיפולי, הגיע באופן רציף למפגשים עם שירות המבחן ושיתף פעולה בהליך הטיפולי, למרות ההתרשמויות המקצועיות וניצניו של הליך, גם לעת הזו, כפי שהם מקבלים את ביטויים בתסקיר המשלים והסופי שהוגש.",קביעת העונש הראוי לנאשם:,דיון והכרעה,דיון והכרעה,דיון והכרעה,דיון והכרעה,דיון והכרעה
ME-13-04-35007-454,"כך יצוין, כי בסופו של יום, שירות המבחן מעריך, כי מניעיו החיצוניים של הנאשם לשיתוף פעולה, יהפכו במהלך ההליך הטיפולי לנזקקות אמיתית, מתוך רצון לשינוי אורחות חייו וכאמור, שירות המבחן בא בהמלצה להעמיד את הנאשם בצו מבחן לתקופה של 18 חודשים, זאת בצד מאסר אשר ירוצה על דרך עבודות שירות ועונשים נלווים. משכך, הרי שהמלצת שירות המבחן כוללת בחובה אפיק טיפולי שיקומי כצופה פני עתיד, בזיקה להערכותיו המקצועיות בהקשר זה.",קביעת העונש הראוי לנאשם:,דיון והכרעה,דיון והכרעה,דיון והכרעה,דיון והכרעה,דיון והכרעה
ME-13-04-35007-454,"עוד תצוין הודאת הנאשם, לקיחת האחריות, חיסכון זמן שיפוטי יקר והעובדה, כי בהודאתו עשה הנאשם כדי לחסוך את הצורך בהעדת עדים רבים, על המשמעויות הקמות מכך. עוד יצוינו החרטה והצער שהביע הנאשם בשל מעשיו, כפי שהדבר קיבל את ביטויו הן בטיעוני בא כוחו לעונש והן בדברי הנאשם בפני. כך יצוינו טיעוני הנאשם ובא כוחו, כי הנאשם מעוניין  לשנות מדרכיו, להעלות את מתווה חייו על דרך המלך, לבנות בית ולהשיב את חייו למסלולם התקין. טיעונים אלה ואמרות הנאשם, עולים בקנה אחד אף עם העולה מעדות אביו של הנאשם, אשר העיד כעד לעונש מטעם הנאשם ואשר פירט אודות השינוי שחל בהתנהגותו של הנאשם, ברצון הנאשם להשתלב בפרנסת הבית, לסייע לאביו, ובקשת אביו של הנאשם, לסייע לבנו ולנקוט כלפיו בדרך הרחמים.",קביעת העונש הראוי לנאשם:,דיון והכרעה,דיון והכרעה,דיון והכרעה,דיון והכרעה,דיון והכרעה
ME-13-04-35007-454,"כך תצוין העובדה, כי הנאשם היה נתון במעצר מאחורי סורג ובריח משך תקופה של כ - 3 חודשים ולאחר מכן שהה משך תקופה ניכרת במעצר בית מלא לרבות איזוק אלקטרוני, על המשמעויות הקמות מכך ובשים לב לקשיים והמצוקות הנלווים לאלה. כך לא נעלמו מעיני, טיעוני ב""כ הנאשם, כי במסגרת שהיית הנאשם בתנאים מגבילים משך תקופה ניכרת, התאפשר לנאשם לצאת לקבלת טיפולים רפואיים, למפגשים עם שירות המבחן והוא הצדיק את האמון שניתן בו ולא נרשמה לחובתו הפרה.",קביעת העונש הראוי לנאשם:,דיון והכרעה,דיון והכרעה,דיון והכרעה,דיון והכרעה,דיון והכרעה
ME-13-04-35007-454,"עוד לא נעלמו מעיני טיעוני ב""כ הנאשם ולפיהם, בשים לב לכך, כי עסקינן במי שהוא צעיר, נעדר כל הרשעות קודמות, הרי שהשתת עונש מאסר בפועל מאחורי סורג ובריח, יכול ותביא להתדרדרות בהתנהגות הנאשם, בחשיפתו לדפוסים עברייניים, על המשמעויות הקמות מכך.",קביעת העונש הראוי לנאשם:,דיון והכרעה,דיון והכרעה,דיון והכרעה,דיון והכרעה,דיון והכרעה
ME-13-04-35007-454,"כך לא נעלם מעיני מצבם הכלכלי של הנאשם ובני משפחתו, כפי שהדבר פורט בטיעוני ב""כ הנאשם לעונש, כמו גם בדברי אביו של הנאשם בפני, כמו גם העולה מתסקיר שירות המבחן בהקשר זה. בהקשר זה יצוין, כי אביו של הנאשם מפרנס את בני משפחתו בגפו, וכי משפחת הנאשם נקלעה למצוקה כלכלית כמפורט בטיעוני ב""כ הנאשם.",קביעת העונש הראוי לנאשם:,דיון והכרעה,דיון והכרעה,דיון והכרעה,דיון והכרעה,דיון והכרעה
ME-13-04-35007-454,"עוד יצוינו דברי הנאשם בפני ולפיהם, הנאשם הביע צער בשל מעשיו, ביקש, כי לא ישלח לריצוי מאסר בפועל מאחורי סורג ובריח, ציין, כי שינה מדרכיו וכי הוא מעוניין לבנות בית ולשקם את חייו.",קביעת העונש הראוי לנאשם:,דיון והכרעה,דיון והכרעה,דיון והכרעה,דיון והכרעה,דיון והכרעה
ME-13-04-35007-454,"בנסיבות אלו, נוכח מקבץ הנסיבות אשר אינן קשורות בביצוע העבירות ובכלל זה, האמור בליבת תסקירי שירות המבחן שהוגשו בעניינו של הנאשם, האמור בתסקיר הראשון וההמלצה המובאת בסופו, מנגד, השוני באמור בתסקירים המשלימים שהוגשו וההמלצה העדכנית המובאת בתסקיר המסכם שהוגש, כמו גם הודאת הנאשם, לקיחת האחריות, חיסכון זמן שיפוטי יקר, הצער והחרטה שהביע הנאשם בשל המעשים, נסיבותיו האישיות והמשפחתיות של הנאשם, העובדה, כי עסקינן בנאשם צעיר נעדר כל הרשעות קודמות ואשר זוהי לו עשייתו הראשונה בפלילים, באתי לכלל מסקנה, כי יש למקם את העונש הראוי לנאשם בתוך מתחם העונש ההולם שקבענו לעיל, ברף הנמוך של מתחם העונש ההולם אך לא בצד הקיצון שבו.",קביעת העונש הראוי לנאשם:,דיון והכרעה,דיון והכרעה,דיון והכרעה,דיון והכרעה,דיון והכרעה
ME-13-04-35007-454,"באתי למסקנה זו, נוכח מקבץ הנסיבות שפורטו לעיל ומבלי שניתן להתעלם מהאמור בתסקיר הראשון שהוגש בעניינו של הנאשם וההמלצה המובאת בסופו, כמו גם הערכת הסיכון כצופה פני עתיד והעובדה, כי גם בתסקיר המשלים והעדכני, עניין לנו אך בניצניו של שינוי והאמירות הסקפטיות שהובאו בהקשר זה. מנגד, כאמור, שמתי ליבי לנתוני העושה, לנסיבותיו האישיות, לגילו הצעיר של הנאשם, להיותו נעדר הרשעות קודמות, הודאת הנאשם, לקיחת האחריות, העולה מעדות אביו, שהיית הנאשם בתנאים מגבילים, האמור בתסקיר העדכני, שיתוף הפעולה עם שירות המבחן, ההמלצה שהובאה בסופו של התסקיר ויתר ההנמקות שפורטו לעיל.",קביעת העונש הראוי לנאשם:,דיון והכרעה,דיון והכרעה,דיון והכרעה,דיון והכרעה,דיון והכרעה
ME-13-04-35007-454,"יחד עם זאת, סבורה אני, נוכח מהות המעשים שביצע הנאשם, קביעת מתחם העונש ההולם בעניינו ומיקום העונש הראוי לנאשם בתוך המתחם, כי יש להשית על הנאשם עונש מאסר בפועל אשר ירוצה מאחורי סורג ובריח וכי ענישה בדמות זו המומלצת ע""י שירות המבחן שעניינה עונש מאסר בפועל שירוצה על דרך עבודות שירות בצירוף העמדת הנאשם בצו מבחן ועונשים נלווים, תהא ענישה בלתי מידתית בנסיבות אלו ולא יהא בה כדי לעלות בקנה אחד עם מתחם העונש ההולם שקבענו לעיל ועם מיקום העונש הראוי לנאשם בתוך המתחם בזיקה למעשי הנאשם, לחומרה הגלומה בהם, הפסיקה הנוהגת והמחייבת בעבירות כגון דא, האמור בליבת תסקירי שירות המבחן שהוגשו בעניינו וההמלצה המובאת בסופם. הדברים מקבלים משנה תוקף אף נוכח עמדתו העונשית של ב""כ הנאשם כפי שפורטה לעיל ואשר זו חורגת היא ואינה עולה בקנה אחד עם מתחם העונש ההולם שקבענו, עם מיקום העונש הראוי לנאשם בתוך המתחם, עם מדיניות הענישה הנהוגה ועם מקבץ ההנמקות שפורטו לעיל.",קביעת העונש הראוי לנאשם:,דיון והכרעה,דיון והכרעה,דיון והכרעה,דיון והכרעה,דיון והכרעה
ME-13-04-35007-454,"מנגד, אף עמדתה העונשית של המאשימה, חורגת היא לחומרא, אינה עולה בקנה אחד עם מתחם העונש ההולם שקבענו ועם מיקום העונש הראוי לנאשם ואינה משקללת נכונה את נתוני העושה, נסיבותיו האישיות, היות הנאשם נעדר עבר פלילי, גילו הצעיר, הודאת הנאשם, הצער והחרטה שהביע בשל המעשים, כמו גם ההליך הטיפולי בו החל ליטול חלק והמלצת שירות המבחן כפי תסקירו האחרון.",קביעת העונש הראוי לנאשם:,דיון והכרעה,דיון והכרעה,דיון והכרעה,דיון והכרעה,דיון והכרעה
ME-13-04-35007-454,"בזיקה לעמדת ב""כ הנאשם, נתייחס עוד ביתר שאת לסוגיה האם ראוי היה לסטות ממתחם העונש ההולם כפי שקבענו לעיל, משיקולי שיקום, כפי שהתווה המחוקק בתיקון 113 לחוק העונשין. עניין לנו בבחור צעיר אשר כלל לא הביע נזקקות טיפולית בתסקיר הראשון שהוגש ואף לאחר כברת דרך וזמן ממושך יחסית שניתן לו כדי לנסות ולהשתלב בהליך טיפולי, הרי שגם מהתסקיר המסכם שהוגש עולה, כי עניין לנו בניצניו של הליך, הנאשם עדיין מתקשה לגעת בעולמו הרגשי, מגיב באופן אימפולסיבי בטרם ישקול את צעדיו ונטילת החלק בהליך הטיפולי עדיין מונעת ממניעים חיצוניים. בנסיבות אלו, הרי שאין לנו הליך טיפולי, שורשי ומעמיק בו נטל הנאשם חלק ואין בנמצא סיכויי שיקום של ממש אשר קרמו עור וגידים ואשר בשלהם ראוי לסטות ממתחם העונש ההולם, בזיקה למהות המעשים שביצע הנאשם והחומרה הגלומה בהם, משיקולי שיקום.",קביעת העונש הראוי לנאשם:,דיון והכרעה,דיון והכרעה,דיון והכרעה,דיון והכרעה,דיון והכרעה
ME-13-04-35007-454,"תלכיד עונשי, ראוי ומאוזן, כך לדידי, ראוי, כי יכלול בחובו עונש מאסר בפועל לתקופה מידתית ואולם זו לריצוי מאחורי סורג ובריח ואשר תעלה בקנה אחד עם מתחם העונש ההולם ועם מיקום העונש הראוי לנאשם בתוך המתחם. עוד ראוי להשית על הנאשם מאסר מותנה אשר יהא ""כחרב המתהפכת"" מעל ראשו של הנאשם כצופה פני עתיד. נוכח מהות המעשים שביצע הנאשם, טיבם ומהותם, הרי שראוי אף לחייב את הנאשם בתשלום קנס. יחד עם זאת, במתחם הקנס ההולם, בית המשפט צריך להזדקק אף למצבו הכלכלי של הנאשם ובהקשר זה, ראוי להפנות לטיעוני ב""כ הנאשם באשר למצוקתה הכלכלית של משפחת הנאשם, האמור בתסקיר שירות המבחן בהקשר זה, כמו גם עדות אביו של הנאשם בפני. עוד ראוי לציין, כי הנאשם היה נתון בתנאים מגבילים משך תקופה ניכרת, על המשמעויות הכלכליות הקמות מכך. לאחר ששקללתי כל אלה, אני סבורה, כי מתחם הקנס ההולם, נע במקרה דנן בין 3,000 ₪ לבין 10,000 ₪ וכי ראוי למקם את הקנס הראוי לנאשם ברף הנמוך של מתחם ההולם אך לא בצד הקיצון שבו.",קביעת העונש הראוי לנאשם:,דיון והכרעה,דיון והכרעה,דיון והכרעה,דיון והכרעה,דיון והכרעה
ME-13-04-35007-454,"עוד ראוי, כי בנסיבות העניין, הקנס שיושת על הנאשם, יהיה כאמור מידתי ויעלה בקנה אחד עם האמור לעיל ואולם זה ישולם מפאת מצבו הכלכלי של הנאשם ומשפחתו בשיעורים חודשיים, שווים ורצופים לאחר שהנאשם ישוחרר מעונש המאסר שיושת עליו במסגרת גזר דין זה.",קביעת העונש הראוי לנאשם:,דיון והכרעה,דיון והכרעה,דיון והכרעה,דיון והכרעה,דיון והכרעה
ME-13-04-35007-454,"סופו של יום, נוכח כל האמור לעיל, אני משיתה על הנאשם את העונשים כדלקמן:",קביעת העונש הראוי לנאשם:,דיון והכרעה,דיון והכרעה,דיון והכרעה,דיון והכרעה,דיון והכרעה
ME-13-04-35007-454,א.	9 חודשי מאסר בפועל בניכוי ימי מעצרו מיום 8/4/13 ועד ליום 11/7/13.,קביעת העונש הראוי לנאשם:,דיון והכרעה,דיון והכרעה,דיון והכרעה,דיון והכרעה,דיון והכרעה
ME-13-04-35007-454,12 חודשי מאסר על תנאי והתנאי הוא שהנאשם לא יעבור תוך תקופה של 3 שנים כל עבירה בנשק מסוג פשע ויורשע בגינה.,קביעת העונש הראוי לנאשם:,דיון והכרעה,דיון והכרעה,דיון והכרעה,דיון והכרעה,דיון והכרעה
ME-13-04-35007-454,6 חודשי מאסר על תנאי והתנאי הוא שהנאשם לא יעבור תוך תקופה של 3 שנים כל עבירה בנשק מסוג עוון ויורשע בגינה.,קביעת העונש הראוי לנאשם:,דיון והכרעה,דיון והכרעה,דיון והכרעה,דיון והכרעה,דיון והכרעה
ME-13-04-35007-454,"קנס בסך 5,000 ₪ או 40 ימי מאסר תמורתו. הקנס ישולם ב - 10 תשלומים, חודשיים, שווים ורצופים בסך 500 ₪ כל אחד. התשלום הראשון ישולם בתוך 30 יום ממועד שחרורו של הנאשם מבית הסוהר, נשוא עונש המאסר שהושת עליו כאן ומדי חודש בחודשו, באופן רציף ועוקב. אי עמידה באחד התשלומים במועד, תגרור תוספת פיגורים כדין.",קביעת העונש הראוי לנאשם:,דיון והכרעה,דיון והכרעה,דיון והכרעה,דיון והכרעה,דיון והכרעה
ME-14-03-48488-922,"חוק העונשין, תשל""ז-1977: סע'  144(א), 144(ב), 454",nothing,מידע אחר,מידע אחר,מידע אחר,מידע אחר,מידע אחר
ME-14-03-48488-922,"הנאשם הורשע עפ""י הודאתו, במסגרת הסדר טיעון, בביצוע עבירות של היזק בזדון בחומר נפיץ, החזקת נשק ונשיאת נשק- עבירות לפי סעיפים 454, 144(א) רישא ו- 144(ב) רישא לחוק העונשין התשל""ז- 1977.",א.	פתח דבר,עובדות המקרה,עובדות המקרה,עובדות המקרה,עובדות המקרה,עובדות המקרה
ME-14-03-48488-922,"על פי עובדות כתב האישום המתוקן בהן הודה הנאשם הוא ייצר סמוך לתאריך 4.1.14 מטען חבלה מצינור מתכת הסגור בשני צדדיו שבתוכו חומר נפיץ, פתיל ו-47 קליעי נק""ל, וזאת  באופן שתוכנן כך שיגרום למותו של אדם עם התפוצצותו.",א.	פתח דבר,עובדות המקרה,עובדות המקרה,עובדות המקרה,עובדות המקרה,עובדות המקרה
ME-14-03-48488-922,"בתאריך 4.1.2014 הגיע הנאשם למקום בו חנה רכבם של המתלוננים - יורם וגיל כהן, ברחוב מוהליבר 38 בת""א, הטמין את המטען מתחת למושב הנהג, הצית את הפתיל, ונמלט ממקום האירוע.",א.	פתח דבר,עובדות המקרה,עובדות המקרה,עובדות המקרה,עובדות המקרה,עובדות המקרה
ME-14-03-48488-922,כתוצאה ממעשיו של הנאשם התפוצץ המטען וגרם נזק לתחתית וכסא נהג הרכב ונזקים לסביבה במרחק של כ-10 מטר ממקום חנית הרכב.,א.	פתח דבר,עובדות המקרה,עובדות המקרה,עובדות המקרה,עובדות המקרה,עובדות המקרה
ME-14-03-48488-922,"הנאשם אף הורשע על פי הודאתו, כי בתאריך 25.2.2014 החזיק בביתו מכשיר טלפון נייד המשמש בין היתר כמערכת הפעלה במטעני חבלה מאולתרים.",א.	פתח דבר,עובדות המקרה,עובדות המקרה,עובדות המקרה,עובדות המקרה,עובדות המקרה
ME-14-03-48488-922,"ב""כ המאשימה הגיע להסדר טיעון עם הנאשם ובא כוחו, לפיו, עתרו באי כוח הצדדים במשותף לביהמ""ש להטיל על הנאשם עונש מאסר לתקופה בת 42 חודשי מאסר החל מיום מעצרו וכן מאסר על תנאי.",ב.	הסדר הטיעון ,עובדות המקרה,עובדות המקרה,טיעוני הצדדים,עובדות המקרה,טיעוני הצדדים
ME-14-03-48488-922,"עוד עתר ב""כ המאשימה להשית על הנאשם תשלום פיצוי וקנס סמליים, כשהוא מציין כי המתלוננים קיבלו פיצוי מלא מחברת הביטוח, ומשיחה עמם למד, כי הם אינם מעוניינים בהטלת פיצוי על הנאשם.",ב.	הסדר הטיעון ,עובדות המקרה,עובדות המקרה,טיעוני הצדדים,עובדות המקרה,טיעוני הצדדים
ME-14-03-48488-922,"ב""כ הנאשם הצטרף לעתירת התביעה  להשית על הנאשם קנס סמלי בלבד.",ב.	הסדר הטיעון ,עובדות המקרה,עובדות המקרה,טיעוני הצדדים,טיעוני הצדדים,טיעוני הצדדים
ME-14-03-48488-922,"לנאשם עבר פלילי בביצוע עבירות אלימות: הוא הורשע בתקיפה כדי לגנוב והתעללות בבעלי חיים  (בשנים 2004-2003), תקיפה הגורמת חבלה של ממש ותקיפת שוטר (2007) שבגינן ריצה עונש מאסר בן 7 חודשים, וכן תקיפה וחבלה של ממש, ופציעה כשהעבריין מזויין (2009) שבגינן ריצה עונש מאסר בן 8 חודשים.",ג.	עברו הפלילי של הנאשם ,עובדות המקרה,ראיות לעונש,ראיות לעונש,ראיות לעונש,ראיות לעונש
ME-14-03-48488-922,"ב""כ המאשימה עתר לביהמ""ש לכבד את הסדר הטיעון בציינו, כי הענישה המוסכמת שהינה מקלה לשיטתו נקבעה בעקבות קשיים ראייתיים משמעותיים בתיק, שכן הראיה המסבכת את הנאשם היתה דגימת DNA שנתפסה על מצית במרחק מה מזירת העבירה.","ד.	טיעוני ב""כ הצדדים",טיעוני הצדדים,טיעוני הצדדים,טיעוני הצדדים,טיעוני הצדדים,טיעוני הצדדים
ME-14-03-48488-922,"הנאשם לא נתן הסבר להמצאות המצית עם ה DNA   שלו במקום, ובין הנאשם ולמתלוננים לא היה כל סכסוך.","ד.	טיעוני ב""כ הצדדים",טיעוני הצדדים,טיעוני הצדדים,עובדות המקרה,טיעוני הצדדים,טיעוני הצדדים
ME-14-03-48488-922,"ב""כ המאשימה הפנה את בית המשפט לת""פ (חיפה) 32508-02-11  5995/11 ' מדינת ישראל נ' ראיד בדראן תק-מח 2011 (3) 539. שם, הנאשם לא ייצר מטען החבלה אלא השיגו מאחר, ולא היו לו הרשעות קודמות. בנוסף, הוא עבד ותפקד כראוי עובר לביצוע העבירה, ואף הביע חרטה בפני קצינת המבחן.","ד.	טיעוני ב""כ הצדדים",טיעוני הצדדים,טיעוני הצדדים,טיעוני הצדדים,טיעוני הצדדים,טיעוני הצדדים
ME-14-03-48488-922,בית המשפט המחוזי הטיל עליו עונש של 48 חודשי מאסר בפועל ו-18 חודשי מאסר על תנאי.,"ד.	טיעוני ב""כ הצדדים",טיעוני הצדדים,טיעוני הצדדים,מידע אחר,דיון והכרעה,טיעוני הצדדים
ME-14-03-48488-922,"בית המשפט העליון שדן בערעורו - ע""פ 5995/11  תק-על 2012 (4) 386 הפחית העונש לשלוש שנות מאסר, בהתחשב בכך  שלנאשם לא היה עבר פלילי, וובכך שאיש לא נפגע אלא נגרם נזק בלבד.","ד.	טיעוני ב""כ הצדדים",טיעוני הצדדים,טיעוני הצדדים,מידע אחר,דיון והכרעה,טיעוני הצדדים
ME-14-03-48488-922,"פ (חיפה) 54104-07-12 מדינת ישראל נ' עודאי מסארווה (פורסם במאגרים, 20.3.2013)] נגזר על מי שייצר והשתמש ב-8 מטעני חבלה אשר לא גרמו אבדות בנפש 7 שנות מאסר וכן מאסר על תנאי.","ד.	טיעוני ב""כ הצדדים",טיעוני הצדדים,טיעוני הצדדים,מידע אחר,דיון והכרעה,טיעוני הצדדים
ME-14-03-48488-922,"בתפ""ח (חיפה) 4072/07 מדינת ישראל נ' מוחמד בדראן (פורסם במאגרים, 24.9.2008)] שם, השתמש הנאשם במטען חבלה מאולתר וגרם נזק פיסי לשני אנשים הוא נדון לעונש מאסר של 42 חודשים ו-18 חודשים על תנאי, וכן חויב בתשלום פיצוי בסך 27,500 ₪.","ד.	טיעוני ב""כ הצדדים",טיעוני הצדדים,טיעוני הצדדים,מידע אחר,דיון והכרעה,טיעוני הצדדים
ME-14-03-48488-922,"ב""כ הנאשם עתר אף הוא לבית המשפט לכבד את הסדר הטיעון, בהדגישו כי הקשיים הראייתיים עליהם הצביע ב""כ המאשימה הינם מהותיים, ובכל זאת הנאשם בחר ליטול אחריות למעשיו והודה בבית המשפט. לדבריו, ההסדר מגלם בתוכו גם התחשבות בגילו הצעיר של הנאשם ובמצבו הכלכלי הקשה, לפיו הנאשם התגורר במחסן עד למעצרו.","ד.	טיעוני ב""כ הצדדים",טיעוני הצדדים,טיעוני הצדדים,טיעוני הצדדים,דיון והכרעה,טיעוני הצדדים
ME-14-03-48488-922,"הנאשם נשא דברו בבית המשפט. הוא הביע צער וחרטה על מעשיו, וכן הביע אמונו שלא ישוב עוד להיות נאשם בבית המשפט.",ה.	דברי הנאשם ,טיעוני הצדדים,טיעוני הצדדים,טיעוני הצדדים,דיון והכרעה,טיעוני הצדדים
ME-14-03-48488-922,"עסקינן בצעיר שעבד בעיריית תל אביב, וזאת לאחר שנקלט בעבודתו על אף עברו הפלילי.",ו.	דיון,דיון והכרעה,דיון והכרעה,ראיות לעונש,דיון והכרעה,דיון והכרעה
ME-14-03-48488-922,"הנאשם ייצר מטען חבלה שתוכנן כך שיגרום למות אדם עם התפוצצותו, והוא הניח אותו מתחת למושב נהג של אדם עמו לא היה לו כלל סכסוך. מכך משתמע שהנאשם בעצם שימש ""חרב להשכיר"" והוא הצית את הפתיל וגרם להתפוצצות מטען החבלה כנראה כ""אות אזהרה"" למשתמש ברכב.",ו.	דיון,דיון והכרעה,דיון והכרעה,עובדות המקרה,דיון והכרעה,דיון והכרעה
ME-14-03-48488-922,"כשנעצר הנאשם הוא שמר על זכות השתיקה, ולא נתן הסבר להמצאות DNA  על מצית שנתפסה בסמוך לזירת העבירה, עניין זה היה בעוכריו. התביעה, כמו גם ההגנה,  לא היתה בטוחה בתוצאות המשפט, ועל כן שתיהן בחרו ""למזער"" את הסיכון – זו – שמא יזוכה הנאשם, וזה – שמא ייענש בחומרה, ועל כן הגיעו להסדר טיעון.",ו.	דיון,דיון והכרעה,דיון והכרעה,עובדות המקרה,דיון והכרעה,דיון והכרעה
ME-14-03-48488-922,"הפסיקה מצביעה על חומרת העבירה בה הורשע הנאשם, כמצוין בע""פ 5995/11, שנזכר לעיל, שם נקבע:",ו.	דיון,דיון והכרעה,דיון והכרעה,דיון והכרעה,דיון והכרעה,דיון והכרעה
ME-14-03-48488-922,עסקינן בענייננו בהסדר טיעון הכולל עתירה משותפת לעונש –,ו.	דיון,דיון והכרעה,דיון והכרעה,דיון והכרעה,דיון והכרעה,דיון והכרעה
ME-14-03-48488-922,"כפי שפירטתי בגזר הדין בת""פ 22678-12-13 (ניתן ביום 9.4.14) הוראת בית המשפט העליון היא כי על אף קיומו של מנגנון הבניית שיקול הדעת בענישה, עומדת בעינה ההלכה שנקבעה בע""פ 1958/98, לפיה ככלל, על בתי המשפט לכבד הסדרי טיעון, אלא אם כן אלו עומדים בניגוד לאינטרס הציבור, וזאת, בהתחשב בהסתמכותם של הנאשמים על תוכן ההסדר בתכנון צעדיהם.",ו.	דיון,דיון והכרעה,דיון והכרעה,דיון והכרעה,דיון והכרעה,דיון והכרעה
ME-14-03-48488-922,"עיון בפסיקה שהציגו הצדדים מגלה כי העונש המוסכם אינו חורג באופן משמעותי מהמקובל בגין עבירות דומות, מה גם שקיימים קשיים ראייתיים בתיק.",ו.	דיון,דיון והכרעה,דיון והכרעה,דיון והכרעה,דיון והכרעה,דיון והכרעה
ME-14-03-48488-922,"אשר על כן, ולאור המקובץ לעיל, החלטתי לכבד את הסדר הטיעון.",ו.	דיון,דיון והכרעה,דיון והכרעה,דיון והכרעה,דיון והכרעה,דיון והכרעה
ME-14-03-48488-922,"ב""כ המאשימה ציין כי נפגעי העבירה פוצו על ידי חברת הביטוח, והם אף אינם עותרים לקבלת פיצוי נוסף. עוד לדברי ב""כ המאשימה, ""אין להם עניין בתיק"", שכן לטענתם הם אינם מסוכסכים עם הנאשם.",ו.	דיון,דיון והכרעה,דיון והכרעה,דיון והכרעה,דיון והכרעה,דיון והכרעה
ME-14-03-48488-922,משכך–לא אחייב את הנאשם בתשלום פיצוי למתלוננים.,ו.	דיון,דיון והכרעה,דיון והכרעה,דיון והכרעה,דיון והכרעה,דיון והכרעה
ME-14-03-48488-922,"עקב מצוקתו הכלכלית של הנאשם, עתר ב""כ המאשימה לבית המשפט להטיל עליו קנס סמלי, וב""כ הנאשם הצטרף אליו.",ו.	דיון,דיון והכרעה,דיון והכרעה,דיון והכרעה,דיון והכרעה,דיון והכרעה
ME-14-03-48488-922,"דומני, שאין בקנס סמלי כדי להרתיע והוא עלול להכביד על הנאשם עם שחרורו ממאסרו, באופן שיכול אפילו להביא לכך שימעד ויבצע עבירה פלילית כדי לשלם את הקנס. לעומת זאת התחייבות בסכום גבוה יש בה כדי להרתיע נאשם מנקיטה בדרך פעולה דומה בעתיד.",ו.	דיון,דיון והכרעה,דיון והכרעה,דיון והכרעה,דיון והכרעה,דיון והכרעה
ME-14-03-48488-922,אשר על כן אני מטילה על הנאשם את העונשים הבאים:,ו.	דיון,דיון והכרעה,דיון והכרעה,דיון והכרעה,דיון והכרעה,דיון והכרעה
ME-14-03-48488-922,42 חודשי מאסר החל מיום מעצרו בתאריך 25.2.2014.,ו.	דיון,דיון והכרעה,דיון והכרעה,דיון והכרעה,דיון והכרעה,דיון והכרעה
ME-14-03-48488-922,"18 חודשי מאסר על תנאי, והתנאי הוא שלא יעבור תוך 3 שנים מיום שחרורו ממאסר עבירה מהעבירות בהן הורשע, או כל עבירת אלימות מסוג פשע.",ו.	דיון,דיון והכרעה,דיון והכרעה,דיון והכרעה,דיון והכרעה,דיון והכרעה
ME-14-03-48488-922,"הנאשם יחתום על התחייבות על סך 25,000 ₪, לפיה הוא לא יעבור העבירה בה הורשע או כל עבירת אלימות מסוג פשע, וזאת תוך שנתיים מיום שחרורו ממאסר.",ו.	דיון,דיון והכרעה,דיון והכרעה,דיון והכרעה,דיון והכרעה,דיון והכרעה
ME-14-03-48488-922,לא תיחתם ההתחייבות – יאסר הנאשם ל-100 ימים.,ו.	דיון,דיון והכרעה,דיון והכרעה,דיון והכרעה,דיון והכרעה,דיון והכרעה
ME-15-09-40313-52,"ב""כ המאשימה: עו""ד שירלי לוגסי",nothing,מידע אחר,מידע אחר,מידע אחר,מידע אחר,מידע אחר
ME-15-09-40313-52,"ב""כ הנאשם: עוה""ד אלי כהן, רינת בנתורה ורמי ז",nothing,מידע אחר,מידע אחר,מידע אחר,מידע אחר,מידע אחר
ME-15-09-40313-52,"חוק העונשין, תשל""ז-1977: סע'  40 ט', 144(א), 144(ב), 40 יא', 40 יג'",nothing,מידע אחר,מידע אחר,מידע אחר,מידע אחר,מידע אחר
ME-15-09-40313-52,הנאשם הורשע בהתאם להודאתו בעובדות כתב האישום המתוקן בעבירות כדלקמן:,רקע,עובדות המקרה,עובדות המקרה,עובדות המקרה,עובדות המקרה,עובדות המקרה
ME-15-09-40313-52,"על-פי המתואר בעובדות כתב האישום המתוקן, בתאריך 18.9.15 ביצעו מספר שוטרים תצפית במסגרת פעילות בילוש בניידת בילוש. סמוך לשעה 03:00 הבחינו השוטרים ברכב נהוג בידי הנאשם ובו שני אנשים נוספים. מיד לאחר מכן החל אחד השוטרים בנסיעה אחרי הרכב תוך שהוא כורז במערכת הכריזה לנאשם לעצור וכן מדליק אורות כחולים מהבהבים והורה לנאשם לעצור. עקב כך החל הנאשם בנהיגה מהירה ומשהגיע לדרך ללא מוצא, נעצר והניידת נעצרה אחריו וחסמה את דרכו. בהמשך ביצעו השוטרים חיפוש ברכב ובמהלכו נתפסו בתוך שק יוטה בצבע חום, שני רובי ""קרל גוסטב"" מאולתרים עם מחסנית בתוכם, קרטון ובו 39 כדורים 9 מ""מ וגרב שחור ובו 8 כדורים נוספים.","החזקת תחמושת, לפי סעיף 144(א) סייפא בחוק. ",עובדות המקרה,עובדות המקרה,עובדות המקרה,עובדות המקרה,עובדות המקרה
ME-15-09-40313-52,"הצדדים הגיעו להסדר דיוני, לפיו הנאשם הודה והורשע בכתב האישום המתוקן ונשלח לקבלת תסקיר שירות מבחן.","החזקת תחמושת, לפי סעיף 144(א) סייפא בחוק. ",עובדות המקרה,עובדות המקרה,עובדות המקרה,עובדות המקרה,עובדות המקרה
ME-15-09-40313-52,"על פי תסקיר שירות המבחן, הנאשם כבן 55, נשוי ואב ל-3 ילדים. עובד מזה כ-6 שנים כממונה על הגבייה בתאגיד ""מעיינות המשולש"" באזור המשולש הדרומי. הנאשם סיים 12 שנות לימוד עם תעודת בגרות. בגיל 17 עבר להתגורר אצלו דודו. עם סיום לימודיו נהג לבלות עם חברה שולית, דבר אשר מנע ממנו להשתלב בלימודים אקדמאיים. תיאר השתלבות לא סדירה בתעסוקה אשר התאפיינה בעבודות מזדמנות לתקופות קצרות, ואף ביצע עבירות וריצה מאסרים. בגיל 30 שוחרר ממאסרו האחרון והחליט לערוך שינוי משמעותי בחייו. ניתק קשרים עברייניים קודמים והשתלב בתעסוקה באופן נורמטיבי ומקובל. בשנת 2004 החל לעבוד בעיריית טייבה, עבד במשך 8 שנים במחלקת הגבייה ובשנת 2012 עבר לעבוד במקום העבודה הנוכחי. הנאשם גדל במשפחה נורמטיבית. בהתייחסו לעבירות הנאשם מקבל אחריות מלאה על מעורבותו ומבטא חרטה וצער עמוקים וחש בושה בגינן. הנאשם הסביר את מעורבותו על רקע קשרים בעייתיים קודמים וקושי שלו להציב גבולות בפניהם. הנאשם ציין את הפער בין התנהלותו הבעייתית ובין ניהול אורח חיים נורמטיבי במשך שנים ומסר כי פעל מתוך מניע של שמירה על תדמיתו הגברית מול גורמים עבריינים מהעבר. במסגרת צו פיקוח מעצר השתלב הנאשם בקבוצה המיועדת לעצורי בית. הנאשם הגיע באופן רצוף ויציב, שמר על מסגרת הטיפול, לקח חלק פעיל במפגשים הקבוצתיים, תוך הפנמה של תכנים שבהם עוסקת הקבוצה. שירות המבחן התרשם כי הנאשם מבטא הכרה ראשונית בבעייתיות התנהלותו וכן ביטא נכונות להעמיק הבנתו ולזהות מצבי סיכון ולערוך שינוי בדפוסיו. שירות המבחן העריך כי בשקלול כל הפרמטרים, רמת הסיכון להתנהגות אלימה הינה נמוכה וכי החומרה הצפויה אם תבוצע עבירת אלימות, נמוכה אף היא. נוכח יציבות בעבודה, יציבות משפחתית, הימנעות מביצוע עבירות במשך תקופה ארוכה ושמירה על אורח חיים תקין וחיובי לצד קבלת אחריות והבעת חרטה וכן הערכת סיכון נמוכה, העריך שירות המבחן כי נדרשת מעורבות טיפולית בעניינו כדי להגביר את הסיכוי לשיקומו. נוכח זאת, המליץ שירות המבחן על מאסר בדרך של עבודות שירות כדי שלא לקטוע את ההליך השיקומי בו התמיד במשך 13 שנה וזאת לצד צו מבחן.",תסקיר שירות המבחן,תסקיר שירות מבחן,תסקיר שירות מבחן,תסקיר שירות מבחן,תסקיר שירות מבחן,תסקיר שירות מבחן
ME-15-09-40313-52,"נע/1 – מכתב מאת סמנכ""ל תאגיד מעיינות המשולש, מר בשארה בשארה – ממנו עולה כי הנאשם עובד תחת ניהולו משנת 2012 ועד היום. במהלך עבודתו הנאשם תרם רבות למקום עבודתו ואף הקים מערך הדרכה לעובדים. הנאשם עשה עבודתו באדיבות ובנימוס.",ראיות לעונש,ראיות לעונש,ראיות לעונש,ראיות לעונש,ראיות לעונש,ראיות לעונש
ME-15-09-40313-52,נע/2 – אישור רפואי באשר לבתו הקטנה של הנאשם ולקשר שבינה לבין הנאשם.,ראיות לעונש,ראיות לעונש,ראיות לעונש,ראיות לעונש,ראיות לעונש,ראיות לעונש
ME-15-09-40313-52,נע/3 –אישור רפואי באשר למצבו הרפואי של הנאשם.,ראיות לעונש,ראיות לעונש,ראיות לעונש,ראיות לעונש,ראיות לעונש,ראיות לעונש
ME-15-09-40313-52,"לטענת ב""כ המאשימה, עו""ד שירלי לוגסי, הערך החברתי המוגן שנפגע הינו בטחון הציבור ושלמות הגוף. זמינות נשק חם בידי מי שלא מורשה לכך עלולה להוביל לביצוע עבירות חמורות ולפגיעה בחיי אדם. במדרג עבירות הנשק, מצויה עבירת נשיאת הנשק בדרגת חומרת ביניים והעונש המרבי בגינה הינו 10 שנות מאסר. באשר לנסיבות ביצוע העבירה הרי שהנאשם נשא שני כלי נשק מסוג תת מקלע מאולתרים, טעונים במחסנית ובה כדורים. הנשקים היו בתא מטען של הרכב בתוך שק. נתפסה גם תחמושת, כ- 47 כדורים מלבד אלו שהיו במחסניות. הנסיבות מלמדות כי הנשקים היו מוכנים לירי. הנאשם נשא את הנשקים בטבורה של עיר, עם שניים אחרים, ברכבו בשעת לילה מאוחרת ועל כן מטרת הנשיאה אינה תמימה. עוד יש להתייחס לכך שהנאשם ניסה להימלט ולא נשמע תחילה להוראות השוטרים. רק כאשר הגיע לדרך ללא מוצא נעצר ואז השוטרים חסמו את דרכו. הנזק פוטנציאלי הינו פגיעה בחיי אדם, במיוחד כאשר מדובר בנשקים מאולתרים בהם הפוטנציאל לפגיעה הינו גבוה. יש לתת משקל של ממש לשיקול הרתעת הרבים בעבירות אלו. בשנים האחרונות חלה החמרה בענישה בעבירות מסוג זה והן הוכרו בפסיקה כ""מכת מחוז"". מתחם העונש ההולם הינו בין 3 ל- 6 שנות מאסר. הנאשם ניהל הוכחות בתיק ורק לאחר שנשמעו מרבית עדי התביעה הוא הודה. עם זאת הנאשם נטל אחריות וחסך את המשכו של ההליך. כמו כן, מתסקיר שירות המבחן עולה כי הוא נוטל אחריות למעשיו וכי שיתף פעולה במסגרת צו הפיקוח במשך מספר חודשים. מאז 2001 לא נפתחו נגדו תיקים חדשים. לחובתו הרשעות בעבירות של נשיאת נשק. אמנם מדובר בעבר ישן אך רלוונטי. הוא ריצה שני מאסרים אחד לתקופה של 4 שנים והשני למשך 50 חודשים ויש בכך כדי ללמד על חומרת העבירות הקודמות בהן הורשע. נוכח העובדה שמדובר באותה עבירה, יש לתת לכך משקל. שירות המבחן המליץ על עונש של עבודות שירות כדי שלא לגדוע את ההליך השיקומי, ואולם מי שגדע את ההליך השיקומי במו ידיו הוא הנאשם עת ביצע את העבירות. לא ניתן לומר כי הנאשם עבר הליך טיפולי משמעותי, הוא ביטא הכרה ראשונית במצבו והשתתף בקבוצה שאינה ייעודית לבעיותיו. לפיכך, הגם שיש להתחשב בנתונים שעולים מהתסקיר, הרי שאין מקום לסטות בגינו ממתחם העונש ההולם. יש מקום למקם את הנאשם באמצע המתחם. לפיכך, עתרה ב""כ המאשימה להשית על הנאשם עונש מאסר בפועל, לצד מאסר על תנאי, קנס וחילוט הרכב.",טיעוני הצדדים,טיעוני הצדדים,טיעוני הצדדים,טיעוני הצדדים,טיעוני הצדדים,טיעוני הצדדים
ME-15-09-40313-52,"לטענת ב""כ הנאשם, עוה""ד אלי כהן, רינת בנתורה ורמי זך, הנאשם בן 56 נשוי ואב ל- 3 ילדים, הצעיר בן 8 והבכורה בת 16. הוא המפרנס היחיד של המשפחה, רעייתו עובדת כגננת. הנאשם ורעייתו השקיעו רבות בילדיהם אשר הגיעו להישגים גבוהים. הנאשם סיים לימודי תיכון עם תעודת בגרות, חבר בגיל צעיר לחברה שולית וביצע עבירות. כל זה היה לפני שנים רבות. ההרשעה האחרונה שלו בעבירת אלימות בוצעה בשנת 1999, היינו לפני 19 שנה. העבירה הקודמת בוצעה בשנת 93, לפני 25 שנים. מדובר בעבירות כל כך ישנות אשר עוד כמה חודשים היו עתידות להימחק, ועל כן אין לתת להן משקל. הנאשם בן למשפחה נורמטיבית, יש לו 7 אחים נטולי עבר פלילי, חלקם משכילים. הנאשם עשה תפנית חדה באורך חייו וניפץ את המעגל שהיה נתון בו. הוא נישא והקים בית ומשפחה. הוא יצא לעבודה וביצע תפקידים חשובים במשך 19 השנים האחרונות. הוא עובד מזה 8 שנים בעירייה וכ- 6 שנים כממונה על תאגיד המים ועושה את עבודתו לשביעות רצון מעסיקיו. הנאשם הודה בכתב האישום המתוקן, ממנו נמחקו עובדות והוראות חיקוק. בכתב האישום המתוקן לא מצוין כי היה מרדף, ולא מצוין כי נמצאו כדורים במחסניות. אין מקום לשקול לחובתו את ניהולו של חלק מההליך, הואיל והניהול הביא לאותם תיקונים משמעותיים. נסיבות החזקת הנשק עלומות ואין לגביהן שום מידע. היו ברכב עוד שני אנשים ואיננו יודעים מה הקשר שלהם ולא ניתן להניח לחובת הנאשם הנחות אחרות. תסקיר שירות המבחן הינו חיובי מאוד, הוא היה בפיקוח של שירות המבחן במשך 9 חודשים. הנאשם שהה בתנאים מגבילים משנת 2015 ועד היום, לא הפר תנאי מתנאי שחרורו והוכיח כי הוא ראוי לאמון בית המשפט. תסקיר שירות המבחן עומד על השינוי שערך הנאשם, על העבודה היציבה, על קבלת האחריות למעשיו והבעת החרטה הכנה שהביע הנאשם. שירות המבחן אף קבע כי רמת המסוכנות שלו היא נמוכה ברמת חומרה נמוכה. שירות המבחן סבור כי התערבות טיפולית תקטין עוד את הסיכוי להישנות המעשים. התסקיר מספק את כל הנתונים אשר מצדיקים חריגה ממתחם העונש. קיימת פסיקה מגוונת ובה גם עונשים של עבודות שירות. מתחם העונש צריך להיות בין 9 ל- 33 חודשי מאסר. נוכח מכלול הנתונים, ההודיה והחרטה יש מקום לאמץ את המלצת שירות המבחן. לפיכך עתר ב""כ הנאשם להשית על הנאשם עונש מאסר שירוצה בעבודות שירות כהמלצת שירות המבחן וכן להימנע  מחילוט הרכב.",טיעוני הצדדים,טיעוני הצדדים,טיעוני הצדדים,טיעוני הצדדים,טיעוני הצדדים,טיעוני הצדדים
ME-15-09-40313-52,הנאשם הביע חרטה כנה ועמוקה על מעשיו.,טיעוני הצדדים,טיעוני הצדדים,טיעוני הצדדים,טיעוני הצדדים,טיעוני הצדדים,טיעוני הצדדים
ME-15-09-40313-52,"כתב האישום מתאר אירוע אחד, ומכאן שיש לקבוע בגינו מתחם עונש הולם אחד.",דיון - קביעת מתחם העונש ההולם,דיון והכרעה,דיון והכרעה,דיון והכרעה,דיון והכרעה,דיון והכרעה
ME-15-09-40313-52,"במקרה דנן, הערך החברתי אשר נפגע הינו הגנה על בטחון הציבור. נשיאת נשק חם, מסוג תת מקלע, יוצרת סיכון שהנשק יגיע בסופו של דבר לגורמים אשר ייעשו בו שימוש למטרות פסולות, לרבות פגיעה בגוף או בנפש.",דיון - קביעת מתחם העונש ההולם,דיון והכרעה,דיון והכרעה,דיון והכרעה,דיון והכרעה,דיון והכרעה
ME-15-09-40313-52,"על חומרתן של עבירות הנשק עמד בית המשפט העליון, בין היתר, בע""פ 1323/13 חסן נ' מדינת ישראל (5.6.13):",דיון - קביעת מתחם העונש ההולם,דיון והכרעה,דיון והכרעה,דיון והכרעה,דיון והכרעה,דיון והכרעה
ME-15-09-40313-52,"בחינת מידת הפגיעה בערך המוגן מובילה למסקנה כי הפגיעה בערך המוגן הינה ברף בינוני. בהקשר זה נתתי דעתי לכך שהנאשם ביצע עבירה של נשיאת נשק, אשר העונש המרבי אשר המחוקק קבע בצדה הינו של 10 שנות מאסר, שהינה חמורה יותר מעבירה של החזקת נשק אשר עונש המרבי שנקבע לצידה הוא של 7 שנות מאסר, וקלה יותר מעבירה של סחר בנשק שדינה 15 שנות מאסר. עוד יש לתת את הדעת לכך שעסקינן בנשיאת שני כלי נשק מאולתרים מסוג תת מקלע. סבורני כי עבירה בנשק מסוג תת מקלע, הינה חמורה יותר מאשר עבירה בנשק מסוג אקדח, בשל פוטנציאל הנזק הרב יותר של תת מקלע.",דיון - קביעת מתחם העונש ההולם,דיון והכרעה,דיון והכרעה,דיון והכרעה,דיון והכרעה,דיון והכרעה
ME-15-09-40313-52,"במסגרת הנסיבות הקשורות בביצוע העבירה (סעיף 40 ט' לחוק), יש לתת את הדעת לכך שהנאשם נהג  ברכבו בשעות לילה מאוחרת, יחד עם עוד שני אנשים, תוך שהוא נושא  בתא המטען של רכבו, בתוך שק יוטה בצבע חום, שני רובי ""קרל גוסטב"" מאולתרים עם מחסנית בתוכם, קרטון ובו 39 כדורים 9 מ""מ וגרב שחור ובו 8 כדורים נוספים. כאשר הבחינו בו שוטרים, החל אחד השוטרים בנסיעה אחרי הרכב תוך שהוא כורז במערכת הכריזה לנאשם לעצור וכן מדליק אורות כחולים מהבהבים והורה לנאשם לעצור. עקב כך החל הנאשם בנהיגה מהירה ומשהגיע לדרך ללא מוצא, נעצר והניידת נעצרה אחריו וחסמה את דרכו.",דיון - קביעת מתחם העונש ההולם,דיון והכרעה,דיון והכרעה,דיון והכרעה,דיון והכרעה,דיון והכרעה
ME-15-09-40313-52,"הנאשם לא היה לבדו ברכב עת נשא את הנשק והתחמושת. יחד עמו היו שני אחרים, ואולם נסיבות נוכחותם ברכב נשארו עלומות ומשכך לא ברור מה היה חלקם. מתוך העובדות עולה כי מדובר היה ברכבו של הנאשם וכי הוא זה אשר נהג.",דיון - קביעת מתחם העונש ההולם,דיון והכרעה,דיון והכרעה,דיון והכרעה,דיון והכרעה,דיון והכרעה
ME-15-09-40313-52,"פוטנציאל הנזק בעבירות של נשיאת נשק, במיוחד כאשר מדובר בנשק אוטומטי הינו רב. לגרסתו של הנאשם הרקע למעשיו היה קשרים בעייתיים קודמים וקושי שלו להציב גבולות בפני אחרים וכי הוא פעל מתוך מניע של שמירה על תדמיתו הגברית מול גורמים עבריינים מהעבר.",דיון - קביעת מתחם העונש ההולם,דיון והכרעה,דיון והכרעה,דיון והכרעה,דיון והכרעה,דיון והכרעה
ME-15-09-40313-52,בחינת מדיניות הענישה הנוהגת מעלה כי במקרים דומים הוטלו על נאשמים עונשי מאסר בפועל במנעד רחב כמפורט להלן:,דיון - קביעת מתחם העונש ההולם,דיון והכרעה,דיון והכרעה,דיון והכרעה,דיון והכרעה,דיון והכרעה
ME-15-09-40313-52,"בע""פ 3156/11 זראיעה נ' מדינת ישראל (21.2.12), נדחה ערעורו של נאשם אשר הורשע בעבירות של נשיאה והובלת נשק והסתייעות ברכב לביצוע פשע. הנאשם נסע ברכבו, לאחר שהסליק בו אקדח, מחסנית טעונה בכדורי אקדח בקוטר 9 מ""מ וקופסאות עם כדורי אקדח בקוטר 9 מ""מ. האקדח והתחמושת נתפסו בחיפוש שגרתי שביצעה המשטרה ברכב. הנאשם מנהל אורח חיים נורמטיבי, אב ל-4 ילדים ומפרנס יחיד במשפחתו, נידון ל- 24 חודשי מאסר בפועל.",דיון - קביעת מתחם העונש ההולם,דיון והכרעה,דיון והכרעה,דיון והכרעה,דיון והכרעה,דיון והכרעה
ME-15-09-40313-52,"בע""פ 2892/13 ‏עודתאללה נ' מדינת ישראל (29.9.13), נדחה ערעורו של נאשם אשר הורשע, לאחר ניהול הוכחות, בעבירה של נשיאה והובלה של נשק שלא כדין והסתייעות ברכב לביצוע פשע. הנאשם נהג ברכב כשהוא מוביל את האקדח – ובו מחסנית ריקה מכדורים – מוסתר תחת השטיחון שמתחת לכיסא הנהג ברכב. הנאשם נעדר עבר פלילי ועד לביצוע העבירה הוא ניהל אורח חיים נורמטיבי. בית המשפט המחוזי קבע מתחם שבין 12 ל- 36 חודשי מאסר. נדון ל-21 חודשי מאסר בפועל.",דיון - קביעת מתחם העונש ההולם,דיון והכרעה,דיון והכרעה,דיון והכרעה,דיון והכרעה,דיון והכרעה
ME-15-09-40313-52,"בע""פ 4329/10 פלוני נ' מדינת ישראל (25.10.10), נדחה ערעורו של נאשם אשר הורשע בנשיאת נשק והחזקתו. הנאשם צעיר, נעדר עבר פלילי, סטודנט, ששירות המבחן המליץ להסתפק בעניינו במאסר שאותו יוכל לשאת בדרך של עבודות שירות. נידון ל- 20 חודשי מאסר בפועל.",דיון - קביעת מתחם העונש ההולם,דיון והכרעה,דיון והכרעה,דיון והכרעה,דיון והכרעה,דיון והכרעה
ME-15-09-40313-52,"בע""פ 9702/16 אבו אלוליאיה נ' מדינת ישראל (13.9.17), נדחה, ברוב דעות, ערעורו של נאשם אשר הורשע בעבירה של נשיאת והובלת נשק וכן נשיאה והובלת תחמושת. הנאשם הבחין באדם זורק תיק בצד הדרך, כאשר חזר וניגש לתיק הבחין כי בתוכו תת מקלע מאולתר, שתי מחסניות ריקות וקופסה של 50 כדורי 9 מ""מ. הנאשם נטל עמו את התיק והחביא אותו אצלו במשך חצי שנה. הנאשם כבן 37, נשוי ואב לשלושה ילדים, מפרנס יחיד ומנהל אורח חיים נורמטיבי. בעברו הרחוק שתי הרשעות קודמות. בית המשפט המחוזי קבע מתחם עונש בין 14 ל- 36 חודשי מאסר בפועל. בבית המשפט העליון, כאמור נחלק הדעות. כב' השופטת ע' ברון בדעת מיעוט סברה כי מתחם העונש ההולם צריך להיות בין 10 ל- 30 חודשי מאסר בפועל וכי עונשו של הנאשם צריך לעמוד על 12 חודשי מאסר בפועל. כב' השופט ד' מינץ וכב' השופטת (כתוארה אז) א' חיות חלקו על דעתה וקבעו כי גם אם היה ניתן להעמיד את מתחם העונש ההולם על 10-30 חודשים, אין מקום להתערב בעונש אשר הוטל על הנאשם. הנאשם נידון ל- 18 חודשי מאסר.",דיון - קביעת מתחם העונש ההולם,דיון והכרעה,דיון והכרעה,דיון והכרעה,דיון והכרעה,דיון והכרעה
ME-15-09-40313-52,"בע""פ 135/17 ‏מדינת ישראל נ' בסל (8.3.17), התקבל ערעור המדינה על קולת העונש שהוטל על נאשם אשר הורשע בעבירה של החזקה ונשיאת נשק. הנאשם נשא תת מקלע מאולתר ומחסנית, החביא אותו בביתו ובהמשך מסר אותו לאחר. הנאשם צעיר, בעל עבר פלילי זניח. בית המשפט העליון העמיד את עונשו של הנאשם על 18 חודשי מאסר בפועל (חלף 12 חודשי מאסר בפועל).",דיון - קביעת מתחם העונש ההולם,דיון והכרעה,דיון והכרעה,דיון והכרעה,דיון והכרעה,דיון והכרעה
ME-15-09-40313-52,"בע""פ 8133/15 יונס נ' מדינת ישראל (5.4.17), נדחה ערעורו של נאשם אשר הורשע בהחזקה ונשיאת נשק, הפרעה לשוטר ונהיגה ללא רישיון. הנאשם החזיק ברכבו שני תתי-מקלע מאולתרים, קופסה המכילה תחמושת ושלוש מחסניות. כמו כן לאחר שסרב לעצור את רכבו, התפתח מרדף משטרתי בסופו הוא נתפס. בית המשפט המחוזי קבע כי מתחם הענישה בין 12 ל-36 חודשי מאסר בפועל. בית המשפט העליון קבע כי העונש נוטה לקולא. הנאשם נידון ל- 14 חודשי מאסר בפועל.",דיון - קביעת מתחם העונש ההולם,דיון והכרעה,דיון והכרעה,דיון והכרעה,דיון והכרעה,דיון והכרעה
ME-15-09-40313-52,"בת""פ (מח' מרכז-לוד) 49160-11-15 מדינת ישראל נ' נאסר (10.4.16), הורשע נאשם בעבירות של החזקת נשק, נשיאת נשק ונהיגה בפסילה. הנאשם הוביל ברכבו אקדח טעון בכדורים מתחת למושב הנהג ברכבו. הנאשם צעיר, כבן 27, נשוי ובעל נסיבות אישיות וכלכליות. נקבע מתחם שנע בין 18 ל- 40 חודשי מאסר בפועל. הנאשם נדון ל- 30 חודשי מאסר בפועל (וכן הופעל מאסר על תנאי, סה""כ 36 חודשים).",דיון - קביעת מתחם העונש ההולם,דיון והכרעה,דיון והכרעה,דיון והכרעה,דיון והכרעה,דיון והכרעה
ME-15-09-40313-52,"בת""פ (מח' חי') 3772-01-16 מדינת ישראל נ' מחאמיד (14.11.16), הורשע הנאשם בכך שהחזיק יחד עם אחר בצוותא חדא, רובה מסוג MP5, תת מקלע מאולתר וכן מחסנית וכדורים, בלא רשות על פי דין להחזקתם. בנוסף, נשא הנאשם את תת המקלע יחד עם המחסנית והכדורים למקום מסוים ושם ירה באמצעות תת המקלע המאולתר כ-20 כדורים. הנאשם, בן 34 נשוי ואב לשני ילדים, בעל תואר ראשון בהנדסה ואלקטרוניקה, נעדר עבר פלילי. נידון ל- 18 חודשי מאסר בפועל.",דיון - קביעת מתחם העונש ההולם,דיון והכרעה,דיון והכרעה,דיון והכרעה,דיון והכרעה,דיון והכרעה
ME-15-09-40313-52,"ת""פ (מח' ת""א) 6904-12-14‏ מדינת ישראל נ' כבהא (30.4.15), הורשע נאשם בעבירות של נשיאה והובלת נשק והחזקת סם לשימוש עצמי. הנאשם נשא והוביל רובה מאולתר, מדגם ""קרל גוסטב"" יחד עם מחסנית וכדורים כשהוא עטוף בבגדים. הנאשם צעיר בגיר, הביע חרטה וטען כי המעשה היה על רקע הגנה עצמית. נידון ל- 18 חודשי מאסר בפועל.",דיון - קביעת מתחם העונש ההולם,דיון והכרעה,דיון והכרעה,דיון והכרעה,דיון והכרעה,דיון והכרעה
ME-15-09-40313-52,"בת""פ (מח' מרכז-לוד) 69158-11-16 מדינת ישראל נ' גבארה (12.6.17), הורשע נאשם בעבירות של נשיאת נשק ותחמושת וכן ירי באזור מגורים. הנאשם טמן באדמה, תיק בד ובו נשק תת-מקלע מסוג ""קרלו"" יחד עם מחסנית ותחמושת מסוג 9 מ""מ, בהמשך הכניסו לרכבו והגיע לאירוע משפחתי במהלכו הוציא את הנשק והתחמושת מהרכב, וירה צרור כדורים למעלה. הנאשם צעיר, נעדר עבר פלילי, נשוי ואב לשני פעוטות. נידון ל- 17 חודשי מאסר בפועל.",דיון - קביעת מתחם העונש ההולם,דיון והכרעה,דיון והכרעה,דיון והכרעה,דיון והכרעה,דיון והכרעה
ME-15-09-40313-52,"בהתאם לתיקון 113 לחוק העונשין (סעיף 40 יג'), סבורני כי מתחם העונש ההולם הינו החל  מ- 16 חודשי מאסר בפועל ועד ל- 40 חודשי מאסר בפועל.",דיון - קביעת מתחם העונש ההולם,דיון והכרעה,דיון והכרעה,דיון והכרעה,דיון והכרעה,דיון והכרעה
ME-15-09-40313-52,"במקרה דנן, לא קיימים שיקולים אשר מצדיקים סטייה מהמתחם, לחומרה או לקולא. נתתי דעתי לכך כי ב- 19 השנים האחרונות ניהל הנאשם אורח חיים נורמטיבי. כמו כן, נתתי דעתי לכך כי במשך 9 חודשים היה הנאשם תחת צו פיקוח של שירות המבחן וכי על פי תסקיר שירות המבחן הוא שיתף פעולה לאורך כל התקופה ואף לקח חלק בקבוצה לעצורי בית ונראה כי נתרם ממנה. עם זאת, סבורני כי מדובר בהליך טיפולי ראשוני אשר אין בו כדי להצדיק חריגה ממתחם העונש. כך גם ניהול אורח החיים הנורמטיבי צריך להילקח בחשבון בתוך גדרי המתחם.",דיון - קביעת מתחם העונש ההולם,דיון והכרעה,דיון והכרעה,דיון והכרעה,דיון והכרעה,דיון והכרעה
ME-15-09-40313-52,"בגזירת העונש המתאים לנאשם, בגדרי מתחם העונש ההולם, יש להתחשב בנסיבות שאינן קשורות בביצוע העבירה (סעיף 40 יא'). במסגרת זו מן הראוי לתת את הדעת לכך שהנאשם יליד 1962, נשוי ואב ל- 3 ילדים, הצעיר בן 8 והבכורה בת 16. עוד יש להביא בחשבון כי הנאשם מנהל מזה שנים ארוכות חיים נורמטיביים, במהלכן עובד מזה 8 שנים בעיריית טירה, ו- 6 שנים כאחראי גבייה בתאגיד המים במשולש. מאסר בפועל לתקופה ממושכת יביא ללא ספק לאובדן עבודתו ומקור פרנסתו, ובהינתן כי הוא המפרנס העיקרי של משפחתו, אין ספק כי עונש מאסר לתקופה משמעותית יפגע בו ובמשפחתו.",גזירת העונש המתאים לנאשם,דיון והכרעה,דיון והכרעה,דיון והכרעה,דיון והכרעה,דיון והכרעה
ME-15-09-40313-52,"הנאשם הודה במיוחס לו, הביע חרטה כנה ונטל אחריות על מעשיו. הודייתו של הנאשם באה לאחר שכבר החלו להישמע ראיות, ואולם ניהול משפט על ידי נאשם לעולם לא ייזקף לחובתו, ובמקרה זה ניהול המשפט אף הביא לתיקון מסוים בכתב האישום.",גזירת העונש המתאים לנאשם,דיון והכרעה,דיון והכרעה,דיון והכרעה,דיון והכרעה,דיון והכרעה
ME-15-09-40313-52,"כאמור במשך 6 שנים עבד הנאשם במסגרת תאגיד המים במשולש, פעל במסירות ואף הקים מערך הדרכה לעובדים חדשים אשר זוכה להצלחה רבה בתאגיד. הנאשם ביצע את העבירה בחודש ספטמבר 2015.",גזירת העונש המתאים לנאשם,דיון והכרעה,דיון והכרעה,דיון והכרעה,דיון והכרעה,דיון והכרעה
ME-15-09-40313-52,לחובתו של הנאשם 3 הרשעות קודמות אשר הרישום בגינן התיישן אך לא נמחק:,גזירת העונש המתאים לנאשם,דיון והכרעה,דיון והכרעה,דיון והכרעה,דיון והכרעה,ראיות לעונש
ME-15-09-40313-52,"הרשעה אחת משנת 1989 בעבירות של שבל""ר, נשיאת נשק, קשירת קשר לפשע ושוד מזויין, בגינה ריצה מאסר בפועל למשך 4 שנים.",גזירת העונש המתאים לנאשם,דיון והכרעה,דיון והכרעה,דיון והכרעה,דיון והכרעה,ראיות לעונש
ME-15-09-40313-52,"הרשעה שניה משנת 1994 בעבירות נשיאת נשק, קשירת קשר לפשע, החזקת נשק וירי מנשק חם באזור מגורים בגינה נידון ל- 50 חודשי מאסר בפועל.",גזירת העונש המתאים לנאשם,דיון והכרעה,דיון והכרעה,דיון והכרעה,דיון והכרעה,ראיות לעונש
ME-15-09-40313-52,הרשעה שלישית משנת 2001 בעבירות אלימות בגינה ריצה 5 חודשי מאסר.,גזירת העונש המתאים לנאשם,דיון והכרעה,דיון והכרעה,דיון והכרעה,דיון והכרעה,ראיות לעונש
ME-15-09-40313-52,"הגם שמדובר בעבירות ישנות מאוד הרי שמדובר בהרשעות בעבירות בעלות מאפיינים דומים לעבירות בתיק זה ומכאן שלא ניתן להתעלם מהם. עם זאת נתתי דעתי לכך כי משנת 1993, מעל 20 שנה, לא ביצע הנאשם עבירות הקשורות בנשק.  עוד נתתי דעתי לכך שמיום שסיים הנאשם לרצות את מאסרו האחרון, הצליח לשקם את חייו, ניהל אורח חיים נורמטיבי, נישא, הוליד ילדים, הקים את ביתו ואף עבד בתפקידים משמעותיים, ללא מעורבות חוזרת בפלילים. שירות המבחן אף מעריך את מסוכנותו של הנאשם כנמוכה, וככל שיבצע עבירת אלימות, צפויה אף זו להיות ברמת חומרה נמוכה.",גזירת העונש המתאים לנאשם,דיון והכרעה,דיון והכרעה,דיון והכרעה,דיון והכרעה,דיון והכרעה
ME-15-09-40313-52,"עוד יש לתת את הדעת לשיקול הרתעת היחיד בגדרו של המתחם, וזאת בשים לב לכך שעל אף שהצליח הנאשם במשך שנים רבות לשקם את עצמו ולנהל אורח חיים נורמטיבי, כשל וחזר לבצע עבירות נשק וזאת על אף עונשי המאסר הארוכים שהושתו עליו בעבר בגין עבירות דומות.",גזירת העונש המתאים לנאשם,דיון והכרעה,דיון והכרעה,דיון והכרעה,דיון והכרעה,דיון והכרעה
ME-15-09-40313-52,"באיזון בין השיקולים השונים, סבורני כי יש לגזור על הנאשם עונש בחלקו הנמוך יחסית של המתחם. בכל הנוגע לחילוט הרכב, סבורני כי אין לקבל את עמדת המאשימה ולהורות על החילוט.",גזירת העונש המתאים לנאשם,דיון והכרעה,דיון והכרעה,דיון והכרעה,דיון והכרעה,דיון והכרעה
ME-15-09-40313-52,18 חודשי מאסר בפועל בניכוי ימי מעצרו מיום 18.9.15 עד 26.10.15.,"אשר על-כן, הנני גוזר על הנאשם את העונשים הבאים:",דיון והכרעה,דיון והכרעה,דיון והכרעה,דיון והכרעה,דיון והכרעה
ME-15-09-40313-52,"הנאשם יתייצב לריצוי מאסרו בבית הסוהר הדרים ביום 13.5.18 עד השעה 10:00, כשברשותו תעודת זהות או דרכון. על הנאשם לתאם את הכניסה למאסר, כולל האפשרות למיון מוקדם, עם ענף אבחון ומיון של שב""ס, טלפון: 08-9787377, 08-9787336.","אשר על-כן, הנני גוזר על הנאשם את העונשים הבאים:",דיון והכרעה,דיון והכרעה,דיון והכרעה,דיון והכרעה,מידע אחר
ME-15-09-40313-52,"12 חודשי מאסר על תנאי, לבל יעבור הנאשם במשך 3 שנים מיום שחרורו מהמאסר כל עבירת נשק מסוג פשע.","אשר על-כן, הנני גוזר על הנאשם את העונשים הבאים:",דיון והכרעה,דיון והכרעה,דיון והכרעה,דיון והכרעה,דיון והכרעה
ME-15-09-40313-52,"6 חודשי מאסר על תנאי, לבל יעבור הנאשם במשך שנתיים מיום שחרורו מהמאסר כל עבירת נשק מסוג עוון.","אשר על-כן, הנני גוזר על הנאשם את העונשים הבאים:",דיון והכרעה,דיון והכרעה,דיון והכרעה,דיון והכרעה,דיון והכרעה
ME-15-09-40313-52,לאחר היות גזר הדין חלוט הרכב יושב לבעליו והנשקים יחולטו.,"אשר על-כן, הנני גוזר על הנאשם את העונשים הבאים:",דיון והכרעה,דיון והכרעה,דיון והכרעה,דיון והכרעה,דיון והכרעה
ME-16-01-189-123,"הנאשם הורשע על פי הודאתו, שניתנה במסגרת הסדר טיעון, בעובדות כתב-אישום מתוקן הכולל שני אישומים ומייחס לו את העבירות הבאות: קשירת קשר לסחר בסם מסוכן, לפי סעיף 13 + 19א לפקודת הסמים המסוכנים [נוסח חדש], תשל""ג-1973 (להלן: ""הפקודה""), יחד עם סעיף 499(א)(1) לחוק העונשין, התשל""ז-1977 (להן: ""החוק""); רכישת נשק, לפי סעיף 144(א) רישא לחוק; נשיאה והובלת נשק, לפי סעיף 144(ב) רישא לחוק.",רקע,עובדות המקרה,עובדות המקרה,עובדות המקרה,עובדות המקרה,עובדות המקרה
ME-16-01-189-123,הסדר הטיעון לא כלל הסכמה לעניין העונש שיוטל על הנאשם.,רקע,עובדות המקרה,עובדות המקרה,עובדות המקרה,עובדות המקרה,עובדות המקרה
ME-16-01-189-123,"בהתאם לעובדות האישום הראשון, עובר ליום 10.12.2015, קשר הנאשם קשר לסחור בסם מסוג אקסטזי, עם אדם בשם הילאל שזהותו אינה ידועה. הנאשם ביקש לקנות מאותו הילאל 20-30 כדורי אקסטזי. הילאל אמר לנאשם כי ימכור לו כל כדור ב-50 ₪, אך אם יקנה 100 כדורים, ימכור לו כל כדור ב-35 ₪.",כתב-האישום המתוקן,עובדות המקרה,עובדות המקרה,עובדות המקרה,עובדות המקרה,עובדות המקרה
ME-16-01-189-123,"בהתאם לעובדות האישום השני, ביום 13.12.2015 נסע הנאשם ברכבו דרך מחסום ""תאנים"" לטול-כרם. לאחר שהגיע לטול-כרם, קנה הנאשם נשק מסוג תת-מקלע מאולתר ""קרלו"", מחסנית ריקה תואמת, וקופסת תחמושת המכילה 50 כדורים מסוג 9 מ""מ. הנאשם החביא את הנשק והתחמושת בתוך דפנות הדלת הימנית הקדמית ברכב.",כתב-האישום המתוקן,עובדות המקרה,עובדות המקרה,עובדות המקרה,עובדות המקרה,עובדות המקרה
ME-16-01-189-123,"בהמשך, בשעה 21:25, נסע הנאשם חזרה אל המחסום על-מנת להיכנס לשטח מדינת ישראל, ושם נעצר על-ידי שוטרים שערכו חיפוש ברכב ומצאו את הנשק והתחמושת.",כתב-האישום המתוקן,עובדות המקרה,עובדות המקרה,עובדות המקרה,עובדות המקרה,עובדות המקרה
ME-16-01-189-123,"במסגרת הטיעונים לעונש העיד מטעם ההגנה אחיו הבכור של הנאשם, מר וליד זידאן. האח סיפר כי משפחתו הינה משפחה נורמטיבית, וכי מעצרו של הנאשם פגע בבני המשפחה ובייחוד בהוריו, אשר מאז המעצר התדרדר מצבם הבריאותי. הוא מסר כי בני המשפחה המורחבת מתכוונים לסייע לנאשם להתגבר על בעיותיו.",הראיות לעונש,ראיות לעונש,ראיות לעונש,ראיות לעונש,ראיות לעונש,ראיות לעונש
ME-16-01-189-123,"המאשימה הגישה את גיליון הרישום הפלילי של הנאשם (ע/1), ממנו עולה כי לנאשם ארבע הרשעות ישנות בעבירות רכוש, מהשנים 1993-2002, בגינן נידון למאסרים מותנים ולקנסות.",הראיות לעונש,ראיות לעונש,ראיות לעונש,ראיות לעונש,ראיות לעונש,ראיות לעונש
ME-16-01-189-123,"ב""כ המאשימה טען כי מתחם העונש ההולם את האישום הראשון נע בין מספר חודשי מאסר בפועל ועד 12 חודשי מאסר בפועל. מתחם העונש ההולם את האישום השני נע בין 30 ל-54 חודשי מאסר בפועל.",טיעוני הצדדים לעונש,טיעוני הצדדים,טיעוני הצדדים,טיעוני הצדדים,טיעוני הצדדים,טיעוני הצדדים
ME-16-01-189-123,"נטען כי עבירות הנשק הפכו מכת מדינה, ובהתאם לכך נקבע בפסיקה הצורך בהחמרת הענישה ובהתרעה. המאשימה הפנתה למספר פסקי-דין בעניין זה, וטענה כי בענייננו מדובר במקרה חמור אשר כלל הן רכישה של נשק בשטחי הרשות הפלסטינית והן הובלתו ונשיאתו.",טיעוני הצדדים לעונש,טיעוני הצדדים,טיעוני הצדדים,טיעוני הצדדים,טיעוני הצדדים,טיעוני הצדדים
ME-16-01-189-123,"הנאשם הודה ולקח אחריות על מעשיו, אך מדובר במי שנתפס בכף, והיו ראיות טובות להרשעתו. לנאשם עבר פלילי ישן אמנם, אך אין להשוותו למי שזוהי הרשעתו הראשונה. בשים לב לנסיבות אלה, עותרת המאשימה לגזור על הנאשם עונש מאסר המצוי בשליש העליון של מתחם הענישה לו טענה, וכן מאסר מותנה וקנס. כמו כן עותרת המאשימה לחלט את רכבו של הנאשם, אשר שימש לביצוע עבירות הנשק.",טיעוני הצדדים לעונש,טיעוני הצדדים,טיעוני הצדדים,טיעוני הצדדים,טיעוני הצדדים,טיעוני הצדדים
ME-16-01-189-123,"ב""כ הנאשם טען כי מתחם העונש ההולם את עבירות הנשק נע בין 10 ל-24 חודשי מאסר בפועל. נטען כי ההחמרה בעבירות הנשק צריכה להיעשות בהדרגתיות. הנשק שנתפס בענייננו, הוא נשק שפוטנציאל הסיכון שלו נמוך ביחס לנשקים אחרים. בהתאם לעדות הנאשם, מטרת החזקת הנשק הייתה ציד ארנבות.",טיעוני הצדדים לעונש,טיעוני הצדדים,טיעוני הצדדים,טיעוני הצדדים,טיעוני הצדדים,טיעוני הצדדים
ME-16-01-189-123,"אשר לעבירת קשירת הקשר לסחר בסם, הנאשם יצר קשר עם אחר וביקש ממנו להשיג לו מספר כדורים. מתחם הענישה בגין מעשים אלו נע בין מאסר מותנה לחודשיים מאסר בעבודות שירות.",טיעוני הצדדים לעונש,טיעוני הצדדים,טיעוני הצדדים,טיעוני הצדדים,טיעוני הצדדים,טיעוני הצדדים
ME-16-01-189-123,"נטען כי הנאשם כבן 40, נשוי ללא ילדים. קודם למעצרו ניהל אורח חיים נורמטיבי, החזיק בעסק של פחחות וצבע, וכן היה בעלים של מוסך. ברקע לביצוע המעשים, משבר נפשי קשה אליו נקלע הנאשם, לאחר שהתברר כי לא יוכל להביא ילדים לעולם, לאחר 16 שנות נישואין וניסיונות רבים. בעקבות מצבו הנפשי התדרדר גם מצבו הכלכלי, והעסק שניהל קרס ונסגר. הנאשם חבר לגורמים עברייניים שוליים, אשר גררו אותו לביצוע המעשים.",טיעוני הצדדים לעונש,טיעוני הצדדים,טיעוני הצדדים,טיעוני הצדדים,טיעוני הצדדים,טיעוני הצדדים
ME-16-01-189-123,"נטען כי לנאשם עבר פלילי, אך מדובר בעבירות ישנות, ועל כן אין להביא זאת כשיקול לחומרא. משנת 2002 ועד למעצרו, הנאשם לא הסתבך בפלילים, ולמעשה פתח דף חדש בחייו.",טיעוני הצדדים לעונש,טיעוני הצדדים,טיעוני הצדדים,ראיות לעונש,טיעוני הצדדים,טיעוני הצדדים
ME-16-01-189-123,"הנאשם נתון במעצר חודשים ארוכים, וחש מצוקה של ממש. הוא הפיק לקחים מההליך המשפטי נגדו, ומתחייב שלא לחזור ולבצע עבירות. בשים לב לשיקולים לקולא, עותרת ההגנה לגזור על הנאשם מאסר ברף הנמוך של המתחם- 10 חודשים, וכן מאסר מותנה והתחייבות להימנע מעבירה. ההגנה טענה כי שווי הרכב אינו עולה על 15,000 ₪, אך לא התנגדה לחילוטו.",טיעוני הצדדים לעונש,טיעוני הצדדים,טיעוני הצדדים,טיעוני הצדדים,טיעוני הצדדים,טיעוני הצדדים
ME-16-01-189-123,"הנאשם הגיש דבריו בכתב (ע/2). הוא הביע צער רב על המעשים שביצע, והסביר כי הם נבעו מהמצוקה שחש בשל נסיבותיו המשפחתיות. הוא ביקש הזדמנות לתקן את דרכיו.",טיעוני הצדדים לעונש,טיעוני הצדדים,טיעוני הצדדים,טיעוני הצדדים,טיעוני הצדדים,טיעוני הצדדים
ME-16-01-189-123,"הנאשם הורשע בשני אישומים, הנבדלים זה מזה בזמן ובמקום וכן בסוג העבירות. בהתאם למבחנים שנקבעו בפסיקה, מדובר בשני אירועים שונים, ועל כן יש לקבוע מתחם עונש הולם לכל אחד מהאישומים בנפרד.",מתחם העונש ההולם,דיון והכרעה,דיון והכרעה,דיון והכרעה,דיון והכרעה,דיון והכרעה
ME-16-01-189-123,במסגרת האישום הראשון הורשע הנאשם בכך שקשר קשר לסחור בסם מסוג אקסטזי. הנאשם ביקש לרכוש מאדם שזהותו אינה ידועה 20-30 כדורי אסקטזי.,מתחם העונש ההולם,דיון והכרעה,דיון והכרעה,דיון והכרעה,דיון והכרעה,דיון והכרעה
ME-16-01-189-123,"הערך החברתי העומד בבסיס עבירות הסמים הינו שמירה על הציבור מפני פגיעתם הקשה של סמים מסוכנים בגוף ובנפש. בנסיבות תיק זה, בשים לב לסוג הסם מחד, לכמות הסם הקטנה מאידך, ולכך שהעסקה לא יצאה לבסוף אל הפועל, אני סבורה כי מתחם העונש ההולם נע בין מאסר קצר לריצוי בעבודות שירות ל-8 חודשי מאסר בפועל (השוו: ת""פ (שלום פתח-תקווה) 34055-07-13 מדינת ישראל נ' עמר (22.12.2013ׂ); ת""פ (שלום ירושלים) 21617-03-12 מדינת ישראל נ' גראדאת (21.10.2012)).",מתחם העונש ההולם,דיון והכרעה,דיון והכרעה,דיון והכרעה,דיון והכרעה,דיון והכרעה
ME-16-01-189-123,"במסגרת האישום השני הורשע הנאשם בביצוע עבירות נשק. הערך החברתי שנפגע ממעשיו של הנאשם הינו שמירה על בטחון הציבור מפני פגיעות בגוף. זמינות של נשק חם בידי מי שאינו מורשה לכך, והעברתו מיד ליד באופן בלתי מבוקר, עלולה להביא לביצוע עבירות חמורות ולפגיעה בחיי אדם, לרבות חפים מפשע.",מתחם העונש ההולם,דיון והכרעה,דיון והכרעה,דיון והכרעה,דיון והכרעה,דיון והכרעה
ME-16-01-189-123,"אשר לנסיבות ביצוע העבירות, הנשק שרכש הנאשם הינו נשק מאולתר מסוג תת מקלע. בשים לב למחסנית ולתחמושת שנרכשו עימו, פוטנציאל הסיכון הטמון בו גבוה. יחד עם זאת, לא ניתן להתעלם מכך שהנאשם נתפס בכף בסמוך לאחר רכישת הנשק והתחמושת, ועל כן הובלת הנשק ונשיאתו נמשכה זמן קצר ולא גרמה לנזק מכל סוג שהוא. בניגוד למקרים אחרים הנדונים בפסיקה, לא יוחס לנאשם מניע מסוים ברכישת הנשק. הנאשם מסר בעת חקירתו במשטרה כי רכישת הנשק נועדה לצורכי ציד.",מתחם העונש ההולם,דיון והכרעה,דיון והכרעה,דיון והכרעה,דיון והכרעה,דיון והכרעה
ME-16-01-189-123,"מדיניות הענישה בעבירות נשק הינה מחמירה, בשל הסיכון הממשי שהן יוצרות לשלום הציבור ובטחונו. בית-המשפט העליון קבע כי יש ליתן לשיקול ההרתעה, הן של היחיד והן של הרבים, משקל של ממש בעבירות אלה (ראו למשל: ע""פ 2398/14 אלהזייל נ' מדינת ישראל (8.7.2014); ע""פ 5681/14 מדינת ישראל נ' טאטור (1.2.2015)).",מתחם העונש ההולם,דיון והכרעה,דיון והכרעה,דיון והכרעה,דיון והכרעה,דיון והכרעה
ME-16-01-189-123,"בפסק-דין מהעת האחרונה (ת""פ (מחוזי מרכז) 49160-11-15 מדינת ישראל נ' נאסר (10.4.2016), אליו הפנתה המאשימה, עמדתי על ריבוי עבירות הנשק במחוז המרכז, על חלקם הגדול של צעירים מקרב מבצעי עבירות אלה, ועל כך שהפיכתם של העבירות ל""מכת מחוז"" של ממש, מחייבת החמרה נוספת בענישה. יחד עם זאת, עמדתי על כך שבהתאם להלכות בית-המשפט העליון, החמרה זו בענישה ראוי שתעשה בהדרגתיות ובמתינות.",מתחם העונש ההולם,דיון והכרעה,דיון והכרעה,דיון והכרעה,דיון והכרעה,דיון והכרעה
ME-16-01-189-123,"באותו מקרה דובר בנשק מסוג אקדח, שהוחזק כשהוא מוסלק יחד עם שתי מחסניות וכדורים תואמים בשדה הסמוך לביתו של הנאשם לאורך תקופה של 10 ימים. כ-10 ימים לאחר הטמנת הנשק, בשעת לילה מאוחרת, נטל הנאשם את האקדח, כשהוא טעון באחת המחסניות ובתוכה 6 כדורים, הניח אותו מתחת למושב הנהג ברכבו, אסף אדם נוסף, והשניים נסעו ברחובות העיר טירה.",מתחם העונש ההולם,דיון והכרעה,דיון והכרעה,דיון והכרעה,דיון והכרעה,דיון והכרעה
ME-16-01-189-123,"באותו מקרה קבעתי כי מתחם העונש ההולם את העבירות נע בין 18 ל-40 חודשי מאסר בפועל. ואולם, ברי כי נסיבות החזקת ונשיאת הנשק באותו מקרה חמורות מענייננו.",מתחם העונש ההולם,דיון והכרעה,דיון והכרעה,דיון והכרעה,דיון והכרעה,דיון והכרעה
ME-16-01-189-123,"מקרה דומה יותר לענייננו נדון בת""פ (מחוזי מרכז) 6136-07-14 מדינת ישראל נ' שריתאח (6.1.2015). דובר בנאשם שנסע יחד עם אחרים לנעלין, שם רכש נשק תת מקלע דמוי ""קרל גוסטב"" וכן מחסנית ו-9 כדורים. הנאשם הסליק את הנשק והמחסנית, ואז המשיך בנסיעה. מטרת רכישת הנשק הייתה ביצוע ירי באירוע חתונה. הנשק נתפס בסמוך לאחר מכן, מבלי שנגרם נזק מכל סוג שהוא. בית-המשפט (כב' סגנית הנשיא, השופטת מרוז) קבע כי בנסיבות אלה, מתחם העונש ההולם נע בין 10 ל-36 חודשי מאסר בפועל.",מתחם העונש ההולם,דיון והכרעה,דיון והכרעה,דיון והכרעה,דיון והכרעה,דיון והכרעה
ME-16-01-189-123,"בע""פ 4945/13 מדינת ישראל נ' סלימאן (19.1.2014) נדון עניינו של משיב שרכש נשק מסוג ""קרל גוסטב"", מחסנית וכדורים, וירה באמצעות הנשק ירייה אחת באוויר בחורשה סמוכה ליישוב. לאחר מכן הטמין את הנשק במקום מסתור. בהמשך, נהג המשיב ברכב בעיר כשהוא נושא את הנשק והתחמושת בתא המטען. משהבחין בשוטרים, נטש המשיב את הרכב כשהוא מונע ונמלט מהמקום. בית-המשפט העליון קיבל את ערעור המדינה על קולת העונש, וקבע כי מתחם העונש ההולם את המעשים נע בין 12 ל-36 חודשי מאסר בפועל.",מתחם העונש ההולם,דיון והכרעה,דיון והכרעה,דיון והכרעה,דיון והכרעה,דיון והכרעה
ME-16-01-189-123,"מתחם זהה נקבע במקרים נוספים הדומים לענייננו (ראו למשל: ת""פ (מחוזי תל-אביב-יפו) 6904-12-14 מדינת ישראל נ' כבהא (30.4.2015)).",מתחם העונש ההולם,דיון והכרעה,דיון והכרעה,דיון והכרעה,דיון והכרעה,דיון והכרעה
ME-16-01-189-123,"יצוין כי ההגנה הפנתה למספר פסקי-דין, בהם נגזרו על נאשמים בעבירות של החזקה והובלת נשק עונשי מאסר לתקופה של 10 חודשים, אך מדובר במקרים שנסיבותיהם שונות מענייננו, ואשר לא כללו רכישה לא חוקית של הנשק.",מתחם העונש ההולם,דיון והכרעה,דיון והכרעה,דיון והכרעה,דיון והכרעה,דיון והכרעה
ME-16-01-189-123,"בהתחשב בערך החברתי שנפגע מביצוע העבירות, במידת הפגיעה בו, בנסיבות ביצוע העבירות, ובמדיניות הענישה הנוהגת, אני קובעת כי מתחם העונש ההולם את האישום השני נע בין 12 ל-36 חודשי מאסר בפועל.",מתחם העונש ההולם,דיון והכרעה,דיון והכרעה,דיון והכרעה,דיון והכרעה,דיון והכרעה
ME-16-01-189-123,"במסגרת הנסיבות שאינן קשורות בביצוע העבירות, שקלתי לקולא את לקיחת האחריות והחרטה שמביע הנאשם על המעשים שביצע. עם זאת יש לסייג ולומר שהראיות בתיק לא אפשרו כפירה שכן הנאשם נתפס בכף וכן אשמו עלה גם מתוצרי צווי האזנת סתר.",גזירת עונשו של הנאשם,דיון והכרעה,דיון והכרעה,דיון והכרעה,דיון והכרעה,דיון והכרעה
ME-16-01-189-123,"שקלתי לחומרא את הרשעתו של הנאשם בשני אישומים שונים, בעבירות שלכל אחת מהן חומרה נפרדת, ועל כן אין מדובר במעידה חד פעמית. יחד עם זאת, יצוין כי מדובר בעבירות שבוצעו בפער זמנים של שלושה ימים בלבד.","התחשבתי גם ברקע לביצוע העבירות, משבר נפשי אליו נקלע הנאשם בשל נסיבותיו המשפחתיות.",דיון והכרעה,דיון והכרעה,דיון והכרעה,דיון והכרעה,דיון והכרעה
ME-16-01-189-123,"לנאשם ארבע הרשעות ישנות בעבירות רכוש, האחרונה שבהם משנת 2002, בגינן נידון למאסרים מותנים ולקנסות. ב-14 השנים האחרונות ניהל הנאשם אורח חיים נורמטיבי, הקים עסק ועבד לפרנסתו. המאסר אותו ירצה הנאשם במסגרת הליך זה הינו מאסרו הראשון בכליאה, והדבר מצדיק התחשבות מסוימת בעת קביעת תקופת המאסר. עוד יצוין כי משפחתו של הנאשם היא משפחה נורמטיבית, ובכוונתה לסייע לו להשתקם לאחר שחרורו מהמאסר.","התחשבתי גם ברקע לביצוע העבירות, משבר נפשי אליו נקלע הנאשם בשל נסיבותיו המשפחתיות.",דיון והכרעה,דיון והכרעה,דיון והכרעה,דיון והכרעה,דיון והכרעה
ME-16-01-189-123,"בשים לב לנסיבות השונות לקולא ולחומרא, החלטתי לגזור על הנאשם עונש כולל המצוי באמצעו של מתחם הענישה, כמפורט להלן:","התחשבתי גם ברקע לביצוע העבירות, משבר נפשי אליו נקלע הנאשם בשל נסיבותיו המשפחתיות.",דיון והכרעה,דיון והכרעה,דיון והכרעה,דיון והכרעה,דיון והכרעה
ME-16-01-189-123,"26 חודשים מאסר בפועל, שימנו החל מיום מעצרו- 13.12.2015.","התחשבתי גם ברקע לביצוע העבירות, משבר נפשי אליו נקלע הנאשם בשל נסיבותיו המשפחתיות.",דיון והכרעה,דיון והכרעה,דיון והכרעה,דיון והכרעה,דיון והכרעה
ME-16-01-189-123,"10 חודשים מאסר על תנאי, והתנאי הוא שלא יעבור בתוך 3 שנים מיום שחרורו מהמאסר עבירת נשק מסוג פשע.","התחשבתי גם ברקע לביצוע העבירות, משבר נפשי אליו נקלע הנאשם בשל נסיבותיו המשפחתיות.",דיון והכרעה,דיון והכרעה,דיון והכרעה,דיון והכרעה,דיון והכרעה
ME-16-01-189-123,"6 חודשים מאסר על תנאי, והתנאי הוא שלא יעבור בתוך 3 שנים מיום שחרורו מהמאסר עבירה לפי פקודת הסמים המסוכנים.","התחשבתי גם ברקע לביצוע העבירות, משבר נפשי אליו נקלע הנאשם בשל נסיבותיו המשפחתיות.",דיון והכרעה,דיון והכרעה,דיון והכרעה,דיון והכרעה,דיון והכרעה
ME-16-01-189-123,"בהעדר התנגדות מטעם ההגנה, ומאחר שהרכב שימש לביצוע עבירות הנשק, אני מורה על חילוט רכבו של הנאשם, מסוג סובארו, שמספרו 3608123.","התחשבתי גם ברקע לביצוע העבירות, משבר נפשי אליו נקלע הנאשם בשל נסיבותיו המשפחתיות.",דיון והכרעה,דיון והכרעה,דיון והכרעה,דיון והכרעה,דיון והכרעה
ME-16-01-189-123,"קנס כספי בסך 5,000 ₪ או 60 ימי מאסר תחתיו. הקנס ישולם ב-5 תשלומים שווים ורצופים, הראשון שבהם ביום 1.9.2016. גובה הקנס נקבע בהתחשב בחילוט הרכב.","התחשבתי גם ברקע לביצוע העבירות, משבר נפשי אליו נקלע הנאשם בשל נסיבותיו המשפחתיות.",דיון והכרעה,דיון והכרעה,דיון והכרעה,דיון והכרעה,דיון והכרעה
ME-16-02-59812-881,"ב""כ המאשימה: עו""ד פאדי אסעד",nothing,מידע אחר,מידע אחר,מידע אחר,מידע אחר,טיעוני הצדדים
ME-16-02-59812-881,"ב""כ הנאשמת: עו""ד ערן ר",nothing,מידע אחר,מידע אחר,מידע אחר,מידע אחר,טיעוני הצדדים
ME-16-02-59812-881,"חוק העונשין, תשל""ז-1977: סע'  40 ט', 144(ב2), 243, 244, 40 יא', 40 יג'",nothing,מידע אחר,מידע אחר,מידע אחר,מידע אחר,מידע אחר
ME-16-02-59812-881,הנאשמת הורשעה בהתאם להודאתה בעובדות כתב האישום המתוקן בעבירות כדלקמן:,רקע,עובדות המקרה,עובדות המקרה,עובדות המקרה,עובדות המקרה,עובדות המקרה
ME-16-02-59812-881,"על-פי המתואר בחלק הכללי בכתב האישום המתוקן, בין החודשים יולי 2015 לפברואר 2016 עבדה הנאשמת כמאבטחת בבית ספר יסודי. במסגרת עבודתה קיבלה הנאשמת לחזקתה אקדח 9 מ""מ מסוג תארוס (להלן:""האקדח""), שתי מחסניות וכן 20 כדורים תואמים.","שיבוש הליכי משפט, לפי סעיף 244 לחוק. ",עובדות המקרה,עובדות המקרה,עובדות המקרה,עובדות המקרה,עובדות המקרה
ME-16-02-59812-881,"על פי האישום הראשון, בין החודשים אוגוסט 2014 לפברואר 2016, במספר רב של הזדמנויות רכשה הנאשמת ממחמוד צאלוק (להלן:""מחמוד"") סמים מסוכנים מסוג חשיש והרואין לצריכה עצמית. בחלק מההזדמנויות הציע מחמוד לנאשמת כי ירכוש ממנה את האקדח והיא סירבה. ביום 15.2.16, לאחר שאזלו לנאשמת הסמים והחלה לחוש תסמיני גמילה, מתוך מטרה להשיג סכום כסף לרכישת מנות סם נוספות, גמלה בליבה של הנאשמת החלטה למכור את האקדח שברשותה למחמוד. לצורך כך, פנתה הנאשמת למחמוד והציעה לו לרכוש ממנה את האקדח, המחסניות והכדורים תמורת 10,000 ₪. השניים סיכמו ביניהם כי הנאשמת תמכור למחמוד את האקדח תמורת סכום של 8,000 ₪ וכן כמות של סם מסוכן מסוג הרואין. בהמשך נפגשו השניים סמוך למקום מגוריו של מחמוד, שם מסרה לו הנאשמת את האקדח, המחסנית והכדורים ובתמורה שילם לה מחמוד 8,000 ₪ במזומן וכן מסר לה ארבע חבילות של סם מסוג הרואין לצריכתה העצמית.","שיבוש הליכי משפט, לפי סעיף 244 לחוק. ",עובדות המקרה,עובדות המקרה,עובדות המקרה,עובדות המקרה,עובדות המקרה
ME-16-02-59812-881,"על פי האישום השני, בהמשך למתואר, ובמטרה להתחמק מעונש, החליטה הנאשמת לרקום סיפור בדים לפיו נפלה קורבן לאירוע שוד במהלכו נגנב ממנה האקדח. ביום 18.2.16, פנתה הנאשמת למעבידה, שי יהושע לוי, ודיווחה על אירוע השוד. בתגובה פנה שי למשטרה באופן מידי ושוטרים רבים החלו בסריקות ובגביית הודעות מעדים שונים במטרה לאתר את מבצע השוד. באותו יום הגיעה הנאשמת לתחנת המשטרה ומסרה בפני חוקר הודעה בה פירטה את אירוע השוד. בהמשך נחקרה הנאשמת פעם נוספת, מספר שעות לאחר מכן, במהלך עדותה זו הודתה כי בדתה מליבה את אירוע השוד וטענה בכזב כי האקדח אבד לה, וזאת במטרה לחפות על מעשיה ומתוך רצון להתחמק מעונש.","שיבוש הליכי משפט, לפי סעיף 244 לחוק. ",עובדות המקרה,עובדות המקרה,עובדות המקרה,עובדות המקרה,עובדות המקרה
ME-16-02-59812-881,"הצדדים הגיעו להסדר דיוני, לפיו הנאשמת הודתה והורשעה בכתב האישום המתוקן ונשלחה לקבלת תסקיר שירות המבחן. המאשימה הצהירה כי תעתור למאסר בפועל לצד מאסר על תנאי, ואילו ההגנה תהיה חופשיה בטיעוניה.","שיבוש הליכי משפט, לפי סעיף 244 לחוק. ",עובדות המקרה,עובדות המקרה,טיעוני הצדדים,טיעוני הצדדים,עובדות המקרה
ME-16-02-59812-881,"על פי תסקירי שירות המבחן מיום 27.9.17, הנאשמת כבת 49, סיימה 12 שנות לימוד עם תעודת גמר, כיום עובדת במרכול. בצעירותה שולבה במסגרות לילדים עם צרכים מיוחדים  ובהמשך לא גויסה לצה""ל, ככל הנראה על רקע קשיים רגשיים והעדר מוטיבציה. במהלך השנים עבדה בעבודות מזדמנות, כשניכר כי בתקופות מסוימות הצליחה לגייס כוחות ולבסס תפקוד תעסוקתי יציב. בשנת 2007 החלה לעבוד בתחום האבטחה. במשפחת המוצא תפקוד האחים מתואר כנורמטיבי. אביה נפטר במפתיע לפני כשלושים שנה. לאורך השנים חשה תחושות פגיעות וחריגות במסגרת המשפחתית ובהמשך אל מול קבוצת השווים. הנאשמת התנסתה לראשונה בסמים מסוג קנאביס בשנות העשרים לחייה, כחלק מאורח חיים שולי שניהלה באותה עת. השימוש בסם נמשך לאורך השנים. במקביל החלה להשתמש בסמים מסוג אקסטזי וקוקאין לסירוגין. בחודשים שקדמו למעצרה החלה לצרוך הרואין והתמכרותה הלכה והעמיקה. בנוסף תיארה התמכרות מתמשכת להימורים, אשר לוותה בצבירת חובות כבדים. בני משפחתה לא היו ערים למצוקתה וללחצים בהם הייתה נתונה ולסחרור אליו נקלעה. במסגרת הליך המעצר שולבה הנאשמת במסגרת קהילה ייעודית לנשים ""דרך אריאלה"" בחיפה. בתחילה התקבלו דיווחים לפיהם הנאשמת משתפת פעולה ועומדת בגבולות ובכללי המסגרת כמיטב יכולתה. עם זאת, בהמשך התעוררו קשיים אשר העלו שאלות בנוגע למסוגלותה מבחינה קוגניטיבית להפיק ולהיתרם מהטיפול המוצע. הנאשמת התקדמה כמיטב יכולתה אך לא בהתאם לשלב הטיפולי בו הייתה מצויה. על רקע חוויות קושי ותסכול מתמשכים התקשתה להיענות לסמכות ולהגבלות. על כן, ובתום תשעה חודשים מתחילת הטיפול, הוחלט על סיומו. לאחר מכן והיא שולבה במסגרת היחידה לטיפול בהתמכרויות בלוד. ממידע שהתקבל מגורמי הטיפול עולה כי היא משתפת פעולה, מקפידה על הגעה לפגישות ושומרת על ניקיונה לאורך זמן, וכי היא בעלת מוטיבציה לשינוי משמעותי באורח חייה ונתרמת מההליך הטיפולי.",תסקירי שירות המבחן,תסקיר שירות מבחן,תסקיר שירות מבחן,תסקיר שירות מבחן,תסקיר שירות מבחן,תסקיר שירות מבחן
ME-16-02-59812-881,"בהתייחסה לעבירות המיוחסות לה מסרה כי באותה תקופה חלה הידרדרות נוספת במצבה ההתמכרותי, וביום האירוע חשה בתסמיני גמילה מהסם בעת עבודתה כמאבטחת אשר תרמו להתרופפות כוחותיה ויכולותיה להציב לעצמה גבולות. על רקע תחושות הדחק שחוותה פעלה מתוך דפוסי התנהגות מוכרים לה אשר אופיינו באימפולסיביות, סיפוק צרכים מידיים ומניפולציה ובחרה בפתרון המתואר. בהמשך, בדתה את סיפור השוד על רקע קשייה להתמודד עם משמעות מעשיה באופן ישיר וכחלק מדפוסי התנהגותה השוליים. הנאשמת הביעה חרטה על אופן התנהלותה, התייחסה באופן רציני וביקורתי לחומרת התנהגותה ולנזקים הגלומים בהתנהגותה העבריינית. היא הדגישה את תהליך השיקום המשמעותי שעברה, ניקיונה מסמים והאופן שבו למדה לבחון את דפוסי התנהגותה. שירות המבחן התרשם מנאשמת אשר גדלה ברקע משפחתי מורכב בו הוריה התקשו להוות עבורה גורמי תמיכה, הכוונה והצבת גבול. התקשתה להתמודד עם חווית פגיעה ונחיתות והחלה להתרועע עם חברה שולית והעמיקה תלותה בסמים ובהימורים כבריחה מרגשות כואבים עמם התקשתה להתמודד. שירות המבחן התרשם כי הנאשמת מבינה את חומרת מעשיה  וכי האירוע מהווה ביטוי להידרדרות מצבה והעמקת מעורבותה בעולם העברייני. עם זאת ניכר כי ההליך המשפטי היווה עבורה גורם מרתיע ומטלטל אשר הוביל אותה לבחינה מחודשת של אורח חייה. כיום היא מנהלת אורח חיים נקי מסמים והימורים, מתמידה בעבודתה ומנהלת זוגיות יציבה. בנוסף, עתידה לקחת חלק בתוכנית לימודית לפיתוח האישי.",תסקירי שירות המבחן,תסקיר שירות מבחן,תסקיר שירות מבחן,תסקיר שירות מבחן,תסקיר שירות מבחן,תסקיר שירות מבחן
ME-16-02-59812-881,"נוכח זאת סבר שירות המבחן כי לאור ההליך השיקומי המשמעותי בו היא מתמידה מאז חודש פברואר 2016 ועד היום, וכן נוכח העדר עבר פלילי והפחתת הסיכון נוכח התוכנית הטיפולית בה היא נמצאת כיום, יש מקום לאמץ את האפיק השיקומי ולהטיל על הנאשמת מאסר בדרך של עבודות שירות לצד צו מבחן.",תסקירי שירות המבחן,תסקיר שירות מבחן,תסקיר שירות מבחן,תסקיר שירות מבחן,תסקיר שירות מבחן,תסקיר שירות מבחן
ME-16-02-59812-881,"העידה הגב' רותי ראובני, אחות הנאשמת, כי חייה של הנאשמת לא היו קלים לאורך השנים. מסרה כי המשפחה המורחבת מנהלת אורח חיים נורמטיבי וכי חלקם קצינים בצה""ל, ועל כן ישנה מודעות גבוהה לבטיחות בנשק. קיבלו את הידיעה על מעשיה של הנאשמת בהלם, בכאב ובכעס. חרף זאת החליטו לתמוך בה ומאמינים ביכולתה. הנאשמת עבדה באבטחה והייתה מוכרת ואהודה על מכריה. האחות הוסיפה כי לאחר המקרה הייתה הנאשמת במצב נפשי קשה מאוד, ואולם האחות רואה את הרצון של הנאשמת לכפר על מעשיה ולהשתקם ומאמינה שתצליח בכך. הנאשמת נגמלה גם מסמים וגם מהימורים. מאמינה ביכולת השיקומית של הנאשמת. מסרה כי לאורך השנים הסתירה הנאשמת את השימוש בסמים והמשפחה לא ידעה על כך, אך כיום הנאשמת משתפת, שואלת ומתייעצת.",ראיות לעונש,ראיות לעונש,ראיות לעונש,ראיות לעונש,ראיות לעונש,ראיות לעונש
ME-16-02-59812-881,"העיד מר אבי בר, גיסה של הנאשמת. הבחין כי הנאשמת תמיד הייתה שונה משאר הילדים אך היה מופתע מאוד כאשר התבררו האשמות נגדה. ראה את השיקום המדהים שעברה הנאשמת. כיום היא יותר פתוחה עם המשפחה, מדברת, מספרת ומשתפת במה שקורה איתה. ניתן לראות כי היא מתחרטת על מעשיה והיא מתנהלת באופן נכון יותר. היא נכנסה לתלם ולמסלול נורמטיבי.",ראיות לעונש,ראיות לעונש,ראיות לעונש,ראיות לעונש,ראיות לעונש,ראיות לעונש
ME-16-02-59812-881,"לטענת ב""כ המאשימה, עו""ד פאדי אסעד, הנאשמת סחרה בנשק אשר ניתן לה כדין מכוח תפקידה כמאבטחת וזאת על רקע שימוש קשה בסמים שלא היה ביכולתה לממן. לאורך תקופה היא רכשה סמים מאחר וכשאזל כספה לרכישת הסמים והחלו תסמיני הגמילה להופיע, לא היססה הנאשמת לנהל מו""מ לגבי התמורה בעבור האקדח. בסופו של דבר נמכר האקדח בסכום של 8,000 ₪ וכן סמים. הנאשמת בדתה מלבה אירוע שוד במסגרתו נגנב כביכול האקדח. הערך החברתי שנפגע הינו שלום הציבור. אין צורך להכביר מילים על אודות הסיכון שנשק אשר מוחזק שלא כדין ישמש בפעילות עבריינית ויביא לפגיעה באזרחים. החומרה מתעצמת נוכח העובדה שהנשק ניתן לה מכוח תפקידה ועל בסיס אמון בו היא מעלה, כאשר הנאשמת העמידה בסיכון את הציבור שהופקדה על שמירתו. מדיניות הענישה בעבירות נשק היא ברורה וחד משמעית במיוחד נוכח העובדה שנקבע בפסיקה שמדובר בעבירה שהינה מכת אזור. מדיניות הענישה קובעת כי הערכים החברתיים גוברים על האינטרס האישי של עושה העבירה. לא אחת אנו רואים נאשמים נורמטיביים שביצעו עבירות נשק קלות יותר מעבירת סחר שנשלחים לעונשי מאסר בפועל, שכן הסיכון הפוטנציאלי בעבירות אלו מצדיק הרתעה. במקרה דנן ישנם שני אירועים. באשר לאירוע הסחר בנשק מתחם העונש על פי פסיקה מנחה הינו משנתיים ועד ל- 6 שנים מאסר בפועל. באשר למסירת ידיעה כוזבת בחקירה, הרי הנאשמת פעלה בכוונה כדי להטעות ובכך חתרה תחת מטרת חשיפת האמת, כאשר חומרת המעשים נובעת מרצונה להסתיר את העבירות שביצעה. מדובר על בזבוז משאבי חקירה. האישום השני מחמיר את האירוע כולו שכן בשלב זה הבינה הנאשמת את החומרה שבמעשיה ואז תכננה כיצד להסתירם ופעלה על פי התכנון. בעקבות זאת הוזנקו כוחות משטרה. גם אם האירוע הראשון נעשה בעקבות תסמיני הגמילה, הרי שהאישום השני כבר היה פרי תכנון. מתחם העונש באשר לאישום השני הינו בין 6 ל- 18 חודשי מאסר. עתירת המאשימה הינה לעונשים מצטברים. נסיבותיה האישיות של הנאשמת כמו גם ההליך השיקומי שעברה, העדר עבר פלילי וחיסכון שיפוטי עשויים להצדיק הטלת עונש ברף הנמוך של המתחם אך אינם מצדיקים חריגה ממנו במיוחד נוכח העובדה שההליך השיקומי שעברה הנאשמת לא הסתיים. לפיכך, עתר ב""כ המאשימה להטיל על הנאשמת עונש מאסר באמצע המתחם לצד מאסר על תנאי וקנס.",טיעוני הצדדים,טיעוני הצדדים,טיעוני הצדדים,טיעוני הצדדים,טיעוני הצדדים,טיעוני הצדדים
ME-16-02-59812-881,"לטענת ב""כ הנאשמת, עו""ד ערן ראו, בעניין דנן יש מקום לחריגה משמעותית מהמתחם. אכן עבירות של סחר בנשק הן עבירות המובילות לענישה של מאסר בפועל, אך גם שירות המבחן שותף לדעה שנערך הליך שיקומי יוצא דופן ומשמעותי. הן מהתסקיר והן מדברי העדים שהעידו לפני בית המשפט עולה השינוי המהותי שחל ביכולתה של הנאשמת לפנות לייעוץ ולקבל עזרה. אלו כלים שהיא רכשה במסגרת ההליך הטיפולי שעברה. הנאשמת סובלת מהתמכרות לסמים מזה 20 שנה. כל עוד היא השתמשה בסמים קלים, הרי שהצליחה להסתיר את השימוש וניהלה אורך חיים נורמטיבי. ברם, כאשר חלה החמרה לשימוש בסמים קשים, מצבה החמיר ואז נחשפה משפחתה לדברים. אותו סוחר סמים, אשר להשפעתו היא הייתה נתונה, הציע לה מספר פעמים לרכוש ממנה את הנשק וזאת כאשר הוא מודע לעומק התמכרותה לסמים ולהימורים. ביום האירוע היא הגיע לעבודה כאשר בשלב זה כבר לא היו ברשותה סמים והיא החלה לחוש תסמיני גמילה, אף נוזל ותחושת מחנק. היא הייתה במצב שמחשבותיה התערפלו והיא הפכה ממוקדת במטרתה להשגת הסמים. אין כל בסיס לקבוע כי בעת שהיא התקשרה לאותו סוחר היא כבר תכננה את ההודעה הכוזבת. מדובר היה במכירה ספונטנית. המו""מ התקיים כשהיא סובלת מהתסמינים ורק אחרי שנטלה את הסם, היא התחילה להתעשת ולא היה מדובר בתכנון מוקדם. אחרי שלושה ימים היא מספרת ששדדו ממנה את האקדח, ותוך כמה שעות המשטרה מבינה שאין בכך מאום. היא נשברת במשטרה תוך כמה שעות, היא מודה בכל ומאותו רגע כל מה שחשוב לה זה להחזיר את האקדח. שירות המבחן הבין כבר בשלב המעצר את הנזקקות הטיפולית, היא השתלבה בקהילה סגורה שם היא שהתה כ-9 חודשים. היא עזבה כמה ימים לפני הסיום, לא בגלל מעידה או שימוש בסמים, אלא בגלל קשיים קוגניטיביים. רמת הטיפול מתאימה לאנשים ברמה מסוימת ולא לכל קצוות החברה. היכולת שלה להפיק תועלת מהטיפול הגיעה לנקודת שיא שלאחריה לא הייתה סיבה להמשיך. היא יצאה מהמסגרת הטיפולית העוטפת וחזרה לעיר מגוריה, לאותו אזור מוכה סמים והאתגר שנכפה עליה היה קשה יותר מהמעבר להוסטל. למרות זאת, היא המשיכה להגיע ארבע פעמים בשבוע לטיפול, והגיעה למצב בו היא מסייעת בקבוצה. במשך שלושה חודשים היא יוצאת לעבודה וגם החלה ללמוד ב""אוניברסיטה בעם"" וכל תחומי החיים שלה עברו שינוי מהותי. היא נקיה מסמים כבר שנה וחצי ונמנעת מהימורים. מדובר בשיקום משמעותי. התסקיר שהוגש בעניינה הוא חיובי חרף הבעייתיות שעולה בו. המחוקק לא סייג את העבירות שבהן ניתן לחרוג מהמתחם, אלא רק הצביע על השיקול לחריגה ממנו. שליחת הנאשמת בשלב זה, אחרי כל התהליכים שעברה, לרצות מאסר מאחורי סורג ובריח תמחק לחלוטין את השיקום. לפיכך, עתר ב""כ הנאשמת לחרוג ממתחם העונש ולהסתפק בעונש שירוצה בעבודות שירות כפי שהמליץ שירות המבחן.",טיעוני הצדדים,טיעוני הצדדים,טיעוני הצדדים,טיעוני הצדדים,טיעוני הצדדים,טיעוני הצדדים
ME-16-02-59812-881,"הנאשמת מסרה כי כעת היא במקום טוב בחייה. הגיעה מבית חם אך נפלטה לרחוב בשל תחושותיה שהיא שונה. בהמשך, החלה שימוש בסמים ואלכוהול, התמכרה גם להימורים והייתה בחובות כבדים. הסתירה את מצבה מכולם. היום מבינה שהיא בן אדם, שטעתה, היום עושה כל מה שצריך, עובדת קשה ושומרת על ניקיון מסמים.",טיעוני הצדדים,טיעוני הצדדים,טיעוני הצדדים,תסקיר שירות מבחן,טיעוני הצדדים,טיעוני הצדדים
ME-16-02-59812-881,"כתב האישום מתאר שני אירועים, ומכאן שיש לקבוע בגין כל אחד מהם  מתחם עונש הולם נפרד.",דיון - קביעת מתחם העונש ההולם,דיון והכרעה,דיון והכרעה,דיון והכרעה,דיון והכרעה,דיון והכרעה
ME-16-02-59812-881,"במקרה דנן, הערכים החברתיים אשר נפגעו באירוע הראשון (סחר בנשק) הינם הגנה על שלום הציבור ובטחונו. מכירת כלי נשק לידיו של מי שאינו מורשה, ובוודאי למי שידוע כעבריין, טומנת בחובה סכנה ממשית לביטחון הציבור. בית המשפט העליון חזר פעם אחר פעם על החומרה הגלומה בעבירות נשק ועל פוטנציאל הפגיעה בנפש וברכוש שעלולים להיגרם כתוצאה מהשימוש בו. בהתייחסו לסוחרים בנשק הדגיש בית המשפט העליון כי יש לראות במשנה חומרה את מעשיהם, ועל כן יש להחמיר בענישתם (ראו ע""פ 319/11 מדינת ישראל נ' יאסין (5.12.11), ע""פ 1768/14 גנאיים נ' מדינת ישראל (22.7.14), ע""פ 7317/13 חג'אב נ' מדינת ישראל (19.5.14), ע""פ 8280/15 גולאני נ' מדינת ישראל, (28.3.16).",דיון - קביעת מתחם העונש ההולם,דיון והכרעה,דיון והכרעה,דיון והכרעה,דיון והכרעה,דיון והכרעה
ME-16-02-59812-881,"ראו בהקשר זה דברי בית-המשפט העליון (כב' השופט נ' סולברג) על חומרתן של עבירות אלו בע""פ 135/17 מדינת ישראל נ' בסל (8.3.17):",דיון - קביעת מתחם העונש ההולם,דיון והכרעה,דיון והכרעה,דיון והכרעה,דיון והכרעה,דיון והכרעה
ME-16-02-59812-881,"על חומרת העבירה של סחר בנשק ניתן ללמוד אף מהעונש המרבי שקבע המחוקק לצדה, של חמש עשרה שנות מאסר.",דיון - קביעת מתחם העונש ההולם,דיון והכרעה,דיון והכרעה,דיון והכרעה,דיון והכרעה,דיון והכרעה
ME-16-02-59812-881,הערכים החברתיים אשר נפגעו באירוע השני (ידיעה כוזבת ושיבוש הליכי חקירה) הינם שמירה על הסדר הציבורי ועל יכולת גורמי אכיפת החוק לפעול כנדרש להגעה לחקר האמת.,דיון - קביעת מתחם העונש ההולם,דיון והכרעה,דיון והכרעה,דיון והכרעה,דיון והכרעה,דיון והכרעה
ME-16-02-59812-881,"בחינת מידת הפגיעה בערך המוגן באירוע הראשון מובילה למסקנה כי הפגיעה בערך המוגן הינה ברף משמעותי. הנאשמת מכרה אקדח ותחמושת אשר הופקדו בידה במסגרת עבודתה וכחלק מיחסי אמון בינה לבין מעבידה, בכדי שתוכל לעשות עבודתה כנדרש כמאבטחת בית ספר. מכירת האקדח והתחמושת נעשתה לסוחר סמים בתמורה לכסף ולסמים ובכדי להמשיך ולממן את התמכרותה לסם, וכדי להתגבר על תסמיני הגמילה שחשה באותה עת.",דיון - קביעת מתחם העונש ההולם,דיון והכרעה,דיון והכרעה,דיון והכרעה,דיון והכרעה,דיון והכרעה
ME-16-02-59812-881,"יש לתת את הדעת לכך שעבירת הסחר בנשק הינה מן החמורות שבעבירות הנשק, ונמצאת במדרג גבוה יותר מעבירת נשיאת הנשק ומעבירה של החזקת הנשק (להבחנה במדרג עבירות הנשק ראו ע""פ 4945/13 מדינת ישראל נ' סלימאן (19.1.14) פסקה 12)). לעומת זאת, מדובר בנשק אחד מסוג אקדח, שהינו ברף נמוך יחסית לכלי נשק שפוטנציאל הקטילה שלהם רב יותר, כגון תת מקלע או מטען חבלה, אם כי גבוה יותר ביחס לרימון הלם או בקבוק תבערה (ראו הנחיות פרקליט המדינה, 61.9, מדיניות ענישה בעבירות נשק ומטעני חבלה (7.8.16)).",דיון - קביעת מתחם העונש ההולם,דיון והכרעה,דיון והכרעה,דיון והכרעה,דיון והכרעה,דיון והכרעה
ME-16-02-59812-881,"בחינת מידת הפגיעה בערך המוגן באישום השני מובילה למסקנה כי הפגיעה בערך המוגן הינה ברף בינוני, הנאשמת מסרה בכזב למשטרה כי נשדדה ואקדחה נגנב ממנה ועל רקע דברים אלו הוזנקו שוטרים רבים אשר החלו לבצע סריקות ולגבות הודעות מעדים שונים במטרה לאתר את מבצע השוד לכאורה. גם כאשר נמלכה הנאשמת בדעתה והודתה כי בדתה את סיפור השוד מליבה טענה בפני השוטרים תחילה כי איבדה את האקדח.",דיון - קביעת מתחם העונש ההולם,דיון והכרעה,דיון והכרעה,דיון והכרעה,דיון והכרעה,דיון והכרעה
ME-16-02-59812-881,"בחינת מדיניות הענישה הנוהגת מעלה כי במקרים דומים בעבירות של סחר בנשק הוטלו על נאשמים עונשים במנעד רחב כמפורט להלן (מובן הדבר שכאשר עסקינן בתת מקלע הרי שמדובר בנסיבות חמורות יותר מאשר אקדח, ואילו כאשר עסקינן ברימון הלם הרי שמדובר בנסיבות קלות יותר מאשר אקדח):",דיון - קביעת מתחם העונש ההולם,דיון והכרעה,דיון והכרעה,דיון והכרעה,דיון והכרעה,דיון והכרעה
ME-16-02-59812-881,"בע""פ 2422/14 חד'ר נ' מדינת ישראל (21.12.14), נדחה ערעורו של נאשם אשר הורשע בעבירה של סחר בנשק. הנאשם מכר, תמורת 9,000 ₪, לסוכן משטרתי, רובה מסוג ""קרל  גוסטב"". נקבע מתחם שבין 24 ל-48 חודשי מאסר, הנאשם צעיר, ללא עבר פלילי ובעל נסיבות אישיות, נידון ל- 36 חודשי מאסר בפועל. נאשם אחר אשר תיווך בעסקה נידון ל- 20 חודשי מאסר בפועל.",דיון - קביעת מתחם העונש ההולם,דיון והכרעה,דיון והכרעה,דיון והכרעה,דיון והכרעה,דיון והכרעה
ME-16-02-59812-881,"בע""פ 7552/14 אגבאריה נ' מדינת ישראל (23.6.15), נדחה ערערו של נאשם אשר הורשע בעבירות של סחר בנשק (אקדח) בצוותא, הפרעה לשוטר בעת מילוי תפקידו ואיומים. הנאשם מכר אקדח לסוכן סמוי תמורה לסך של 14,000 ש""ח. הנאשם בעל עבר פלילי, נידון ל- 32 חודשי מאסר בפועל (וכן הופעל מאסר על תנאי, סה""כ 46 חודשי מאסר בפועל).",דיון - קביעת מתחם העונש ההולם,דיון והכרעה,דיון והכרעה,דיון והכרעה,דיון והכרעה,דיון והכרעה
ME-16-02-59812-881,"בע""פ 1323/13 ‏חסן נ' מדינת ישראל (5.6.13), נדחה ערעורו של נאשם אשר הורשע בעבירות של החזקת נשק שלא כדין, נשיאה והובלת נשק וסחר בנשק שלא כדין. הנאשם ואחר מכרו לסוכן משטרתי סמוי רימון הלם צה""לי תמורת 1300 ש""ח. בית המשפט קבע מתחם עונש בין שנה ל- 4 שנות מאסר. לנאשם עבר פלילי מכביד. נידון ל-24 חודשי מאסר בפועל.",דיון - קביעת מתחם העונש ההולם,דיון והכרעה,דיון והכרעה,דיון והכרעה,דיון והכרעה,דיון והכרעה
ME-16-02-59812-881,"בע""פ 526/14 פלוני נ' מדינת ישראל (12.03.14), התקבל ערעורו של נאשם אשר הורשע  בעבירות החזקת נשק וסחר בנשק. הנאשם מכר לסוכן אקדח מסוג ""יריחו"" ומחסנית בתמורה לסך של 14,000 ₪. בית המשפט הקל בעונשו נוכח פוטנציאל שיקומי גבוה במיוחד וגזר עליו 16 חודשי מאסר בפועל (חלף 22 חודשי מאסר).",דיון - קביעת מתחם העונש ההולם,דיון והכרעה,דיון והכרעה,דיון והכרעה,דיון והכרעה,דיון והכרעה
ME-16-02-59812-881,"בת""פ (מח' י-ם) מדינת ישראל נ' קרקי  (15.6.14) קבע בית המשפט כי יש להעמיד את מתחם הענישה בגין כל אירוע של סחר בנשק, על 18-36 חודשים. באותה פרשה דובר על ריבוי אירועים, ומכאן שהענישה הקונקרטית שנקבעה אינה רלוונטית למקרה דנן.",דיון - קביעת מתחם העונש ההולם,דיון והכרעה,דיון והכרעה,דיון והכרעה,דיון והכרעה,דיון והכרעה
ME-16-02-59812-881,"בת""פ (מח' חי') 36381-05-15 מדינת ישראל נ' אבו שנדי (31.12.15), נידון נאשם אשר הורשע בעבירה של סחר בנשק (מקלע מאולתר), שבוצעה באמצעות סוכן משטרתי. בית המשפט קבע מתחם בין 24 חודשים לבין 48 חודשים. הנאשם בעל הרשעה קודמת אחת, נידון ל- 28 חודשי מאסר בפועל.",דיון - קביעת מתחם העונש ההולם,דיון והכרעה,דיון והכרעה,דיון והכרעה,דיון והכרעה,דיון והכרעה
ME-16-02-59812-881,"בת""פ (מח' י-ם) 54615-03-16 מדינת ישראל נ' מוסטפה (14.3.17), הורשע נאשם בעבירת סחר בנשק. הנאשם מכר תת מקלע מסוג ""קרלו"" לאחר תמורת 3,000 ₪ אשר בהמשך ניסה לירות בו ללא הצלחה. נקבע מתחם עונש בין 20 ל- 40 חודשי מאסר. הנאשם צעיר נורמטיבי, נידון ל- 24 חודשי מאסר בפועל.",דיון - קביעת מתחם העונש ההולם,דיון והכרעה,דיון והכרעה,דיון והכרעה,דיון והכרעה,דיון והכרעה
ME-16-02-59812-881,"בת""פ (מח' י-ם) 7108-02-16 מדינת ישראל נ' טאהא (20.7.16) הורשע הנאשם בעבירות של קשר לפשע, סחר בנשק ועוד, בגין סחר באקדח בקוטר 9 מ""מ, ומחסנית ובה כדורים. בית המשפט נתן דעתו לכך שמדובר באקדח ולא בנשק אוטומטי ולכך שחלקו של הנאשם בעסקה לא היה המרכזי, וקבע מתחם שבין 20 ל- 42 חודשי מאסר בפועל. הנאשם בעל עבר פלילי, הודה באשמה. בית המשפט גזר עליו עונש של 22 חודשי מאסר בפועל (וכן הפעיל מאסר על תנאי, סה""כ 28 חודשים).",דיון - קביעת מתחם העונש ההולם,דיון והכרעה,דיון והכרעה,דיון והכרעה,דיון והכרעה,דיון והכרעה
ME-16-02-59812-881,"במסגרת הנסיבות הקשורות בביצוע העבירה (סעיף 40 ט' לחוק), יש לתת את הדעת לכך שבמסגרת תפקידה כמאבטחת קיבלה לידה הנאשמת אקדח ותחמושת. על רקע התמכרותה לסמים ולהימורים ותוך כדי ניסיונותיה לממן את ההתמכרויות, ביום 15.2.16, לאחר שאזלו לנאשמת הסמים והיא החלה לחוש תסמיני גמילה, היא פנתה לסוחר סמים ממנו היא נהגה לרכוש את הסמים, ואשר הציע לה בעבר לרכוש ממנה את האקדח, והציעה למכור לו את האקדח, המחסניות והכדורים תמורת 10,000 ₪. לאחר דין ודברים ביניהם הוחלט כי ירכוש ממנה את האקדח תמורת סכום של 8,000 ₪ וכן כמות של סם מסוכן מסוג הרואין וכך היה. בהמשך, ובמטרה להתחמק מעונש, פנתה למעסיקה וטענה בפניו בכזב כי נפלה קורבן לאירוע שוד במהלכו נגנב ממנה האקדח, וזה דיווח על כך מיד למשטרה. בעקבות תלונתה של הנאשמת שוטרים רבים החלו בסריקות ובגביית הודעות מעדים שונים במטרה לאתר את מבצע השוד. עוד בהמשך היום נחקרה הנאשמת פעם נוספת, ובמהלך עדותה הודתה כי בדתה מליבה את אירוע השוד וטענה בכזב כי האקדח אבד לה.",דיון - קביעת מתחם העונש ההולם,דיון והכרעה,דיון והכרעה,דיון והכרעה,דיון והכרעה,דיון והכרעה
ME-16-02-59812-881,"כמו כן, יש לתת את הדעת לדברים הבאים:",דיון - קביעת מתחם העונש ההולם,דיון והכרעה,דיון והכרעה,דיון והכרעה,דיון והכרעה,דיון והכרעה
ME-16-02-59812-881,"התכנון שקדם לביצוע העבירה; למעשיה של הנאשמת, בכל הנוגע לאישום השני קדם תכנון. כאשר הבינה כי יהיה עליה לתת הסבר להיעלמות האקדח, הכדורים והמחסנית, החליטה לבדות מליבה סיפור כוזב.",דיון - קביעת מתחם העונש ההולם,דיון והכרעה,דיון והכרעה,דיון והכרעה,דיון והכרעה,דיון והכרעה
ME-16-02-59812-881,"הנזק שהיה צפוי להיגרם מביצוע העבירה; באשר לאירוע הראשון, אין צורך להכביר מילים בדבר פוטנציאל הנזק הגלום במכירת כלי נשק ותחמושת לגורם עברייני, לשלום הציבור ולביטחונו. החשש כי האקדח ישמש לפעילות עבריינית העלולה להביא לפגיעה ואף לקיפוח חיי אדם. בנוסף אין לדעת לאילו ידיים יתגלגל האקדח ולאלו תוצאות הרסניות יובילו.",דיון - קביעת מתחם העונש ההולם,דיון והכרעה,דיון והכרעה,דיון והכרעה,דיון והכרעה,דיון והכרעה
ME-16-02-59812-881,"הנזק שנגרם מביצוע העבירה; באשר לאירוע הראשון, הנזק העיקרי הינו שבסופו של יום האקדח לא נמצא והוא עודנו ""מסתובב ברחוב"" ומהווה סכנה לציבור. באשר לאירוע השני, מעשיה של הנאשמת הביאו לבזבוז משאבי גורמי האכיפה, אשר בעקבות תלונת השווא שלה החלו לבצע סריקות וחיפושים אחר ""השודד"". זמן ומשאבים אשר גורמי אכיפת החוק אינם משופעים בהם והיה ניתן להקצותם לטיפול במקרים אמיתיים אשר דורשים את טיפול גורמי אכיפת החוק.",דיון - קביעת מתחם העונש ההולם,דיון והכרעה,דיון והכרעה,דיון והכרעה,דיון והכרעה,דיון והכרעה
ME-16-02-59812-881,"הסיבות שהביאו את הנאשמת לבצע את העבירה; הנאשמת פעלה באישום הראשון לשם מימון הסמים, ועל רקע תסמיני גמילה אותם החלה לחוש. באישום השני פעלה הנאשמת כדי להסתיר את מעשיה באישום הראשון.",דיון - קביעת מתחם העונש ההולם,דיון והכרעה,דיון והכרעה,דיון והכרעה,דיון והכרעה,דיון והכרעה
ME-16-02-59812-881,"בהתאם לתיקון 113 לחוק (סעיף 40 יג'), סבורני כי מתחם העונש ההולם באשר לאירוע הראשון (סחר בנשק) הינו החל מ- 18 חודשי מאסר בפועל ועד ל- 36 חודשי מאסר בפועל. מתחם העונש באשר לאירוע השני הינו, החל ממאסר על תנאי ושל""צ ועד לשנת מאסר בפועל.",דיון - קביעת מתחם העונש ההולם,דיון והכרעה,דיון והכרעה,דיון והכרעה,דיון והכרעה,דיון והכרעה
ME-16-02-59812-881,"סבורני כי במקרה דנן, יש מקום לסטות ממתחם העונש וזאת משיקולי שיקום.",סוגיית הסטייה מן המתחם - שיקום,דיון והכרעה,דיון והכרעה,דיון והכרעה,דיון והכרעה,דיון והכרעה
ME-16-02-59812-881,"הנאשמת הינה ילידת 1968 (בת כ- 50), נעדרת עבר פלילי ואשר מעולם לא נפתח נגדה תיק פלילי. הנאשמת גדלה במשפחה נורמטיבית וסיימה 12 שנות לימוד. עם זאת, על רקע קשיים רגשיים ואחרים שולבה במסגרות לילדים עם צרכים מיוחדים ובהמשך לא גויסה לצה""ל. בילדותה התקשו הוריה להוות עבורה גורמי תמיכה יציבים. לאורך השנים חשה עצמה חריגה במסגרת המשפחתית ואל מול קבוצת השווים, והחלה לנהל אורח חיים שולי במסגרתו החלה להשתמש בסמים מסוג קנאביס בשנות העשרים לחייה, ובהמשך אף בסמים מסוג אקסטזי וקוקאין לסירוגין. הנאשמת הצליחה להסתיר מצבה ממשפחתה ובמקביל ניהלה אורח חיים תקין ועבדה בעבודות שונות, לרבות כמאבטחת במוסדות שונים. אלא שבמשך הזמן התמכרותה הלכה והעמיקה והיא החלה לצרוך סמים מסוג הרואין כאשר במקביל פיתחה התמכרות מתמשכת להימורים, אשר לוותה בצבירת חובות כבדים.",סוגיית הסטייה מן המתחם - שיקום,דיון והכרעה,דיון והכרעה,דיון והכרעה,דיון והכרעה,דיון והכרעה
ME-16-02-59812-881,"בתיק דנן, שולבה הנאשמת במסגרת קהילה ייעודית לנשים ""דרך אריאלה"" בחיפה ביום 13.4.16, שם שהתה עד ליום 21.1.17. מדיווחי גורמי הטיפול עלה תחילה כי הנאשמת שיתפה פעולה ועמדה בגבולות ובכללי המסגרת כמיטב יכולתה. בהמשך, התעוררו קשיים אשר נגעו למסוגלותה הקוגניטיבית להפיק ולהיתרם מהטיפול המוצע. חרף זאת הנאשמת התקדמה כמיטב יכולתה, גם אם לא בהתאם לשלב הטיפולי בו הייתה מצויה, עד אשר הוחלט על סיום הטיפול (לאחר כ- 9 חודשים). עם סיום הטיפול בהוסטל, שבה הנאשמת להתגורר במקום מגוריה ושולבה ביום 9.2.17 ביחידה לטיפול בהתמכרויות. במסגרת הטיפול ביחידה לטיפול בהתמכרויות לוקחת הנאשמת חלק בשיחה פרטנית שבועית, בדיקות שתן אקראיות והשתלבות בקבוצה לעזרה עצמית (N.A). מוקדי התמיכה כוללים תמיכה וסיוע בשמירה על ניקיונה מסמים, עבודה על דפוסי התנהגות שוליים, ליווי והכוונה תעסוקתית. ממידע שהתקבל מגורמי הטיפול עולה כי הנאשמת משתפת פעולה, מקפידה על הגעה לפגישות ושומרת על ניקיונה לאורך זמן, וכי היא בעלת מוטיבציה לשינוי משמעותי באורח חיים ואף נתרמת מההליך הטיפולי. בנוסף, מזה מספר חודשים עובדת הנאשמת במקום עבודה מסודר והיא אף לוקחת חלק בתוכנית לימודית לפיתוח האישי וכן בהשתתפות בהדרכה הורית.",סוגיית הסטייה מן המתחם - שיקום,דיון והכרעה,דיון והכרעה,דיון והכרעה,דיון והכרעה,דיון והכרעה
ME-16-02-59812-881,"מעדויות אחותה של הנאשמת וגיסה אף עולה כי כיום מקיימת הנאשמת קשר תומך עם משפחתה המורחבת, אותה היא משתפת בקשייה, וזוכה ממנה לתמיכה ועידוד. כמו כן, מנהלת הנאשמת זוגיות יציבה מזה מספר שנים, במסגרתה אף מגדלת את ילדיה הקטינים של זוגתה. שירות המבחן התרשם כי הנאשמת מבינה את חומרת מעשיה ומביעה עליהם חרטה, וכי ההליך המשפטי היווה עבורה גורם מרתיע ומטלטל אשר הוביל אותה לבחינה מחודשת של אורח חייה. עוד התרשם שירות המבחן כי יש במצבה הנוכחי כמו גם בשיקום המשמעותי שעברה הפחתה בסיכון להישנות מעשים דומים ועל כן המליץ לאמץ את האפיק השיקומי ולהימנע משליחת הנאשמת לריצוי עונש מאסר מאחורי סורג ובריח.",סוגיית הסטייה מן המתחם - שיקום,דיון והכרעה,דיון והכרעה,דיון והכרעה,דיון והכרעה,דיון והכרעה
ME-16-02-59812-881,"נראה כי במהלך שנה ותשעה חודשים אשר חלפו ממועד התחלת ההליך השיקומי ולכל אורכו, התמידה הנאשמת בטיפול והשקיעה מאמצים בעריכת שינוי חיובי בחייה ובבניית אורח חיים נורמטיבי. כיום כאמור היא מנהלת אורח חיים נקי מסמים והימורים, מתמידה בעבודתה ומנהלת זוגיות יציבה. אשר על כן, ונוכח ההליך השיקומי המשמעותי שעברה הנאשמת, כמתואר לעיל, סבורני כי יש להעדיף את השיקול השיקומי, ולבכר אותו על פני שיקולי ההלימה וההרתעה.",סוגיית הסטייה מן המתחם - שיקום,דיון והכרעה,דיון והכרעה,דיון והכרעה,דיון והכרעה,דיון והכרעה
ME-16-02-59812-881,"עם זאת, נוכח חומרת העבירה יש לתת את הדעת לשאלה האם הסטייה מהעונש תהיה כזו שבה יוטל על הנאשמת עונש מאסר לריצוי מאחורי סורג לתקופה קצרה יותר מהרף הנמוך של המתחם, או שמא יש מקום לאמץ את המלצת שירות המבחן ולהימנע לחלוטין משליחת הנאשמת לריצוי מאסר מאחורי סורג ובריח ולהשית עליה עונש מאסר שירוצה בעבודות שירות.",סוגיית הסטייה מן המתחם - שיקום,דיון והכרעה,דיון והכרעה,דיון והכרעה,דיון והכרעה,דיון והכרעה
ME-16-02-59812-881,"בכל הנוגע לשאלה באילו מקרים יש לסטות מהמתחם באופן שבו יוטל עונש לפי שיקולי שיקומו של הנאשם (קרי שלא מאחורי סורג ובריח), ובאילו אין מקום להימנע מהטלת עונש מאסר בפועל, ראוי להפנות למאמרו של פרופ' אורן גזל אייל ""חריגה ממתחם העונש ההולם"", 539, בעמ' 547-548, ספר דורית ביניש (עורכים קרן אזולאי, איתי בר סימן טוב, אהרן ברק ושחר ליפשיץ (2017):",סוגיית הסטייה מן המתחם - שיקום,דיון והכרעה,דיון והכרעה,דיון והכרעה,דיון והכרעה,דיון והכרעה
ME-16-02-59812-881,"""סעיף 40 ד' קובע כי כאשר הוכח סיכוי של ממש לשיקום, בית המשפט רשאי לגזור את עונשו של הנאשם לפי שיקולי שיקומו. הוא אינו חייב לעשות כן. שאלה היא, כיצד יקבע בית המשפט אם להפעיל סמכותו לפי סעיף 40 ד'? בפסיקה עדיין אין התייחסות לשיקולים האמורים להנחות את בית המשפט בהחליטו אם לגזור על הנאשם עונש לפי שיקולי שיקומו. לדעתי, כל עוד אין מדובר בעבירה שחומרתה יתרה, הרי שככלל יש להעדיף גזר דין הניתן לפי שיקולי שיקומו של הנאשם, כאשר הוכח סיכוי של ממש לשיקום. כדי לצמצם עבריינות בחר המחוקק להעדיף שיקולי שיקום משיקולי הלימה, כאשר יש סיכוי של ממש לשיקום ואין בעבירה חומרה יתרה.",סוגיית הסטייה מן המתחם - שיקום,דיון והכרעה,דיון והכרעה,דיון והכרעה,דיון והכרעה,דיון והכרעה
ME-16-02-59812-881,"אם נמצא כי יש סיכוי של ממש לשיקום, הרי שבהיעדר שיקולים מיוחדים, כגון מסוכנות או נזק צפוי לנפגע העבירה, יש להעדיף ככלל את הליך השיקום. זהו אחד החידושים הבולטים בתיקון 113, וראוי שבתי המשפט יתנו משקל לשינוי זה בדיני הענישה, שנראה כי עדיין לא הופנם עד תום"".",סוגיית הסטייה מן המתחם - שיקום,דיון והכרעה,דיון והכרעה,דיון והכרעה,דיון והכרעה,דיון והכרעה
ME-16-02-59812-881,"בפסיקה קיימים מקרים בהם סטו בתי המשפט ממתחם העונש ובכל זאת הטילו עונשי מאסר מאחורי סורג ובריח (ראו למשל: ע""פ 4876/15  פלוני נ' מדינת ישראל (3.12.15); רע""פ 4795/11 זאיד נ' מדינת ישראל (27.6.11); רע""פ 262/14 נאשף נ' מדינת ישראל (22.1.14) וכן רע""פ 5354/12 קובר נ' מדינת ישראל (12.7.12)).",סוגיית הסטייה מן המתחם - שיקום,דיון והכרעה,דיון והכרעה,דיון והכרעה,דיון והכרעה,דיון והכרעה
ME-16-02-59812-881,"לצד מקרים בהם בחרו בתי המשפט פעמים רבות לסטות ממתחם העונש ההולם עד כדי הטלת עונש שירוצה בעבודות שירות, וזאת אף בעבירות שאינן נופלות בחומרתן מהמקרה דנן (ראו למשל בע""פ 779/15 פלוני נ' מדינת ישראל (12.4.15) (שוד באיומי סכין); ע""פ 911/14 פלונית נ' מדינת ישראל (4.11.14) (התעללות בקטין או חסר ישע); ת""פ (מח' חי') 27277-01-15 מדינת ישראל נ' קעדאן (16.9.15) (עבירות בנשק); ת""פ (מח' ב""ש) 33495-12-13 מדינת ישראל נ' דדשב (30.3.15) (עבירות בנשק); ת""פ 7498-11-14 מדינת ישראל נ' אלצראיעה (30.3.17) (עבירות בנשק); ת""פ (מח' מרכז-לוד) 8833-01-14 מדינת ישראל נ' אפלצ'יוק (22.12.16) (עבירות שוד); ת""פ 8761-01-14 מדינת ישראל נ' פוגרבניאק (26.4.17) (עבירות שוד); ת""פ (מח' י-ם) 23513-03-14 מדינת ישראל נ' שצ'ינוב (10.11.16).",סוגיית הסטייה מן המתחם - שיקום,דיון והכרעה,דיון והכרעה,דיון והכרעה,דיון והכרעה,דיון והכרעה
ME-16-02-59812-881,"בהקשר זה סבורני כי ראוי להפנות לע""פ 4945/13 מדינת ישראל נ' סלימאן (19.1.14), אשר הן ב""כ המאשימה והן ב""כ הנאשם בחרו להגישו ולהפנות אליו. באותו עניין המשיב הורשע בעבירות של רכישת נשק, החזקת נשק והובלת נשק ותחמושת, מעשה פזיזות ורשלנות ועוד. בית המשפט העליון קבע כי מתחם העונש שנקבע בבית המשפט המחוזי (עבודות שירות עד 20 חודשי מאסר בפועל) מקל יתר על המידה וטעון התערבות. זאת משום שעבירות בנשק טומנות בחובן פוטנציאל הרסני לפגיעה בשלום בציבור ובטחונו, והחשש להתגלגלות כלי נשק לגורמים פליליים ועוינים. לפיכך, נקבע מתחם שבין 12 ל- 36 חודשי מאסר בפועל. ואולם, הואיל ולמשיב פוטנציאל שיקום גבוה במידה המצדיקה לחרוג מן המתחם, הותיר על כנו את העונש שנגזר בבית המשפט קמא, של 6 חודשי עבודות שירות.",סוגיית הסטייה מן המתחם - שיקום,דיון והכרעה,דיון והכרעה,דיון והכרעה,דיון והכרעה,דיון והכרעה
ME-16-02-59812-881,"אכן, המקרה שלפניי יוצר מתח משמעותי בין שיקולי הגמול ההלימה והרתעת הרבים, אשר מצדיקים הטלת עונש מאסר בפועל משמעותי, לבין שיקולי השיקום, אשר מצדיקים סטייה מן המתחם והסתפקות בעונש של עבודות שירות.",סוגיית הסטייה מן המתחם - שיקום,דיון והכרעה,דיון והכרעה,דיון והכרעה,דיון והכרעה,דיון והכרעה
ME-16-02-59812-881,"סבורני כי במקרה דנן הנאשמת עברה הליך שיקומי משמעותי, ולמצער קיים סיכוי גבוה מאוד (ובוודאי סיכוי של ממש כלשון החוק) שהנאשמת תשתקם. לעומת זאת, קיים סיכון גבוה כי שליחתה לריצוי עונש מאחורי סורג ובריח תסכל את ההליך השיקומי או תפגע בו באופן משמעותי, שכן המאסר עלול להחזיר את הנאשמת לשימוש בסמים, ועקב כך ירד לטמיון כל ההליך השיקומי שעברה. הטלת עונש מאסר בכליאה תחטא לשיקול השיקום ועלולה לגרום ליותר נזק מתועלת לחברה. הצלחת ההליך השיקומי של הנאשמת מהווה אינטרס של החברה בכללותה ולא רק של הנאשמת.",סוגיית הסטייה מן המתחם - שיקום,דיון והכרעה,דיון והכרעה,דיון והכרעה,דיון והכרעה,דיון והכרעה
ME-16-02-59812-881,"עסקינן בנאשמת אשר ביצעה את העבירה מלכתחילה בשל התמכרות לסמים, כאשר היא חווה תסמיני גמילה, וכדי לממן את רכישת הסם לצריכתה העצמית. לנאשמת ניתנה  הזדמנות להיגמל מסמים, והיא ניצלה את ההזדמנות היטב, עברה הליך גמילה משמעותי, תחילה במסגרת גמילה ייעודית, ובהמשך בקהילה, על פני כשנה ותשעה חודשים. איני סבור שיש בעובדה שהתעוררו קשיים בקהילה הטיפולית, כדי להפחית מסיכויי השיקום, וזאת בשים לב לכך שהקשיים נוגעים בעיקרים למסוגלותה של הנאשמת מבחינה קוגניטיבית להפיק את המירב מהטיפול המוצע, ואין המדובר בקשיים אשר לנאשמת יש שליטה עליהם, או על מעידה כגון שימוש חוזר בסמים. כפי שמפורט בתסקיר, אף לאחר סיום הקהילה הטיפולית, המשיכה הנאשמת בהליכי הגמילה בעיר מגוריה, במסגרת ""היחידה לטיפול בהתמכרויות"", והיא שומרת על ניקיון מסמים באופן מלא. זאת ועוד, על אף התמכרותה בעבר לסמים קשים, הרי שהנאשמת, שהינה בת 50, הינה ללא כל עבר פלילי קודם.",סוגיית הסטייה מן המתחם - שיקום,דיון והכרעה,דיון והכרעה,דיון והכרעה,דיון והכרעה,דיון והכרעה
ME-16-02-59812-881,"לפיכך, ובנסיבות הייחודיות של תיק זה, סבורני כי יש מקום להעדיף את השיקול השיקומי ולסטות ממתחם העונש באופן שבו העונש אשר יוטל על הנאשמת יהיה כזה שניתן לרצותו בעבודות שירות, בהתאם להמלצת שירות המבחן.",סוגיית הסטייה מן המתחם - שיקום,דיון והכרעה,דיון והכרעה,דיון והכרעה,דיון והכרעה,דיון והכרעה
ME-16-02-59812-881,"יפים לעניין זה דברי כב' הנשיא רון שפירא בעפ""ג (מח' חי') 36573-01-18 מחאמיד נ' מדינת ישראל (7.2.18):",סוגיית הסטייה מן המתחם - שיקום,דיון והכרעה,דיון והכרעה,דיון והכרעה,דיון והכרעה,דיון והכרעה
ME-16-02-59812-881,"עוד נתתי דעתי לכך שהנאשמת שהתה במעצר קרוב לחודשיים, מיום 18.2.16 ועד ליום 13.4.16, כאשר מובן הדבר שככל שיוטל עליה עונש של עבודות שירות, הרי שתקופה זו לא תנוכה. לאחר מכן, שהתה הנאשמת בתנאים מגבילים במשך תקופה ארוכה מאוד.",סוגיית הסטייה מן המתחם - שיקום,דיון והכרעה,דיון והכרעה,דיון והכרעה,דיון והכרעה,דיון והכרעה
ME-16-02-59812-881,"בגזירת העונש המתאים לנאשמת, בגדרי מתחם העונש ההולם, יש להתחשב בנסיבות שאינן קשורות בביצוע העבירה (סעיף 40 יא' לחוק). במסגרת זו מן הראוי לתת את הדעת, כאמור לעיל, להיות הנאשמת ילידת 1968 (בת כ-50), נעדרת עבר פלילי, אשר הודתה, הביעה חרטה ותובנה לחומרת מעשיה ולקחה עליהם אחריות מלאה. הנאשמת עברה הליך שיקומי משמעותי ארוך במהלכו נגמלה משימוש בסמים ומהימורים. כיום היא מנהלת אורח חיים נורמטיבי, ממשיכה בהליך הטיפולי, שיקמה יחסיה עם משפחתה המורחבת והיא עובדת ומגדלת יחד עם זוגתה את ילדיה הקטינים. כפי המתואר לעיל, שליחת הנאשמת לריצוי עונש מאסר מאחורי סורג ובריח עלול להוריד את ההליך השיקומי שעברה לטמיון.",גזירת העונש המתאים לנאשמת,דיון והכרעה,דיון והכרעה,דיון והכרעה,דיון והכרעה,דיון והכרעה
ME-16-02-59812-881,"עוד יש לתת את הדעת לשיקול הרתעת היחיד בגדרו של המתחם, וזאת בשים לב לקשייה של הנאשמת ולהתמכרותה המתמשכת.",גזירת העונש המתאים לנאשמת,דיון והכרעה,דיון והכרעה,דיון והכרעה,דיון והכרעה,דיון והכרעה
ME-16-02-59812-881,"באיזון בין השיקולים השונים, סבורני כי יש לגזור על הנאשמת עונש מאסר אשר סוטה לקולא ממתחם העונש באופן שלא יפגע בסיכויי השיקום הגבוהים שלה ויאפשר לה להשיב את חייה למסלול נורמטיבי ותקין. כאיזון לכך, סבורני כי יש להחמיר בעונש הקנס שיוטל על הנאשמת, וזאת כדי שהדבר יהווה עבור הנאשמת עונש נוסף הולם ומתריע.",גזירת העונש המתאים לנאשמת,דיון והכרעה,דיון והכרעה,דיון והכרעה,דיון והכרעה,דיון והכרעה
ME-16-02-59812-881,שישה חודשי מאסר לריצוי בדרך של עבודות שירות. תחילת עבודות השירות ביום 22.4.18.,"אשר על-כן, הנני גוזר על הנאשמת את העונשים הבאים:",דיון והכרעה,דיון והכרעה,דיון והכרעה,דיון והכרעה,דיון והכרעה
ME-16-02-59812-881,"12 חודשי מאסר על תנאי, לבל תעבור הנאשמת במשך שלוש שנים מהיום כל עבירת נשק מסוג פשע.","אשר על-כן, הנני גוזר על הנאשמת את העונשים הבאים:",דיון והכרעה,דיון והכרעה,דיון והכרעה,דיון והכרעה,דיון והכרעה
ME-16-02-59812-881,"6 חודשי מאסר על תנאי, לבל תעבור הנאשמת במשך שנתיים מהיום כל עבירת נשק מסוג עוון או עבירת מסירת ידיעה כוזבת או עבירת שיבוש מהלכי משפט.","אשר על-כן, הנני גוזר על הנאשמת את העונשים הבאים:",דיון והכרעה,דיון והכרעה,דיון והכרעה,דיון והכרעה,דיון והכרעה
ME-16-02-59812-881,"קנס כספי בסך של 25,000 ₪ או 6 חודשי מאסר תמורתו. הקנס ישולם ב- 25  תשלומים חודשיים שווים ורצופים, שהראשון שבהם ביום 1.7.18 לא ישולם תשלום כלשהו במועדו, תעמוד היתרה לפירעון מיידי.","אשר על-כן, הנני גוזר על הנאשמת את העונשים הבאים:",דיון והכרעה,דיון והכרעה,דיון והכרעה,דיון והכרעה,דיון והכרעה
ME-16-02-59812-881,"צו מבחן למשך 18 חודשים מהיום. מובהר לנאשמת כי ככל שלא תמלא אחר הוראות צו המבחן כנדרש, ניתן יהיה להפקיעו ולשוב ולגזור את דינה.","אשר על-כן, הנני גוזר על הנאשמת את העונשים הבאים:",דיון והכרעה,דיון והכרעה,דיון והכרעה,דיון והכרעה,דיון והכרעה
ME-16-03-54615-517,"חוק העונשין, תשל""ז-1977: סע'  40ב', 40 ט', 144(א), 144(ב), 144(ב2), 40 יא'",nothing,מידע אחר,מידע אחר,מידע אחר,מידע אחר,מידע אחר
ME-16-03-54615-517,"הנאשם הורשע על פי הודאתו, במסגרת הסדר טיעון בכתב אישום מתוקן, לאחר שחזר בו מכפירתו, בעבירת סחר בנשק לפי סעיף 144(ב2) לחוק העונשין התשל""ז-1977 (להלן חוק העונשין).",רקע,עובדות המקרה,עובדות המקרה,עובדות המקרה,עובדות המקרה,עובדות המקרה
ME-16-03-54615-517,"על פי עובדות כתב האישום המתוקן, במועד שאינו ידוע במדויק למאשימה במהלך חודש פברואר 2016, פנה אל הנאשם מחמד עליאן (להלן מחמד) וביקש שיבדוק אם באפשרותו להשיג עבורו תת- מקלע מסוג ""קרלו"". כעבור שלושה ימים נפגש הנאשם עם מחמד, סמוך לביתו של מחמד, והנאשם מסר למחמד כי מצא עבורו נשק. באותו יום שילם מחמד לנאשם סך של 3,000 ₪ לצורך רכישת הנשק. כשבוע לאחר מכן מסר הנאשם תת- מקלע מסוג ""קרלו"" למחמד (להלן תת המקלע הראשון). כשבוע לאחר מכן ניסה מחמד לירות באמצעות תת המקלע באוויר אך הנשק לא ירה.",רקע,עובדות המקרה,עובדות המקרה,עובדות המקרה,עובדות המקרה,עובדות המקרה
ME-16-03-54615-517,"כשבוע לאחר מכן נפגש מחמד עם הנאשם וסיפר לו שתת-המקלע הראשון אינו תקין. לבקשת הנאשם, מסר לו מחמד את תת המקלע. זמן מה לאחר מכן נפגש שוב מחמד עם הנאשם והנאשם מסר לו תת- מקלע אחר מסוג ""קרלו"" (להלן תת המקלע השני). מחמד ניסה לירות גם בתת המקלע השני אך הנשק לא ירה. מחמד פנה שוב אל הנאשם, אך הנאשם אמר לו שאין באפשרותו להחליף שוב את הנשק.",רקע,עובדות המקרה,עובדות המקרה,עובדות המקרה,עובדות המקרה,עובדות המקרה
ME-16-03-54615-517,"במסגרת הסדר הטיעון בין הצדדים, לא הייתה הסכמה לעניין העונש, אך הוסכם כי הצדדים יטענו לעונש באופן חופשי לאחר קבלת תסקיר שירות מבחן בעניינו של הנאשם.",רקע,עובדות המקרה,עובדות המקרה,מידע אחר,עובדות המקרה,עובדות המקרה
ME-16-03-54615-517,"מתסקיר שירות המבחן עולה כי הנאשם בן 23, רווק והתגורר בשכונת עיסאוויה בירושלים עד למעצרו בחודש מרץ 2016. הנאשם השלים 11 שנות לימוד בבית ספר מקצועי ובסיומם עזב את מסגרת לימודיו על מנת להשתלב בשוק העבודה בתחום האלומיניום, ואף למד קורס הכשרה בתחום זה. הנאשם בן למשפחה המונה זוג הורים ושבעה אחים ואחיות בגילאי חמש עד עשרים ושלוש, כאשר הנאשם הוא הבן הבכור. אביו בן 53, חשמלאי במקצועו, כיום לא עובד ואמו בת 44 עקרת בית.",תסקיר שירות המבחן,תסקיר שירות מבחן,תסקיר שירות מבחן,תסקיר שירות מבחן,תסקיר שירות מבחן,תסקיר שירות מבחן
ME-16-03-54615-517,"ביחס לביצוע העבירה קצינת המבחן התרשמה כי הנאשם לקח אחריות חלקית למעשיו. לדבריו, הוא מצא את הנשק ולאור תחושות פחד וחשש, בשל הרשעתו בדין בעבר, הוא לא דיווח למשטרה. בהמשך, הנאשם אישר שמסר את הנשק למחמד אולם שלל קבלת תשלום על כך על אף שסוכם על מחיר תשלום. הנאשם אף לא זיהה את עצמו כמי שעוסק בסחר בנשק. כמו כן הנאשם שלל את קיומו של הנשק השני ושלל ידיעה שמחמד התכוון להשתמש בנשק לביצוע פיגוע ירי חבלני.",תסקיר שירות המבחן,תסקיר שירות מבחן,תסקיר שירות מבחן,תסקיר שירות מבחן,תסקיר שירות מבחן,תסקיר שירות מבחן
ME-16-03-54615-517,"הנאשם הביע לפני קצינת המבחן הבנה פורמאלית לכך שמעשיו חוצים גבולות, חמורים ומסכנים אחרים. הוא הסביר כי מעורבותו בפלילים בכלל ובפרט בנדון, נובעת מכך שלא שקל את השלכות מעשיו, וכן הוא הושפע מגורמים חברתיים בסביבתו. הנאשם צמצם כל זיקה בין מעשיו להשפעות המצב הביטחוני, או להשתייכות לזרם פוליטי מסוים ושלל מעורבות אידיאולוגית מצדו, כמו כן שלל סחר בנשק מטעמים כלכליים.",תסקיר שירות המבחן,תסקיר שירות מבחן,תסקיר שירות מבחן,תסקיר שירות מבחן,תסקיר שירות מבחן,תסקיר שירות מבחן
ME-16-03-54615-517,"אשר להערכת הסיכון לעבריינות והסיכוי לשיקום, קצינת המבחן התרשמה כי מדובר בנאשם צעיר, שגדל במשפחה בעלת ערכים נורמטיביים ולו הרגלי עבודה תקינים בתחום התעסוקתי. לצד זאת, קצינת המבחן התרשמה מכך שהנאשם חסר בשלות רגשית, עם קווי אישיות ילדותיים וקושי בוויסות דחפים. הנאשם תיאר כי יש לו נטייה להיגרר אחר הסובבים אותו, ללא אבחנה בין צרכיו לצרכיהם, בכל העבירות בהם היה מעורב. עוד התרשמה קצינת המבחן מכך שמעורבותו של הנאשם בעבירות אלו הם על רקע היותו מושפע מאחרים, ללא אישיות מגובשת וכמי שעסוק בנראות ובזהות הגברית שלו בקרב אחרים, מה שבא לידי ביטוי בעבירות בהם התקשה להפעיל שיקול דעת מספק. בביצוע העבירות באים לידי ביטוי מאפיינים שוליים ותפיסות בעייתיות כלפי גבולות החוק. כמו כן הנאשם נטל אחריות חלקית למעשיו. לפיכך, קצינת המבחן התרשמה שרמת הסיכון להישנות התנהגות עוברת חוק עלתה ולא נוצר כל פתח מצדו לבחינת אפיק שיקומי.",תסקיר שירות המבחן,תסקיר שירות מבחן,תסקיר שירות מבחן,תסקיר שירות מבחן,תסקיר שירות מבחן,תסקיר שירות מבחן
ME-16-03-54615-517,"לכן, קצינת המבחן לא באה בהמלצה טיפולית בעניינו והמליצה להשית על הנאשם ענישה מוחשית ובעלת אופי הרתעתי להבהרת גבולות החוק וחומרת מעשיו לצד חומרת העבירות הנדונות. עוד המליצה לשקול בשיקולי הענישה גם את גילו הצעיר ולשקול את העובדה כי המעצר הנוכחי היווה גורם מרתיע עבורו.",תסקיר שירות המבחן,תסקיר שירות מבחן,תסקיר שירות מבחן,תסקיר שירות מבחן,תסקיר שירות מבחן,תסקיר שירות מבחן
ME-16-03-54615-517,"יוער כי קצינת המבחן התייחסה בתסקיר לעברו הפלילי של הנאשם וכן לכך שתלוי ועומד כנגדו כתב אישום, אשר הוגש בחודש ספטמבר 2016 בבית משפט השלום בפתח תקווה, בגין קשירת קשר וגניבה. מאחר שהנאשם לא הורשע בעבירה זו לא מצאתי לתת כל משקל לעובדה זו בבואי לגזור את דינו של הנאשם.",תסקיר שירות המבחן,תסקיר שירות מבחן,תסקיר שירות מבחן,תסקיר שירות מבחן,תסקיר שירות מבחן,תסקיר שירות מבחן
ME-16-03-54615-517,"בא כוח המאשימה עתר למתחם עונש הולם הנע בין שלוש שנים לשבע שנים, וזאת בשל הצורך להחמיר בעבירות נשק ככלל, וסחר בנשק בפרט, על שום קיומה של סכנה לשלום הציבור ולביטחונו, נוכח פוטנציאל הנזק העצום העלול להיגרם כתוצאה משימוש בנשק. עוד הוסיף בא כוח המאשימה כי הנשק עלול להתגלגל לידיהם של גורמים עבריינים או חבלניים ועל כן הפוטנציאל לכך קיים בכל עבירה של סחר בנשק, הגם שהנאשם לא היה מודע לכך בפועל. ב""כ המאשימה הציג פסיקה לתמיכה בטענותיו.",טענות הצדדים,טיעוני הצדדים,טיעוני הצדדים,טיעוני הצדדים,טיעוני הצדדים,טיעוני הצדדים
ME-16-03-54615-517,בא כוח המאשימה עתר להטלת עונש ברף הבינני של המתחם וזאת מאחר שמתסקיר שירות המבחן עלה שהנאשם לא לקח אחריות מלאה למעשיו. כמו כן קצינת המבחן לא באה בהמלצה טיפולית בעניינו ומסרה כי להערכתה קיימת רמת מסוכנות גבוהה להישנות המעשה. עוד ביקש בא כוח המאשימה ליתן משקל לכך שמדובר במעידתו השנייה של הנאשם בפלילים. עוד עתר בא כוח המאשימה להטלת מאסר מותנה וקנס והגיש פסיקה לתמיכה בטענותיו.,טענות הצדדים,טיעוני הצדדים,טיעוני הצדדים,טיעוני הצדדים,טיעוני הצדדים,טיעוני הצדדים
ME-16-03-54615-517,"בא כוח הנאשם הדגיש כי נסיבות מקרה זה הן אינן שגרתיות ועל כן מתחם העונש ההולם צריך להיות נמוך בהרבה מזה שעתרה לו המאשימה, שכן הנשק לא היה תקין, ומכאן שפוטנציאל הנזק במקרה זה הוא נמוך. כמו כן, מדובר בעבירה אחת של סחר בנשק ולא בשתי עבירות ואף לכך יש ליתן משקל בעת קביעת מתחם העונש ההולם. על כן סבר בא כוח הנאשם כי מתחם העונש ההולם צריך לנוע בין 12 ל-24 חודשי מאסר והגיש פסיקה לתמיכה בטענותיו.",טענות הצדדים,טיעוני הצדדים,טיעוני הצדדים,טיעוני הצדדים,טיעוני הצדדים,טיעוני הצדדים
ME-16-03-54615-517,"אשר לעונש המתאים, ציין בא כוח הנאשם כי מדובר בנאשם נורמטיבי, צעיר, בן למשפחה נורמטיבית, אשר טרם מעצרו עבד בתחום האלומיניום, הוא לקח אחריות על מעשיו, חסך זמן שיפוטי ושהה במעצר תקופה ממושכת שהיוותה לו גורם מרתיע וזהו מאסרו הראשון. אשר על כן ביקש בא כוח הנאשם להטיל עליו 15 חודשי מאסר.",טענות הצדדים,טיעוני הצדדים,טיעוני הצדדים,טיעוני הצדדים,טיעוני הצדדים,טיעוני הצדדים
ME-16-03-54615-517,"הנאשם בדברו האחרון מסר כי הוא ""לא שייך"" להתנהגות מסוג זו, וכי מדובר בטעות. עוד מסר כי הוא אדם עובד ולאחר שחרורו מהמאסר הוא רוצה לבנות את עתידו, להקים עסק בתחום האלומיניום ולהקים משפחה.",טענות הצדדים,טיעוני הצדדים,טיעוני הצדדים,טיעוני הצדדים,טיעוני הצדדים,טיעוני הצדדים
ME-16-03-54615-517,"בהתאם לסעיף 40ב' לחוק העונשין העיקרון המנחה בענישה הוא הלימה, קרי: יחס הולם בין חומרת מעשה העבירה ונסיבותיו ומידת אשמו של הנאשם, לבין סוג ומידת העונש המוטל עליו. בקביעת מתחם העונש ההולם, על בית המשפט להתחשב בערך החברתי שנפגע, במידת הפגיעה בו, במדיניות הענישה הנהוגה ובנסיבות הקשורות לביצוע העבירה.",מתחם העונש ההולם,דיון והכרעה,דיון והכרעה,דיון והכרעה,דיון והכרעה,דיון והכרעה
ME-16-03-54615-517,"הערכים החברתיים עליהם יש להגן מפני אלה המבצעים עבירות בנשק, הם ההגנה על שלום הציבור וביטחונו, שמירה על שלמות גופו ורכושו של אדם ומניעת פגיעה משמעותית בו כתוצאה משימוש בנשק חם על ידי מי שאינו מיומן בכך. בית המשפט העליון חזר פעם אחר פעם על החומרה הגלומה בעבירות נשק ועל פוטנציאל הפגיעה בנפש וברכוש שעלולים להיגרם כתוצאה מהשימוש בו. אשר לסוחרים בנשק הדגיש בית המשפט העליון כי יש לראות במשנה חומרה את מעשיהם, ועל כן יש להחמיר, ככלל, בענישתם של נאשמים שהורשעו בעבירות נשק בכלל ובעבירות סחר בנשק בפרט (ע""פ 319/11 מדינת ישראל נ' יאסין (ניתן ביום 5.12.11), ע""פ 1768/14 גנאיים נ' מדינת ישראל (ניתן ביום 22.7.14), ע""פ 7317/13 חג'אב נ' מדינת ישראל (ניתן ביום 19.5.14), ע""פ 8280/15 מוחמד גולאני נ' מ""י, (ניתן ביום 28.3.16).",מתחם העונש ההולם,דיון והכרעה,דיון והכרעה,דיון והכרעה,דיון והכרעה,דיון והכרעה
ME-16-03-54615-517,"נשק, שהוא מטבעו כלי קטלני, עלול לעבור מיד ליד ולהגיע לידי גורמים שיבצעו באמצעותו עבירות פליליות חמורות, ואף לידי ארגוני טרור שיעשו בו שימוש באירועי טרור. על-כן, פוטנציאל הסיכון הנשקף מהסחר בו מחייב הטלת ענישה מחמירה ומרתיעה, אף אם מבצעי העבירות – בחוליות השונות בשרשרת העברת הנשק – אינם מודעים לתכלית השימוש בו. עוד נפסק כי בשל הסכנה הרבה הטמונה בעבירות הנשק, מוצדק להטיל עונשי מאסר בפועל גם על מי שזוהי עבורו הרשעתו הראשונה בפלילים. על בית המשפט לתת משקל משמעותי יותר לאינטרס הציבורי ולצורך להרתיע עבריינים מלבצע עבירות דומות, על-פני הנסיבות האישיות של העבריין. כב' השופט זילברטל  חזר על כך בע""פ 6989/13 פרח נ' מדינת ישראל (מיום 25.2.14):",מתחם העונש ההולם,דיון והכרעה,דיון והכרעה,דיון והכרעה,דיון והכרעה,דיון והכרעה
ME-16-03-54615-517,"המגמה להחמיר בענישה בעבירות נשק באה לידי ביטוי בשורה ארוכה של פסק דין שניתנו על ידי בית משפט העליון, בין היתר, בע""פ 1323/13 רך חסן  נגד מדינת ישראל  (ניתן ביום 5.6.13), שם קבעה כבוד השופטת ארבל:",מתחם העונש ההולם,דיון והכרעה,דיון והכרעה,דיון והכרעה,דיון והכרעה,דיון והכרעה
ME-16-03-54615-517,"בע""פ 4945/13 מדינת ישראל נ' סלימאן (ניתן ביום 19.1.14, כב' השופטת ארבל) נקבע מדרג חומרה לעבירות הנשק השונות, כאשר עבירת הסחר מצויה ברף העליון. מידת החומרה משתקפת, מטבע הדברים, גם בעונש המאסר הקבוע לצד עבירה זו עד 15 שנות מאסר.",מתחם העונש ההולם,דיון והכרעה,דיון והכרעה,דיון והכרעה,דיון והכרעה,דיון והכרעה
ME-16-03-54615-517,"בע""פ 2251/11 נפאע נ' מדינת ישראל (ניתן ביום 4.12.11) קבעה כבוד השופטת חיות כך: ""נוכח מימדיה המדאיגים של תופעת הסחר הבלתי חוקי בנשק, הסכנות הנשקפות ממנה והקלות היחסית שבה ניתן לבצען, אכן הגיעה השעה – בכפוף לנסיבותיו הקונקרטיות של כל מקרה ומקרה - להחמיר בעונשי המאסר הנגזרים על נאשמים בעבירות אלו לעומת העונשים הנגזרים כיום"".",מתחם העונש ההולם,דיון והכרעה,דיון והכרעה,דיון והכרעה,דיון והכרעה,דיון והכרעה
ME-16-03-54615-517,"לא זו אף זו, אך לאחרונה הדגיש כב' השופט מ' מזוז, במסגרת ע""פ 1397/16 מדינת ישראל נ' אחמד חמיאל (ניתן ביום 6.9.16), את הצורך להחמיר בענישתם של הסוחרים בכלי נשק אוטומטיים:",מתחם העונש ההולם,דיון והכרעה,דיון והכרעה,דיון והכרעה,דיון והכרעה,דיון והכרעה
ME-16-03-54615-517,"מדיניות הענישה הנהוגה בעבירות בנשק הינה מגוונת, והיא תלויה בנסיבותיו של כל מקרה ומקרה. כך למשל –",מתחם העונש ההולם,דיון והכרעה,דיון והכרעה,דיון והכרעה,דיון והכרעה,דיון והכרעה
ME-16-03-54615-517,"בע""פ 135/17 מדינת ישראל נ' סמי בסל (ניתן ביום 8.3.17) קיבל בית המשפט העליון את ערעורה של המדינה  על גזר דינו של בית המשפט המחוזי בחיפה, במסגרתו הושת על הנאשם 12 חודשי מאסר לריצוי בפועל, בגין ביצוע עבירות של החזקה ונשיאת נשק לפי סעיף 144(א) ו-144(ב) לחוק העונשין וגזר עליו 18 חודשי מאסר. הנאשם, בן 20, צבר לחובתו הרשעה אחת בעבירת איומים ושבל""ר, החזיק בתת מקלע ומחסנית והסתירם בשביל קרוב משפחתו, למשך שבוע ימים, שבסופם העבירם לאחר, אשר קנה את הנשק והמחסנית מקרוב משפחתו של הנאשם.",מתחם העונש ההולם,דיון והכרעה,דיון והכרעה,דיון והכרעה,דיון והכרעה,דיון והכרעה
ME-16-03-54615-517,"בע""פ 1397/16 מדינת ישראל נ' אחמד חמיאל (ניתן ביום 6.9.16) דחה בית המשפט העליון את ערעורה של המדינה  על גזר דינו של בית המשפט המחוזי בירושלים, במסגרתו הושת על הנאשם 48 חודשי מאסר לריצוי בפועל, בגין ביצוע שלוש עבירות שעניינן  סחר בנשק לפי סעיף 144(ב2) לחוק העונשין. הנאשם, בן 21, ללא עבר פלילי, מכר, בשלוש הזדמנויות שונות, לסוכן משטרתי, רובה מסוג ""קרל גוסטב"" (תמורת 15,000 ₪), רובה מסוג M-16 (תמורת 49,000 ₪) ובפעם השלישית - שני רובים מסוג M-16 ואקדח מסוגFN  (תמורתם סוכם על תשלום בסך 121,000 ₪). בית המשפט העליון התייחס לעונשו של הנאשם, וציין כי העונש שנגזר על הנאשם הוא עונש מאסר מקל, אך יחד עם זאת הוא לא מהווה חריג המצדיק את התערבותה של ערכאת הערעור.",מתחם העונש ההולם,דיון והכרעה,דיון והכרעה,דיון והכרעה,דיון והכרעה,דיון והכרעה
ME-16-03-54615-517,"בע""פ 7552/14 יוסף אגבאריה נ' מדינת ישראל (ניתן ביום 23.6.15) דחה בית המשפט העליון ערעור על גזר דינו של בית המשפט המחוזי בתל אביב, במסגרתו הושת על המערער עונש מאסר בן 32 חודשי מאסר בפועל, בגין עבירה של סחר בנשק (אקדח) שבוצע בצוותא, עבירה של הפרעה לשוטר בעת מילוי תפקידו ועבירת איומים.",מתחם העונש ההולם,דיון והכרעה,דיון והכרעה,דיון והכרעה,דיון והכרעה,דיון והכרעה
ME-16-03-54615-517,"בע""פ 2422/14 עלי חד'ר נ' מדינת ישראל (ניתן ביום 21.12.14) דחה בית המשפט העליון ערעור על גזר דינו של בית המשפט המחוזי בירושלים, במסגרתו הושת על המערער 36 חודשי מאסר בפועל, בגין ביצועה של עבירת סחר בנשק לפי סעיף 144(ב2) לחוק העונשין. המערער מכר, תמורת 9,000 ₪, לסוכן משטרתי, רובה מסוג ""קרל  גוסטב"".  נאשם נוסף בפרשה, הורשע אף הוא בעבירת סחר בנשק לפי סעיף 144(ב2) לחוק העונשין בגינה הושת עליו 20 חודשי מאסר לריצוי בפועל והוא שימש למעשה כמתווך בה.",מתחם העונש ההולם,דיון והכרעה,דיון והכרעה,דיון והכרעה,דיון והכרעה,דיון והכרעה
ME-16-03-54615-517,"בע""פ 2186/13 עקול נגד מ""י (ניתן ביום 18.2.14), בית המשפט העליון לא התערב במתחם ענישה של 24 עד 48 חודשי מאסר שנקבעו בבית המשפט המחוזי בחיפה, בגין עבירות של נשיאת נשק וסחר בנשק (אקדח, מחסנית וכדורים) לסוכן משטרתי.",מתחם העונש ההולם,דיון והכרעה,דיון והכרעה,דיון והכרעה,דיון והכרעה,דיון והכרעה
ME-16-03-54615-517,"בע""פ 2606/13 מוחמד חוסני נ' מדינת ישראל (ניתן ביום 2.2.14) הנאשם הורשע בשלושה אישומים שונים בביצוע עבירת של החזקת נשק, שתי עבירות של סחר בנשק ועבירת סיוע לסחר בנשק (שני אקדחים ושתי מחסניות של M-16). על הנאשם הושתו 45 חודשי מאסר לריצוי בפועל, מאסר מותנה וקנס בגובה 30,000 ₪. בית המשפט דחה את ערעור הנאשם וקבע  שהעונש אינו חורג מרף הענישה המצדיק התערבותו.",מתחם העונש ההולם,דיון והכרעה,דיון והכרעה,דיון והכרעה,דיון והכרעה,דיון והכרעה
ME-16-03-54615-517,"בע""פ 4956/13 עיסאוי נ' מדינת ישראל  (ניתן ביום 8.6.14) נדחה ערעור על חומרת עונש של 24 חודשי מאסר, שהוטל על ידי בית המשפט המחוזי בנצרת, בגין סחר בנשק, ניסיון לסחר בנשק, רכישה והחזקת נשק, נשיאת נשק וקשירת קשר לביצוע פשע (כדורי אקדח). בית המשפט העליון התייחס למתחם הענישה שנקבע על ידי בית המשפט המחוזי ושנע בין 12 עד 36 וקבע כי ""... למצער ניתן לומר שמתחם העונש שקבע בית המשפט המחוזי אינו מחמיר ולא מצאנו לפרט מעבר לכך"".",מתחם העונש ההולם,דיון והכרעה,דיון והכרעה,דיון והכרעה,דיון והכרעה,דיון והכרעה
ME-16-03-54615-517,"בע""פ 526/14 פלוני נ' מדינת ישראל (ניתן ביום 12.03.14) הנאשם הורשע בעבירות החזקת נשק וסחר בנשק, בבית המשפט המחוזי בבאר שבע (אקדח ומחסנית). הושת עליו 22 חודשי מאסר בפועל. בית המשפט העליון קיבל את ערעור הנאשם על חומרת העונש והפחית את עונשו ל- 16 חודשי מאסר בפועל נוכח פוטנציאל שיקומי גבוה במיוחד.",מתחם העונש ההולם,דיון והכרעה,דיון והכרעה,דיון והכרעה,דיון והכרעה,דיון והכרעה
ME-16-03-54615-517,"בת""פ (מחוזי ירושלים) 24207-06-13 מדינת ישראל נ' כרכי (ניתן ביום 6.7.14), נאשם הורשע על פי הודאתו, בין היתר, בשתי עבירות של סחר בנשק (שני נשקים ארוכים) ובעבירה של סיוע לסחר בנשק, באמצעות סוכן משטרתי, ובית המשפט קבע כי מתחם הענישה ההולם בגין כל עבירה של סחר בנשק נע בין מאסר בפועל לתקופה של 24 חודשים לבין מאסר בפועל לתקופה של 48 חודשים.",מתחם העונש ההולם,דיון והכרעה,דיון והכרעה,דיון והכרעה,דיון והכרעה,דיון והכרעה
ME-16-03-54615-517,"בת""פ (מחוזי חיפה) 36381-05-15 מדינת ישראל נ' אבו שנדי (ניתן ביום 31.12.15), נקבע מתחם עונש הולם שנע בין 24 חודשים לבין 48 חודשים, בגין עבירה של סחר בנשק, שבוצעה באמצעות סוכן משטרתי (מקלע מאולתר), ובסופו של יום, הושת על הנאשם, שעברו הפלילי לא היה מכביד, עונש של 28 חודשי מאסר בפועל לצד רכיבי ענישה נלווים.",מתחם העונש ההולם,דיון והכרעה,דיון והכרעה,דיון והכרעה,דיון והכרעה,דיון והכרעה
ME-16-03-54615-517,"אשר לנסיבות הקשורות בביצוע העבירה (סעיף 40 ט' לחוק), יש לתת את הדעת לשיקולים הבאים: מחד, העונש המֵרבי שנקצב בצד עבירת הסחר בנשק – העומד על 15 שנים, בנוסף, יש להתחשב בכך שמדובר ברובה מסוג ""קרלו"", המאפשר ירי לטווח רחוק המיועד לפי טיבו ומהותו לפגיעה בנפש או לגרימת נזק היקפי גדול בגוף האדם,  והוא בעל פוטנציאל קטילה של ממש. בכך, חמור ענינו של הנאשם ממקרה של סחר בנשק בעל קנה קצר, מסוג אקדח או באחזקה של חלקי נשק. ודוק, עבירות בנשק ובעיקר סחר בלתי חוקי בנשק, עלולות להביא, בסופו של יום, לביצוע עבירות שלצדן אלימות קשה ואף חלילה לקיפוד חיי אדם. עסקינן בעבירות שקדם להם תכנון המוקדם, שכלל שיחות ומפגשים בהם הנאשם מסר למחמד נשק זה פעמיים, בהתאם לבקשתו לאחר שבפעם הראשונה מחמד ניסה לירות בנשק אך הוא לא ירה.  נגישותו של הנאשם לכלי הנשק שבאה לידי ביטוי ביכולתו לפעול במהירות למימוש העסקה תוך ימים ספורים מפניית מחמד אליו, מלמדים על מידת מעורבותו בעבירות סחר בנשק. הסיבות שהביאו את הנאשם לבצע את העבירה הם בצע כסף. מאידך שקלתי כי מדובר בעבירה אחת בלבד, וכן את העובדה שבסופו של יום לא נגרם נזק ממשי בגין העבירה בה הורשע הנאשם, ובכך שמדובר בנשק פגום. כך שמידת הפגיעה בערך המוגן היתה בעוצמה בינונית.",מתחם העונש ההולם,דיון והכרעה,דיון והכרעה,דיון והכרעה,דיון והכרעה,דיון והכרעה
ME-16-03-54615-517,"לאחר שבחנתי, את הערך החברתי שנפגע כתוצאה מביצוע העבירה שלפניי, את נסיבות ביצוע העבירה ואת מדיניות הענישה הנהוגה, הגעתי לכלל מסקנה כי מתחם העונש ההולם את העבירה שלפנינו, נע בין עונש של מאסר בפועל לתקופה של 20 חודשי מאסר בפועל לבין עונש של  40  חודשי מאסר בפועל, זאת בצד  רכיבי ענישה נלווים.",מתחם העונש ההולם,דיון והכרעה,דיון והכרעה,דיון והכרעה,דיון והכרעה,דיון והכרעה
ME-16-03-54615-517,לא מצאתי לחרוג לקולא ממתחם העונש ההולם למטרת שיקום. כן לא מצאתי הצדקה לחרוג לחומרה מן המתחם ההולם מטעמי הגנה על הציבור.,מתחם העונש ההולם,דיון והכרעה,דיון והכרעה,דיון והכרעה,דיון והכרעה,דיון והכרעה
ME-16-03-54615-517,"בגזירת העונש המתאים לנאשם, בגדרי מתחם העונש ההולם, יש להתחשב בנסיבות שאינן קשורות בביצוע העבירה (סעיף 40 יא'). במסגרת זו מן הראוי לתת את הדעת לנסיבות כדלהלן: הנאשם בן 23, ניהל אורח חיים נורמטיבי, הוא לקח אחריות למעשיו בהזדמנות ראשונה וחסך זמן שיפוטי יקר וכן שהה במעצר במשך כשנה וידוע כי תנאי מעצר קשים מתנאי מאסר. לנאשם הרשעה אחת משנת 2012 בגין עבירות התפרעות שסופן נזק והיזק לרכוש במזיד, שבגינן הוא נדון לעונש של התחייבות בלבד, וזהו מאסרו הראשון. עוד שקלתי את העובדה שהנאשם נטל אחריות חלקית למעשיו לפני קצינת המבחן, ומהאמור בתסקיר עולה כי קיים סיכון להישנות ביצוע עבירות, בשל העדר אופק שיקומי והחשש כי הנאשם ייגרר אחר אחרים.",העונש המתאים ,דיון והכרעה,דיון והכרעה,דיון והכרעה,דיון והכרעה,דיון והכרעה
ME-16-03-54615-517,"עוד יש לתת דגש לשיקולי הרתעת היחיד והרתעת הרבים, במסגרת מתחם העונש ההולם. בית המשפט העליון חזר על גישתו המחמירה בעבירות נשק במסגרת ע""פ 5681/14 מדינת ישראל נ' טאטור (ניתן ביום 1.2.15) בקבעו כי:",העונש המתאים ,דיון והכרעה,דיון והכרעה,דיון והכרעה,דיון והכרעה,דיון והכרעה
ME-16-03-54615-517,"באיזון בין השיקולים השונים, אני סבורה כי יש לגזור על הנאשם עונש מאסר ברף הנמוך של המתחם.",העונש המתאים ,דיון והכרעה,דיון והכרעה,דיון והכרעה,דיון והכרעה,דיון והכרעה
ME-16-03-54615-517,לאור כל האמור לעיל החלטתי להטיל על הנאשם את העונשים כדלהלן:,העונש המתאים ,דיון והכרעה,דיון והכרעה,דיון והכרעה,דיון והכרעה,דיון והכרעה
ME-16-03-54615-517,24 חודשי מאסר מיום מעצרו .,העונש המתאים ,דיון והכרעה,דיון והכרעה,דיון והכרעה,דיון והכרעה,דיון והכרעה
ME-16-03-54615-517,12 חודשי מאסר על תנאי שלא יעבור בתוך שנתיים מיום שחרורו עבירות בנשק מסוג פשע.,העונש המתאים ,דיון והכרעה,דיון והכרעה,דיון והכרעה,דיון והכרעה,דיון והכרעה
ME-16-03-54615-517,6 חודשי מאסר על תנאי שלא יעבור בתוך שנתיים מיום שחרורו עבירות בנשק מסוג עוון.,העונש המתאים ,דיון והכרעה,דיון והכרעה,דיון והכרעה,דיון והכרעה,דיון והכרעה
ME-16-03-54615-517,"קנס על סך 3,000 ₪ או 30 ימי מאסר תמורתו, אשר ישולם תוך 90 ימים מיום שחרורו ממאסר.",העונש המתאים ,דיון והכרעה,דיון והכרעה,דיון והכרעה,דיון והכרעה,דיון והכרעה
ME-16-06-44840-433,"הנאשם, יליד 1993, הודה והורשע בכתב אישום שתוקן במסגרת הסדר טיעון בעבירות של נשיאת נשק לפי סעיף 144(ב) לחוק העונשין התשל""ז-1977 (להלן: חוק העונשין), החזקת נשק לפי סעיף 144(א) לחוק וסיוע לנסיון לתקיפה לפי סעיפים 379 + 25 + 31 לחוק. לא היתה הסכמה לעניין העונש, אם כי המאשימה לא התנגדה לשלוח את הנאשם לקבלת תסקיר של שירות המבחן.",העובדות וטענות הצדדים,עובדות המקרה,טיעוני הצדדים,עובדות המקרה,עובדות המקרה,עובדות המקרה
ME-16-06-44840-433,"על פי כתב האישום המתוקן, קיים סכסוך בין חברו של הנאשם אלירון גולד לבין אחרים, ביניהם רן ויוני אברג'יל ונתי קורקוס. עובר ליום 3.5.16 קיבל הנאשם לידיו והחזיק במקום מסתור שני רימוני הלם ורימון גז (להלן: הרימונים). בתאריך 5.6.16 נאמר לאלירון כי האחרים נמצאים ברחוב האפרסמון בירושלים. הוא קרא לנאשם ולחברים נוספים, הנאשם הצטייד ברימונים וכולם נסעו לרחוב האפרסמון. הנאשם מסר לאלירון את רימון הגז והסביר לו כיצד להשתמש בו. מאוחר יותר השליך הנאשם את רימון הגז לעבר רן אברג'יל . הנאשם נטל את שני רימוני ההלם והטמינם במקום סמוך. ביומיים שלאחר מכן העבירם בין שני מקומות מסתור נוספים. במסגרת הסדר הטיעון הוסכם גם שעבירת הסיוע לנסיון התקיפה התבטאה רק בכך שהנאשם הביא לזירה את הרימונים והסביר לאלירן איך להשתמש ברימון הגז.",העובדות וטענות הצדדים,עובדות המקרה,טיעוני הצדדים,עובדות המקרה,עובדות המקרה,עובדות המקרה
ME-16-06-44840-433,"ב""כ המאשימה טענה כי מעשי הנאשם פוגעים בערכים של שלום הציבור, בטחון הציבור ובטחון האדם הפרטי, וכי מדובר בעבירות חמורות שיש בהן פוטנציאל לגרימת נזק קטלני, ממשי וישיר, ועל כן הן מצדיקות ענישה משמעותית. היא הפנתה לפסיקה בעבירות נשק בכלל ובנוגע לרימוני הלם בלבד, ובעקבותיה טענה כי גם אם הסכנה ברימון הלם פחותה משל רימון רסס, עדיין מדובר בנשק שבכוחו לגרום לפציעה ולנזק. ב""כ המאשימה הפנתה לפסיקה וכן להנחיות פרקליט המדינה בנוגע לעבירות נשק, שממנה עולה כי יש להעלות את רמת הענישה בשל החומרה הרבה בעבירות אלו, ואין לראות טענה שהנשק הוחזק להגנה עצמית כמצדיקה סטיה ממתחם המוצא.",העובדות וטענות הצדדים,טיעוני הצדדים,טיעוני הצדדים,טיעוני הצדדים,טיעוני הצדדים,טיעוני הצדדים
ME-16-06-44840-433,על סמך אלה טענה למתחם הנע בין שנה אחת לבין שלוש שנות מאסר.,העובדות וטענות הצדדים,טיעוני הצדדים,טיעוני הצדדים,טיעוני הצדדים,טיעוני הצדדים,טיעוני הצדדים
ME-16-06-44840-433,"באשר לעונש בתוך המתחם טענה התובעת כי הנאשם הודה כבר בחקירה ולאחר מכן בבית המשפט, אך מאידך הוא בעל עבר פלילי בעבירת אלימות ונדון לעבודות שירות. היא התייחסה לתסקיר שירות המבחן, לתמונה המורכבת לגבי חייו של הנאשם, לנטילת האחריות החלקית ולסיכון להישנות התנהגות עוברת חוק. לאור כל אלו ביקשה למקם את הנאשם ברף האמצעי תחתון של המתחם, ולהטיל עליו חמישה עשר חודשי מאסר בפועל, מאסר על תנאי וקנס, וכן לחלט את כלי הנשק שנתפסו.",העובדות וטענות הצדדים,טיעוני הצדדים,טיעוני הצדדים,טיעוני הצדדים,טיעוני הצדדים,טיעוני הצדדים
ME-16-06-44840-433,"ב""כ הנאשם טען כי הפסיקה אליה הפנתה התובעת, כמו גם הנחיות פרקליט המדינה, מתייחסים לנסיבות חמורות בהרבה שאינן מתקיימות במקרה הנוכחי. לטענת ב""כ הנאשם במסגרת הנחיות פרקליט המדינה, מבחינת החומרה מיקומה של העבירה נמוך, ויש להביא בחשבון שהמעשה האקטיבי לא נעשה על ידו, ולא התקיים אקט של פיצוץ או רתיעה. הוא ביקש לקבל את המלצת שירות המבחן ולהטיל על הנאשם עונש של מאסר בעבודות שירות, וציין כי הנאשם השתלב במסגרת פיקוח מעצרים והשתתף בקבוצות טיפוליות בשירות המבחן.",העובדות וטענות הצדדים,טיעוני הצדדים,טיעוני הצדדים,טיעוני הצדדים,טיעוני הצדדים,טיעוני הצדדים
ME-16-06-44840-433,"עוד טען הסניגור כי כתב האישום נגד הנאשם נולד כספיח של פרשה גדולה שנחקרה, וחלקו של הנאשם על פי כתב האישום המתוקן מצומצם, ואינו כולל פעולה אקטיבית של הנאשם בחלק העיקרי של האירוע, הכולל את השימוש ברימון. הוא הדגיש כי בכתב האישום לא נטען שהנאשם נכח במקום בו נזרק הרימון, או שהיה מודע לסכסוך בין חברו אלירון לבין האחרים, וכי סכסוך זה כלל לא נגע אליו. הוא הפנה גם לתסקיר שהוגש, לרקע הקשה ממנו הגיע הנאשם, לגורמים שונים שהשפיעו עליו, לתהליך החיובי שעבר ולהמלצה החיובית לגבי העתיד. הוא הפנה לפסיקה וביקש, כאמור, להטיל על הנאשם עונש של מאסר בעבודות שירות כהמלצת שירות המבחן.",העובדות וטענות הצדדים,טיעוני הצדדים,טיעוני הצדדים,טיעוני הצדדים,טיעוני הצדדים,טיעוני הצדדים
ME-16-06-44840-433,"הנאשם עצמו הביע חרטה ואחריות מלאה למעשיו, וציין את השתתפותו בפגישות ובהליך הטיפולי.",העובדות וטענות הצדדים,טיעוני הצדדים,טיעוני הצדדים,טיעוני הצדדים,טיעוני הצדדים,טיעוני הצדדים
ME-16-06-44840-433,שירות המבחן הגיש תסקיר אודות הנאשם.,העובדות וטענות הצדדים,תסקיר שירות מבחן,טיעוני הצדדים,תסקיר שירות מבחן,תסקיר שירות מבחן,תסקיר שירות מבחן
ME-16-06-44840-433,"מהתסקיר עולה כי הנאשם בן למשפחה ערבית, אך גדל שנים רבות בסביבה יהודית, ומצוי בין העולמות. בתסקיר פרטים אודות הרקע והמצב המשפחתי של הנאשם, וכן הוזכרה תאונת דרכים שעבר הנאשם, שבגינה היה מאושפז חודשיים והוא נדרש לעבור ניתוח. עוד צויין בתסקיר כי הנאשם השתתף, במסגרת פיקוח מעצרים, בתכנית טיפולית בה התמיד במשך רוב התקופה, והדבר מצביע על יכולת לשיתוף פעולה ויציבות, כאשר הנאשם אף מבטא רצון לקיים אורח חיים נורמטיבי. עם זאת לנאשם הרשעות קודמות בעבירות אלימות וסמים, והוא התקשה להסביר את הסיבה להחזקת הרימונים נשוא תיק זה. קצינת המבחן התרשמה כי הנאשם מגלה ""מודעות מסויימת"" למצבו ולהשלכות של התנהגותו על המשך חייו, וכי  הצליח להשתלב בתכנית טיפולית ולהתמיד בה ""במידת מה"" והוא מבטא רצון לקיים אורח חיים נורמטיבי. לאור זאת המליצה קצינת המבחן  על המשך ההליכים הטיפוליים במסגרת צו מבחן, לצד עונש מאסר בעבודות שירות.",העובדות וטענות הצדדים,תסקיר שירות מבחן,טיעוני הצדדים,תסקיר שירות מבחן,תסקיר שירות מבחן,תסקיר שירות מבחן
ME-16-06-44840-433,"לנאשם הרשעות קודמות: בשנת 2013 נדון למאסר על תנאי על עבירה של החזקת סם לשימוש עצמי. בשנת 2011 נדון לחמישה חודשי עבודות שירות בגין עבירות של שוד מזויין בנסיבות מחמירות, קשירת קשר לביצוע פשע וחבלה במזיד ברכב. אמנם העונש שהוטל על הנאשם בתיק זה מצביע על נסיבות קלות יחסית, אולם לא ניתן להתעלם מחומרת העבירות בהן הורשע.",העובדות וטענות הצדדים,עובדות המקרה,טיעוני הצדדים,ראיות לעונש,ראיות לעונש,ראיות לעונש
ME-16-06-44840-433,"החזקת נשק, ורימון בכלל זה, אינה עבירה אקראית. הרימון הוא נשק התקפי במהותו, שקשה להעלות על הדעת שימוש בו להגנה עצמית. בשונה מנשק קר לסוגיו ואף מאקדחים ורובים, מדובר בנשק שאדם יחיד אינו רשאי להחזיקו ולא ניתן לקבל רשיון להחזקתו, אלא על ידי צבא, משטרה או גופים מורשים לכך. כך שהחזקה של רימון אינה יכולה להיות החזקה ""תמימה"". השגת הנשק נעשית באמצעים בלתי חוקיים, ובדרך כלל תמורת סכומי כסף גדולים. היא מחייבת קשר עם גורמים שמהם ניתן לקבל את הנשק, וכן מצריכה דאגה מתמדת להחזקתו והסתרתו.",מתחם העונש ההולם ,דיון והכרעה,דיון והכרעה,דיון והכרעה,דיון והכרעה,דיון והכרעה
ME-16-06-44840-433,"עבירות הנשק מקימות סכנה לשלומו ובטחונו של הציבור. נשק ""חם"", מכל סוג שהוא, מהווה סכנה של ממש, ועלול לגרום לנזק משמעותי ואף לקיפוח חיי אדם גם בשל חוסר זהירות, ועל אחת קמה וכמה מתוך שימוש מכוון בו. רמת הסיכון הנשקף מהנשק משתנה בהתאם לסוג הנשק ולטיב השימוש שנעשה בו. כפי שנאמר בע""פ 9543/09, בילאל רחאל נ' מדינת ישראל:",מתחם העונש ההולם ,דיון והכרעה,דיון והכרעה,דיון והכרעה,דיון והכרעה,דיון והכרעה
ME-16-06-44840-433,"ובע""פ 761/07 מיכאל אדרי נ' מדינת ישראל:",מתחם העונש ההולם ,דיון והכרעה,דיון והכרעה,דיון והכרעה,דיון והכרעה,דיון והכרעה
ME-16-06-44840-433,"בנוגע לרימון רסס נפסק כי ""גם אם סכנתו של רימון ההלם פחותה משל רימון רסס ""עדיין מדובר בנשק שבכוחו לגרום פציעה לאדם, בכפוף לקרבתו למוקד הפעלתו"" (ע""פ 1323/13, רך חסן נ' מדינת ישראל, וראו גם ע""פ 7386/13, חוסיין עווד נ' מדינת ישראל).",מתחם העונש ההולם ,דיון והכרעה,דיון והכרעה,דיון והכרעה,דיון והכרעה,דיון והכרעה
ME-16-06-44840-433,"באשר לרמת הענישה הנוהגת, אני מפנה בין היתר לפסקי דין כדלקמן:",מתחם העונש ההולם ,דיון והכרעה,דיון והכרעה,דיון והכרעה,דיון והכרעה,דיון והכרעה
ME-16-06-44840-433,"בע""פ 5713/10, יהושע אקרמן נ' מדינת ישראל,  המערער הורשע בהחזקת נשק, בכך שהחזיק בביתו לבנת חבלה ואצבע חבלה ומסר אותן לאדם אחר שהיה בדירה. ערעור על חומרת העונש התקבל  ועונשו של המערער הופחת מתשעה חודשי מאסר בפועל לשישה חודשי מאסר בעבודות שירות. זאת בהתחשב בעברו החיובי והנורמטיבי ותרומתו למדינה, בשירות הצבאי התעסוקתי ופעילות התנדבות, בנטילת האחריות המלאה והבעת החרטה ובהמלצת שירות המבחן, ובנסיבות ביצוע העבירה תחת השפעה של אדם אחר.",מתחם העונש ההולם ,דיון והכרעה,דיון והכרעה,דיון והכרעה,דיון והכרעה,דיון והכרעה
ME-16-06-44840-433,"בת""פ (מחוזי חיפה) 31218-10-14, מדינת ישראל נ' דיאב אסדי, הנאשם הורשע בהחזקת רימון הלם, אשר בסמוך מאד להחזקתו הושלך לעבר בית המתלונן, נקבע מתחם שבין 8-20 חודשי מאסר הפועל,  והנאשם נדון לתשעה חודשי מאסר בפועל ומאסר על תנאי.",מתחם העונש ההולם ,דיון והכרעה,דיון והכרעה,דיון והכרעה,דיון והכרעה,דיון והכרעה
ME-16-06-44840-433,"בת""פ (מחוזי נצרת) 19087-06-13, מדינת ישראל נ' מנסור פואז, הנאשם הורשע בנשיאה והובלת נשק ובמעשה פזיזות ורשלנות, באירוע שכלל זריקת רימון הלם לעבר אנשים, ולאחר תסקיר שלילי, נדון הנאשם לשמונה עשר חודשי מאסר בפועל, מאסר על תנאי וקנס.",מתחם העונש ההולם ,דיון והכרעה,דיון והכרעה,דיון והכרעה,דיון והכרעה,דיון והכרעה
ME-16-06-44840-433,"בת""פ (מחוזי חיפה) 51207-09-12, מדינת ישראל נ' יוסף דכור, הנאשם הורשע בייצור נשק, החזקתו בביתו וירי באזור מגורים בזמן חתונה. הייצור נעשה לשם שימוש בנשק לצייד. הנאשם נדון לשל""צ ומאסר על תנאי, בעקבות התסקיר החיובי והעובדה שהיה עצור חמישה ימים.",מתחם העונש ההולם ,דיון והכרעה,דיון והכרעה,דיון והכרעה,דיון והכרעה,דיון והכרעה
ME-16-06-44840-433,"בת""פ (שלום תל אביב) 25854-09-13, מדינת ישראל נ' ניר מובדלי, הנאשם הורשע בהחזקת אקדח בביתו וכן בהחזקת סם מסוג חשיש לצריכה עצמית. נקבע מתחם שבין מאסר על תנאי לבין תשעה חודשי מאסר בפועל. הנאשם נדון למאסר על תנאי וקנס.",מתחם העונש ההולם ,דיון והכרעה,דיון והכרעה,דיון והכרעה,דיון והכרעה,דיון והכרעה
ME-16-06-44840-433,"בת""פ (שלום ירושלים) 24791-05-11, מדינת ישראל נ' לביבה אחמד עבדאללה, הנאשמת הורשעה בהחזקת נשק ואביזר לנשק, אקדח ושתי מחסניות תואמות. הנאשמת טענה לנסיבות שלא הוכחשו, לפיהן האקדח שייך לבן דודה אשר מחביאו ברשותה לאחר שירה בו במהלך חתונה. הנאשמת נדונה לחמישה חודשי מאסר על תנאי ולקנס בסך 1,000 ₪.",מתחם העונש ההולם ,דיון והכרעה,דיון והכרעה,דיון והכרעה,דיון והכרעה,דיון והכרעה
ME-16-06-44840-433,"בת""פ (שלום פתח תקווה) 9349-05-09, מדינת ישראל נ' מאלק עודה, הנאשם הורשע בהחזקת נשק בביתו. מדובר באקדח, מחסנית ריקה ו-26 כדורי אקדח. בהתחשב בתסקיר החיובי, ובכך שהנאשם שהה במעצר ממש במשך כחודשיים וחצי ולאחר מכן היה נתון במעצר בית מלא, הוא נדון לשישה חודשי מאסר בעבודות שירות, מאסר על תנאי וקנס בסך 7,000 ₪.",מתחם העונש ההולם ,דיון והכרעה,דיון והכרעה,דיון והכרעה,דיון והכרעה,דיון והכרעה
ME-16-06-44840-433,"לאור כל האמור אני סבורה כי מתחם הענישה נע בין שישה חודשי מאסר, אשר בנסיבות מתאימות יכול שירוצו בעבודות שירות, לבין עשרים חודשי מאסר בפועל.",מתחם העונש ההולם ,דיון והכרעה,דיון והכרעה,דיון והכרעה,דיון והכרעה,דיון והכרעה
ME-16-06-44840-433,"לזכות הנאשם העובדה שהודה במיוחס לו, נטל אחריות וחסך זמן. תסקיר שירות המבחן שהוגש חיובי בעיקרו, ומביע אופטימיות זהירה באשר לאפשרות שהנאשם יעלה על הדרך הנכונה. עם זאת, התסקיר אינו נקי מספקות, כפי שפירטתי לעיל בהתייחסות המפורטת לתסקיר.",העונש הראוי במקרה זה ,דיון והכרעה,דיון והכרעה,דיון והכרעה,דיון והכרעה,דיון והכרעה
ME-16-06-44840-433,"לנאשם הרשעות קודמות, כולל הרשעה בעבירות אלימות חמורות. אמנם אין מדובר בעבר מכביד במיוחד, אך הוא רלוונטי ויש להביאו בחשבון בענישה. הנאשם ריצה בעבר עונש מאסר בעבודות שירות, אך נראה שלא היה בכך כדי להביאו להתרחק מעולם הפשע.",העונש הראוי במקרה זה ,דיון והכרעה,דיון והכרעה,דיון והכרעה,דיון והכרעה,דיון והכרעה
ME-16-06-44840-433,"על פי עובדות כתב האישום בו הודה, הנאשם החזיק בשלושה רימונים, מסוגים שונים (הלם וגז). באחד מהם נעשה שימוש בפועל, כאשר הנאשם עצמו העבירו לחברו לצורך כך. אמנם הנאשם לא עשה שימוש בנשק במו ידיו, אולם הוא היה מעורב בסדרת הפעולות שקדמו לשימוש.",העונש הראוי במקרה זה ,דיון והכרעה,דיון והכרעה,דיון והכרעה,דיון והכרעה,דיון והכרעה
ME-16-06-44840-433,"השימוש בנשק חמור במיוחד כשהוא נעשה על רקע סכסוכים ויריבויות בין קבוצות שונות, כפי שהיה במקרה זה. נסיונות פגיעה על רקע סכסוכים ויריבויות עלולות לגרום לפגיעה גם במעורבים וגם בחפים מפשע שנקלעים לתומם למקום, והיו דברים מעולם. אמנם לנאשם לא מיוחסת מעורבות בסכסוכים עצמם, ועל פי כתב האישום חברו של הנאשם, ולא הנאשם עצמו, היה מסוכסך עם אחרים, אולם הסיוע אותו נתן הנאשם לחברו היה כתוצאה מאותו סכסוך. פסיקת בית המשפט העליון והערכאות הדיוניות, אשר דוגמאות ממנה הובאו לעיל, מצביעה על הצורך להחמיר בעבירות בנשק. לנוכח כל אלו אני סבורה שכאשר מדובר בעבירות בנשק החורגות מהחזקה גרידא, העונש ההולם הוא מאסר בפועל. חריגה מכלל זה ניתן למצוא בפסיקה ישנה שאיננה מהשנים האחרונות, כשמדובר בעבירות על הצד המקל המבוצעות על ידי אנשים נורמטיביים ללא כל עבר פלילי, או בהתקיים נסיבות חריגות אחרות. כך, לדוגמא, הירי בחתונות, הגם שהוא תופעה אסורה ומסוכנת, חמור פחות משימוש בנשק נגד בני אדם, כך שבהקשר הנדון, הוא מהווה נסיבה מקלה אשר אינה מתקיימת בענייננו.",העונש הראוי במקרה זה ,דיון והכרעה,דיון והכרעה,דיון והכרעה,דיון והכרעה,דיון והכרעה
ME-16-06-44840-433,"יתכן שבנסיבות מקלות במיוחד, אילו התסקיר היה חיובי מאד, ובהתחשב בכך שהנאשם היה נתון במעצר ממש תקופה מסויימת ולאחר מכן במעצר בית,  ניתן היה לשקול להסתפק בעונש של עבודות שירות, כפי שנעשה לדוגמא בעניין אקרמן שהוזכר לעיל. אולם בענייננו, על אף שהתסקיר מצביע על הליך שעבר הנאשם וממליץ על המשך הטיפול, הוא מציג גם צדדים בעייתיים יותר. התסקיר אינו חיובי במלוא המובן.",העונש הראוי במקרה זה ,דיון והכרעה,דיון והכרעה,דיון והכרעה,דיון והכרעה,דיון והכרעה
ME-16-06-44840-433,לאור כל האמור אני דנה את הנאשם לעונש כדלקמן:,העונש הראוי במקרה זה ,דיון והכרעה,דיון והכרעה,דיון והכרעה,דיון והכרעה,דיון והכרעה
ME-16-06-44840-433,"מאסר בפועל לשמונה חודשים, בניכוי ימי מעצרו של הנאשם.",העונש הראוי במקרה זה ,דיון והכרעה,דיון והכרעה,דיון והכרעה,דיון והכרעה,דיון והכרעה
ME-16-06-44840-433,מאסר על תנאי לשלושה חודשים למשך שלוש שנים על כל עבירה בנשק ועל כל עבירת אלימות שהיא פשע.,העונש הראוי במקרה זה ,דיון והכרעה,דיון והכרעה,דיון והכרעה,דיון והכרעה,דיון והכרעה
ME-16-06-64845-657,"חוק העונשין, תשל""ז-1977: סע'  144(ב)",הנאשם: הופיע,מידע אחר,מידע אחר,מידע אחר,מידע אחר,מידע אחר
ME-16-06-64845-657,"הנאשם הורשע על פי הודאתו בביצוע עבירות בנשק (נשיאה והובלה), לפי סעיף 144(ב) רישא לחוק העונשין, התשל""ז- 1977 (להלן: ""חוק העונשין""), ועבירות בנשק (תחמושת) לפי סעיף 144(ב) סיפא לחוק העונשין.",רקע,עובדות המקרה,עובדות המקרה,עובדות המקרה,עובדות המקרה,עובדות המקרה
ME-16-06-64845-657,"עובר ליום 22/6/16 הצטייד הנאשם באקדח ובו מחסנית ריקה, ו-11 כדורי רובה בקוטר 9 מ""מ. ביום 22/6/16 הטמין הנאשם את האקדח בתא הכפפות של רכבו, ואת כדורי הרובה החזיק בכיסו. סמוך לשעה 22:30 הגיע הנאשם, לאזור המשתלה בקצה הצפוני של כפר כנא, שם נתפס ע""י השוטרים כשהנשק וכדורי הרובה ברשותו.",רקע,עובדות המקרה,עובדות המקרה,עובדות המקרה,עובדות המקרה,עובדות המקרה
ME-16-06-64845-657,"מתסקיר שירות המבחן עולה, כי הנאשם רווק כבן 24, מכפר כנא. אין לחובתו הרשעות קודמות. באשר לעבירה, סיפר כי יצא ליער לחפש תוכי שאבד לו ומצא נשק. הנאשם לא ידע להסביר בפני שירות המבחן לאיזו מטרה החזיק בנשק. הנאשם שלל שימוש בחומרים פסיכואקטיביים.",תסקיר שירות המבחן ,תסקיר שירות מבחן,תסקיר שירות מבחן,תסקיר שירות מבחן,תסקיר שירות מבחן,תסקיר שירות מבחן
ME-16-06-64845-657,"קצין המבחן התרשם מחוסר כנות בדבריו באשר לנסיבות ביצוע העבירה. הנאשם שלל נזקקות טיפולית ושירות המבחן התרשם כי אינו בשל להשתלבות בהליך טיפולי במסגרת השירות. המליץ על ענישה מוחשית בדמות עבודות שירות, לצד מאסר ומותנה מרתיע.",תסקיר שירות המבחן ,תסקיר שירות מבחן,תסקיר שירות מבחן,תסקיר שירות מבחן,תסקיר שירות מבחן,תסקיר שירות מבחן
ME-16-06-64845-657,"ב""כ המאשימה טען, כי מדובר בנגע שצריך לגדוע מן השורש. הערך המוגן בו פגע הנאשם הוא שלום הציבור ובטחונו. הנזק הפוטנציאלי הוא המוטיב העיקרי. המאשימה סבורה כי מתחם העונש ההולם נע בין 18-48 חודשי מאסר. ביקש לדחות את גרסת הנאשם כהסבר לנסיבות ביצוע העבירה, אף שירות המבחן התרשם מחוסר כנותו, וגרסתו מהווה זלזול באינטליגנציה. ביקש למקם את עונשו בתוך המתחם, בשליש האמצעי.  בנוסף ביקש להשית עליו מאסר מותנה משמעותי, קנס כספי.",טיעונים לעונש:,טיעוני הצדדים,טיעוני הצדדים,טיעוני הצדדים,טיעוני הצדדים,טיעוני הצדדים
ME-16-06-64845-657,"ב""כ הנאשם הזכיר לאת הלכת אבו מוך שקבעה מדרג באשר לחומרת עבירות החזקה בנשק, וטען לרף הבינוני, אין מטרה ידועה. המדובר בצעיר בן 24 אשר שירות המבחן התרשם מיכולות לא גבוהות בתחום הקוגניטיבי. סבור כי מתחם העונש ההולם נע בין 6 חודשים בעבודות שרות לבין 20 חודשי מאסר. הנאשם שהה במעצר בין התאריכים 22.6.16 ועד 3.8.16 ומיום 3.8.16 נמצא במעצר בית מלא. במהלך תקופה זו לא נפתחו כנגדו תיקים נוספים. סבור כי מן הראוי להטיל על הנאשם עונש של חצי שנה, שניתן יהא לרצותו בעבודות שרות, מבלי לנכות את תקופת המעצר.",טיעונים לעונש:,טיעוני הצדדים,טיעוני הצדדים,טיעוני הצדדים,טיעוני הצדדים,טיעוני הצדדים
ME-16-06-64845-657,"בענייננו הורשע הנאשם בנשיאה והובלה של אקדח ותחמושת. המדובר בעבירות המהוות אירוע אחד, קרי תכנית עבריינית אחת ועל כן אקבע מתחם עונש הולם לאירוע כולו.",דיון ומסקנות:,דיון והכרעה,דיון והכרעה,דיון והכרעה,דיון והכרעה,דיון והכרעה
ME-16-06-64845-657,"אין צורך להכביר במילים בדבר חומרת עבירות הנשק בהן הורשע הנאשם, עת פגע במעשיו בערך המוגן של שלום הציבור ותחושת בטחונו מפני פגיעות בגוף ובנפש. בתי המשפט עמדו לא אחת על חומרתן הרבה של עבירות הנשק למיניהן, על פוטנציאל הסיכון הרב הטמון בשימוש בו ועל התוצאות הקשות אשר עלולות להיגרם מביצוען.",א. הערך החברתי שנפגע ומידת הפגיעה בו:,דיון והכרעה,דיון והכרעה,דיון והכרעה,דיון והכרעה,דיון והכרעה
ME-16-06-64845-657,"בע""פ 7502/12 כוויס נ' מדינת ישראל (ניתן ביום 25/06/13) נקבע כי ""עבירות בנשק לסוגיהן מגלמות בתוכן סיכון ממשי לשלום הציבור ולבטחונו, שכן לא ניתן לדעת להיכן יתגלגלו כלי הנשק המוחזקים שלא דין, ואיזה שימוש יעשה בהם בעתיד"".",א. הערך החברתי שנפגע ומידת הפגיעה בו:,דיון והכרעה,דיון והכרעה,דיון והכרעה,דיון והכרעה,דיון והכרעה
ME-16-06-64845-657,"עוד נקבע בע""פ 5833/07 ח'ורי נ' מדינת ישראל (ניתן ביום 18/11/2007) כי ""הניסיון מלמד שנשק אשר מקורו מפוקפק, לאחר שהוא יוצא מידי המחזיק בו, מוצא את דרכו לידיים עברייניות או למפגעים למיניהם, והרי אלה גם אלה כבר הוכיחו כי אין הם מהססים להשתמש בו גם במקומות סואנים, וגם כאשר ברור להם כי עלולים להיפגע מהירי אנשים תמימים שנקלעו לזירה בדרך מקרה..."".",א. הערך החברתי שנפגע ומידת הפגיעה בו:,דיון והכרעה,דיון והכרעה,דיון והכרעה,דיון והכרעה,דיון והכרעה
ME-16-06-64845-657,"בחינת מדיניות הענישה הנוהגת מעלה, כי במקרים דומים הוטלו על נאשמים עונשי מאסר בפועל לתקופות משתנות. הצדדים צירפו פסיקה מטעמם כפי שחלקה תובא להלן :",ב. מדיניות הענישה:,דיון והכרעה,דיון והכרעה,דיון והכרעה,דיון והכרעה,דיון והכרעה
ME-16-06-64845-657,"ע""פ 4329/10 פלוני נ' מדינת ישראל (ניתן ביום 25/10/10) –החזקת נשק ונשיאתו. שירות המבחן המליץ להסתפק במאסר בעבודות שירות. נגזרו 20 חודשי מאסר, 16 חודשי מאסר על תנאי וקנס בסך 10,000 ₪. צעיר, סטודנט, נעדר עבר פלילי. בית המשפט העליון דחה את ערעורו על חומרת העונש.",ב. מדיניות הענישה:,דיון והכרעה,דיון והכרעה,דיון והכרעה,דיון והכרעה,דיון והכרעה
ME-16-06-64845-657,"ת""פ 28889-07-14 מדינת ישראל נ' אבו ח'מיס (ניתן ביום 21/09/14) –החזקת נשק ונשיאתו, כניסה, שהייה בלתי חוקית ושימוש במסמך מזויף. בגין עבירת הנשק נגזרו, 24 חודשי מאסר. נקבע מתחם עונש הולם בין 12-36 חודשי מאסר. צעיר בעל עבר פלילי שאינו מכביד.",ב. מדיניות הענישה:,דיון והכרעה,דיון והכרעה,דיון והכרעה,דיון והכרעה,דיון והכרעה
ME-16-06-64845-657,"ת""פ 13401-03-12 מדינת ישראל נ' ח'ורי (ניתן ביום 07/06/12) –החזקת נשק שלא כדין, נשיאת נשק והובלתו ויריות באזור מגורים. צעיר, ללא עבר פלילי. נגזרו 20 חודשי מאסר.",ב. מדיניות הענישה:,דיון והכרעה,דיון והכרעה,דיון והכרעה,דיון והכרעה,דיון והכרעה
ME-16-06-64845-657,"ת""פ 31862-05-13 מדינת ישראל נ' מוחמד מחאמיד (ניתן ביום 01/10/13) –נשיאת נשק והפרעה לשוטר. נקבע, כי מתחם העונש ההולם נע בין 12-36 חודשי מאסר ונגזרו 21 חודשי מאסר בפועל. צעיר, בן פחות מ- 21, נעדר עבר פלילי.",ב. מדיניות הענישה:,דיון והכרעה,דיון והכרעה,דיון והכרעה,דיון והכרעה,דיון והכרעה
ME-16-06-64845-657,"ב""כ המאשימה אזכר, בין היתר, את הפסיקה הבאה מטעמו :",ב. מדיניות הענישה:,דיון והכרעה,דיון והכרעה,דיון והכרעה,דיון והכרעה,דיון והכרעה
ME-16-06-64845-657,"ע""פ 9373/10 חמד ותד נ' מדינת ישראל (ניתן ביום 14/09/11) –החזקת נשק ונשיאתו. נגזרו 50 חודשי מאסר. בית המשפט העליון קיבל את ערעורו, הפחית בעונשו וגזר עליו 30 חודשי מאסר. המערער בעל עבר פלילי. בית המשפט העליון הדגיש כי ""מקובלת עלינו ההשקפה אותה הביע השופט המלומד כי הגיעה העת להחמיר בענישתם של המבצעים עבירות בנשק, אולם ראוי שהדבר ייעשה בהדרגה..."". המדובר בשנת 2011.",ב. מדיניות הענישה:,דיון והכרעה,דיון והכרעה,דיון והכרעה,דיון והכרעה,דיון והכרעה
ME-16-06-64845-657,"ע""פ 135/17 מדינת ישראל נ' סמיר בסל (ניתן ביום 8/3/17) –החזקה ונשיאת נשק. נגזרו 12 חודשי מאסר. בית המשפט העליון החמיר בעונשו של המערער והעמידו על 18 חודשי מאסר בקבעו כי ""הצדדים הציגו הן לפני בית משפט המחוזי, הן בדיון שלפנינו, פסקי דין רבים התומכים כל אחד בשיטתו, זה בכה וזה בכה, לעניין רמת הענישה הנוהגת ביחס לעבירות החזקת נשק. ידוע הקושי להסיק את רמת הענישה הנוהגת, שעה שכל גזר דין מושפע מן הנסיבות הייחודיות של המעשה ושל העושה, ולא הרי זה כהרי זה. מכל מקום, אף שסנגורו של בסל הציג לפנינו פסקי דין שבהם נקבעה רמת ענישה הדומה  במידה מסויימת לענייננו, דומני כי הצדק עם המדינה בטענתה שרמת הענישה המקובלת בעת האחרונה, והראויה בשים לב למגמת ההחמרה עליה עמדתי לעיל, גבוהה באופן ניכר מזו שנגזרה בעניין דנן"".",ב. מדיניות הענישה:,דיון והכרעה,דיון והכרעה,דיון והכרעה,דיון והכרעה,דיון והכרעה
ME-16-06-64845-657,"ע""פ 3632/14 אנואר אבו סבית נ' מדינת ישראל (ניתן ביום 8/12/14) – בית המשפט העליון דחה ערעורו של המערער על גזר דינו של בית המשפט המחוזי במסגרתו הושתו עליו 18 חודשי מאסר בגין החזקת נשק. עוד נקבע כי המתחם אשר נע בין 12-36 חודשי מאסר בפועל, הינו מתחם הענישה המקובל כיום בעבירות אלה. המערער צעיר, נעדר עבר פלילי.",ב. מדיניות הענישה:,דיון והכרעה,דיון והכרעה,דיון והכרעה,דיון והכרעה,דיון והכרעה
ME-16-06-64845-657,"ע""פ 3288/14 מדינת ישראל נ' מרדכי מטיאל קריספיל (ניתן ביום 24/08/14) –החזקת נשק בלא רשות והחזקת נכס החשוד כגנוב. נקבע כי מתחם העונש ההולם נע בין 6-22 חודשי מאסר ונגזרו 9 חודשי מאסר. בית המשפט העליון קיבל את ערעור המדינה, וגזר עליו 18 חודשי מאסר. בית המשפט העליון הדגיש כי על אף גילו הצעיר הוא נושא על גבו עבר פלילי שאיננו מבוטל.",ב. מדיניות הענישה:,דיון והכרעה,דיון והכרעה,דיון והכרעה,דיון והכרעה,דיון והכרעה
ME-16-06-64845-657,"ע""פ 5604/11 נידאל נאסר נ' מדינת ישראל (ניתן ביום 05/10/11) –החזקת נשק ותחמושת. המדובר בנשק לא תקין ולא שמיש. נגזרו 12 חודשי מאסר. בית המשפט העליון דחה את ערעורו בקבעו, כי העונש ראוי. בעל עבר פלילי לא מכביד ותסקיר שירות המבחן חיובי.",ב. מדיניות הענישה:,דיון והכרעה,דיון והכרעה,דיון והכרעה,דיון והכרעה,דיון והכרעה
ME-16-06-64845-657,"ב""כ הנאשם אזכר, בין היתר, את הפסיקה הבאה מטעמו:",ב. מדיניות הענישה:,דיון והכרעה,דיון והכרעה,דיון והכרעה,דיון והכרעה,דיון והכרעה
ME-16-06-64845-657,"ע""פ 4945/13 מדינת ישראל נ' עבד אלכרים סלימאן (ניתן ביום 19/01/14) (להלן: ""פס""ד סלימאן"") –רכישת נשק ותחמושת, החזקתם, נשיאתם והובלתם. נגזרו 6 חודשי מאסר בעבודות שירות. אומנם בסופו של יום בית המשפט העליון הותיר את העונש על כנו, אולם סיכם במסגרתו את מתחם העונש ההולם בעבירות נשק, מפי כב' הש' ארבל -",ב. מדיניות הענישה:,דיון והכרעה,דיון והכרעה,דיון והכרעה,דיון והכרעה,דיון והכרעה
ME-16-06-64845-657,"""לטעמי, מתחם העונש שקבע בית המשפט המחוזי לעבירות שבהן הורשע המשיב – מאסר בפועל לריצוי בעבודות שירות ועד 20 חודשי מאסר בפועל – הוא מקל יתר על המידה, כטענת המערערת, ועל כן דרוש התערבות... עצם החזקת נשק בעל פוטנציאל קטילה מבלי שיש עליו ועל בעליו פיקוח מוסדר של הרשויות טומן בחובו סיכון, באשר המחזיק בו נתון תמיד לחשש שיתפתה לעשות בו שימוש, ולו ברגעי לחץ ופחד ...",ב. מדיניות הענישה:,דיון והכרעה,דיון והכרעה,דיון והכרעה,דיון והכרעה,דיון והכרעה
ME-16-06-64845-657,עוד ציינה הש' ארבל כי עיון במקרים דומים בפסיקה מגלה כי בכולם נגזרו עונשי מאסר לריצוי מאחורי סורג ובריח ורובם נעים סביב 20 חודשים ואף בחרה לאזכר את חלקם :,ב. מדיניות הענישה:,דיון והכרעה,דיון והכרעה,דיון והכרעה,דיון והכרעה,דיון והכרעה
ME-16-06-64845-657,"""בע""פ 2892/13 עודתאללה נ' מדינת ישראל [פורסם בנבו] (29.9.2013) דובר במערער שנהג ברכבו כשהוא מוביל ונושא אקדח עם מחסנית ריקה תחת מושבו. משהבחין בחסימה משטרתית, סטה המערער מנתיבו ועצר את הרכב. השוטרים הגיעו אל הרכב ומצאו את האקדח. בפי המערער לא היה הסבר המניח את הדעת לפשר החזקת הנשק והמניע לכך נותר עמום. מתחם העונש שנקבע, ובו לא מצאתי להתערב בגדר הערעור, עמד על 12 עד 36 חודשי מאסר בפועל. גם בעונש שהוטל על המערער – 21 חודשי מאסר בפועל בצירוף ענישה נלווית – לא ראיתי להתערב. יצוין כי דובר בבחור צעיר ונורמטיבי.",ב. מדיניות הענישה:,דיון והכרעה,דיון והכרעה,דיון והכרעה,דיון והכרעה,דיון והכרעה
ME-16-06-64845-657,"בע""פ 4329/10 אסמאעיל נ' מדינת ישראל [פורסם בנבו] (14.11.2010) (שאותו הזכיר גם בית המשפט קמא) החזיק ונשא המערער אקדח טעון במצב נצור ברכבו. גם במקרה זה לא הוצע הסבר להחזקת הנשק. על המערער הוטלו 20 חודשי מאסר בפועל בצירוף ענישה נלווית, חרף המלצת שירות המבחן להשית עליו מאסר בעבודות שירות, ואף שדובר בבחור צעיר ונורמטיבי, ללא עבר פלילי, שהודה במיוחס לו. בית המשפט העליון לא התערב בעונש שנגזר"".",ב. מדיניות הענישה:,דיון והכרעה,דיון והכרעה,דיון והכרעה,דיון והכרעה,דיון והכרעה
ME-16-06-64845-657,"בסיום החלטתה קבעה: ""אני סבורה כי מתחם העונש ההולם בענייננו נע בין 12 ל- 36 חודשי מאסר בפועל. לטעמי, ככלל, בעבירות מהסוג הנדון, לא ניתן להסתפק בעונש של 20 חודשי מאסר ברף העליון של המתחם, ויש להגמישו כלפי מעלה באופן שיאפשר הטלת עונשים חמורים יותר על נאשמים שנסיבותיהם מצדיקות זאת"".",ב. מדיניות הענישה:,דיון והכרעה,דיון והכרעה,דיון והכרעה,דיון והכרעה,דיון והכרעה
ME-16-06-64845-657,"ע""פ 1505/14 אחמד לידאוי נ' מדינת ישראל (ניתן ביום 24/07/14) –עבירות נשק, מעשה פזיזות ורשלנות, הפרעה לשוטר במילוי תפקידו והחזקת רכוש החשוד כגנוב. נקבע, כי מתחם העונש ההולם נע בין 7-24 חודשי מאסר ונגזרו 8 חודשי מאסר. בית המשפט העליון הקל את עונשו ל- 6 חודשי עבודות שירות בקבעו, כי הקל עמו בהתחשב בנסיבותיו האישיות המיוחדות (בן 60, עברו הפלילי אינו מכביד וסובל מבעיות רפואיות).",ב. מדיניות הענישה:,דיון והכרעה,דיון והכרעה,דיון והכרעה,דיון והכרעה,דיון והכרעה
ME-16-06-64845-657,"ע""פ 7781/11 מדינת ישראל נ' נדים רך ואח' (ניתן ביום 10/5/12) –הנאשם 4 - עבירות בנשק ויריות באזור מגורים. נגזרו 6 חודשי מאסר בעבודות שירות. אומנם ערעור המדינה נדחה, אולם צוין, כי לא נחה דעתו מקלות העונשים שנגזרו על הנאשמים 2-4, אולם יחד עם זאת ציין כי אין מקום להתערב עתה בעונשים שנגזרו עליהם - המשיב 3 סיים כבר לרצות את עונשו ושוחרר ממאסר וההלכה היא כי אין מחזירים לכלא נאשם שעונשו הוחמר בערעור לאחר שכבר סיים לרצות את עונש המאסר בהיעדר נסיבות מיוחדות. משכך ציין כי על אף חומרת המעשים אותם ביצע המשיב 3 ואף אם מלכתחילה יתכן שראוי היה לגזור עליו עונש חמור יותר, לא מתקיימות אותם הנסיבות המצדיקות להחמיר עתה בעונשו ולהשיבו לריצוי מאסר בין כותלי הכלא. משכך ומשלא מצאו מקום להתערב בעונשו של המשיב 3 קבעו כי אין הצדקה להחמיר גם בעונשם של המשיבים 2 ו-4.",ב. מדיניות הענישה:,דיון והכרעה,דיון והכרעה,דיון והכרעה,דיון והכרעה,דיון והכרעה
ME-16-06-64845-657,"ע""פ 5521/12 פלוני נ' מדינת ישראל (ניתן ביום 23/1/14) –נשיאת נשק והחזקתו, איומים ויריות באזור מגורים. נגזרו 14 חודשי מאסר. בית המשפט העליון קיבל את הערעור בחלקו כך שעונשו יעמוד על 6 חודשי מאסר בעבודות שירות וקבע כי במקרה זה יש לבכר שיקולי השיקום על שיקולי ההרתעה. למערער נסיבות אישיות קשות, ביצע את העבירות בהיותו קטין, עובר תהליך שיקום והיותו נעדר עבר פלילי.",ב. מדיניות הענישה:,דיון והכרעה,דיון והכרעה,דיון והכרעה,דיון והכרעה,דיון והכרעה
ME-16-06-64845-657,"לא למיותר לציין, כי הסנגור צירף מטעמו עוד פסיקה רבה, במסגרתה הושתו על נאשמים עונשים קלים, בין היתר, עונשי מאסר בדרך של עבודות שירות. נוכח הפסיקה אשר הובאה לעיל ובכלל זה פס""ד סלימאן אשר צורף על ידו ומגמת ההחמרה הברורה בעבירות הנשק בעת האחרונה, סבורני כי מיותר יהא להתייחס לכל אחד מפסקי הדין שצירף.",ב. מדיניות הענישה:,דיון והכרעה,דיון והכרעה,דיון והכרעה,דיון והכרעה,דיון והכרעה
ME-16-06-64845-657,"בענייננו, לא נגרם נזק ממעשי הנאשם אולם עמדתי לעיל על הנזק שהיה עלול להיגרם, לנוכח הסכנות הנשקפות מזמינותו של נשק חם. באשר לנסיבות ביצוע העבירה מסכים אני עם דברי ב""כ המאשימה, כי גרסת הנאשם כפי שזו עלתה בפני שירות המבחן (יצא ליער לחפש תוכי ומצא נשק) הינה גרסה מיתממת ולא הגיונית ולא בכדי התרשם שירות מבחן מחוסר כנות בדבריו.",ג. הנסיבות הקשורות בביצוע העבירה :,דיון והכרעה,דיון והכרעה,דיון והכרעה,דיון והכרעה,דיון והכרעה
ME-16-06-64845-657,"נוכח האמור לעיל, מתחם הענישה ההולם את מעשי הנאשם נע בין 12-36 חודשי מאסר בפועל ועונשים נלווים.",ג. הנסיבות הקשורות בביצוע העבירה :,דיון והכרעה,דיון והכרעה,דיון והכרעה,דיון והכרעה,דיון והכרעה
ME-16-06-64845-657,"אתחשב בהודאת הנאשם במיוחס לו, בגילו הצעיר, בנסיבות חייו, ובהיעדר עבר פלילי. כמו כן אקח בחשבון את תקופת המעצר בה היה נתון ולאחריה את תקופת מעצר הבית.",גזירת העונש:,דיון והכרעה,דיון והכרעה,דיון והכרעה,דיון והכרעה,דיון והכרעה
ME-16-06-64845-657,"שירות המבחן המליץ להשית על הנאשם ענישה מוחשית בדמות מאסר אשר ירוצה בעבודות שירות. סבורני, כי בנסיבות התיק דנא, נוכח חומרת העבירה והצורך בהעלאת רף הענישה בעבירות הנשק, לא אוכל לקבל את המלצת שירות המבחן.",גזירת העונש:,דיון והכרעה,דיון והכרעה,דיון והכרעה,דיון והכרעה,דיון והכרעה
ME-16-06-64845-657,"בשנים האחרונות ניכרת מגמת החמרה עם עברייני נשק, וזאת בשל הסיכון הגלום רק בעצם החזקתו. בית המשפט העליון חזר על גישתו המחמירה בעבירות נשק ועל הטלת עונשי מאסר לריצוי בפועל, גם על מי שזו לו עבירתו הראשונה. כך קבע ברע""פ 2718/04 אבו דאחל נ' מדינת ישראל (ניתן ביום 29/3/04) - ""הסכנה הטמונה בעבירה החמורה של החזקת נשק מצדיקה הטלת עונשי מאסר לריצוי בפועל גם על מי שזו עבירתו הראשונה. בבוא בית-המשפט לשקול את הענישה בעבירות מסוג זה, עליו לתת משקל נכבד יותר לאינטרס הציבורי ולצורך להרתיע עבריינים בכוח מלבצע עבירות דומות"".",גזירת העונש:,דיון והכרעה,דיון והכרעה,דיון והכרעה,דיון והכרעה,דיון והכרעה
ME-16-06-64845-657,"עוד נקבע בע""פ 5681/14 מדינת ישראל נ' טאטור (ניתן ביום 01/02/15) כי:",גזירת העונש:,דיון והכרעה,דיון והכרעה,דיון והכרעה,דיון והכרעה,דיון והכרעה
ME-16-06-64845-657,אין בענייננו הצדקה או אפשרות לחרוג לקולא ממתחם העונש ההולם למטרת שיקום. אף אין בענייננו הצדקה לחרוג לחומרה מן המתחם ההולם.,גזירת העונש:,דיון והכרעה,דיון והכרעה,דיון והכרעה,דיון והכרעה,דיון והכרעה
ME-16-06-64845-657,"אני מטיל על הנאשם 18 חודשי מאסר בפועל, בניכוי ימי מעצרו מיום 22.6.16 ועד 3.8.16.","אשר על-כן, הנני גוזר על הנאשם את העונשים הבאים:",דיון והכרעה,דיון והכרעה,דיון והכרעה,דיון והכרעה,דיון והכרעה
ME-16-06-64845-657,"אני מטיל על הנאשם מאסר על תנאי של 12 חודשים למשך 3 שנים, שלא יעבור על כל עבירה הקשורה בנשק.","אשר על-כן, הנני גוזר על הנאשם את העונשים הבאים:",דיון והכרעה,דיון והכרעה,דיון והכרעה,דיון והכרעה,דיון והכרעה
ME-16-06-64845-657,"אני מטיל על הנאשם קנס בסך 2,000 ש""ח או חודשיים מאסר תמורתו. הקנס ישולם ב-4 תשלומים חודשיים, תשלום ראשון בעוד חודש. במידה ולא ישולם תשלום אחד מבין התשלומים, יעמוד כל הקנס לפירעון מידי ובמידה ולא ישלמו, ירצה ימי המאסר תחת הקנס. במידה והופקדו כספים במסגרת תיק זה, יש לקזזם עם הקנס ואת היתרה, באם קיימת, יש להשיב לנאשם.",אני פוסל את הנאשם מלקבל ומלהחזיק רישיון נהיגה לתקופה של 12 חודשים בפועל. ,דיון והכרעה,דיון והכרעה,דיון והכרעה,דיון והכרעה,דיון והכרעה
ME-16-07-45228-25,"חוק העונשין, תשל""ז-1977: סע'  40ב, 40ט', 144, 144(א), 144(ב), 40יא, א'1, בפרק ו'",nothing,מידע אחר,מידע אחר,מידע אחר,מידע אחר,מידע אחר
ME-16-07-45228-25,"מחמוד ג'בארין, הנאשם שלפניי, נותן את הדין על מעשה עבירה, שאותו ביצע ביום 19.7.16 עת שהה בסמוך לבית דודו בכפר זלפה בשעת ליל. הוא נתפס אותה עת כשהוא נושא על גופו אקדח מסוג FN, טעון במחסנית ובה עשרה כדורי אקדח בקוטר 9 מ""מ. שוטרים הגיעו אל סמוך לבית באותה שעה וכשהבחין בהם, הנאשם החל מתרחק מהם בהליכה מהירה. השוטרים דלקו אחריו; הוא נמלט מהם בריצה לתוך הבית. בבית, נכנס הנאשם לאחד מחדרי הבית והסליק את הנשק, המחסנית והכדורים מתחת לשמיכה שהיתה מונחת על מזרן בחדר. על מעשיו הללו הוא הורשע בעבירה של נשיאת נשק שלא כדין, לפי סעיף 144(ב)(רישא וסיפא) לחוק העונשין, התשל""ז-1977 (להלן: ""חוק העונשין"").",כללי,עובדות המקרה,עובדות המקרה,עובדות המקרה,עובדות המקרה,עובדות המקרה
ME-16-07-45228-25,"בעניינו של הנאשם, הוזמן תסקיר מאת שירות המבחן. ממנו למדתי, כי הנאשם הוא כבן 30, נשוי ואב ל-2 בגילאי ½1 שנים ו-3 חודשים. הוא השלים 8 שנות-לימוד בלבד, ואינו יודע קרוא וכתוב. מגיל 13 החל לעבוד כתפסן באורח עקבי. בשנת 2015 נפצע בתאונת-עבודה וכתוצאה מכך סבל משברים באגן ובגפיים העליונות. הוא לא עבד בשל כך כשנה. ביום 20.11.16 הוא שב לתפקוד תעסוקתי. עברו הפלילי נקי. בפני שירות המבחן הביע הנאשם צער על התנהלותו וטען, שמצא את כלי-הנשק, אשר נתפס ברשותו כשעתיים טרם שנעצר. הוא טען, כי פעל בהעדר שיקול-דעת בנושא לנוכח הלחץ והחרדה אשר היו מנת חלקו כתוצאה מהחזקת הנשק. בפני שירות המבחן הוא הביע עמדות שאינן נותנות לגיטימציה להגמשת גבולות החוק. לדבריו, הוא אינו עומד בקשר עם גורמים עברייניים ואינו מצוי בסכסוך עם איש. חוויית המעצר וההליך המשפטי היוו עבורו גורם לביסוס ההרתעה והביאו לחשש ממעורבות נוספת בהתנהלות מפרת-חוק. עם זאת, צוינו כגורמי סיכון לגביו העדרה של יכולת להיתמך בגורמי-תמיכה במצבי-מצוקה רגשית וכן פער בין דיווחיו אודות התנהלותו ואורח חייו לבין מעורבותו בעבירה הנדונה כאן. לאור זאת, התקשה שירות המבחן להעריך באורח מדויק יותר את הסיכון להישנות עבירה דומה ולא נתן המלצה קונקרטית, העשויה לסייע בהפחתת הסיכון.",תסקיר שירות המבחן,תסקיר שירות מבחן,תסקיר שירות מבחן,תסקיר שירות מבחן,תסקיר שירות מבחן,תסקיר שירות מבחן
ME-16-07-45228-25,"בא כוחה המלומד של המאשימה, עו""ד אור-זך, עמד בטיעוניו הכתובים על חומרת המעשה ועל הסיכון המשמעותי הטמון בו; הוא עמד על כך, שבכגון דא ראוי לייחס משקל כבד לאינטרס הציבורי ולהעדיפו על-פני הנסיבות האישיות. התובע הצביע על הערך החברתי הנפגע כאן – הבטחת שלום הציבור והגנה על חיי-אדם לנוכח תרומתו של זמינות נשק למעגל האלימות. התובע סבר, שהפגיעה בערך החברתי הוא משמעותי ולנוכח הפסיקה הנהוגה הצביע על מתחם ענישה הולם הנע בין שתי שנות מאסר לבין 4 שנות מאסר. התבקשתי אפוא להטיל עליו מאסר בגדרי אותו מתחם וכן מאסר על תנאי וקנס.",טיעוני המדינה,טיעוני הצדדים,טיעוני הצדדים,טיעוני הצדדים,טיעוני הצדדים,טיעוני הצדדים
ME-16-07-45228-25,"הסנגור המלומד, עו""ד בויראת, עתר שלא למצות את הדין עם מרשו. הוא עמד על נסיבותיו האישיות: היות אביו אדם מבוגר וקטוע גפיים כשהנאשם הוא הסועד אותו; היותו אב לשני ילדים קטנים; הבעת הצער מצדו וקבלת האחריות; היות המעצר גורם הרתעתי לגביו; ההודאה מיד בתחילת המשפט; יציבותו התעסוקתית מאז שהחל לעבוד כנער. הסנגור הפנה אל שורה ארוכה של פסקי-דין, שבהם לא הוטלו עונשי מאסר לריצוי מאחורי סורג ובריח במקרים שכאלה; הוא עמד על כך שלא נעשה כאן כל שימוש בנשק, אלא בהחזקתו ובנשיאתו ללא כל עבירה נלווית. לאור כל אלה ביקש הסנגור שאסתפק בהטלת עונש מאסר לריצוי בעבודות שירות.",טיעוני הסנגור,טיעוני הצדדים,טיעוני הצדדים,טיעוני הצדדים,טיעוני הצדדים,טיעוני הצדדים
ME-16-07-45228-25,בדברו האחרון הביע הנאשם צער וחרטה על המעשה.,הנאשם בדברו האחרון,טיעוני הצדדים,טיעוני הצדדים,טיעוני הצדדים,טיעוני הצדדים,טיעוני הצדדים
ME-16-07-45228-25,"הנאשם שלפניי נתפס כשהוא נושא ברשותו אקדח טעון במחסנית הטומנת בחובה 10 כדורים בקוטר של 9 מ""מ. כאשר אנשי משטרה קרבו לעברו הוא נמלט מהם וניסה להסתיר את כלי-הנשק בבית דודו. הוא נעצר ומקץ כחודש של מעצר ממשי שוחרר למעצר בית. כעת, לאחר שכתב-האישום בעניינו תוקן הוא הודה במיוחס לו. הגיעה השעה לגזור כעת את דינו.",דיון והכרעה,דיון והכרעה,דיון והכרעה,עובדות המקרה,דיון והכרעה,דיון והכרעה
ME-16-07-45228-25,"כמצוות סימן א'1 בפרק ו' שבחוק העונשין, שעניינו הבניית שיקול-הדעת השיפוטי בענישה על בית-המשפט לקבוע את העונש המתאים לנאשם שלפניו בהתאם לעקרונות והשיקולים המנחים בענישה כפי שהללו קבועים באותו סימן ותוך מתן המשקל שיש לתת לשיקולים הללו וליחס ביניהם כקבוע בו.",דיון והכרעה,דיון והכרעה,דיון והכרעה,דיון והכרעה,דיון והכרעה,דיון והכרעה
ME-16-07-45228-25,"כידוע, העיקרון המנחה בענישה הוא קיומו של יחס הולם בין חומרת מעשה העבירה, בנסיבותיו ומידת אשמו של הנאשם ובין סוג ומידת העונש המוטל עליו (ראו סעיף 40ב לחוק העונשין).",דיון והכרעה,דיון והכרעה,דיון והכרעה,דיון והכרעה,דיון והכרעה,דיון והכרעה
ME-16-07-45228-25,"תהליך מציאת העונש המתאים מתחיל בקביעת מתחם עונש הולם למעשה העבירה שאותו ביצע הנאשם מתוך התחשבות בערך החברתי שנפגע מביצוע העבירה, במידת הפגיעה בו, במדיניות הענישה הנהוגה ובנסיבות הקשורות בביצוע העבירה.",דיון והכרעה,דיון והכרעה,דיון והכרעה,דיון והכרעה,דיון והכרעה,דיון והכרעה
ME-16-07-45228-25,"נצא, אפוא, למסענו בקביעת מתחם העונש ההולם את העבירה.",דיון והכרעה,דיון והכרעה,דיון והכרעה,דיון והכרעה,דיון והכרעה,דיון והכרעה
ME-16-07-45228-25,"כפי שצוין, הערכים החברתיים שבהם פגע הנאשם במעשהו הם הבטחת שלום הציבור ובטחונו, הסדר הציבורי והגנה על חיי-אדם, שכן ערכים אלו כולם נתונים בסיכון מקום בו מוחזק נשק שלא כחוק. כידוע, זמינותו של נשק מגדילה את הסיכון להתפתחות אירועים אלימים ולהגברת חומרתם. מידת הפגיעה בערכים אלו, בהתחשב באופי הנשק שהוחזק, בהיותו טעון במחסנית בכדורים ובכך שהנשק נישא והוסתר כאשר אנשי כוחות המשטרה קרבו אל הנאשם היא בינונית.",הערכים המוגנים ומידת הפגיעה בהם,דיון והכרעה,דיון והכרעה,דיון והכרעה,דיון והכרעה,דיון והכרעה
ME-16-07-45228-25,"בתי-המשפט בכלל ובית-המשפט העליון בראשם קבעו מדיניות ענישה מחמירה, ביחס לכל מי שנותן ידו להחזקת נשק ללא היתר כדין, להובלתו ולנשיאתו. מדיניות מחמירה זו מתחייבת מריבוי המקרים שבהם נעשה שימוש בנשק, המוחזק שלא כחוק במסגרת אירועים אלימים על רקעים שונים ומשונים באורח שיש בו כדי לקפד חיי-אדם או לסכנם. עמדה על כך כב' השופטת ארבל ב- ע""פ 4945/13 מדינת ישראל נ' עבד אלכרים סלימאן (ניתן ביום 19.01.14), בציינה כדלהלן:",מדיניות הענישה,דיון והכרעה,דיון והכרעה,דיון והכרעה,דיון והכרעה,דיון והכרעה
ME-16-07-45228-25,"עמד על כך גם כב' השופט י' עמית ב- ע""פ 2398/14 אלהזייל נ' מדינת ישראל (ניתן ביום 8.7.14), בציינו כדלהלן:",מדיניות הענישה,דיון והכרעה,דיון והכרעה,דיון והכרעה,דיון והכרעה,דיון והכרעה
ME-16-07-45228-25,"על מנת לשרטט כדבעי את מתחם העונש ההולם בעניינו של הנאשם, עיינתי בפסיקה רחבה העוסקת בעבירות הזהות לנידון דידן. אציין את המובן מאליו, מדיניות הענישה הנהוגה במקרים אלו הינה מגוונת. ברי, כי תלויה היא בנסיבותיו של כל מקרה ומקרה.",מדיניות הענישה,דיון והכרעה,דיון והכרעה,דיון והכרעה,דיון והכרעה,דיון והכרעה
ME-16-07-45228-25,"כך למשל, בפרשה שנדונה במסגרת ע""פ 3156/11 זראיעה נ' מדינת ישראל (ניתן ביום 21.02.12), דחה בית המשפט העליון ערעור על גזר דינו של בית המשפט המחוזי בנצרת, במסגרתו הושת על המערער עונש מאסר בן 24 חודשים לריצוי בפועל. עונש זה הוטל על המערער בגין ביצוען, על פי הודאתו, של עבירות שעניינן נשיאת והובלת נשק והסתייעות ברכב לביצוע פשע. עובדות המקרה לימדו, כי המערער נסע ברכבו, לאחר שהסליק בו אקדח, מחסנית טעונה בכדורי אקדח בקוטר  וקופסאות עם כדורי אקדח בקוטר . האקדח והתחמושת נתפסו בחיפוש שגרתי שביצעה המשטרה ברכב.",מדיניות הענישה,דיון והכרעה,דיון והכרעה,דיון והכרעה,דיון והכרעה,דיון והכרעה
ME-16-07-45228-25,"בפרשה שנדונה במסגרת ע""פ 3877/16  פאדי ג'באלי נ' מדינת ישראל (ניתן ביום 17.11.16), דחה בית המשפט העליון ערעור על גזר דינו של בית המשפט המחוזי מרכז -לוד, במסגרתו הושת על המערער (בעל עבר פלילי מכביד) עונש מאסר בן 34 חודשים לריצוי בפועל. עונש זה הוטל על המערער בגין ביצועה, על פי הודאתו, של עבירה שעניינה נשיאת נשק לפי סעיף 144(ב) לחוק העונשין. עובדות המקרה לימדו, כי בין המערער לבין קרוב משפחתו התגלע סכסוך. על רקע זה, השניים קבעו להיפגש בעיר טייבה לשם יישוב הסכסוך. המערער נסע ברכבו למקום המפגש יחד עם קרוב משפחתו ר'.ג' (קטין) כשהוא נושא עמו ברכב אקדח טעון במחסנית שהכילה 14 כדורים. כאן המקום לציין כי סוג כלי הנשק היה  אקדח מסוג ""גלוק"", אשר נגנב חודשים אחדים קודם לכן בהתפרצות לדירה בהוד השרון.  כשהגיעו למקום המפגש, עצר המערער סמוך לרכב שבו ישבו קרובי משפחתו. הוא החביא את האקדח במכנסיו והתקרב יחד עם הקטין אל הרכב. באותו שלב הגיעו למקום שוטרים שהורו למערער ולקטין להרים ידיים, אך המערער כרע לכיוון הרצפה והשליך את האקדח מאחורי גבו. בית המשפט העליון דחה כאמור את הערעור. צוין, כי על אף גילו הצעיר למערער עבר פלילי מכביד ביותר ואת העבירה ביצע שבועות ספורים בלבד לאחר שסיים לרצות עונש מאסר ארוך.",מדיניות הענישה,דיון והכרעה,דיון והכרעה,דיון והכרעה,דיון והכרעה,דיון והכרעה
ME-16-07-45228-25,"בפרשה שנדונה במסגרת ע""פ 2839/05 ראיד עבד אל קאדר נ' מדינת ישראל (ניתן ביום 17.11.05), דחה בית המשפט העליון ערעור על פסק של בית המשפט המחוזי בתל אביב, במסגרתו הושת על המערער (בעל עבר פלילי) עונש מאסר בן 36 חודשים לריצוי בפועל. עונש זה הוטל על המערער בגין ביצועה של עבירה שעניינה נשיאת נשק שלא כדין לפי סעיף 144(ב) לחוק העונשין. עובדות המקרה לימדו, כי בשביל כורכר המצוי בטייבה, חסמו שוטרים את דרכו של רכב שעורר את חשדם. השוטרים ניגשו למערער שישב במושב האחורי ברכב והוא בתגובה השליך מידו אקדח ובו  מחסנית המכילה 13 כדורים.",מדיניות הענישה,דיון והכרעה,דיון והכרעה,דיון והכרעה,דיון והכרעה,דיון והכרעה
ME-16-07-45228-25,"בפרשה נוספת שנדונה במסגרת ע""פ 2198/08 יוסף עוואדה נ' מדינת ישראל (ניתן ביום 8.6.08) דחה בית המשפט העליון ערעור על גזר דינו של בית המשפט המחוזי בנצרת, במסגרתו הושת על המערער עונש מאסר בן 8 חודשים לריצוי בפועל. עונש זה הוטל על המערער בגין ביצועה, על פי הודאתו, של עבירה שעניינה נשיאת נשק לפי סעיף 144(ב) לחוק העונשין. עובדות המקרה לימדו, כי בלשי משטרת נצרת הגיעו בחצות הליל, למבנה שבונה המערער בכפר כנא. באותה עת ישב במקום המערער יחד עם שלושה אחרים כשהוא נושא על גופו אקדח בקוטר 9 מ""מ. משנכנסו השוטרים לחדר בו ישבו הארבעה כיוון המערער את האקדח שנשא לעברו של אחד השוטרים ודרך אותו. השוטר צעק לעבר המערער ""עצור משטרה"", דרך אקדחו וכיוון אותו לעבר המערער. בתגובה לכך זרק המערער את האקדח מעבר לחלון.",מדיניות הענישה,דיון והכרעה,דיון והכרעה,דיון והכרעה,דיון והכרעה,דיון והכרעה
ME-16-07-45228-25,"במסגרת תיק פלילי 9111-02-15 מדינת ישראל נ' חאסרמה (ניתן ביום 20.9.15) גזר בית המשפט המחוזי בחיפה על הנאשם  עונש מאסר בן 10 חודשים לריצוי בפועל בגין ביצוען של שתי עבירות בנשק - האחת, לפי  סעיף 144(א) לחוק העונשין והשנייה לפי סעיף 144(ב) לחוק העונשין. עובדות המקרה בפרשה זו היו אלו:  עת הגיעו שוטרים לסוכת אבלים של משפחת חסארמה, בכפר בענה, במטרה לעכב את יוסף חסארמה לחקירה, הבחין בהם הנאשם שהיה במתחם והחל במנוסה מהם כאשר הוא נושא ומחזיק אקדח מסוג FN ומחסנית עם 13 כדורים 9 מ""מ. במהלך המנוסה מהשוטרים זרק הנאשם את האקדח והמחסנית.",מדיניות הענישה,דיון והכרעה,דיון והכרעה,דיון והכרעה,דיון והכרעה,דיון והכרעה
ME-16-07-45228-25,"ראו גם: תיק פלילי 20604-12-09 מדינת ישראל נ' קסם אזולאי (ניתן ביום 28.6.10) במסגרתו גזר בית המשפט המחוזי בתל אביב על הנאשם, במסגרת הסדר טיעון, עונש מאסר בן  16 חודשים לריצוי בפועל, בגין ביצועה של עבירה שעניינה נשיאת נשק שלא כדין לפי סעיף 144(ב) לחוק העונשין.",מדיניות הענישה,דיון והכרעה,דיון והכרעה,דיון והכרעה,דיון והכרעה,דיון והכרעה
ME-16-07-45228-25,"בהתאם לעובדות כתב-האישום, אין ניתן לייחס לנאשם תכנון ארוך-טווח קודם לביצוע העבירה. עם זאת, מתוך תיאור הדברים, אין ניתן להתייחס אל מעשה-העבירה כמעידה רגעית, שכן הנאשם טרח להתחמק מאנשי-המשטרה ואף הסתיר את הנשק בחדר בבית דודו. הנאשם עבר את העבירה לבדו. נזק משמעותי עלול היה להיגרם אילו הנאשם המשיך להחזיק בכלי-נשק לא חוקי וזה עלול היה להתגלגל כך לידיים בלתי-מוסמכות אחרות. בפועל, לא גרמו מעשיו של הנאשם לנזק. אין בחומר ראיה ברורה, המלמדת על מניעיו של הנאשם בביצוע המעשה.",נסיבות הקשורות בביצוע העבירה (סעיף 40ט' לחוק העונשין),דיון והכרעה,דיון והכרעה,דיון והכרעה,דיון והכרעה,דיון והכרעה
ME-16-07-45228-25,הנאשם טען בפני קצין המבחן שמצא את כלי-הנשק. טענה זו לא זכתה לאמון מלא מצד קצין המבחן. אין בכוונתי לקבוע מסמרות בעניין זה בשלב הנוכחי. הנאשם הבין את המעשה ועשאו מתוך שליטה.,נסיבות הקשורות בביצוע העבירה (סעיף 40ט' לחוק העונשין),דיון והכרעה,דיון והכרעה,דיון והכרעה,דיון והכרעה,דיון והכרעה
ME-16-07-45228-25,"בהתחשב בכל אלה, מצאתי כי מתחם העונש ההולם בעניינו נע בין 10 לבין 30 חודשי מאסר לריצוי בפועל.",נסיבות הקשורות בביצוע העבירה (סעיף 40ט' לחוק העונשין),דיון והכרעה,דיון והכרעה,דיון והכרעה,דיון והכרעה,דיון והכרעה
ME-16-07-45228-25,"מכאן, ראוי לעבור לבחון את העונש המתאים לנאשם שלפניי בהתחשב בנסיבותיו האישיות.",נסיבות הקשורות בביצוע העבירה (סעיף 40ט' לחוק העונשין),דיון והכרעה,דיון והכרעה,דיון והכרעה,דיון והכרעה,דיון והכרעה
ME-16-07-45228-25,"עונש מאסר ודאי יפגע בנאשם שלפניי, שהוא בחור צעיר (כבן 30) ואב לשני ילדים רכים. בוודאי שיש בריצוי עונש מאסר כדי לפגוע במשפחתו, התלויה בו כלכלית רגשית ומוראלית. כתוצאה מביצוע העבירה ומההרשעה נגרמו לנאשם נזקים:",נסיבות שאינן קשורות בביצוע העבירה (סעיף 40יא לחוק העונשין),דיון והכרעה,דיון והכרעה,דיון והכרעה,דיון והכרעה,דיון והכרעה
ME-16-07-45228-25,"הוא נעצר במעצר ממשי משך כחודש ימים (18.8.16-19.7.16); אחר-כך, הוא שוחרר בתנאים מגבילים. מובן, כי הגבלות אלו על חירותו פגעו פגיעה קשה ברצף התעסוקתי בו שהה הנאשם (רצף אשר מלכתחילה נקטע כתוצאה מפציעה קשה בתאונת-עבודה בשנת 2015). הנאשם נטל אחריות מלאה על מעשיו ועשה מאמצים על-מנת לחזור למוטב. הוא הודה באשמה ובכך הביע חרטה וחסך זמן שיפוטי, אשר היה כרוך בניהול משפט הוכחות בעניינו. נסיבות חייו, כמתואר בתסקיר שירות המבחן, לא היו קלות וודאי שהללו השפיעו על דרך התנהלותו. עברו הפלילי נקי; האמור בנסיבה חשובה, אשר צריך שתילקח בחשבון לטובתו.",נסיבות שאינן קשורות בביצוע העבירה (סעיף 40יא לחוק העונשין),דיון והכרעה,דיון והכרעה,דיון והכרעה,דיון והכרעה,דיון והכרעה
ME-16-07-45228-25,"בבואי לגזור את דינו של הנאשם לפניי שקלתי בכובד ראש את עתירת הסנגורים המלומדים, כי אסתפק בהטלת עונש מאסר לריצוי בדרך של עבודות שירות על הנאשם. הם סברו, שבהתחשב ברמת הענישה הנהוגה בכגון דא ובשים לב לנתוניו האישיים של הנאשם, להודאתו, להעדרו של עבר פלילי ולעובדה ששהה במעצר ממשי חודש ימים ובמעצר בית מלא כשלושה חודשים נוספים, החזרתו אל מאחורי סורג ובריח תהווה עונש בלתי-מידתי, מופרז ומוגזם. עם כל הצער שבדבר וחרף הרצון לסלול עבור הנאשם דרך שיקומית (גם בהעדרה של המלצה ברוח זו מצדו של שירות המבחן) סברתי שמשהורשע הנאשם בעבירה שעניינה נשיאת נשק שלא כחוק, הטלת עונש מאסר לריצוי בדרך של עבודות שירות תהא צעד בלתי-מידתי ומופרז לקולה, צעד אשר יחטיא כליל את דרכי הענישה וההרתעה ההכרחיים בכגון דא, מפאת שורת הטעמים, אשר צוינו בהרחבה בפסיקת בית-המשפט העליון אשר צוטטה לעיל.",גזירת העונש,דיון והכרעה,דיון והכרעה,דיון והכרעה,דיון והכרעה,דיון והכרעה
ME-16-07-45228-25,"הנסיבות האישיות של הנאשם, אשר להן נודע, בלי ספק, משמעות ומשקל לקולה יוכלו למתן מאוד את משך תקופת המאסר אשר בכוונתי לגזור לנאשם.",גזירת העונש,דיון והכרעה,דיון והכרעה,דיון והכרעה,דיון והכרעה,דיון והכרעה
ME-16-07-45228-25,"בהתחשב במכלול, מוטלים על הנאשם עונשים כדלקמן –",גזירת העונש,דיון והכרעה,דיון והכרעה,דיון והכרעה,דיון והכרעה,דיון והכרעה
ME-16-07-45228-25,12 חודשי מאסר לריצוי בפועל בניכוי 30 ימים מעצרו הסגור מיום 19.7.16 ועד יום 18.8.16.,גזירת העונש,דיון והכרעה,דיון והכרעה,דיון והכרעה,דיון והכרעה,דיון והכרעה
ME-16-07-45228-25,18 חודשי מאסר על-תנאי שלא יעבור במשך 3 שנים עבירה על סעיף 144 לחוק העונשין.,גזירת העונש,דיון והכרעה,דיון והכרעה,דיון והכרעה,דיון והכרעה,דיון והכרעה
ME-16-07-45228-25,"קנס בסך 1,500 ₪, שישולם עד יום 1.1.18. לא ישולם הקנס במועדו, ירצה הנאשם 15 ימי מאסר תמורתו.",גזירת העונש,דיון והכרעה,דיון והכרעה,דיון והכרעה,דיון והכרעה,דיון והכרעה
ME-16-10-12213-904,"מוחמד ג'בארין, הנאשם שלפניי, הורשע על-סמך הודאתו, בעבירה של נשיאת נשק ותחמושת בניגוד לסעיף 144(ב) רישה וסיפה לחוק העונשין, התשל""ז - 1977 (להלן: ""חוק העונשין"").",כללי,עובדות המקרה,עובדות המקרה,עובדות המקרה,עובדות המקרה,עובדות המקרה
ME-16-10-12213-904,"עובדות כתב האישום המתוקן, שבביצוען הודה הנאשם היו אלו:",כללי,עובדות המקרה,עובדות המקרה,עובדות המקרה,עובדות המקרה,עובדות המקרה
ME-16-10-12213-904,"הנאשם החזיק ברשותו ברכב מסוג סובארו, אשר היה רשום על-שם אחיו, מג'ד (להלן: ""הרכב"").",כללי,עובדות המקרה,עובדות המקרה,עובדות המקרה,עובדות המקרה,עובדות המקרה
ME-16-10-12213-904,"במהלך חודש ספטמבר 16', נשא והוביל הנאשם כלי נשק מאולתר מסוג ""קרל גוסטב"", שבתוכו מחסנית ריקה, מאזור מי-עמי ועד לבית אמו באום-אל-פחם, בו התגורר באותה עת (להלן: ""הבית""). בהגיעו לבית, עטף הנאשם  בחולצה לבנה את הנשק והמחסנית הריקה  והחביאם  מתחת לכיסא הנוסע שליד הנהג  ברכב, שחנה בסמוך לבית.",כללי,עובדות המקרה,עובדות המקרה,עובדות המקרה,עובדות המקרה,עובדות המקרה
ME-16-10-12213-904,"ביום 1 אוקטובר 16' בשעת אחר-צהריים, הזיז הנאשם את הרכב מפאת היותו בלתי תקין מאזור הבית ועד למוסך במורד הרחוב, כאשר כלי-הנשק והמחסנית הריקה מצויים בתוכו וכשבמכנסיו מצוי כדור 9 מ""מ התואם את הנשק. שוטרים, אשר הגיעו למקום וביצעו חיפוש ברכב מצאו בו את כלי-הנשק ואת המחסנית.",כללי,עובדות המקרה,עובדות המקרה,עובדות המקרה,עובדות המקרה,עובדות המקרה
ME-16-10-12213-904,"בעניינו של הנאשם התבקש שירות המבחן להכין תסקיר לעניין העונש. תסקיר זה הוכן וביום 25.1.17 הוגש לעיוני. ממנו למדתי, כי הנאשם הוא בן 25, רווק המתגורר עם בני-משפחתו באום אל-פחם ועובד בעבודות בניין ובשיפוצים. עלה עוד, כי הוא עזב את ספסל הלימודים לאחר 10 שנות לימוד בלבד על מנת לפרנס את בני משפחתו ולדאוג לאחיו. מאז ועד היום הוא שומר על יציבות תעסוקתית (במקומות תעסוקה שונים). אביו של הנאשם נפטר ממחלה עוד בהיותו בן 8 שנים. הרישום הפלילי שאותו הוא נושא בגין תקיפה עניינו באירוע אלים שהתפתח בינו לבין אחיו.",תסקיר שירות המבחן,תסקיר שירות מבחן,תסקיר שירות מבחן,תסקיר שירות מבחן,תסקיר שירות מבחן,תסקיר שירות מבחן
ME-16-10-12213-904,"בפני שירות המבחן נטל הנאשם אחריות חלקית על המעשים שיוחסו לו בכתב האישום; בפרט, הוא שלל את הטענה שהסיע את הרכב ממי-עמי לביתו באום אל פחם.",תסקיר שירות המבחן,תסקיר שירות מבחן,תסקיר שירות מבחן,תסקיר שירות מבחן,תסקיר שירות מבחן,תסקיר שירות מבחן
ME-16-10-12213-904,"ראוי לציין, שבמסגרת דיון הטיעונים לעונש שנערך לפניי, נשאל הנאשם במפורש אם הוא מודה בכל המיוחס לו. הוא שב ואישר את כל העובדות שנכללו בכתב האישום ככתבן וכלשונן.",תסקיר שירות המבחן,תסקיר שירות מבחן,תסקיר שירות מבחן,תסקיר שירות מבחן,תסקיר שירות מבחן,תסקיר שירות מבחן
ME-16-10-12213-904,הנאשם הביע צער וחרטה באוזני קצינת המבחן והביע נכונות להשתלב בהליך טיפולי לצורך רכישת כלים אדפטיביים לקבלת החלטות מתואמות לסיטואציות מורכבות ולמידת דרכים להתמודדות במצבי לחץ ומשבר.,תסקיר שירות המבחן,תסקיר שירות מבחן,תסקיר שירות מבחן,תסקיר שירות מבחן,תסקיר שירות מבחן,תסקיר שירות מבחן
ME-16-10-12213-904,"שירות המבחן התרשם כי קיימים יסודות בריאים בהתנהגותו וכי הוא נכון להשתלב בהליך טיפולי; כן התרשם השירות שהנאשם מתקשה להתחבר לחומרת העבירה וכי דיווחיו מגמתיים באשר לנסיבות מעורבותו בה. עוד צוין, כי הנאשם מתקשה בוויסות דחפיו ומתקשה להפעיל שיקול דעת ביחס להשלכות מעשיו ותוצאותיהם.",תסקיר שירות המבחן,תסקיר שירות מבחן,תסקיר שירות מבחן,תסקיר שירות מבחן,תסקיר שירות מבחן,תסקיר שירות מבחן
ME-16-10-12213-904,"לאור כל זאת לא בא שירות המבחן עם המלצה על חלופות ענישה שיקומיות בקהילה, שכן אין בכזו  כדי להוביל להפחתת הסיכון להישנות עבירות בעתיד. ענישה מוחשית וקונקרטית עשויה, לדעת קצין המבחן, לחבר את הנאשם לחומרת מעשיו. הומלץ שבמסגרת ריצוי מאסרו יוכל הנאשם להשתלב בהליך טיפולי שם.",תסקיר שירות המבחן,תסקיר שירות מבחן,תסקיר שירות מבחן,תסקיר שירות מבחן,תסקיר שירות מבחן,תסקיר שירות מבחן
ME-16-10-12213-904,"מטעם התביעה הוצג לפניי תדפיס מידע פלילי בעניינו של הנאשם ממנו למדתי שהנאשם הורשע ביום 19.9.16 (שבועות ספורים לפני ביצוע העבירה נשואת התיק הנוכחי) לפני בית משפט השלום בחדרה בעבירות שעניינן תקיפה הגורמת חבלה של ממש, בניגוד לסעיף 380 לחוק העונשין והפרת הוראה חוקית, בניגוד לסעיף 287(א) בחוק. עבירות אלו נעברו במהלך חודש אפריל 2015 והוטלו על הנאשם בגינם עונשי מאסר על-תנאי וקנס כספי.",ראיות לעונש,ראיות לעונש,ראיות לעונש,ראיות לעונש,ראיות לעונש,ראיות לעונש
ME-16-10-12213-904,"בא כוחה המלומד של התביעה עמד על הערכים החברתיים שנפגעו, פועל יוצא של מעשה העבירה: הזכות לחיים ולשלמות הגוף; שלטון החוק ושלום הציבור. במישור של נסיבות העבירה עמד התובע על הנסיבות הבאות: מדובר בנשק אוטומטי התקפי באופיו, אשר איננו נועד לשימוש לגיטימי; נשיאת הנשק לא הייתה קצרה והיא הופסקה רק בהתערבות המשטרה; היא בוצעה באמצעות רכב והתבצעה באזור מגורים. לפיכך, אליבא דמאשימה, מתחם העונש ההולם בכגון דא צריך שיעמוד על ½2  עד 5 שנות מאסר בפועל.",טיעוני התביעה לעונש,טיעוני הצדדים,טיעוני הצדדים,טיעוני הצדדים,טיעוני הצדדים,טיעוני הצדדים
ME-16-10-12213-904,"התובע הפנה אל גזרי-דין התומכים במתחם המוצע. בתוככי המתחם, עתר התובע להטלת עונש המצוי באמצע המתחם על רקע עברו של הנאשם (הרשעתו בעבירת תקיפה). התובע הצביע אל עבר ממצאי התסקיר המלמדים על חשש להישנות העבירה. התובע אף עתר לחילוט כלי הנשק וכלי הרכב, שבאמצעותו נעברה העבירה.",טיעוני התביעה לעונש,טיעוני הצדדים,טיעוני הצדדים,טיעוני הצדדים,טיעוני הצדדים,טיעוני הצדדים
ME-16-10-12213-904,"הסנגורית המלומדת עמדה על כך שהנאשם הוא בחור צעיר, שעברו כמעט נקי; אשר הודה באשמה בהזדמנות הראשונה לאחר שמסר גרסה מלאה במשטרה. הנאשם נטל אחריות מלאה על המעשה גם לפני שירות המבחן ושיתף את השירות במצוקתו ועתר לסיוע על מנת להתמודד עם קשייו. לדעתה, מתחם העונש ההולם בעניינו נע בין 6 ל-12 חודשי מאסר בפועל. לבסוף, ציינה הסנגורית, שלטעמה, העונש הראוי עומד על 8 חודשי מאסר לריצוי בפועל.",טיעוני ההגנה לעונש,טיעוני הצדדים,טיעוני הצדדים,טיעוני הצדדים,טיעוני הצדדים,טיעוני הצדדים
ME-16-10-12213-904,"הנאשם, בדברו האחרון ביקש סליחה ורחמים; הביע צער והבטיח לתקן דרכיו להימנע בעתיד ממעשה שכזה.",דברו האחרון של הנאשם,טיעוני הצדדים,טיעוני הצדדים,טיעוני הצדדים,טיעוני הצדדים,טיעוני הצדדים
ME-16-10-12213-904,"הנאשם נשא נשק מאולתר מסוג קרל גוסטב ומחסנית ריקה למשך תקופת זמן קצרה בחודש ספטמבר 2016; הוא הסיע את הנשק ברכבו ממי-עמי לאום אל פחם. הנשק נתפס בידי אנשי משטרה ברכב ביום 1 אוקטובר 2016, יש להניח בהתאם למידע מודיעיני אשר הגיע אליהם.",דיון והכרעה,דיון והכרעה,דיון והכרעה,עובדות המקרה,עובדות המקרה,דיון והכרעה
ME-16-10-12213-904,"כעת, הגיעה השעה לגזור את דינו. לצורך זה, אפנה לעקרונות שנקבעו בסימן א'1 שבפרק ו' בחוק העונשין, שעניינם הבניית שיקול הדעת השיפוטי בענישה. בדרך זו, אנסה להתוות עונש, המקיים יחס הולם בין חומרת מעשה העבירה בנסיבותיו ומידת אשמו של הנאשם לבין סוג העונש המוטל עליו ומידתו (סעיף 40ב לחוק העונשין).",דיון והכרעה,דיון והכרעה,דיון והכרעה,דיון והכרעה,עובדות המקרה,דיון והכרעה
ME-16-10-12213-904,"אין חולק על כך, שהנאשם שלפניי היה מעורב בעבירה אחת שהיוותה ""אירוע אחד"" (סעיף 40 יג(א) לחוק העונשין).",דיון והכרעה,דיון והכרעה,דיון והכרעה,דיון והכרעה,דיון והכרעה,דיון והכרעה
ME-16-10-12213-904,"מכאן, בבואי לאתר את מתחם הענישה ההולם אעמוד תחילה על הערכים החברתיים בהם פגע מעשה העבירה, אסקור את מדיניות הענישה המקובלת בכגון דא ואבחן הנסיבות הקשורות בביצוע מעשה העבירה.",דיון והכרעה,דיון והכרעה,דיון והכרעה,דיון והכרעה,דיון והכרעה,דיון והכרעה
ME-16-10-12213-904,הערכים החברתיים שנפגעו (סעיף 40ג(א) לחוק העונשין),דיון והכרעה,דיון והכרעה,דיון והכרעה,דיון והכרעה,דיון והכרעה,דיון והכרעה
ME-16-10-12213-904,"מעשה החזקת נשק ונשיאתו שלא כחוק טומן בחובו לעולם את הסיכון של התגלגלותו של כלי הנשק לידיים בלתי מוסמכות, מה שעלול להעמיד  את שלום הציבור ואת בטחונו בסכנה; יש בכך כדי לפגוע בסדר הטוב החייב לשרור בחברה ולפגוע בשלטון החוק. עמדה על כך כב' השופטת ארבל ב- ע""פ 4945/13 מדינת ישראל נ' עבד אלכרים סלימאן (ניתן ביום 19.01.14), בציינה כדלהלן:",דיון והכרעה,דיון והכרעה,דיון והכרעה,דיון והכרעה,דיון והכרעה,דיון והכרעה
ME-16-10-12213-904,"במקרה זה פגיעת המעשה בערכים הללו היא בינונית בעוצמתה. יש לזכור שאמנם מדובר בנשק אוטומטי אשר נזקו עלול להיות רב; עם זאת, המדובר בנשק מאולתר בלא תחמושת אשר הוחזק בידי הנאשם זמן קצר בלבד. אין נתונים ביחס לכוונותיו של הנאשם בכל הנוגע לשימוש בנשק או להעברתו ויש להניח, אפוא, לטובתו, כי הוא לא החזיק בו למטרות פליליות או חבלניות.",דיון והכרעה,דיון והכרעה,דיון והכרעה,דיון והכרעה,דיון והכרעה,דיון והכרעה
ME-16-10-12213-904,"מדיניות הענישה הנהוגה בבתי המשפט ביחס לעבירות נשיאת נשק שלא כחוק היא מחמירה, בפרט ככל שהדברים אמורים בנשק אוטומטי. בית המשפט העליון עמד בשנים האחרונות על הצורך להחמיר את רמת הענישה בכגון דא מפאת הנזק הרב העלול להיגרם כתוצאה משימוש בנשק שלא כדין ולנוכח המצב הביטחוני הבעייתי בו שרויה המדינה. עמד על כך כב' השופט י' עמית ב- ע""פ 2398/14 אלהזייל נ' מדינת ישראל (ניתן ביום 8.7.14), בציינו כדלהלן:",דיון והכרעה,דיון והכרעה,דיון והכרעה,דיון והכרעה,דיון והכרעה,דיון והכרעה
ME-16-10-12213-904,"על מנת לשרטט כדבעי את מתחם העונש ההולם בעניינו של הנאשם, עיינתי בפסיקה רחבה העוסקת בעבירה הזהה לנידון דידן. אציין את המובן מאליו, מדיניות הענישה הנהוגה במקרים אלו הינה מגוונת. ברי, כי תלויה היא בנסיבותיו של כל מקרה ומקרה (סוג הנשק, הדרך שבה הוחזק, נישא וכיוצא באלה). כאן המקום להזכיר שבתיק בו עסקינן מדובר בנשק אוטומטי מסוג ""קרל גוסטב"".",דיון והכרעה,דיון והכרעה,דיון והכרעה,דיון והכרעה,דיון והכרעה,דיון והכרעה
ME-16-10-12213-904,"כך למשל, בפרשה שנדונה במסגרת ע""פ 3156/11 זראיעה נ' מדינת ישראל (ניתן ביום 21.02.12), דחה בית המשפט העליון ערעור על גזר דינו של בית המשפט המחוזי בנצרת, במסגרתו הושת על המערער עונש מאסר בן 24 חודשים לריצוי בפועל. עונש זה הוטל על המערער בגין ביצוען, על פי הודאתו, של עבירות שעניינן נשיאת והובלת נשק לפי סעיף 144(ב) לחוק העונשין והסתייעות ברכב לביצוע פשע. עבודות המקרה לימדו, כי המערער נסע ברכבו, לאחר שהסליק בו אקדח, מחסנית טעונה בכדורי אקדח בקוטר  וקופסאות עם כדורי אקדח בקוטר . האקדח והתחמושת נתפסו בחיפוש שגרתי שביצעה המשטרה ברכב.",דיון והכרעה,דיון והכרעה,דיון והכרעה,דיון והכרעה,דיון והכרעה,דיון והכרעה
ME-16-10-12213-904,"בפרשה שנדונה במסגרת ע""פ 3877/16 פאדי ג'באלי נ' מדינת ישראל (ניתן ביום 17.11.16), דחה בית המשפט העליון ערעור על גזר דינו של בית המשפט המחוזי מרכז-לוד, במסגרתו הושת על המערער (בעל עבר פלילי מכביד) עונש מאסר בן 34 חודשים לריצוי בפועל. עונש זה הוטל על המערער בגין ביצועה, על פי הודאתו, של עבירה שעניינה נשיאת נשק לפי סעיף 144(ב) לחוק העונשין. עבודות המקרה לימדו, כי בין המערער לבין קרוב משפחתו התגלע סכסוך. על רקע זה, השניים קבעו להיפגש בעיר טייבה לשם יישוב הסכסוך. המערער נסע ברכבו למקום המפגש יחד עם קרוב משפחתו ר'.ג' (קטין) כשהוא נושא עמו ברכב אקדח טעון במחסנית שהכילה 14 כדורים. כאן המקום לציין כי סוג כלי הנשק היה  אקדח מסוג ""גלוק"", אשר נגנב חודשים אחדים קודם לכן בהתפרצות לדירה בהוד השרון. כשהגיעו למקום המפגש, עצר המערער סמוך לרכב שבו ישבו קרובי משפחתו. הוא החביא את האקדח במכנסיו והתקרב יחד עם הקטין אל הרכב. באותו שלב הגיעו למקום שוטרים שהורו למערער ולקטין להרים ידיים, אך המערער כרע לכיוון הרצפה והשליך את האקדח מאחורי גבו. בית המשפט העליון דחה כאמור את הערעור. צוין, כי על אף גילו הצעיר למערער עבר פלילי מכביד ביותר ואת העבירה ביצע שבועות ספורים בלבד לאחר שסיים לרצות עונש מאסר ארוך.",דיון והכרעה,דיון והכרעה,דיון והכרעה,דיון והכרעה,דיון והכרעה,דיון והכרעה
ME-16-10-12213-904,"בפרשה נוספת שנדונה במסגרת ע""פ 2198/08 יוסף עוואדה נ' מדינת ישראל (ניתן ביום 8.6.08) דחה בית המשפט העליון ערעור על גזר דינו של בית המשפט המחוזי בנצרת, במסגרתו הושת על המערער עונש מאסר בן 8 חודשים לריצוי בפועל. עונש זה הוטל על המערער בגין ביצועה, על פי הודאתו, של עבירה שעניינה נשיאת נשק לפי סעיף 144(ב) לחוק העונשין. עבודות המקרה לימדו, כי בלשי משטרת נצרת הגיעו בחצות הליל, למבנה שבונה המערער בכפר כנא. באותה עת ישב במקום המערער יחד עם שלושה אחרים כשהוא נושא על גופו אקדח בקוטר 9 מ""מ. משנכנסו השוטרים לחדר בו ישבו הארבעה כיוון המערער את האקדח שנשא לעברו של אחד השוטרים ודרך אותו. השוטר צעק לעבר המערער ""עצור משטרה"", דרך אקדחו וכיוון אותו לעבר המערער. בתגובה לכך זרק המערער את האקדח מעבר לחלון.",דיון והכרעה,דיון והכרעה,דיון והכרעה,דיון והכרעה,דיון והכרעה,דיון והכרעה
ME-16-10-12213-904,"במסגרת תיק פלילי 16192-05-09 מדינת ישראל נ' מחאג'נה (ניתן ביום 18.10.09) גזר בית המשפט המחוזי בחיפה על הנאשם עונש מאסר בן 20 חודשים לריצוי בפועל בגין ביצועה, על פי הודאתו, של עבירת שעניינה נשיאת נשק (בצוותא חדא) לפי סעיפים 144(ב) רישא ו-29 לחוק העונשין. עובדות מקרה זה לימדו שהנאשם נסע באום אל פחם יחד עם אחר ברכב (אשר בבעלות האחר). באותה עת, בתא המטען של הרכב החזיקו הנאשם והאחר רובה תת מקלע מסוג ""קרלו"" ומחסנית המכילה 10 כדורי  אשר היתה במצב הכנס. במהלך הנסיעה הגיעו הנאשם והאחר סמוך למחסום משטרתי והשוטרים הורו להם לעצור אך האחר שנהג ברכב, עצר בפתאומיות והחל לנסוע לאחור בניסיון להימלט מהשוטרים. השוטרים שהיו במקום דלקו אחר הרכב ובהגיעם אליו, פתחו את דלת הנהג ודוממו את הרכב.",דיון והכרעה,דיון והכרעה,דיון והכרעה,דיון והכרעה,דיון והכרעה,דיון והכרעה
ME-16-10-12213-904,"במסגרת תיק פלילי 9111-02-15 מדינת ישראל נ' חאסרמה (ניתן ביום 20.9.15) גזר בית המשפט המחוזי בחיפה על הנאשם  עונש מאסר בן 10 חודשים לריצוי בפועל בגין ביצוען של שתי עבירות בנשק - האחת, לפי  סעיף 144(א) לחוק העונשין והשנייה לפי סעיף 144(ב) לחוק העונשין. עובדות המקרה בפרשה זו היו אלו:  עת הגיעו שוטרים לסוכת אבלים של משפחת חסארמה, בכפר בענה, במטרה לעכב את יוסף חסארמה לחקירה, הבחין בהם הנאשם שהיה במתחם והחל במנוסה מהם כאשר הוא נושא ומחזיק אקדח מסוג FN ומחסנית עם 13 כדורים 9 מ""מ. במהלך המנוסה מהשוטרים זרק הנאשם את האקדח והמחסנית.",דיון והכרעה,דיון והכרעה,דיון והכרעה,דיון והכרעה,דיון והכרעה,דיון והכרעה
ME-16-10-12213-904,"ראו גם: ת""פ 17520-03-14 מדינת ישראל נ' אבו אלהווה (ניתן ביום 31.12.14) במסגרתו גזר בית המשפט המחוזי בירושלים על הנאשם עונש מאסר בן 20 חודשים לריצוי בפועל, בגין ביצועה של עבירה שעניינה הובלת נשק (תת מקלע מאולתר, מחסנית ושמונה כדורי 9 מ""מ). הנאשם עשה כן  כאשר הנשק מוסלק מתחת למושב האחורי ברכב.",דיון והכרעה,דיון והכרעה,דיון והכרעה,דיון והכרעה,דיון והכרעה,דיון והכרעה
ME-16-10-12213-904,"בקביעת מתחם הענישה יש מקום להתחשב בהתקיימותן של נסיבות הקשורות בביצוע העבירה המשפיעות על חומרת מעשה העבירה ועל אשמו של הנאשם (סעיף 40 ט' לחוק העונשין). העבירה שאותה ביצע הנאשם שלפניי הייתה מתוכננת, גם אם כטענת סנגוריתו הוא מצא את כלי הנשק, הרי שהוא קיבל החלטה ברורה להותירו בידו ולשאתו עימו במהלך ימים ספורים. על פי העובדות שבכתב האישום, הנאשם לבדו ביצע את העבירה.",נסיבות הקשורות בביצוע העבירה (סעיף 40ט לחוק העונשין),דיון והכרעה,דיון והכרעה,דיון והכרעה,דיון והכרעה,דיון והכרעה
ME-16-10-12213-904,"הנזק הטמון בנשיאת נשק שלא כחוק ידוע – התגלגלותו לידיים בלתי מוסמכות ועשיית שימוש בלתי מוסמך בו, מה שעלול לסכן חיי אדם. בפועל, לא נגרם כל נזק כתוצאה מהמעשה.",נסיבות הקשורות בביצוע העבירה (סעיף 40ט לחוק העונשין),דיון והכרעה,דיון והכרעה,דיון והכרעה,דיון והכרעה,דיון והכרעה
ME-16-10-12213-904,"לאחר התחשבות במכלול השיקולים והנסיבות שלעיל, סברתי שראוי לקבוע מתחם ענישה הולם הנע בין 15 לבין 36 חודשי מאסר לריצוי בפועל לצד עונשים נלווים נוספים.",מתחם העונש ההולם,דיון והכרעה,דיון והכרעה,דיון והכרעה,דיון והכרעה,דיון והכרעה
ME-16-10-12213-904,"העונש המתאים לנאשם (סעיף 40 י""א לחוק העונשין)",מתחם העונש ההולם,דיון והכרעה,דיון והכרעה,דיון והכרעה,דיון והכרעה,דיון והכרעה
ME-16-10-12213-904,בגזירת העונש הראוי להיות מוטל על הנאשם שלפניי יש להתחשב בנסיבות שאינן קשורות בביצוע העבירה כדלהלן -,מתחם העונש ההולם,דיון והכרעה,דיון והכרעה,דיון והכרעה,דיון והכרעה,דיון והכרעה
ME-16-10-12213-904,"ריצוי עונש מאסר יפגע בנאשם, שהוא אדם נורמטיבי, אשר מעולם לא ריצה מאסר; הטלת עונש מאסר תפגע בהכרח גם במשפחתו של הנאשם, שלה הוא מסייע כלכלית לנוכח מות אביו והעדר השתכרות של אימו. הנאשם נטל אחריות על מעשיו הן בחקירתו, הן לפני בית המשפט. הוא הודה מייד וחסך בכך זמן שיפוטי יקר. התרשמותי מתוך עיון בתסקיר שירות המבחן היא שהוא מעוניין לחזור למוטב ולעשות מאמצים בכיוון זה. נסיבות חייו קשות, כמתואר בתסקיר, עברו הפלילי איננו נקי אך איננו מכביד.",מתחם העונש ההולם,דיון והכרעה,דיון והכרעה,דיון והכרעה,דיון והכרעה,דיון והכרעה
ME-16-10-12213-904,"בהתחשב במכלול, מצאתי לנכון להטיל עליו 3 שנות מאסר שמתוכן יהיו 20 חודשים לריצוי בפועל מיום מעצרו ה-1.10.16. היתרה תהא על תנאי שלא יעבור במשך 3 שנים עבירה על סעיף 144 לחוק העונשין.",מתחם העונש ההולם,דיון והכרעה,דיון והכרעה,דיון והכרעה,דיון והכרעה,דיון והכרעה
ME-16-10-12213-904,"אני מורה על חילוט הנשק שנמצא שלא כחוק בידי הנאשם וכן על חילוט כלי הרכב התפוס בידי המשטרה ושבו נעשה שימוש בביצוע העבירה. על פי בקשת ההגנה ובהעדר התנגדות מצד המאשימה, יוחזר מכשיר טלפון סלולרי אשר הוחרם מידיו של הנאשם במהלך החקירה, לידי אחיו נג'ואן.",מתחם העונש ההולם,דיון והכרעה,דיון והכרעה,דיון והכרעה,דיון והכרעה,דיון והכרעה
ME-16-11-56385-886,"חוק העונשין, תשל""ז-1977: סע'  144(א)",nothing,מידע אחר,מידע אחר,מידע אחר,מידע אחר,מידע אחר
ME-16-11-56385-886,"הנאשם הורשע על יסוד הודאתו בעבירה של החזקת נשק שלא כדין,  לפי סעיף 144(א) רישא לחוק העונשין תשל""ז-1977.",כללי,עובדות המקרה,עובדות המקרה,עובדות המקרה,עובדות המקרה,עובדות המקרה
ME-16-11-56385-886,"במסגרת הסדר הטיעון שגובש בין הצדדים תוקן כתב האישום, אולם לא גובשה הסכמה לעניין העונש, ובהקשר זה, טען כל צד על-פי מיטב שיקול דעתו.",כללי,עובדות המקרה,עובדות המקרה,טיעוני הצדדים,טיעוני הצדדים,עובדות המקרה
ME-16-11-56385-886,"על-פי האמור בכתב האישום, ביום 14.10.07 נגנב אקדח מסוג ""יריחו"" מבעליו, וביום 18.11.16 החזיק הנאשם באקדח הגנוב, בכיס מעילו, כשהוא דרוך, טעון ומוכן לירי.",כללי,עובדות המקרה,עובדות המקרה,עובדות המקרה,עובדות המקרה,עובדות המקרה
ME-16-11-56385-886,"לשיטת התביעה, יש לראות בנסיבות ההחזקה, כפי שתוארו בכתב האישום, כבעלות פוטנציאל משמעותי לפגוע בביטחון הציבור, וככאלה המצדיקות השתת עונש מאסר משמעותי. נטען, כי בנסיבות קלות יותר קבעו בתי המשפט מתחם עונש הולם הנע בין שנת מאסר לשלוש שנות מאסר, כאשר במקרה שלפנינו, יש לקבוע מתחם גבוה במעט מאותו מתחם שנקבע. התובע, עו""ד מיכאל כהן, הפנה למספר רב של פסקי דין, וסבר כי גם אם משקללים את הודאת הנאשם ונסיבותיו האישיות, הרי לאור עברו הפלילי, יש מקום להטלת עונש מאסר המצוי בשליש העליון של מתחם הענישה, בצירוף לקנס ומאסר מותנה.",	טיעוני הצדדים,טיעוני הצדדים,טיעוני הצדדים,טיעוני הצדדים,טיעוני הצדדים,טיעוני הצדדים
ME-16-11-56385-886,"הסניגור, עו""ד נעאמנה, עתר להשתת עונש נמוך באופן משמעותי מהעונש לו עתרה התביעה, תוך הפניית בית המשפט לפסקי דין התומכים בעמדתו. הוסבר, כי מניתוח הנסיבות ורף הענישה שנקבע בפסיקה, יש לקבוע מתחם עונש הולם הנע בין מאסר לתקופה אותה ניתן לרצות בדרך של עבודות שירות (ברף התחתון) ועד 12 חודשי מאסר (ברף העליון). הסנגור התייחס לנסיבותיו האישיות של הנאשם, לאירוע המוחי שעבר (הוצגו מסמכים), לאירוע בו נדקר בבית המעצר, למצבו המשפחתי (נשוי ואב לחמישה ילדים שהגדול ביניהם בן 7.5), וכן למשקל הנמוך שיש ליתן לעברו הפלילי הישן. על יסוד הנתונים שפורטו לעיל, סבר הסנגור כי יש מקום להשתת ענישה המשקפת את תקופת מעצרו של הנאשם (כחמישה חודשים), ולכל היותר, בתוספת מצומצמת בלבד.",	טיעוני הצדדים,טיעוני הצדדים,טיעוני הצדדים,טיעוני הצדדים,טיעוני הצדדים,טיעוני הצדדים
ME-16-11-56385-886,"דומה כי אין צורך להכביר מילים על החומרה הרבה הקיימת בעבירות נשק, עבירות אשר טומנות בחובן פוטנציאל גבוה לפגיעה בגוף, ומקימות סיכון ממשי וחמור לציבור.",דיון והכרעה,דיון והכרעה,דיון והכרעה,דיון והכרעה,דיון והכרעה,דיון והכרעה
ME-16-11-56385-886,"עמד על כך בית המשפט העליון בע""פ 5120/11 שתיווי נ' מדינת ישראל (18.12.2011) שם נקבעו הדברים הבאים:",דיון והכרעה,דיון והכרעה,דיון והכרעה,דיון והכרעה,דיון והכרעה,דיון והכרעה
ME-16-11-56385-886,"בענייננו, וכפי שטען התובע, בקביעת המתחם יש מקום ליתן ביטוי לעובדה כי הנשק הוחזק כשהוא דרוך, טעון ומוכן לירי, אף שלא צוין בכתב האישום הרקע להחזקתו או נתון בדבר כוונה לעשות בו שימוש.",דיון והכרעה,דיון והכרעה,דיון והכרעה,דיון והכרעה,דיון והכרעה,דיון והכרעה
ME-16-11-56385-886,"מתוך כלל פסקי הדין שהוגשו על-ידי הצדדים, ואחרים שאותרו על ידי, ראיתי לציין את פסקי הדין הבאים כרלוונטיים לקביעת מתחם העונש ההולם:",דיון והכרעה,דיון והכרעה,דיון והכרעה,דיון והכרעה,דיון והכרעה,דיון והכרעה
ME-16-11-56385-886,"רע""פ 2281/15 חדיג'ה נ' מדינת ישראל (27.4.2015) שם הורשע הנאשם בהחזקת נשק (אקדח, שתי מחסניות ו-18 כדורים) כשהם עטופים בשקית ומוטמנים באדמה. בית משפט השלום גזר על הנאשם שישה חודשי מאסר לריצוי בפועל, אולם בית המשפט המחוזי קיבל את ערעור המדינה, והעמיד את העונש על 10 חודשי מאסר. בית המשפט העליון דחה את בקשת רשות הערעור, תוך שציין כי העונש שהושת על הנאשם אינו חורג ממדיניות הענישה המקובלת.",דיון והכרעה,דיון והכרעה,דיון והכרעה,דיון והכרעה,דיון והכרעה,דיון והכרעה
ME-16-11-56385-886,"ע""פ 2398/14 אלהוזייל נ' מדינת ישראל (8.7.2014) שם הורשע הנאשם בעבירה של החזקת נשק (אקדח, מחסנית עם 8 כדורים וקופסה ובה 38 כדורים נוספים). בית המשפט המחוזי הטיל עונש של 13 חודשי מאסר, ובית המשפט העליון דחה את הערעור.",דיון והכרעה,דיון והכרעה,דיון והכרעה,דיון והכרעה,דיון והכרעה,דיון והכרעה
ME-16-11-56385-886,"ע""פ 4329/10 אסמאעיל נ' מדינת ישראל (14.11.2010) שם דובר בנאשם אשר הורשע בהחזקה ונשיאה של נשק (אקדח טעון) והוטלו עליו 20 חודשי מאסר. בית המשפט העליון דחה את הערעור אף שדובר בנאשם צעיר ונורמטיבי ללא עבר פלילי, אשר קיבל אחריות על מעשיו. לציין, כי מקרה זה חמור מענייננו, נוכח הרשעת הנאשם שם בעבירה של נשיאת נשק, מעבר לעבירת ההחזקה בה הורשע הנאשם שבפניי.",דיון והכרעה,דיון והכרעה,דיון והכרעה,דיון והכרעה,דיון והכרעה,דיון והכרעה
ME-16-11-56385-886,"רע""פ 1246/17 מטר נ' מדינת ישראל (12.3.2017) שם הורשע הנאשם בעבירה של החזקת נשק והחזקת אביזר לנשק, וזאת ביחס להחזקת אקדח, שתי מחסניות וקופסת כדורים. לציין, כי באותו מקרה החזיק הנאשם את הנשק בביתו, כשהוא טעון במחסנית, ולצידו מחסנית נוספת מלאה בכדורים. בית משפט השלום גזר על הנאשם עונש של שישה חודשי מאסר לריצוי בדרך של עבודות שירות, אולם בית המשפט המחוזי קיבל את ערעור המדינה, העמיד את הרף התחתון של מתחם הענישה על תשעה חודשי מאסר, וגזר עונש זה על הנאשם. בית המשפט העליון דחה את בקשת רשות הערעור שהוגשה על-ידי הנאשם, וקבע כי מדובר בעונש הולם שאינו מצדיק התערבות.",דיון והכרעה,דיון והכרעה,דיון והכרעה,דיון והכרעה,דיון והכרעה,דיון והכרעה
ME-16-11-56385-886,"רע""פ 4559/16 נוסיראת נ' מדינת ישראל (22.6.2016) שם הורשע הנאשם בעבירה של החזקת נשק ותחמושת, תוך שבית משפט השלום קבע מתחם הנע בין תשעה חודשי מאסר לעשרים וארבעה חודשי מאסר, ואגב כך, חרג לקולא מהמתחם והשית על הנאשם שישה חודשי מאסר לריצוי בדרך של עבודות שרות. בית המשפט המחוזי קיבל את ערעור המדינה, וקבע כי מדיניות הענישה הנוהגת מצדיקה הטלת עונש מאסר לריצוי בפועל גם על מי שזו עבירתו הראשונה, מה גם שלא הייתה הצדקה לחרוג ממתחם העונש ההולם שנקבע, ועל כן הטיל על הנאשם תשעה חודשי מאסר. בית המשפט העליון דחה את בקשת רשות הערעור שהגיש הנאשם.",דיון והכרעה,דיון והכרעה,דיון והכרעה,דיון והכרעה,דיון והכרעה,דיון והכרעה
ME-16-11-56385-886,"ע""פ 3288/14 מדינת ישראל נ' קריספיל (24.8.2014) שם הורשע הנאשם בעבירות של החזקת נשק שלא ברשות, והחזקת נכס חשוד כגנוב, וזאת לאחר שנסע לכתובת מסוימת בעיר עפולה, נכנס לדירה ויצא ממנה כעבור מספר דקות, כשהוא מחזיק בידו שקית ובה אקדח טעון ומשתיק קול. בית המשפט המחוזי קבע כי מתחם העונש ההולם נע בין שישה חודשי מאסר לעשרים ושניים חודשי מאסר, והטיל על הנאשם עונש של תשעה חודשי מאסר. בית המשפט העליון ציין כי בשנים האחרונות חלה עליה מטרידה בכל הקשור להחזקת נשק שלא כדין, סחר בנשק והובלת נשק, ועמד על חומרת עבירות אלה נוכח פוטנציאל ההרס הטמון בכלי הנשק, הכולל גם אפשרות לפגיעה עיוורת באנשים מן היישוב. על יסוד נימוקים אלה, ונוספים, קיבל בית המשפט העליון את ערעור המדינה והעמיד את עונשו של הנאשם על שמונה עשר חודשי מאסר.",דיון והכרעה,דיון והכרעה,דיון והכרעה,דיון והכרעה,דיון והכרעה,דיון והכרעה
ME-16-11-56385-886,"טרם אחתום חלק זה של סקירת הפסיקה, אציין כי באותם מקרים שהתבררו תחילה בבתי משפט השלום, והענישה בהם הוחמרה בבתי המשפט המחוזיים (ובדוגמאות שפורטו, ל – 9 חודשי מאסר) יש לזכור כי ענישה זו, מטבעה, לוקחת בחשבון כי ערכאת הערעור אינה ממצה את הדין.",דיון והכרעה,דיון והכרעה,דיון והכרעה,דיון והכרעה,דיון והכרעה,דיון והכרעה
ME-16-11-56385-886,"על יסוד האמור לעיל, ולאחר שלקחתי בחשבון את עוצמת הפגיעה בערכים המוגנים, את נסיבות ביצוע העבירה, ואת רף הענישה שנקבע בפסיקה, סבורני כי יש לקבוע מתחם עונש הולם הנע בין תשעה חודשי מאסר לבין שלושים חודשי מאסר.",דיון והכרעה,דיון והכרעה,דיון והכרעה,דיון והכרעה,דיון והכרעה,דיון והכרעה
ME-16-11-56385-886,"כעת, יש לבחון את העונש המתאים לנאשם בגדרו של מתחם העונש ההולם, וזאת תוך מתן משקל לנתונים הבאים:",דיון והכרעה,דיון והכרעה,דיון והכרעה,דיון והכרעה,דיון והכרעה,דיון והכרעה
ME-16-11-56385-886,"(א) הודאת הנאשם ולקיחת האחריות - אין חולק כי מדובר בנתון המצדיק הקלה בעונש, הן נוכח מוטיב החיסכון בזמן הציבורי, אך בעיקר נוכח מוטיב ההפנמה והרכנת הראש הטמון בו;",דיון והכרעה,דיון והכרעה,דיון והכרעה,דיון והכרעה,דיון והכרעה,דיון והכרעה
ME-16-11-56385-886,"(ב) מצבו הרפואי של הנאשם - עיון במסמכים הרפואיים שהוגשו על-ידי הסנגור, מלמד כי מדובר בנאשם בן 34, אשר עבר בסוף שנת 2015 אירוע מוחי משמעותי, והיה מונשם משך תקופה ממושכת. כחלק מאותו אירוע סבל הנאשם מפרכוסים ופגיעה בגפיים, ועל-פי המסמכים הרפואיים שהוגשו נותר נזק נוירולוגי מסוים המצריך המשך טיפול על ידי גורמים שונים, על אף שהנאשם עבר הליך שיקום. זאת ועוד, במהלך החזקתו של הנאשם בבית המעצר בתיק הנוכחי, הוא הובהל לבית החולים לאחר שנדקר דקירות סכין מרובות, כאשר במהלך האשפוז ובהיותו מונשם לקה באוטם מוחי (ראה אסופת המסמכים הרפואיים – נע/1).",דיון והכרעה,דיון והכרעה,דיון והכרעה,דיון והכרעה,דיון והכרעה,דיון והכרעה
ME-16-11-56385-886,"(ג) נסיבות אישיות - הנאשם נשוי, ואב לחמישה ילדים קטנים (הגדול – בן 7.5 שנים). בהינתן האמור, ולאחר ששמעתי את עדותה של אשתו אודות השפעת הענישה על התא המשפחתי וילדיהם הקטינים, ראיתי ליתן משקל מסוים לקולא לנתונים האמורים.",דיון והכרעה,דיון והכרעה,דיון והכרעה,דיון והכרעה,דיון והכרעה,דיון והכרעה
ME-16-11-56385-886,"(ד) עבר פלילי - לנאשם הרשעות קודמות במגוון עבירות, ודי בכך לכאורה כדי להצדיק קביעת עונש מתאים שאינו משקף את הרף התחתון של מתחם הענישה. עם זאת, רובם המכריע של הרשעות הנאשם הן הרשעות ישנות ועל כן, משקלו של העבר הפלילי בקביעת העונש המתאים אינו רב (הרשעה אחרונה משקפת עבירה של החזקת סם לצריכה עצמית שבוצעה לפני כ-7 שנים, וההרשעה הקודמת לכך משקפת עבירות רכוש שבוצעו לפני כ-14 שנים ובגינן הוארך עונש מותנה).",דיון והכרעה,דיון והכרעה,דיון והכרעה,דיון והכרעה,דיון והכרעה,דיון והכרעה
ME-16-11-56385-886,"לאחר ששקלתי את השיקולים השונים, ראיתי להטיל את העונשים הבאים:",סיכום,דיון והכרעה,דיון והכרעה,דיון והכרעה,דיון והכרעה,דיון והכרעה
ME-16-11-56385-886,"(א) 11 חודשי מאסר לריצוי בפועל, החל מיום מעצרו 18.11.16.",סיכום,דיון והכרעה,דיון והכרעה,דיון והכרעה,דיון והכרעה,דיון והכרעה
ME-16-11-56385-886,"(ב) 6 חודשי מאסר אולם הנאשם לא יישא עונש זה אלא אם יעבור, תוך 3 שנים מיום שחרורו, את העבירה בה הורשע או סיוע לעבירה זו.",סיכום,דיון והכרעה,דיון והכרעה,דיון והכרעה,דיון והכרעה,דיון והכרעה
ME-16-11-56385-886,"(ג) קנס בסך 4,000 ₪ או 10 ימי מאסר תמורתו.",סיכום,דיון והכרעה,דיון והכרעה,דיון והכרעה,דיון והכרעה,דיון והכרעה
ME-16-11-56385-886,ניתן צו כללי למוצגים לשיקול דעת קצין משטרה ו/או התביעה.,סיכום,דיון והכרעה,דיון והכרעה,דיון והכרעה,דיון והכרעה,מידע אחר
ME-16-12-50986-619,"בטרם שמיעת הראיות, הגיעו הצדדים להסדר טיעון במסגרתו כתב האישום שהוגש נגד הנאשם תוקן והנאשם הודה בעובדות כתב האישום המתוקן, שאלה עיקריהן:",כללי,עובדות המקרה,עובדות המקרה,עובדות המקרה,עובדות המקרה,עובדות המקרה
ME-16-12-50986-619,"שריף אלקאדי, באקר אלקאדי, סהר אלקאדי והאני אלקאדי הם קרובי משפחה המתגוררים בשכונה 20 ברהט (להלן: ""המתלוננים""). בין משפחת הנאשם למשפחת המתלוננים ישנו סכסוך קודם לאירוע שיתואר בהמשך (להלן: ""הסכסוך""). במסגרת הסכסוך, החליטו הנאשם ואחרים שזהותם אינה ידועה למאשימה להתגרות במתלוננים. בתאריך 15.12.16 בסמוך לשעה 14:45 הגיעו הנאשם והאחרים ברכב מסוג ב.מ.וו, השייך לנאשם, לשכונה 20 ברהט והחלו לנסוע במהירות הלוך ושוב בכביש הסמוך לבתי המתלוננים, על מנת להקניטם. כתוצאה מהרעש הרב שגרמה נסיעת הרכב, יצאו המתלוננים מבתיהם ונעמדו בסמוך לכביש. כאשר הרכב חלף במהירות על פני המתלוננים, אחד מהם סימן לרכב לעצור, אך הנאשם והאחרים המשיכו בנסיעה מהירה לכיוון היציאה מהשכונה, שם ביצעו פניית פרסה וחזרו שוב בנסיעה לעבר המתלוננים. אחד המתלוננים אחז צינור מתכת בידו וכשהנאשם והאחרים חלפו שוב על פניו הוא השליך את הצינור לעבר הרכב ופגע בחלקו האחורי. הנאשם והאחרים נסעו מהמקום, וקשרו ביניהם קשר לחזור לשכונה 20 במטרה לאיים על המתלוננים באמצעות נשק חם שהיה ברשותם, ללא היתר או רישיון כדין, על מנת להקניטם או להפחידם. הנאשם והאחרים הצטיידו בכלי נשק (להלן: ""הנשק""), וחבשו כובעים וחם- צוואר על מנת להקשות על זיהויים. בסמוך לאחר מכן, לאחר השעה 15:00, חזרו הנאשם והאחרים לשכונה 20. באותה העת המתלוננים עמדו בסמוך לכביש ליד אחד הבתים בשכונה. הנאשם והאחרים הגיעו בנסיעה לעבר המתלוננים וכשהתקרבו אליהם, אחד מהם הוציא את פלג גופו העליון מחלון הגג הנפתח ברכב כשהוא נושא את הנשק, וזאת בכוונה להפחידם. המתלוננים נבהלו למראה הנשק וניסו להסתתר מפני הנאשם והאחרים.  הנאשם והאחרים עזבו את השכונה אך חזרו אליה כעבור כמה דקות, כדי לשוב ולאיים על המתלוננים. הנאשם נשא את הנשק, הוציא את פלג גופו העליון מחלון גג הרכב, וירה מהנשק מספר קליעים באוויר, במטרה להפחיד את המתלוננים. לאחר מכן הנאשם והאחרים עזבו את המקום.",כללי,עובדות המקרה,עובדות המקרה,עובדות המקרה,עובדות המקרה,עובדות המקרה
ME-16-12-50986-619,"על יסוד הודאת הנאשם בעובדות, כאמור, הוא הורשע בעבירות של קשירת קשר לפשע, לפי סעיף 449(א)(1) לחוק העונשין תשל""ז-1977 (להלן: ""חוק העונשין""); הובלה ונשיאת נשק, לפי סעיף 144(ב) לחוק העונשין; איומים, לפי סעיף 192 לחוק העונשין;  וירי באזור מגורים, לפי סעיף 340 א' לחוק העונשין.",כללי,עובדות המקרה,עובדות המקרה,עובדות המקרה,עובדות המקרה,עובדות המקרה
ME-16-12-50986-619,"במסגרת הסדר הטיעון הסכימו הצדדים כי התביעה תעתור להטיל על הנאשם שלוש שנות מאסר בפועל, מאסר על תנאי וקנס, וההגנה תטען לעונש כראות עיניה.",כללי,עובדות המקרה,עובדות המקרה,עובדות המקרה,עובדות המקרה,עובדות המקרה
ME-16-12-50986-619,"לבקשת ההגנה ובהסכמת התביעה, שירות המבחן התבקש להכין תסקיר על הנאשם.",כללי,עובדות המקרה,עובדות המקרה,תסקיר שירות מבחן,תסקיר שירות מבחן,עובדות המקרה
ME-16-12-50986-619,"הנאשם בן 26, רווק. טרם מעצרו התגורר בבית אמו ברהט. מסר, כי עבד כעוזר חשמלאי. לדבריו סיים 12 שנות לימוד. לנאשם 8 אחים מאמו ואביו ו- 12 אחים נוספים מנישואי אביו לשלוש נשים נוספות.",5.	תסקיר שירות המבחן,תסקיר שירות מבחן,תסקיר שירות מבחן,תסקיר שירות מבחן,תסקיר שירות מבחן,תסקיר שירות מבחן
ME-16-12-50986-619,"הנאשם שיתף כי בהיותו בן 16 חבר לבני נוער חסרי מסגרת והסתבך בפלילים. לחובתו ארבע הרשעות קודמות בגין עבירות רכוש, הצתה והפרת הוראה חוקית.",5.	תסקיר שירות המבחן,תסקיר שירות מבחן,תסקיר שירות מבחן,תסקיר שירות מבחן,תסקיר שירות מבחן,תסקיר שירות מבחן
ME-16-12-50986-619,"ביחס לעבירות כאן, הנאשם לוקח אחריות חלקית על ביצוען. לטענתו, במועד האירוע  שתה אלכוהול עם חבריו, ובהמשך הם עברו עם רכבם מספר פעמים סמוך לביתם של המתלוננים. הנאשם שלל כוונה להקניט את המתלוננים. תיאר, כי לאחר שאחד המתלוננים השליך מוט ברזל לעבר הרכב- אקט שתורגם מצדו כפגיעה בכבודו-  חש כי עליו לנקוט בפעולה כדרך להשיב את כבודו ולכן הביא נשק שהיה שייך לאחד מחבריו במטרה לירות באוויר ולהפחיד את המתלונן. ציין, כי לאחר שחברו לא הצליח לירות, הוא לקחת מידיו את הנשק וירה באוויר לעבר המתלוננים.",5.	תסקיר שירות המבחן,תסקיר שירות מבחן,תסקיר שירות מבחן,טיעוני הצדדים,תסקיר שירות מבחן,תסקיר שירות מבחן
ME-16-12-50986-619,"בשיחה עם שירות המבחן השליך הנאשם את נסיבות ביצוע העבירה על העובדה שהיה תחת השפעת אלכוהול. וטען כי התנהגותו באירוע אינה מאפיינת אותו. הוסיף, כי מעולם לא התנסה בסמים ושלל בעייתיות בתחום האלכוהול.",5.	תסקיר שירות המבחן,תסקיר שירות מבחן,תסקיר שירות מבחן,תסקיר שירות מבחן,תסקיר שירות מבחן,תסקיר שירות מבחן
ME-16-12-50986-619,"שירות המבחן התרשם כי לנאשם קושי בוויסות דחפים ונטייה לפעול ללא הפעלת שיקול דעת ובחינת השלכות מעשיו, והעריך כי הנאשם מחזיק בעמדות מסורתיות הקשורות לתפיסה כי במקרה של פגיעה בכבודו או בכבוד משפחתו קיימת לגיטימציה לתגובה אלימה. עוד התרשם שירות המבחן כי הנאשם מתקשה להתייחס לפגיעה במתלוננים ואינו מגלה אמפטיה כלפיהם, והעריך כי קיימת רמת סיכון בינונית להתנהגות תוקפנית ברמת חומרה בינונית.",5.	תסקיר שירות המבחן,תסקיר שירות מבחן,תסקיר שירות מבחן,תסקיר שירות מבחן,תסקיר שירות מבחן,תסקיר שירות מבחן
ME-16-12-50986-619,"שירות המבחן לא המליץ על חלופת ענישה או שיקום במסגרת הקהילה, והעריך כי התייחסות מוחשית וקונקרטית תחבר את הנאשם למחירים של התנהגות אלימה בעתיד.",5.	תסקיר שירות המבחן,תסקיר שירות מבחן,תסקיר שירות מבחן,תסקיר שירות מבחן,תסקיר שירות מבחן,תסקיר שירות מבחן
ME-16-12-50986-619,"הנאשם הגיש חוות דעת של קרימינולוגית, בה נכתב כי הנאשם מביע רצון להשתלב בתהליך טיפולי בתחום האלכוהול והומלץ לעשות כן.",5.	תסקיר שירות המבחן,תסקיר שירות מבחן,תסקיר שירות מבחן,תסקיר שירות מבחן,תסקיר שירות מבחן,תסקיר שירות מבחן
ME-16-12-50986-619,"התביעה טענה, כי מתחם העונש ההולם למעשה הנאשם נע בין 3 ל- 5 שנות מאסר בפועל. היא עמדה על הערכים החברתיים שנפגעו מביצוע העבירה; על מדיניות הענישה בעבירות הנשק; ועל נסיבות ביצוע העבירה. והסבירה, כי הסכמתה לטעון לשלוש שנות מאסר, מתחשבת בהודאת הנאשם בביצוע העבירות כבר בשלב החקירה, בגילו הצעיר, ובעברו הפלילי שאינו מכביד ואינו כולל עבירות בתחום הנשק. עוד ציינה, כי הנאשם שלל נזקקות טיפולית ולא עבר הליך טיפולי כלשהו, והפנתה לאמור בתסקיר שירות המבחן ולהתרשמות שירות המבחן כי קיימת רמת סיכון בינונית להתנהגות תוקפנית מצד הנאשם. עתרה לקבל את עמדת התביעה ולהטיל על הנאשם 3 שנות מאסר בפועל, מאסר מותנה וקנס משמעותי. הגישה את המרשם הפלילי של הנאשם ופסיקה.",טענות הצדדים,טיעוני הצדדים,טיעוני הצדדים,טיעוני הצדדים,טיעוני הצדדים,טיעוני הצדדים
ME-16-12-50986-619,"לעניין חוות הדעת של הקרימינולוגית מטעם ההגנה, טענה, כי ההמלצות בחוות הדעת נבחנו על ידה ונדחו, בהתבסס על עמדת הפסיקה הנותנת עדיפות לתסקירי שירות המבחן על פני חוות דעת פרטיות.",טענות הצדדים,טיעוני הצדדים,טיעוני הצדדים,טיעוני הצדדים,טיעוני הצדדים,טיעוני הצדדים
ME-16-12-50986-619,"ההגנה טענה, כי נסיבות המקרה מצדיקות להטיל על הנאשם מאסר בעבודת שירות. נטען, כי אמנם בוצע ירי בנשק, אך האירוע במהותו הוא אירוע איומים. בתחילת האירוע הנאשם והאחרים רצו להתגרות במתלוננים באמצעות נסיעה רועשת ברחוב מגוריהם, ובתגובה, אחד המתלוננים השליך לעבר הרכב מוט מתכת ופגע בו. בעקבות זאת הנאשם והאחרים עזבו את המקום והחליטו לחזור אליו על מנת לאיים על המתלוננים באמצעות נשק. לא היתה לנאשם ולאחרים כוונה לפגוע במי מהמתלוננים אלא לאיים עליהם ולהפחידם. צוין, כי הנאשם החזיק פיזית לראשונה בנשק כשהם נכנסו לשכונה בפעם השלישית ואז ירה באוויר, ולא לעבר המתלוננים. בפועל, לא נגרם נזק. האירוע התרחש במסגרת סכסוך בין משפחות, ונערכה סולחה בין הצדדים. הפנה לפסיקה, וטען כי הפסיקה שהגישה התביעה דנה במקרים חמורים יותר.",טענות הצדדים,טיעוני הצדדים,טיעוני הצדדים,טיעוני הצדדים,טיעוני הצדדים,טיעוני הצדדים
ME-16-12-50986-619,"צוין שהנאשם בן 26, רווק. סיים 12 שנות לימוד. נטען, שעברו הפלילי אינו מכביד, מגיל צעיר הוא נאלץ לעבוד ולעזור בפרנסת המשפחה, והוא אדם חיובי במהותו. נטען כי שליחת הנאשם לכלא תפגע גם באינטרס הציבורי. נטען כי המעשים בוצעו תחת השפעת אלכוהול וכי לנאשם רצון ומוטיבציה להשתקם, ויש לאפשר לו למצות מהלך שיקומי טרם גזירת הדין. וצוין שהנאשם היה עצור במשך חודשיים ואחר כך שהה במעצר בית מלא.",טענות הצדדים,טיעוני הצדדים,טיעוני הצדדים,ראיות לעונש,טיעוני הצדדים,טיעוני הצדדים
ME-16-12-50986-619,"3.	הנאשם אמר כי הוא יודע שהוא עשה טעות ושעל טעויות משלמים, וציין כי הוא נרשם ביחידת הטיפול באלכוהול.",טענות הצדדים,טיעוני הצדדים,טיעוני הצדדים,ראיות לעונש,טיעוני הצדדים,טיעוני הצדדים
ME-16-12-50986-619,"הנאשם וחבריו הגיעו לשכונת מגורי המתלוננים ברכבו של הנאשם, באמצע היום, במטרה להתגרות במתלוננים. הם נסעו במהירות בכביש הסמוך לבתי המתלוננים, הלוך ושוב, תוך גרימת רעש רב, כדי להקניט את המתלוננים, ובהמשך, הם חזרו למקום עם נשק, נסעו לעבר המתלוננים, כשאחד מנוסעי הרכב מחזיק בידיו בנשק בצורה גלויה ומפחיד את המתלוננים שהיו במקום, ואחר כך הנאשם אוחז בנשק ויורה בו באוויר כדי להפחיד את המתלוננים.",דיון והכרעה,דיון והכרעה,דיון והכרעה,עובדות המקרה,עובדות המקרה,דיון והכרעה
ME-16-12-50986-619,"ההגעה המתגרה אל מקום מגורי המתלוננים, תוך נסיעה רועשת ומתריסה, המטילה כשלעצמה אימה והמסכנת מטבעה את הנמצאים בסביבה, היא ביטוי של בריונות בלתי נסבלת, הפורעת את הסדר הקהילתי והציבורי.",דיון והכרעה,דיון והכרעה,דיון והכרעה,דיון והכרעה,עובדות המקרה,דיון והכרעה
ME-16-12-50986-619,"הנאשם וחבריו לא הסתפקו במופע הפרוע בסיבוב הראשון והם חזרו למקום מצוידים בנשק, נסעו ברכב לעבר המתלוננים ואחד מנוסעי הרכב החזיק בנשק בצורה גלויה ומאיימת, שהפחידה את המתלוננים וגרמה להם לנסות להסתתר מפני הסכנה.",דיון והכרעה,דיון והכרעה,דיון והכרעה,דיון והכרעה,דיון והכרעה,דיון והכרעה
ME-16-12-50986-619,גם מופע האימים הזה לא קירר את דעתו של הנאשם וכעבור מספר דקות הוא וחבריו  חזרו לשכונת מגורי המתלוננים ותוך כדי נסיעה ברכב הנאשם הוציא את פלג גופו העליון מגג הרכב וירה מהרובה שבידו מספר יריות באוויר כדי להפחיד את המתלוננים.,דיון והכרעה,דיון והכרעה,דיון והכרעה,דיון והכרעה,דיון והכרעה,דיון והכרעה
ME-16-12-50986-619,"כל בר דעת מבין את הסכנות הטבועות בירי מנשק - גם באוויר - בקרבת בני אדם, ובמיוחד כשהירי מתבצע מתוך רכב ובאווירה מתלהמת.",דיון והכרעה,דיון והכרעה,דיון והכרעה,דיון והכרעה,דיון והכרעה,דיון והכרעה
ME-16-12-50986-619,"נשק הוא כלי מסוכן. בכוחו לפצוע ואף להמית. החזקתו והפעלתו מחייבות ידע, מיומנות ושמירת כללי זהירות. בשל כך, החזקת נשק מחייבת רישוי, הניתן על ידי המדינה במשורה והוא כרוך בעמידה במאפיינים ובקריטריונים, בהמלצת המשטרה ובהכשרה עיונית ומעשית. והחזקתו ללא רשות כדין היא עבירה שהעונש הקבוע לצדה הוא 7 שנות מאסר.",דיון והכרעה,דיון והכרעה,דיון והכרעה,דיון והכרעה,דיון והכרעה,דיון והכרעה
ME-16-12-50986-619,"הערכים החברתיים שנפגעו מביצוע העבירות ע""י הנאשם, הם בין היתר, שמירת שלוות הפרט מפני איום ופגיעה; שמירת הסדר הציבורי; שמירת הגוף; ושמירת בטחון הציבור. בנסיבות, מידת הפגיעה בהם היא משמעותית, בין היתר בהתחשב בכך שהמדובר בירי בנשק חם בשכונת מגורים, בקרבת בני אדם ומתוך רצון להפחיד ולאיים.",דיון והכרעה,דיון והכרעה,דיון והכרעה,דיון והכרעה,דיון והכרעה,דיון והכרעה
ME-16-12-50986-619,"כברוב העבירות, גם בעבירות הנשק, ניתן למצוא קשת רחבה של עונשים, המושפעת מנתונים ומרכיבים שונים ובהם סוג הנשק וטיבו ונסיבות המעשה והעושה.",דיון והכרעה,דיון והכרעה,דיון והכרעה,דיון והכרעה,דיון והכרעה,דיון והכרעה
ME-16-12-50986-619,"עם זאת, בשנים האחרונות ישנה מגמת החמרה מוצהרת בענישת עבירות נשק -",דיון והכרעה,דיון והכרעה,דיון והכרעה,דיון והכרעה,דיון והכרעה,דיון והכרעה
ME-16-12-50986-619,"""דברים אלה עולים בקנה אחד עם פסיקתו של בית משפט זה, הנוטה להחמיר בעבירות של החזקת נשק שלא כדין ושימוש בנשק, בדרך של ענישה מרתיעה והרחקת מבצע העבירה מן החברה לתקופה מסוימת. זאת, בעיקר בשל כך שעבירות מסוג זה מקימות פוטנציאל להסלמה עבריינית ויוצרות סיכון ממשי וחמור לשלום הציבור וביטחונו"". (ע""פ 3156/11 ג'מיל זראיעה נ' מדינת ישראל [פורסם בנבו](21.02.12))",דיון והכרעה,דיון והכרעה,דיון והכרעה,דיון והכרעה,דיון והכרעה,דיון והכרעה
ME-16-12-50986-619,"""נוכח היקפן המתרחב של עבירות המבוצעות בנשק בכלל וסחר בנשק בפרט, וזמינותו המדאיגה של נשק בלתי חוקי במחוזותינו, התעורר הצורך להחמיר בעונשי המאסר המוטלים בעבירות אלה. אכן, ""התגלגלותם"" של כלי נשק מיד ליד ללא פיקוח עלול להוביל להגעתם בדרך לא דרך לגורמים פליליים ועוינים. אין לדעת מה יעלה בגורלם של כלי נשק אלה ולאילו תוצאות הרסניות יובילו – בסכסוך ברחוב, בקטטה בין ניצים ואף בתוך המשפחה פנימה. הסכנה הנשקפת לציבור כתוצאה מעבירות אלה, לצד המימדים שאליהם הגיעו, מחייבים לתת ביטוי הולם וכבד משקל להגנה על הערך החברתי שנפגע כתוצאה מפעילות עבריינית זאת, הגנה על שלום הציבור מפני פגיעות בגוף או בנפש, ולהחמיר את עונשי המאסר המוטלים בגין פעילות עבריינית זאת, בהדרגה..."". ע""פ 1323/13 רך חסן נ' מדינת ישראל [פורסם בנבו] (05.06.13)",דיון והכרעה,דיון והכרעה,דיון והכרעה,דיון והכרעה,דיון והכרעה,דיון והכרעה
ME-16-12-50986-619,"בע""פ 2562/16 אלון עמר נ' מדינת ישראל (פורסם בנבו, 27.03.17) המערער קשר עם אחר לירות על בית משפחת המתלוננים. בהתאם לכך, הצטיידו השניים באקדח, במחסנית ובתחמושת, נסעו לביתם של המתלוננים, כשברשותם האקדח, והמערער ירה חמישה כדורים מהאקדח אל עבר הבית, אשר גרמו לחורי ירי בקירו החיצוני. בשלב זה נגרם ""מעצור"" באקדח, אשר המערער ניסה לתפעל על-מנת להמשיך לירות, ומשכשל בכך, נסו השניים מן המקום. המערער המשיך להחזיק באקדח עד שנעצר בבית אמו כשהאקדח ברשותו. בנוסף, המערער הפר, מספר פעמים, הוראות חוקיות שנקבעו לו בגדר תיק אחר המתנהל נגדו,  סחט מאמו כסף באיומים ותקף אותה.",דיון והכרעה,דיון והכרעה,דיון והכרעה,דיון והכרעה,דיון והכרעה,דיון והכרעה
ME-16-12-50986-619,"המערער הורשע בעבירות של החזקת נשק, נשיאה והובלה של נשק, וירי באזור מגורים; ובעבירות של סחיטה באיומים וכן עבירת הפרת הוראה חוקית (ריבוי מקרים). בגזר דינו קבע בית המשפט המחוזי כי כתב האישום כולל שני אישומים שונים ונפרדים,",דיון והכרעה,דיון והכרעה,דיון והכרעה,דיון והכרעה,דיון והכרעה,דיון והכרעה
ME-16-12-50986-619,"בית המשפט קבע שמתחם העונש ההולם לאירוע הירי והחזקת הנשק נע בין 24 ל-60 חודשי מאסר בפועל, ומתחם העונש ההולם לעבירות האחרות נע בין 8 ל-20 חודשי מאסר בפועל, והשית על המערער 43 חודשי מאסר בפועל, מאסר על תנאי, קנס ופיצוי.",דיון והכרעה,דיון והכרעה,דיון והכרעה,דיון והכרעה,דיון והכרעה,דיון והכרעה
ME-16-12-50986-619,"בית המשפט העליון דחה את הערעור (למעט התערבות בשני עניינים – ניכוי ימי המעצר בגדרם היה המערער גם אסיר, והפיצוי שהושת עליו למתלוננים) ואמר בין היתר את הדברים הבאים -",דיון והכרעה,דיון והכרעה,דיון והכרעה,דיון והכרעה,דיון והכרעה,דיון והכרעה
ME-16-12-50986-619,"בע""פ 4595/13 עלי זובידאת נ' מדינת ישראל (פורסם בנבו, 06.07.14) על רקע סכסוך בין משפחתו של המערער 1 ומשפחה אחרת, קשרו שני המערערים קשר להגיע לחצר ביתו של המתלונן ולבצע ירי מאקדח בכוונה להפחיד או להקניט את המתלונן ו/או את משפחתו. בהמשך לקשר הם הצטיידו באקדח ובתחמושת, הגיעו ברכב אל חצר הבית כשהאקדח ברשותם, ובעודם נוסעים ברכב, הם נכנסו לחצר הבית, בזמן שהמתלונן ובני משפחתו ישבו במרפסת הבית בקומת הקרקע, והמערער 2 ירה מבעד לחלון הרכב מספר יריות. כתוצאה מהירי פגעו מספר קליעים בקירות הבית ובחלון, וגרמו נזק.",דיון והכרעה,דיון והכרעה,דיון והכרעה,דיון והכרעה,דיון והכרעה,דיון והכרעה
ME-16-12-50986-619,"המערערים הורשעו בעבירות של נשיאה והובלת נשק; ירי באזור מגורים; איומים; וקשירת קשר לפשע; כולן בצירוף סעיף 29 לחוק העונשין, ובית המשפט המחוזי קבע כי מתחם העונש ההולם נע בין שלושים חודשי מאסר בפועל לבין חמש שנות מאסר בפועל וגזר על המערערים  42 חודשי מאסר בפועל ו-18 חודשי מאסר על תנאי.",דיון והכרעה,דיון והכרעה,דיון והכרעה,דיון והכרעה,דיון והכרעה,דיון והכרעה
ME-16-12-50986-619,בית המשפט העליון קבע-,דיון והכרעה,דיון והכרעה,דיון והכרעה,דיון והכרעה,דיון והכרעה,דיון והכרעה
ME-16-12-50986-619,"עם זאת, עונש המאסר שהוטל על המערערים הופחת לשלושים חודשי מאסר, בשל נסיבות שאינן קשורות לביצוע העבירה.",דיון והכרעה,דיון והכרעה,דיון והכרעה,דיון והכרעה,דיון והכרעה,דיון והכרעה
ME-16-12-50986-619,"בע""פ 6989/13 חנא פרח נ' מדינת ישראל (פורסם בנבו, 25.02.14) המערער הורשע בעבירות של יריות באזור מגורים, ובעבירת נשק (החזקה ונשיאה). כמו כן, הוא צירף תיק נוסף בו יוחסו לו עבירות של תקיפת שוטר, נהיגה תחת השפעת משקאות משכרים, נהיגה בקלות ראש ובחוסר זהירות, סטייה מנתיב נסיעה וגרם נזק לרכוש.",דיון והכרעה,דיון והכרעה,דיון והכרעה,דיון והכרעה,דיון והכרעה,דיון והכרעה
ME-16-12-50986-619,"המערער התקשר אל המתלונן ואיים עליו כי יפגע בו, לנוכח חשדו כי המתלונן הפיץ דברים בגנות חברתו. המתלונן, אשר חשש מאיומי המערער, התקשר לאחיו של המערער וביקש ממנו להגיע לביתו במטרה לפתור את הסכסוך. בעת שאחיו של המערער והמתלונן שהו בבית המתלונן, הגיע המערער למקום, יצא מרכבו, נופף באקדח באוויר וקילל. לאחר שאחיו של המערער ואביו של המתלונן יצאו מהבית על מנת להרגיעו, חזר המערער לרכבו, נסע כחמישים מטרים, ירה מספר יריות מבעד לגגו הנפתח של הרכב ונמלט מהמקום.",דיון והכרעה,דיון והכרעה,דיון והכרעה,דיון והכרעה,דיון והכרעה,דיון והכרעה
ME-16-12-50986-619,"בית המשפט המחוזי קבע כי מתחם העונש ההולם לעבירות הנשק של המערער נע בין 12 ל-24 חודשי מאסר בפועל. ומתחם העונש ההולם לעבירות בתיק שהמערער צירף נע בין 3 ל-10 חודשי מאסר בפועל. וגזר על המערער 13 חודשי מאסר בפועל, מאסר על תנאי, קנס, פסילה ופסילה על תנאי.",דיון והכרעה,דיון והכרעה,דיון והכרעה,דיון והכרעה,דיון והכרעה,דיון והכרעה
ME-16-12-50986-619,"בית המשפט העליון דחה את הערעור על חומרת העונש, וקבע-",דיון והכרעה,דיון והכרעה,דיון והכרעה,דיון והכרעה,דיון והכרעה,דיון והכרעה
ME-16-12-50986-619,"בע""פ 4876/12 מרדכי עמר נ' מדינת ישראל (פורסם בנבו, 23.01.13) בין בנו של המערער לבין המתלונן נתגלע סכסוך עובר לאירוע מושא כתב האישום. המערער איים על המתלונן בפני חברו של המתלונן שהעביר למתלונן את דברי האיום. לאחר זמן, המערער פגש את המתלונן וחבריו והתפתח ביניהם ויכוח. המערער ביקש להיפגש עם המתלונן מאוחר יותר ו""לסגור איתו חשבון"", והמתלונן אמר לו כי ימתין לו בבית הקברות. בסמוך לאחר מכן נסעו המתלונן וחבריו לכיוון ביתו של אחד מהם, ושם עמד המתלונן על המדרכה עם חברו א.ד., לצד רכבו של א.ד., כשחבר נוסף - א.ס., ישב בתוך הרכב במושב הנוסע הקדמי. לפתע הגיע למקום המערער ברכבו, ניצב עימו במקביל לרכב של א.ד., קרא למתלונן לבוא לבית הקברות, שלף אקדח וירה מתוך הרכב מספר יריות, אשר חלקן פגעו בחלק האחורי של הרכב, עזב את המקום ונסע לדרכו. כתוצאה מהירי נפגע רכבו של א.ד. מפגיעת מספר קליעים בחלק האחורי הצדדי, והחלון והשמשה האחוריות נופצו כתוצאה מכך.",דיון והכרעה,דיון והכרעה,דיון והכרעה,דיון והכרעה,דיון והכרעה,דיון והכרעה
ME-16-12-50986-619,"המערער הורשע בעבירות של החזקת נשק; איומים; ירי באזור מגורים; ומעשה פזיזות ורשלנות; והושתו עליו 30 חודשי מאסר לריצוי בפועל, ומאסר על תנאי.",דיון והכרעה,דיון והכרעה,דיון והכרעה,דיון והכרעה,דיון והכרעה,דיון והכרעה
ME-16-12-50986-619,בית המשפט העליון אמר את הדברים הבאים-,דיון והכרעה,דיון והכרעה,דיון והכרעה,דיון והכרעה,דיון והכרעה,דיון והכרעה
ME-16-12-50986-619,"עם זאת עונש המאסר הופחת ל- 24 חודשים בשל הסכמת המשיבה להפחתה ""שולית"" בעונשו של המערער לנוכח הסדר אליו הגיעו הצדדים בנושא מסירת האקדח, וטענת המערער לפיה בית המשפט המחוזי תיאר את נסיבות הירי בצורה שאינה זהה לעובדות כתב האישום המתוקן, בפרט כאשר ציין כי המערער ירה אל עבר הצעירים, בעוד שהאמור בכתב האישום אינו הולם זאת במדויק.",דיון והכרעה,דיון והכרעה,דיון והכרעה,דיון והכרעה,דיון והכרעה,דיון והכרעה
ME-16-12-50986-619,"בע""פ 2006/12 מדינת ישראל נ' קאסם אסדי (פורסם בנבו, 28.03.2012) המשיב הגיע לביתו של אחר, לו היה אחיו חייב כספים, כשהוא נושא אקדח טעון בכדורים, בלא רשות לפי דין. באותה עת שהו בביתו של האחר, גיסתו - המתלוננת, ושני ילדיה הקטינים. המשיב קרא לאחר וכשהמתלוננת יצאה למרפסת הבית, איים עליה בעודו מחזיק את האקדח הטעון ולאחר מכן ירה כדור לעבר החלק העליון של הבית. הוא הורשע בעבירות של נשיאת נשק ותחמושת, איומים ויריות באזור מגורים, ונדון ל- 15 חודשי מאסר בפועל, מאסר על תנאי ופיצוי למתלוננת.",דיון והכרעה,דיון והכרעה,דיון והכרעה,דיון והכרעה,דיון והכרעה,דיון והכרעה
ME-16-12-50986-619,בית המשפט העליון דחה את ערעור המדינה על קולת העונש אך ציין כי-,דיון והכרעה,דיון והכרעה,דיון והכרעה,דיון והכרעה,דיון והכרעה,דיון והכרעה
ME-16-12-50986-619,"בע""פ 2773/11 יוסף רקיבי נ' מדינת ישראל (פורסם בנבו, 14.11.11) המערער, לאחר ויכוח אקראי וסתמי עם המתלונן, שלאחריו תכנן עם אחרים להכות את המתלונן ולהפחידו באמצעות אקדח, עמד מחוץ לקרוואן בו שהה המתלונן וירה באקדח דרך חלון הסמוך למיטת המתלונן ארבע יריות לכיוון הקיר בו נמצאת מיטתו של המתלונן. היריות לא פגעו במתלונן אך חלפו בסמוך אליו. לאחר הירי, המערער ברח והסתיר את האקדח. המערער הורשע בעבירות של ירי באזור מגורים; עבירות בנשק (הובלת נשק); השמדת ראיה; ואיומים; ונדון ל-36 חודשי מאסר בפועל, ולמאסר על תנאי.",דיון והכרעה,דיון והכרעה,דיון והכרעה,דיון והכרעה,דיון והכרעה,דיון והכרעה
ME-16-12-50986-619,בית המשפט העליון דחה את הערעור וקבע-,דיון והכרעה,דיון והכרעה,דיון והכרעה,דיון והכרעה,דיון והכרעה,דיון והכרעה
ME-16-12-50986-619,"בע""פ 7103/06  אברהים חשימה נ' מדינת ישראל (פוסם בנבו, 27.03.07) חמישה חודשים לאחר שאחר ירה לעבר רגלי אחיו של המערער ופצע אותו קשה, הבחין המערער באחר יושב ברכב. הוא ניגש אליו, החליף עמו דברים ולבסוף ביקש ממנו להמתין לו, ואז נכנס לחנות סמוכה שבבעלותו, עטה על פניו כיסוי ולבש מעיל, ולאחר מכן יצא לכיוון הרכב כשכלי נשק בידו, וירה לעבר הרכב במטרה להפחיד את האחר. המערער הורשע  בעבירות של איומים, מעשה פזיזות ורשלנות, נשיאת נשק וירי באזור מגורים, ונדון ל-36 חודשי מאסר ו-9 חודשים מאסר על תנאי, וכן הופעל מאסר על-תנאי בן 18 חודשים שעמד נגדו, חלקו במצטבר, כך שהתוצאה הסופית היתה שהמערער נכלא ל-42 חודשים.",דיון והכרעה,דיון והכרעה,דיון והכרעה,דיון והכרעה,דיון והכרעה,דיון והכרעה
ME-16-12-50986-619,"גם במקרים בהם לא בוצע ירי, הוטלו על נאשמים שהורשעו בעבירות של נשיאת נשק, עונשי מאסר ממשיים.",דיון והכרעה,דיון והכרעה,דיון והכרעה,דיון והכרעה,דיון והכרעה,דיון והכרעה
ME-16-12-50986-619,"בע""פ 5604/11 נידאל נאסר נ' מדינת ישראל (פורסם בנבו, 05.10.11)- המערער החזיק בביתו אקדח ברטה 9 מ""מ ומחסנית ובה 8 כדורים. נטען כי האקדח אינו תקין. המערער הודה, הביע חרטה, תואר כאדם התורם לקהילה, בעל עבר פלילי שאינו מכביד, נסיבות משפחתיות, ותסקיר חיובי. בית המשפט המחוזי גזר עליו 12 חודשי מאסר בפועל והערעור על חומרת העונש נדחה.",דיון והכרעה,דיון והכרעה,דיון והכרעה,דיון והכרעה,דיון והכרעה,דיון והכרעה
ME-16-12-50986-619,"בע""פ 7655/11 טארק עבד אל גאבר נ' מדינת ישראל (פורסם בנבו, 05.04.12)- המערער החזיק אקדח ברטה 0.22 טעון. בלשים ביקשו ממנו לעצור ובתגובה הוא נמלט, השליך את הנשק ורץ, עד שנתפס. הוא הורשע בהחזקת נשק שלא כדין ובהפרעה לשוטר במילוי תפקידו. המדינה עתרה לעונש של 20 חודשי מאסר בפועל והמערער טען לעונש של 10 חודשי מאסר בפועל. בית המשפט המחוזי גזר עליו 15 חודשי מאסר והערעור על חומרת העונש נדחה.",דיון והכרעה,דיון והכרעה,דיון והכרעה,דיון והכרעה,דיון והכרעה,דיון והכרעה
ME-16-12-50986-619,"בע""פ 3156/11 ג'מיל זראיעה נ' מדינת ישראל (פורסם בנבו, 21.02.12)- המערער נסע ברכב, לאחר שהסליק בו אקדח, מחסנית טעונה בכדורי אקדח 9 מ""מ וקופסאות עם כדורי אקדח. הוא הודה והביע חרטה. אין לו עבר פלילי. בית המשפט המחוזי גזר עליו 24 חודשי מאסר והערעור על חומרת העונש נדחה.",דיון והכרעה,דיון והכרעה,דיון והכרעה,דיון והכרעה,דיון והכרעה,דיון והכרעה
ME-16-12-50986-619,"בע""פ 2892/13 מוחמד עודתאללה נ' מדינת ישראל (פורסם בנבו, 29.09.13)- המערער נתפס נוהג ברכב בו היו אקדח ובו מחסנית ריקה מכדורים. אין למערער עבר פלילי. בית המשפט המחוזי קבע מתחם ענישה שבין שנה לשלוש שנים וגזר עליו 21 חודשי מאסר בפועל והערעור על חומרת העונש נדחה.",דיון והכרעה,דיון והכרעה,דיון והכרעה,דיון והכרעה,דיון והכרעה,דיון והכרעה
ME-16-12-50986-619,"בע""פ 761/07 מדינת ישראל נ' מיכאל אדרי (פורסם בנבו, 22.02.07)- המערער נהג ברכב ונתפס מחזיק באקדח, מחסנית ותחמושת המוסתרים בגרב בתחתוניו. כשנעצר, הזדהה כאחר. הוא הורשע בהחזקת נשק שלא כדין ובהפרעה לשוטר במילוי תפקידו, ובית המשפט המחוזי גזר עליו 12 חודשי מאסר בפועל. המדינה ערערה על קולת העונש. צוין כי המערער בעל עבר פלילי בעבירות לא פשוטות. העונש הוחמר ל 24 חודשי מאסר.",דיון והכרעה,דיון והכרעה,דיון והכרעה,דיון והכרעה,דיון והכרעה,דיון והכרעה
ME-16-12-50986-619,מעשי הנאשם וחבריו התפתחו שלב אחר שלב והם היו כרוכים בהיערכות מתאימה ובקשירת קשר.,דיון והכרעה,דיון והכרעה,דיון והכרעה,דיון והכרעה,דיון והכרעה,דיון והכרעה
ME-16-12-50986-619,"מעשי הנאשם אמנם לא גרמו לנזק פיזי, אולם, ברור שהם הטרידו והפחידו את המתלוננים וגרמו להם בהלה ועגמת נפש.",דיון והכרעה,דיון והכרעה,דיון והכרעה,דיון והכרעה,דיון והכרעה,דיון והכרעה
ME-16-12-50986-619,"הסכנה הגלומה בירי מנשק באזור מגורים, רבה וחמורה.",דיון והכרעה,דיון והכרעה,דיון והכרעה,דיון והכרעה,דיון והכרעה,דיון והכרעה
ME-16-12-50986-619,"חלקו של הנאשם בביצוע העבירות מרכזי ומשמעותי. הרכב בו נעשה שימוש בעת ביצוע העבירות שייך לנאשם, הנאשם נכח ברכב לכל אורך האירועים והוא היה זה שירה מהנשק.",דיון והכרעה,דיון והכרעה,דיון והכרעה,דיון והכרעה,דיון והכרעה,דיון והכרעה
ME-16-12-50986-619,"הרקע למעשי הנאשם, רצונו של הנאשם להפחיד ולאיים על המתלוננים, בהמשך לסכסוך קודם בין המשפחות.",דיון והכרעה,דיון והכרעה,דיון והכרעה,דיון והכרעה,דיון והכרעה,דיון והכרעה
ME-16-12-50986-619,"הנאשם עשה את מעשיו בצהרי יום, בטבורה של שכונת מגורים, בעזות מצח, כאילו לית דין ולית דיין.",דיון והכרעה,דיון והכרעה,דיון והכרעה,דיון והכרעה,דיון והכרעה,דיון והכרעה
ME-16-12-50986-619,"בהתחשב, בחומרת מעשי העבירות שביצע הנאשם בנסיבותיהם, במידת אשמו של הנאשם, בערכים החברתיים שנפגעו מביצוע העבירות ובמידת הפגיעה בהם, במדיניות הענישה הנהוגה ובנסיבות הקשורות בביצוע העבירות, נראה לי כי מתחם העונש ההולם למעשי הנאשם נע בין 15 ל- 42 חודשי מאסר בפועל.",דיון והכרעה,דיון והכרעה,דיון והכרעה,דיון והכרעה,דיון והכרעה,דיון והכרעה
ME-16-12-50986-619,"כאמור, שירות המבחן ערך תסקיר על הנאשם, בו צוין בין היתר כי הנאשם שולל בעייתיות בתחום האלכוהול ושולל נזקקות טיפולית, וכי על רקע זה ובהתייחס לרמת המסוכנות הנובעת מהנאשם ולחומרת מעשיו, קצינת המבחן איננה ממליצה על אפיק שיקומי והיא מציינת כי ענישה מוחשית וקונקרטית תחבר את הנאשם למחירים של התנהגות אלימה בעתיד.",דיון והכרעה,דיון והכרעה,דיון והכרעה,דיון והכרעה,דיון והכרעה,דיון והכרעה
ME-16-12-50986-619,"ההגנה הגישה במסגרת טיעוניה לעונש מסמך מטעם קרימינולוגית המשמשת כיועצת שיקום תומך בסניגוריה הציבורית, הממליץ להפנות את הנאשם למרכז לטיפול בהתמכרויות ולעמותת ""ריאן"", הפועלת לקידום השכלה ותעסוקה לצעירים בדואים.",דיון והכרעה,דיון והכרעה,דיון והכרעה,דיון והכרעה,דיון והכרעה,דיון והכרעה
ME-16-12-50986-619,במסמך האמור מצוין כי הנאשם הביע בפני עורכת המסמך רצון להשתלב בתהליך טיפול בבעיית האלכוהול וכי עורכת המסמך מוצאת שזו הזדמנות שיש לנצלה.,דיון והכרעה,דיון והכרעה,דיון והכרעה,דיון והכרעה,דיון והכרעה,דיון והכרעה
ME-16-12-50986-619,"אינני סבור שבכל פעם שההגנה מגישה ""תסקיר"" מטעמה על הנאשם, יש צורך להשוותו לתסקיר שירות המבחן שהוגש על הנאשם ולקבוע איזה מהם יש להעדיף. ובכל זאת, תסקיר שירות המבחן על הנאשם מקיף, מתייחס למכלול היבטים רלוונטיים ומתבסס בין היתר על דברים מפורשים שהנאשם אמר ועל אבחון מסוכנות שנערך לנאשם. בעוד התסקיר מטעם ההגנה דל בפרטים, מצומצם בתכניו, איננו מתייחס באופן עצמאי ל""בעיית האלכוהול"" הנטענת של הנאשם, והוא מבוסס בעיקר על אמירת הנאשם, הסותרת אמירה מפורשת שלו לשירות המבחן.",דיון והכרעה,דיון והכרעה,דיון והכרעה,דיון והכרעה,דיון והכרעה,דיון והכרעה
ME-16-12-50986-619,"מעבר לכך, גם המלצות שירות המבחן הן רק המלצות ובקביעת גזר הדין על בית המשפט להתחשב בנתונים ובאינטרסים שונים שאינם על סדר יומו של שירות המבחן. במקרה זה, גם אם שירות המבחן היה ממליץ את ההמלצה שבתסקיר מטעם הנאשם, הייתי דוחה אותה.",דיון והכרעה,דיון והכרעה,דיון והכרעה,דיון והכרעה,דיון והכרעה,דיון והכרעה
ME-16-12-50986-619,"התופעה של שימוש באלימות, כולל ירי מנשק חם, במסגרת סכסוכי משפחות במגזר הבדואי, היא תופעה רווחת. על בית המשפט לתרום את תרומתו לבלימתה. הדעת נותנת שעונשים משמעותיים על מעשים כאלה עשויים להרתיע גם את הציבור הרחב.",דיון והכרעה,דיון והכרעה,דיון והכרעה,דיון והכרעה,דיון והכרעה,דיון והכרעה
ME-16-12-50986-619,"העמדות בהן מחזיק הנאשם בקשר לכבוד אישי ומשפחתי, הנותנות לגיטימציה למעשים אלימים, והערכת שירות המבחן על קיומה של רמת סיכון בינונית להתנהגות תוקפנית של הנאשם ברמת חומרה בינונית, מחייבות הרתעת הנאשם מחזרה על מעשים דומים.",דיון והכרעה,דיון והכרעה,דיון והכרעה,דיון והכרעה,דיון והכרעה,דיון והכרעה
ME-16-12-50986-619,"לנאשם עבר פלילי הכולל הרשעות בעבירות של התפרצות, פריצה וגניבה מרכב, הסגת גבול וגניבה, והוא ריצה עונש מאסר של חודשיים.",דיון והכרעה,דיון והכרעה,דיון והכרעה,דיון והכרעה,דיון והכרעה,דיון והכרעה
ME-16-12-50986-619,בגזירת עונשו של הנאשם אני מביא בחשבון גם את הדברים הבאים –,דיון והכרעה,דיון והכרעה,דיון והכרעה,דיון והכרעה,דיון והכרעה,דיון והכרעה
ME-16-12-50986-619,בכתב האישום לא מצוין סוגו של הנשק ולמי הוא שייך.,דיון והכרעה,דיון והכרעה,דיון והכרעה,דיון והכרעה,דיון והכרעה,דיון והכרעה
ME-16-12-50986-619,הירי שביצע הנאשם לא כוון לפגיעה בבני אדם ובפועל לא גרם נזק פיזי.,דיון והכרעה,דיון והכרעה,דיון והכרעה,דיון והכרעה,דיון והכרעה,דיון והכרעה
ME-16-12-50986-619,"עובר לחלק החמור יותר של האירוע, אחד המתלוננים זרק לעבר הרכב בו נסע הנאשם צינור מתכת, שפגע ברכב.",דיון והכרעה,דיון והכרעה,דיון והכרעה,דיון והכרעה,דיון והכרעה,דיון והכרעה
ME-16-12-50986-619,ברכב היו אנשים נוספים. איש מהם לא זוהה ולא הובא לדין. כך שהנאשם הוא היחיד המשלם על חלקו בפרשה.,דיון והכרעה,דיון והכרעה,דיון והכרעה,דיון והכרעה,דיון והכרעה,דיון והכרעה
ME-16-12-50986-619,הנאשם צעיר. הוא הוכיח יכולת להתמיד בעבודה ולתפקד באורח נורמטיבי. ועתידו לפניו.,דיון והכרעה,דיון והכרעה,דיון והכרעה,דיון והכרעה,דיון והכרעה,דיון והכרעה
ME-16-12-50986-619,נסיבותיו האישיות והמשפחתיות של הנאשם – כמצוין בתסקיר שירות המבחן – אינן קלות ויש להניח שהן תרמו במידה מסוימת להתפתחותו ולהתנהלותו.,דיון והכרעה,דיון והכרעה,דיון והכרעה,דיון והכרעה,דיון והכרעה,דיון והכרעה
ME-16-12-50986-619,הנאשם הודה ונטל אחריות על מעשיו.,דיון והכרעה,דיון והכרעה,דיון והכרעה,דיון והכרעה,דיון והכרעה,דיון והכרעה
ME-16-12-50986-619,הודאת הנאשם באה במסגרת הסדר טיעון שבגדרו התביעה הגבילה עצמה לעתור להטיל עליו 36 חודשי מאסר בפועל.,דיון והכרעה,דיון והכרעה,דיון והכרעה,דיון והכרעה,דיון והכרעה,דיון והכרעה
ME-16-12-50986-619,הושגה סולחה בין המשפחות היריבות.,דיון והכרעה,דיון והכרעה,דיון והכרעה,דיון והכרעה,דיון והכרעה,דיון והכרעה
ME-16-12-50986-619,זהו מאסרו המשמעותי הראשון של הנאשם ומטבע הדברים הוא יגרום לפגיעה בנאשם ובמשפחתו.,דיון והכרעה,דיון והכרעה,דיון והכרעה,דיון והכרעה,דיון והכרעה,דיון והכרעה
ME-16-12-50986-619,"בהתחשב בכל האמור, אני גוזר על הנאשם את  העונשים הבאים:",דיון והכרעה,דיון והכרעה,דיון והכרעה,דיון והכרעה,דיון והכרעה,דיון והכרעה
ME-16-12-50986-619,"א.	24 חודשי מאסר בפועל, בניכוי ימי מעצרו.",דיון והכרעה,דיון והכרעה,דיון והכרעה,דיון והכרעה,דיון והכרעה,דיון והכרעה
ME-16-12-50986-619,12 חודשי מאסר על תנאי למשך שלוש שנים מיום שחרורו מהמאסר שלא יעבור עבירת נשק המסווגת כפשע.,דיון והכרעה,דיון והכרעה,דיון והכרעה,דיון והכרעה,דיון והכרעה,דיון והכרעה
ME-17-12-22830-699,"חוק העונשין, תשל""ז-1977: סע'  144(ב)",nothing,מידע אחר,מידע אחר,מידע אחר,מידע אחר,מידע אחר
ME-17-12-22830-699,"פקודת הסמים המסוכנים [נוסח חדש], תשל""ג-1973: סע'  7.א., 7.ג",nothing,מידע אחר,מידע אחר,מידע אחר,מידע אחר,מידע אחר
ME-17-12-22830-699,"פקודת התעבורה [נוסח חדש]: סע'  10א, 62.1",nothing,מידע אחר,מידע אחר,מידע אחר,מידע אחר,מידע אחר
ME-17-12-22830-699,"פקודת ביטוח רכב מנועי [נוסח חדש], תש""ל-1970: סע'  2",nothing,מידע אחר,מידע אחר,מידע אחר,מידע אחר,מידע אחר
ME-17-12-22830-699,"הנאשם, יליד 1995, החזיק ברכב בו נהג ביום 20.11.17 , 3 רימוני גז, רימון הלם ועוד כמות לא מבוטלת של סמים מסוג MDMA , קנבוס וחשיש. כמו כן, הנאשם נהג ברכב כשהוא אינו מורשה לנהיגה וללא ביטוח. הנאשם הורשע על פי הודייתו במיוחס לו והורשע בעבירות נשק, סמים ותעבורה. הודיית הנאשם היתה במסגרת הסדר טיעון שכלל את תיקון כתב האישום ולא כלל הסכמות עונשיות.",כללי,עובדות המקרה,עובדות המקרה,עובדות המקרה,עובדות המקרה,עובדות המקרה
ME-17-12-22830-699,"וביתר פירוט - במועד שאינו ידוע במדויק למאשימה, עובר ליום 20.11.17 בשעה 23:00, הניח הנאשם במושב האחורי של רכב מסוג שברולט המצוי בשימוש בני משפחתו (להלן: הרכב) שקית שחורה ובתוכה  3 רימוני הלם וכן רימון גז. כל אחד מהרימונים היה עטוף בניילון נצמד. במועד ובשעה לעיל, נהג הנאשם ברכב ביישוב ירכא כשהוא אינו מורשה לנהיגה וללא תעודת ביטוח בתוקף, כשברכב נמצאים הרימונים לעיל וכן הסמים המפורטים להלן: במושב האחורי של הרכב - נרתיק ובו 58.21 גרם סם מסוג חשיש מחולק לאריזות וכן 99 כדורי סם מסוג MDMA במשקל כולל של 39.3 גרם מחולקים לשתי קופסאות; על רצפת הרכב מתחת למושב הנהג - 16.8 גרם סם  מסוג קנבוס מחולק ל 17 קופסאות וכן 0.41 גרם סם מסוכן מסוג קנבוס; על רצפת הרכב לפני מושב הנהג  - 1.87 גרם סם מסוכן מסוג חשיש ו 2.11 גרם סם מסוג קנבוס. סה""כ היו ברכבו של הנאשם 3 רימוני הלם, רימון גז, קנבוס במשקל של 19.32 גרם נטו, חשיש במשקל 60.08 גרם נטו ו 99 טבליות MDMA.",כללי,עובדות המקרה,עובדות המקרה,עובדות המקרה,עובדות המקרה,עובדות המקרה
ME-17-12-22830-699,"בשל מעשיו לעיל, הורשע הנאשם בעבירות הבאות: נשיאת והובלת נשק, לפי סעיף 144(ב) לחוק העונשין, תשל""ז-1977; החזקת סם מסוכן שלא לצריכה עצמית, לפי סעיף 7(א) ו (ג) רישא לפקודת הסמים המסוכנים [נוסח חדש], תשל""ג – 1973; נהיגה ללא רישיון נהיגה, לפי סעיף 10א ו 62(1) לפקודת התעבורה [נוסח חדש], התשכ""א– 1961; וחובת פוליסה, לפי סעיף 2 לפקודת ביטוח רכב מנועי [נוסח חדש], תשל""ג 1970.",כללי,עובדות המקרה,עובדות המקרה,עובדות המקרה,עובדות המקרה,עובדות המקרה
ME-17-12-22830-699,"הנאשם, בן 23 ותושב ירכא, נעדר עבר פלילי, בן למשפחה נורמטיבית המונה זוג הורים ו 5 ילדים כאשר הוא הצעיר ביניהם, רווק, סיים 12 שנות לימוד ללא תעודת בגרות, ולדבריו עובר למעצרו עבד במפעל. הנאשם מסר בפני שירות המבחן גרסה מרחיקה שאינה עולה בקנה אחד עם עובדות כתב האישום המתוקן. כך, מסר כי לא נהג ברכב, ולגבי הנשק והסמים מסר כי מצא את השקיות הרלוונטיות בעת טיול ביער עם כלבו, התכוון למסור אותן למשטרה הגם שלא ידע את תוכנן (..). בישיבת הטיעונים לעונש, התייחס הנאשם לאמור לעיל, חזר על הודייתו בעובדות כתב האישום המתוקן, הבהיר כי נהג ברכב וכן כי היה מודע לתוכן החבילות שהחזיק ברכבו. ובחזרה לתסקיר שירות המבחן – לנוכח התייחסותו לעיל של הנאשם בפני שירות המבחן, על רקע כלל הנתונים ועל בסיס ההתרשמות הבלתי אמצעית של שירות המבחן ממנו, העריך שירות המבחן כי מדובר בצעיר המתקשה בהפעלת שיקול דעת מתאים וכן מתקשה בהצבת גבולות פנימיים ובוויסות דחפיו. עוד לנוכח גרסתו המיתממת, צוין כי רב הנסתר על הגלוי אודות מניעיו. משום שהנאשם לא הביע נזקקות טיפולית ומשום שההתרשמות היתה כי הוא אינו בשל לכך, לא הובאה המלצה טיפולית והומלץ על ענישה מרתיעה ומציבת גבולות של מאסר לריצוי בעבודות שירות.",תסקיר שירות המבחן,תסקיר שירות מבחן,תסקיר שירות מבחן,תסקיר שירות מבחן,תסקיר שירות מבחן,תסקיר שירות מבחן
ME-17-12-22830-699,"מטעם המאשימה לא הוגשו ראיות. מטעם הנאשם העיד אביו שתיאר את משפחתו כמשפחה נורמטיבית. האב הבטיח כי יעשה כל מאמץ שמעשי הנאשם שתוארו לעיל, או דומים להם, לא יחזרו על עצמם.",ראיות הצדדים לעונש,ראיות לעונש,ראיות לעונש,ראיות לעונש,ראיות לעונש,ראיות לעונש
ME-17-12-22830-699,"המאשימה עמדה על חומרת מעשיו של הנאשם ובמיוחד הפנתה לשילוב שבין אמצעי לחימה וסמים בכמות לא מבוטלת. שילוב זה, כך נטען, מלמד על תכנית עבריינית, וזאת בניגוד לדוגמה למקרים אחרים של החזקת רימון הלם בודד או החזקת סמים בכמות שאינה משמעותית. שילוב זה אף אינו מאפשר לנאשם לטעון כי מדובר במעידה חד פעמית. נסיבה נוספת לחומרה מצאה המאשימה בכך שהנאשם נהג את רכבו כשהוא נושא את האמל""ח והסמים לעיל בהיותו בלב מקום מגורים. המאשימה הפנתה לערכים המוגנים שנפגעו כתוצאה ממעשי הנאשם – ההגנה על ביטחון הציבור ובריאותו. לאחר שהפנתה לפסיקה שמשקפת לשיטתה את מדיניות הענישה הנוהגת, עתרה המאשימה לקביעת מתחם בין 3 ל 5 שנות מאסר. לגבי הנסיבות שאינן קשורות בביצוע העבירה, הפנתה המאשימה לכך כי הנאשם בחר שלא ליטול אחריות על מעשיו בפני שירות המבחן וכן הפנתה להתרשמותו השלילית, ולו באופן יחסי, של שירות המבחן מהנאשם. לכן, עתרה המאשימה לקביעת עונש מאסר בפועל בחלק נמוך עד בינוני של המתחם לעיל, בנוסף, למאסר על תנאי, פסילה ופסילה על תנאי.",עיקר טיעוני המאשימה לעונש,טיעוני הצדדים,טיעוני הצדדים,טיעוני הצדדים,טיעוני הצדדים,טיעוני הצדדים
ME-17-12-22830-699,"בא כוח הנאשם ניסה בטיעוניו להקהות מחומרת מעשי הנאשם – כך, נטען כי הרימונים שנשא הנאשם היו רימוני הלם ועשן בלבד, ופגיעתם של אלה, כידוע, פחותה מפגיעת רימוני רסס. הודגש, כי בניגוד למקרים אחרים הנדונים בפסיקה, לא יוחסה לנאשם השלכת רימון ואף לא כוונה לעשות ברימונים שימוש. עוד נטען, כי כמות הסמים אותה החזיק הנאשם אינה משמעותית. בנוסף, הפנה בא כוח הנאשם לתיקון שנעשה בין כתב האישום המקורי לבין המתוקן – בעוד שבכתב האישום המקורי יוחסה לנאשם, בהקשר לעבירות הנשק, עבירה של החזקה ונשיאה, בכתב האישום המתוקן הושמטה עבירת ההחזקה ותיקון זה, כך נטען, אימץ את גרסת הנאשם כי כל חלקו בא לידי ביטוי בנשיאת הנשק והסמים ממקום למקום. לאחר שהפנה לפסיקה התואמת לשיטתו את רמת הענישה הנוהגת, טען בא כוח הנאשם למתחם עונש ראוי של בין חודשיים לשנת מאסר. לגבי הנסיבות שאינן קשורות בביצוע העבירה, נטען כי נתוניו של הנאשם – צעיר נעדר עבר פלילי, מצדיקים ומחייבים השתת עונש מתון שלא יכלול רכיב של מאסר מאחורי סורג ובריח. זאת ועוד, בא כוח הנאשם הפנה לנטילת האחריות של הנאשם בעצם הודייתו בפני בית המשפט ולחיסכון בזמן שיפוטי. כמו כן, הפנה בא כוח הנאשם לתקופה של כחודשיים בה שהה הנאשם במעצר של ממש והבהירה לו כי אל לו לשוב ולבצע עבירות. לכן, עתר בא כוח הנאשם להסתפק בתקופת מעצרו של הנאשם ולכל היותר להשית עליו עונש של מאסר לריצוי בעבודות שירות, כפי שאף הומלץ על ידי שירות המבחן.",עיקר טיעוני הנאשם לעונש,טיעוני הצדדים,טיעוני הצדדים,טיעוני הצדדים,טיעוני הצדדים,טיעוני הצדדים
ME-17-12-22830-699,"הנאשם, בדבריו טרם העונש, הביע צער וחרטה על מעשיו.",עיקר טיעוני הנאשם לעונש,טיעוני הצדדים,טיעוני הצדדים,טיעוני הצדדים,טיעוני הצדדים,טיעוני הצדדים
ME-17-12-22830-699,"הנאשם בפנינו נהג ברכב ללא רישיון וללא ביטוח וכן נשא ברכבו 3 רימוני הלם, רימון עשן, 99 טבליות MDMA במשקל של כ 38 גרם מחולקים ל 2 קופסאות, קנבוס במשקל של כ 19 גרם נטו וחשיש במשקל של כ 60 גרם נטו. שני הצדדים הסכימו כי יש לקבוע בנדון מתחם עונש אחד וכולל ואף אני סבור כך. כמו כן לא היתה מחלוקת אודות הערכים החברתיים שנפגעו כתוצאה מביצוע כלל העבירות בהן הורשע הנאשם. במעשיו, פגע הנאשם בראש ובראשונה בביטחון הציבור ובזכות הציבור ופרטיו לשלמות גופו, בטחונו ובריאותו.",דיון ומסקנות,דיון והכרעה,דיון והכרעה,עובדות המקרה,דיון והכרעה,דיון והכרעה
ME-17-12-22830-699,"החומרה הטמונה במעשי הנאשם הינה משולשת וזאת משום שלושת התחומים עליהם נפרסו מעשיו – נשק, סמים ותעבורה. לגבי נשיאת הרימונים, הגם שאין מדובר ברימוני רסס ועל אף שלא יוחסה לנאשם השלכת רימונים או כוונה לכך, טמון במעשי הנאשם פוטנציאל סכנה ברור לגופו ולרכושו של הציבור וכן לשלוות החיים (ובהקשר לפוטנציאל הטמון ברימוני הלם ר' האמור בע""פ 7386/13 עווד נ' מדינת ישראל (23.3.13) וע""פ 7124/06 דרורי נ' מדינת ישראל (9.5.07)). זאת ועוד, צודקת המאשימה בהפנותה לכך כי אין מדובר בנשיאת רימון יחיד, אלא בכמות לא מבוטלת של 4 רימונים. הדבר משליך, מטבע הדברים, על פוטנציאל הנזק שבמעשי הנאשם. זאת ועוד, מי שנושא 4 רימונים יתקשה בסתירת ההנחה שהדבר יועד, גם אם לא בטווח הזמן המידי, לשימוש עברייני במובנו הפשוט, קרי לצורך איום והטלת אימה ופחד, או אף לצורך פגיעה באחר. כך גם לגבי החזקת הסמים  - החזקת כמות לא מבוטלת של 99 טבליות MDMA יוצרת חזקה כי היא לצורך הפצה עתידית, אם באמצעות הנאשם ואם על ידי אחרים (ולגבי הסכנה הטמונה בהחזקת סמים ר' האמור בע""פ 972/11 מדינת ישראל נ' יונה, (4.7.12)). הטיעון כאילו הנאשם שימש כבלדר ""בלבד"", אינו יכול לסייע רבות לנאשם שכן גם אם אניח כי כך היה הדבר, נקבע לא פעם כי על הענישה להבהיר שגם בלדרות אינה ""משתלמת"" (ע""פ 1282/07 בן אבו נ' מדינת ישראל (25.7.07), ע""פ 3820/09 מדינת ישראל נ' אוחיון (6.9.09)). הגרסה המיתממת והמרחיקה אותה מסר הנאשם לשירות המבחן ובנוגע אליה צוין, ובצדק, כי היא מותירה את הרושם כי ""רב הנסתר על הגלוי"" לא סייעה, כאמור, בהסרת התהיות והשאלות העולות מעצם ההחזקה באמל""ח והסמים, הגם שנתתי דעתי שמדובר בהחזקה ונשיאה לזמן קצר ובנסיבות שתוארו בכתב האישום המתוקן. על כל אלה יש להוסיף את נהיגתו של הנאשם ברכב ללא רישיון נהיגה ומאליו יוצא שללא ביטוח תקף. מעבר לסכנה הטמונה לכלל הציבור וכן לנאשם מנהיגה ברכב ללא רישיון וללא ביטוח, הדבר מעיד על התייחסות הנאשם להוראות החוק. ולאחר שעמדתי על הנסיבות הפועלות לחובת הנאשם, סבורני כי יש לסייג, ולו במעט את הדברים ולהפנות לטיעוני בא כוח הנאשם שציין, בצדק חלקי, כי יש לאבחן בין החזקת רימוני רסס לבין רימונים שאינם רימוני רסס וזאת בשים לב לכלל הבסיסי ולפיו יש להתחשב, בסוג הנשק, מטרת נשיאתו, משך ההחזקה וכו' (ר' בנדון האמור בע""פ 1323/13 חסן נ' מדינת ישראל (5.6.13)), וכן ציין, גם זאת בצדק חלקי, כי כמות וסוג הסמים, אינם ניצבים בחלק העליון של מנעד החומרה בתחום זה. נתתי דעתי, כאמור, גם לטיעוני ההגנה בנדון.",דיון ומסקנות,דיון והכרעה,דיון והכרעה,דיון והכרעה,דיון והכרעה,דיון והכרעה
ME-17-12-22830-699,"לגבי מדיניות הענישה הנוהגת, הפנו הצדדים לפסיקה מגוונת. מטבע הדברים, שקשה למצוא פסיקה העוסקת בשילוב כזה של עבירות ובפרט בנוגע לסוג וכמות הנשק והסמים. עם זאת, גם כאשר מי מהצדדים מתקשה לאתר פסיקה הקרובה לענייננו, אין הדבר אומר שצריך להפנות לפסיקה שהקשר שלה מרוחק. הדברים נוגעים בעיקר לפסיקה אליה הפנתה המאשימה. כך, ספק אם ניתן ללמוד לענייננו מפסיקה הנוגעת למי שהחזיק 992 טבליות MDMA , 500 ריבועי נייר של LSD וכן סם מסוג חשיש (ע""פ 8731/12  דניאלי נ' מדינת ישראל (11.4.13)). כך, גם ההשוואה למי שהשליך רימון הלם למרפסת בית, יכולה לכל היותר להוליך למסקנה כי המתחם בעניינו של הנאשם – לו היה מתייחס להחזקת הרימונים בלבד – היה צריך להיות נמוך מזה שנקבע במקרה אליו הפנתה המאשימה (ת.פ. (מחוזי חיפה) 31218-10-14 מדינת ישראל נ' אסדי (11.2.15)), שם נקבע מתחם בין 8 ל 20 חודשי מאסר. הצדדים אף הפנו לפסיקה שניתנה טרם תיקון 113 ובהקשר זה אזכיר כי למעט חריגים, יש להמעיט בהפניה לפסיקה זו שכן היא אינה מפרידה בין המתחם לבין העונש בתוך המתחם (ור' בנדון האמור ע""פ 1127/13 גברזגיי נ' מדינת ישראל, פסקה 6 (15.1.14)). בכפוף לקשיים לעיל במציאת פסיקה במקרים דומים, אפנה לת.פ. (שלום עכו) 6532-03-14 מדינת ישראל נ' רעד (3.7.14) – באותו מקרה הורשע הנאשם בהחזקת 8 רימוני הלם וכן בהחזקת תחמושת בכמות גדולה יחסית. נקבע מתחם בין 8 ל 18 חודשי מאסר, ודינו של הנאשם נגזר ל 14 חודשי מאסר (הודה בפתח משפטו, צעיר, עברו אינו מכביד).",דיון ומסקנות,דיון והכרעה,דיון והכרעה,דיון והכרעה,דיון והכרעה,דיון והכרעה
ME-17-12-22830-699,"בשים לב לכלל האמור לעיל, סבורני כי באם היה עומד בפניי האישום הנוגע לנשיאת האמל""ח לבדו, היה נקבע מתחם של בין מספר חודשי מאסר, שיכול וירוצו בעבודות שירות ועד כשנת מאסר. הוא הדין לגבי החזקת הסמים, היינו - באם היה עומד בפניי רק אישום זה ובנתוני התיק, היה נקבע המתחם לעיל.",דיון ומסקנות,דיון והכרעה,דיון והכרעה,דיון והכרעה,דיון והכרעה,דיון והכרעה
ME-17-12-22830-699,"לנוכח כלל האמור לעיל, בשים לב שהמתחם שיש לקבוע הינו כולל ומתייחס הן להחזקת הסם, הן לנשיאת האמל""ח והן לעבירת התעבורה, בשים לב לסוג וכמות האמל""ח והסמים אותם הוביל הנאשם ולכלל הנסיבות שפורטו לעיל, בשים לב לערכים החברתיים שנפגעו מביצוע העבירות ולאחר שעיינתי בפסיקה הקרובה ככל שניתן לענייננו ובשים לב, כאמור, לכך כי המתחם צריך להתייחס לשלושת סוגי העבירות ולכך כי שילוב זה מהווה נסיבה של ממש לחומרה, אני קובע את מתחם העונש הראוי בין 10 ל 24 חודשי מאסר.",דיון ומסקנות,דיון והכרעה,דיון והכרעה,דיון והכרעה,דיון והכרעה,דיון והכרעה
ME-17-12-22830-699,"לגבי הנסיבות שאינן קשורות בביצוע העבירות, יש לשקול לזכות הנאשם את נתוניו הבסיסיים והם – העובדה שמדובר באדם צעיר, נעדר עבר פלילי ומאליו יוצא שלא ריצה מעולם מאסר בפועל. עוד יש לזקוף לזכותו את הודייתו בפתח משפטו. לחובת הנאשם אפנה להתרשמות שירות המבחן ממנו – שהתבססה הן על הגרסה המרחיקה והמיתממת שמסר לקצינת המבחן, הן מהתרשמותם הבלתי אמצעית והן על כלל נתוניו. לצערי, הנאשם לא השכיל להיעזר בכלים ששירות המבחן יודע להציע ולכן השאלה באם יש מקום לסטות לקולא מהמתחם לעיל שנקבע, מטעמי שיקום, נותרה תיאורטית ובלתי ריאלית. עם זאת, סברתי שיש לקבוע את עונשו של הנאשם באזור הגבול התחתון של המתחם כך שמחד, יהיה בעונש כדי להביא לידי ביטוי את הרכיב הגמולי שבמטרות הענישה וכן לשדר לנאשם מסר מרתיע ומציב גבולות, אך מנגד, שלא יהיה ממושך יתר על המידה ובשים לב להשפעותיו השליליות של מאסר בפועל על מי שזו לו הפעם הראשונה מאחורי סורג ובריח כאסיר (ור' בהקשר זה האמור בדו""ח ועדת דורנר (הועדה הציבורית לבחינת מדיניות הענישה והטיפול בעבריינים), עמ' 26 והמובאות שם).",דיון ומסקנות,דיון והכרעה,דיון והכרעה,דיון והכרעה,דיון והכרעה,דיון והכרעה
ME-17-12-22830-699,שנים עשר (12) חודשי מאסר בפועל. מתקופה זו יש לנכות את התקופה בה היה עצור במסגרת הליך זה – מיום 21.11.17 ועד 16.1.18.,"סוף דבר, אני משית על הנאשם את העונשים הבאים:",דיון והכרעה,דיון והכרעה,דיון והכרעה,דיון והכרעה,מידע אחר
ME-17-12-22830-699,"הנני דן את הנאשם למאסר לתקופה של 10 חודשים, וזאת על תנאי למשך שלוש שנים מיום שחרורו, והתנאי הוא כי הנאשם לא יעבור עבירת נשק מסוג פשע.","סוף דבר, אני משית על הנאשם את העונשים הבאים:",דיון והכרעה,דיון והכרעה,דיון והכרעה,דיון והכרעה,מידע אחר
ME-17-12-22830-699,"הנני דן את הנאשם למאסר לתקופה של 5 חודשים, וזאת על תנאי למשך שלוש שנים מיום שחרורו, והתנאי הוא כי הנאשם לא יעבור עבירת נשק מסוג עוון.","סוף דבר, אני משית על הנאשם את העונשים הבאים:",דיון והכרעה,דיון והכרעה,דיון והכרעה,דיון והכרעה,מידע אחר
ME-17-12-22830-699,"הנני דן את הנאשם למאסר לתקופה של 10 חודשים, וזאת על תנאי למשך שלוש שנים מיום שחרורו, והתנאי הוא כי הנאשם לא יעבור עבירת סמים מסוג פשע.","סוף דבר, אני משית על הנאשם את העונשים הבאים:",דיון והכרעה,דיון והכרעה,דיון והכרעה,דיון והכרעה,מידע אחר
ME-17-12-22830-699,"הנני דן את הנאשם למאסר לתקופה של 5 חודשים, וזאת על תנאי למשך שלוש שנים מיום שחרורו, והתנאי הוא כי הנאשם לא יעבור עבירת סמים מסוג עוון.","סוף דבר, אני משית על הנאשם את העונשים הבאים:",דיון והכרעה,דיון והכרעה,דיון והכרעה,דיון והכרעה,מידע אחר
ME-17-12-22830-699,"קנס בסכום של 4,000 ₪ או 20 ימי מאסר תמורתו. הקנס ישולם עד ליום 1.1.19.","סוף דבר, אני משית על הנאשם את העונשים הבאים:",דיון והכרעה,דיון והכרעה,דיון והכרעה,דיון והכרעה,מידע אחר
ME-17-12-22830-699,"אני פוסל את הנאשם מלקבל או מלהחזיק רישיון נהיגה לתקופה של  6 חודשים בפועל, וזאת החל מיום שחרורו.","סוף דבר, אני משית על הנאשם את העונשים הבאים:",דיון והכרעה,דיון והכרעה,דיון והכרעה,דיון והכרעה,מידע אחר
ME-18-01-22537-277,"ב""כ המאשימה: עוה""ד אביטל פינק ושחר לדובסקי",nothing,מידע אחר,מידע אחר,מידע אחר,מידע אחר,מידע אחר
ME-18-01-22537-277,"ב""כ הנאשם 2: עו""ד אשר חן",nothing,מידע אחר,מידע אחר,מידע אחר,מידע אחר,מידע אחר
ME-18-01-22537-277,"פקודת הסמים המסוכנים [נוסח חדש], תשל""ג-1973: סע'  13, 19א",nothing,מידע אחר,מידע אחר,מידע אחר,מידע אחר,מידע אחר
ME-18-01-22537-277,"חוק העונשין, תשל""ז-1977: סע'  40ד(א), 40 יג', 499(א)(1)",nothing,מידע אחר,מידע אחר,מידע אחר,מידע אחר,מידע אחר
ME-18-01-22537-277,"הנאשם 2 (להלן: ""הנאשם"") הורשע בהתאם להודאתו בעובדות כתב האישום המתוקן בעבירות כדלקמן:",רקע,עובדות המקרה,עובדות המקרה,עובדות המקרה,עובדות המקרה,עובדות המקרה
ME-18-01-22537-277,"ייבוא סם מסוכן, לפי סעיף  13 ביחד עם סעיף 19א לפקודת הסמים המסוכנים [נוסח חדש], תשל""ג-1973.",רקע,עובדות המקרה,עובדות המקרה,עובדות המקרה,עובדות המקרה,עובדות המקרה
ME-18-01-22537-277,"קשר לפשע, לפי סעיף 499(א)(1) בחוק העונשין, תשל""ז- 1977 (להלן: ""החוק"").",רקע,עובדות המקרה,עובדות המקרה,עובדות המקרה,עובדות המקרה,עובדות המקרה
ME-18-01-22537-277,"על-פי המתואר בעובדות כתב האישום המתוקן, הנאשם והנאשמת 1 (להלן: ""הנאשמת"") הם בני זוג המתגוררים יחדיו בדירה בנתניה. הנאשמים קשרו קשר לייבא לארץ סם מסוכן, והנאשם עמד בעניין זה בקשר עם אנשים נוספים. במסגרת הקשר ולנוכח חששו של הנאשם שהוא יעורר חשד בביקורת הגבולות, הציע לנאשמת לשמש בלדרית ולייבא לארץ את הסם, בתמורה לכך שיקבלו סך של 100,000 ₪. במטרה לשוות לנסיעה לחו""ל אופי כשר, פנתה הנאשמת לחברתה והציעה לה לטוס איתה לחו""ל תוך שהציגה לה מצג שווא שמדובר בנסיעת מתנה שקיבלה ממעסיקה. בימים הסמוכים ליום 13.12.17 פנה הנאשם לסוכן נסיעות ורכש שלושה כרטיסי טיסה – לנאשמת ולחברתה כרטיס הלוך ושוב לבודפשט, ולעצמו כרטיס טיסה לכיוון אחד לאמסטרדם. הנאשם והנאשמת קבעו שהתקשורת ביניהם תהייה באמצעות יישומוןSignal  המקשה על איתור המתקשרים ומגן על תוכן השיחות שמתבצעות באמצעותו. ביום 13.12.17 הנאשמת וחברתה טסו לבודפשט שם התגוררו בדירה שפרטיה נמסרו להן על ידי הנאשם. במקביל הנאשם טס באותו היום לאמסטרדם, שם קיבל פרטיה של דירת מגורים ובה המתינה עבורו מזוודה בעלת תחתית כפולה ובה 4.893 ק""ג סם מסוג קוקאין. ביום 15.12.17 נסע הנאשם ברכבת לבלגיה ומשם טס לבודפשט. עם נחיתתו בבודפשט יצר קשר עם הנאשמת באמצעות היישומון והשניים נפגשו, שם מסר הנאשם לנאשמת את המזוודה והיא מסרה לידו את מזוודת הנוסעים שלה. ביום 16.12.17 הגיעה הנאשמת לשדה התעופה בבודפשט, שם נדרשה לשלם על המשקל העודף של המזוודה. הנאשמת פנתה לנאשם באמצעות היישומון והוא התייצב בשדה התעופה ומסר לה 100 אירו לשם תשלום עבור המשקל העודף של המזוודה. עם הנחיתה בישראל, הנאשמת שגתה ואספה מזוודה אחרת שאינה המזוודה בה הוטמן הסם. המזוודה ובה הסם נאספה על-ידי משפחה אחרת שהגיעה לישראל. מיד לאחר שנתגלתה הטעות, שבה הנאשמת לשדה התעופה, החזירה את המזוודה השגויה ומסרה את פרטיה למחלקת אבדות ומציאות וביקשה לקבל לידיה את מזוודתה. הנאשמת עדכנה את הנאשם בדבר הטעות והוא לחץ עליה לפעול לאיתור המזוודה ולקבלה לידיה. הנאשם התקשר לסוכן הנסיעות ורכש כרטיס טיסה לישראל. משהנאשמת לא ענתה לשיחותיו, הנאשם יצר קשר עם חברתה וביקש ממנה לנסוע לביתם כדי לברר את מצבה של הנאשמת. ביום 17.12.17 המשפחה האחרת החזירה את המזוודה שבה הסם לשדה התעופה, שם עברה המזוודה שיקוף והתגלה שהמזוודה מכילה סם מסוג קוקאין. ביום 18.12.17 המשטרה מסרה את המזוודה לידי הנאשמת, והנאשמת עדכנה את הנאשם שהמזוודה בידיה והוא הורה לה לשקול את המזוודה ולקחת אותה לביתם. באותו ערב ערכה המשטרה חיפוש בביתם של הנאשמים ונמצאו שם המזוודה ובה הסם. הנאשם עצם את עיניו לגבי סוג הסם וכמותו.",רקע,עובדות המקרה,עובדות המקרה,עובדות המקרה,עובדות המקרה,עובדות המקרה
ME-18-01-22537-277,"הצדדים הגיעו להסדר דיוני, לפיו הנאשם הודה והורשע בכתב האישום המתוקן והופנה לקבלת תסקיר שירות המבחן, ללא הסכמה לעונש. לשם השלמת התמונה יובהר כי נערך אף הסדר טיעון בנוגע לנאשמת, ולאחר קבלת תסקיר שירות המבחן בעניינה, הודיעו הצדדים כי יעתרו במשותף לעונש של 6 חודשי מאסר שיכול וירוצו בעבודות שירות, לצד עונשים נלווים.",רקע,עובדות המקרה,עובדות המקרה,עובדות המקרה,עובדות המקרה,עובדות המקרה
ME-18-01-22537-277,"על פי תסקירי שירות המבחן, הנאשם כבן 35, רווק ואב לילד בן 5 ממערכת יחסים קודמת. מנהל מערכת יחסים זוגית עם הנאשמת. הנאשם נשר ממערכת החינוך לאחר 10 שנות לימוד, עבר בין מסגרות חינוכיות רבות בשל קשיי הסתגלות, בעיות משמעת וקושי בקבלת סמכות. כנער היה מעורב בפלילים והתקשה להיעזר בגורמי הטיפול לשם עריכת שינוי ולא גויס לשירות צבאי בגין מעורבותו בפלילים. בגיל 12 החל בשימוש בחומרים מסוגים שונים כולל סם מסוג קנאביס וסמי הזייה לצד שימוש אינטנסיבי באלכוהול. לאורך השנים מצבו הדרדר עד לשימוש תדיר ויומיומי. הנאשם חבר לחברה שולית כנער ומעורבותו השולית העמיקה. לאורך השנים עבד באופן מזדמן. כיום אינו מקיים קשר עם בני משפחתו. הקשר של הנאשם עם בנו מרוחק וטלפוני בעיקרו. לנאשם עבר פלילי הכולל שלוש הרשעות בין השנים 2004-2010 בגין עבירות סמים. בשנת 2009 הופנה לשירות המבחן ואז עלתה התרשמות מאדם צעיר המגלה חוסר יציבות ומתנהל באופן אימפולסיבי, לצד בעיית שימוש בסמים וקיום קשרים שוליים. ביחסו לעבירה, הנאשם הסביר את הרקע לביצוע העבירות בהתמכרותו לסמים, מצב כלכלי דחוק ורצון להשגת רווח כספי קל. תאר שיצר קשר עם גורמים עברייניים והונחה על ידם כיצד להתנהל בביצוע העבירות. הנאשם הביע חרטה על ביצוע העבירות ומסר שכיום מבין את חומרתן. שירות המבחן התרשם שהנאשם התקשה לבחון את השלכות התנהגותו בעבירות ופגיעתו באחרים.",תסקירי שירות המבחן,תסקיר שירות מבחן,תסקיר שירות מבחן,תסקיר שירות מבחן,תסקיר שירות מבחן,תסקיר שירות מבחן
ME-18-01-22537-277,"בהליך המעצר בגין התיק דנן בחודש פברואר 19' התרשם שירות המבחן מתלותו בסמים ומבחירות שוליות שעושה, אימפולסיביות וקושי בוויסות עצמי הבאים לידי ביטוי בצריכת חומרים, תועלתנות וחיפוש אחר רווחים מהירים. עוד התרשם שירות המבחן מניהול אורח חיים שולי מגיל צעיר, קושי בקבלת גבולות, היעדר הרתעה של סנקציות קודמות ובאותו השלב הנאשם הצליח להתייחס לבעיית התמכרותו והביע מוטיבציה לעריכת שינוי ולהשתלבות בטיפול במסגרת קהילה טיפולית. ביום 4.6.18 הנאשם השתלב בקהילה הטיפולית ""הדרך"". לאחר 9 חודשים, שבועיים טרם מועד סיום הטיפול בקהילה ומעבר להוסטל, הוחלט על הפסקת הטיפול בנאשם באופן מיידי ללא אפשרות לחזרתו לטיפול וזאת על רקע התנהלות הנאשם בקהילה לאורך התקופה האחרונה בקהילה, שכללה דפוסי הסתרה, מניפולציה, חוסר כנות, תועלתנות וההתרשמות שהוא משקיע משאבים בטיפול בעיקר לשם שיפור מצבו המשפטי ולא לשם קידום שינוי בחייו ובמצבו ההתמכרותי. נערכו מספר ניסיונות במסגרת הקהילה לשקף לנאשם את בחירותיו והתנהגותו, אולם הנאשם נקט בגישה מתגוננת והתקשה לקחת אחריות על דפוסיו הבעייתיים, היה מנותק רגשית והתנהל באופן נוקשה באופן שהקשה על התבוננות פנימית יעילה. גורמי הטיפול התרשמו שהנאשם אינו מצליח ליישם את המיומנויות שהוצעו לו בטיפול. לאחר סיום הטיפול בקהילה, הנאשם לא המשיך את הטיפול במסגרת טיפולית אחרת ולדבריו נמנע מחזרה לצריכת סמים בכוחות עצמו. שירות המבחן התרשם מהנאשם אשר לאורך חייו התמודד עם קשיים ומשברים במישור הרגשי, המשפחתי והכלכלי והוא נעדר דמויות הוריות מכוונות ותומכות. מגיל צעיר התקשה להתנהל באופן תקין ולהתמיד במסגרות, חבר לחברה שולית וצרך סמים שהוו עבורו אמצעי רגיעה ושייכות חברתית. לאורך השנים ביצע עבירות על רקע צריכתו סמים. שירות המבחן התרשם מעמדות בעייתיות ושוליות, כשהוא מתקשה בבחינת השלכות התנהגותו בעת ביצוע העבירות כמו גם את חומרתן, זאת לאחר שעבר תהליך טיפולי ממושך ואינטנסיבי בקהילה טיפולית, שם התקשה לשתף פעולה בטיפול ולהתנהל בהתאם לכללי המסגרת. כגורמי סיכון מנה שירות המבחן חומרת העבירות, מעורבות שולית מגיל צעיר, קשרים שוליים והתמכרות לחומרים פסיכו-אקטיביים, קשייו להשתלב בטיפול בעבר ומוטיבציה חיצונית להמשך טיפול. כגורמי סיכוי לשיקום מנה שירות המבחן את היותו של הנאשם בעל כוחות, שעל אף קשייו לאורך שנים השתלב במסגרות שונות, הימנעות ממעורבות נוספת עם החוק והמוטיבציה שמבטא לשיקום חייו. שירות המבחן שיקף לנאשם את הערכתו כי זקוק להמשך טיפול, והנאשם הביע מוטיבציה מילולית ראשונית ופנה לטיפול ביחידה לטיפול בהתמכרויות באריאל. שירות המבחן ראה חשיבות בשילובו של הנאשם בטיפול והדיון בעניינו נדחה.",תסקירי שירות המבחן,תסקיר שירות מבחן,תסקיר שירות מבחן,תסקיר שירות מבחן,תסקיר שירות מבחן,תסקיר שירות מבחן
ME-18-01-22537-277,"בתקופת הדחייה, הנאשם מסר שעובד באופן מזדמן, משקיע כוחות בחיזוק יחסיו עם בנו ונמצא בטיפול ביחידה לטיפול בהתמכרויות. תאר שמצליח לשתף בקשייו בפתיחות ובכנות, רוכש מיומנויות להתמודדות מקדמת במצבי קושי וסיכון עבורו. במהלך החודשים האחרונים הקשר עם גורמי הטיפול ביחידה מתקיים באמצעות שיחות וידאו בשל הקורונה, הוא משתתף בקבוצה לעזרה עצמית וצפוי להשתלב בקבוצה טיפולית. גורמי הטיפול ביחידה דיווחו שהנאשם משתף פעולה בטיפול באופן מלא, עד למגבלות הקורונה הגיע באופן סדיר למפגשים עמו, מוסר בדיקות שתן המעידות על הימנעותו מצריכת סמים, משקיע כוחות בתפקוד תקין ובשיקום חייו ולהערכת גורמי הטיפול ביחידה, עונש מאסר יפגע בהתנהלותו ועלול לגרום לרגרסיה במצבו ולחזרה לשימוש בסמים. בחודש מרץ 20' הנאשם שולב בקבוצה טיפולית בשירות המבחן המיועדת לעוברי חוק. על רקע מגבלות הקורונה הנאשם השתתף במפגש קבוצתי יחיד והביע רצון להשתלב בקבוצה עם פתיחתה המחודשת. שירות המבחן התרשם שהנאשם עורך מאמצים לשינוי ושיקום חייו, מגלה אחריות ויציבות בתפקידיו השונים ומקפיד לשמר את השינוי החיובי בחייו. לאור שיתוף הפעולה עם גורמי הטיפול, הימנעותו מחזרה לשימוש בסמים ומביצוע עבירות והנכונות שמבטא להמשך הטיפול, שירות המבחן המליץ על צו מבחן והעריך שהטלת עונש מאסר בעיתוי הנוכחי, אף לריצוי בעבודות שירות, עלולה לפגוע במאמציו לתפקוד תקין ולהביא לנסיגה במצבו. לפיכך המליץ שירות המבחן להטיל על הנאשם צו של""צ בהיקף של 500 שעות ועונש של מאסר מותנה.",תסקירי שירות המבחן,תסקיר שירות מבחן,תסקיר שירות מבחן,תסקיר שירות מבחן,תסקיר שירות מבחן,תסקיר שירות מבחן
ME-18-01-22537-277,"עו""ס קובי בן נון – עו""ס בתחום ההתמכרויות בעירית אריאל. העיד הוא שמכיר את הנאשם מתחילת חודש נובמבר 19'. הנאשם הגיע ביוזמתו וביקש טיפול. הוא עבר ילדות לא פשוטה, חווה אלימות, ולא קיבל שום תמיכה. הוא הגיע לטיפול לאחר שהיה בקהילת ""הדרך"" במשך תקופה ממושכת. מאז שהחל את הטיפול אצלו הוא עוסק בעולמו הפנימי, משתף בצורה כנה ואותנטית, נמצא בתהליך שיקום מאוד יפה. הנאשם מכור תקופה ממושכת, היום הוא נקי מעל לשנתיים, עושה בדיקות שתן כל שבוע והתוצאות נקיות. הוא הולך לקבוצה טיפולית בברקן, בסך הכל 10 מפגשים. הנאשם רוצה לפתוח דף חדש ולא לחזור למקום בו היה. הטיפול בו בקהילת ""הדרך"" הופסק משום שאמו, עמה הקשר מאוד בעייתי, נתנה לו קפה ירוק ולא קלוי, והוא הכניס את זה לקהילה, בצורה של הסתרה והם אמרו שזה דפוס של נרקומנים והרחיקו אותו מהקהילה. הוא מאוד התקדם ועובד על דפוסים אלה. היו לו ניסיונות טיפוליים בשירות המבחן שלא הצליחו, היום הוא נותן אמון בממסד, במטפל ובבית המשפט ומאוד רוצה להשתקם. בטיפול הוא מאוד כן ואמיתי. הנאשם נותן בו אמון וזה הבסיס להצלחה. הנאשם הגיע לטיפול עם מוטיבציה פנימית ומרצונו החופשי. בחודשים האחרונים השתתף בקבוצה בת 10 מפגשים ועשה בדיקת שתן פעם בשבוע.",ראיות לעונש,ראיות לעונש,ראיות לעונש,תסקיר שירות מבחן,ראיות לעונש,ראיות לעונש
ME-18-01-22537-277,"לטענת ב""כ המאשימה, עוה""ד אביטל פינק ושחר לדובסקי, הנאשם קשר קשר לביצוע ייבוא סמים, הוא היה זה שגייס את הנאשמת והציע לה לשמש בלדרית, דאג לכרטיסי הטיסה, הנחה את הנאשמת כיצד לפעול, סייע לה בתשלום בשדה התעופה ולחץ עליה לאיתור המזוודה. הערך החברתי שנפגע בעבירה הוא הגנה על הציבור מפני הנזקים הישירים והנלווים לשימוש בסמים, ומידת הפגיעה בערך המוגן היא ברף גבוה נוכח סוג הסם וכמותו. הנסיבות הקשורות בביצוע העבירה כוללות תכנון מוקדם ותחכום. אמנם הנאשם היה בלדר ולא המשלח או מי שהיה צפוי לקבל את הסמים ולהפיצם, אך חלקו הוא משמעותי וחיוני לביצוע העבירה. הנזק הפוטנציאלי הוא רב נוכח סוג הסם. אלמלא הסם נתפס, הוא היה מופץ בישראל. המאשימה עתרה למתחם עונש הנע בין 4 ל-7.5 שנות מאסר בפועל. בעניינו של הנאשם התקבלו שני תסקירים. הראשון מלמד שהנאשם החל לצרוך סמים מגיל 12, ובמהלך השנים חלה הדרדרות במצבו. הקשר הטיפולי עם שירות המבחן החל עם מעצרו בחודש פברואר 18'. ביום 4.6.18 הופנה לחלופת מעצר בקהילה הטיפולית ""הדרך"". שבועיים לפני תום הטיפול בקהילה, הוחלט על הפסקת הטיפול בו באופן מיידי, ללא אפשרות חזרתו לטיפול. העו""ס שטיפלה בו בקהילה תארה התנהגות של הסתרה, מניפולציה, חוסר כנות, תועלתנות והשקעת משאבים בטיפול בעיקר כדרך לשפר את מצבו המשפטי. לאחר מכן פנה לטיפול ביחידה להתמכרויות באריאל. שירות המבחן התרשם מעמדות בעייתיות ושוליות כשהנאשם מתקשה לבחון את השלכות התנהגותו בביצוע העבירה ואת חומרתן, כל זאת לאחר טיפול ארוך ואינטנסיבי. כן התרשמו מקשייו לשתף פעולה בהליך הטיפולי וכי הוא מונע בעיקר בשל חששו מגזר הדין. לאור התחייבות הנאשם להמשך טיפול התבקשה דחייה. בתסקיר המסכם צוין שהנאשם המשיך בקשר עם גורמי הטיפול ביחידה להתמכרויות באריאל ומשתתף בקבוצת תמיכה למכורים נקיים, מוסר בדיקות שתן שמעידות על הימנעות משימוש בסמים והעריך שענישה של מאסר תפגע בהתנהלותו ותביא לרגרסיה ואף לחזרתו לצרוך סמים. שירות המבחן ציין את החשיבות שמוצא בשילוב הנאשם בטיפול בשירות המבחן, הוא שולב בקבוצה טיפולית למבוגרים עוברי חוק, ובשל משבר הקורונה השתתף במפגש אחד בלבד והוא מביע נכונות להמשיך בטיפול. שירות המבחן התרשם שהנאשם משקיע מאמצים בשיקום חייו והמליץ על צו מבחן, צו של""צ ומאסר על תנאי. למעשה במשך שנתיים וחצי הנאשם מקיים קשר עם שירות המבחן ורק כעת החל בצעד טיפולי – מאז חודש מרץ 20'. המאשימה אינה סבורה שקיימים שיקולים המצדיקים חריגה ממתחם העונש משיקולי שיקום. למרות שראשית הקשר עם שירות המבחן היה בחודש פברואר 18', הרי שעד היום ההליך הטיפולי אותו עובר הנאשם הוא ראשוני בלבד וזאת למרות הזדמנויות שניתנו לו. במשך תקופה ארוכה העריך שירות המבחן שרצונו של הנאשם בטיפול נובע מרצונו ברווח משני בגזר הדין ולא מרצון אמיתי לשינוי. העובדה שהנאשם נפלט מהטיפול בקהילה שבועיים לפני סופה, מעידה על העדר רצינות הנאשם. עברו הפלילי של הנאשם כולל 3 הרשעות בין השנים 2004-2010 בעבירות סמים. ריצה בעבר עונש מאסר בעבודות שירות בגין עבירות סמים. לאור זאת, עתרה המאשימה להטיל על הנאשם עונש מאסר בתחתית מתחם העונש לצד מאסר על תנאי וקנס.",טיעוני הצדדים,טיעוני הצדדים,טיעוני הצדדים,טיעוני הצדדים,טיעוני הצדדים,טיעוני הצדדים
ME-18-01-22537-277,"לטענת ב""כ הנאשם, עו""ד אשר חן, חייו של הנאשם היו שבורים, הוא בא ממערכת יחסים קשה מאוד בביתו והגיע למקומות קשים ובעייתיים. בעקבות התיק הנוכחי לנאשם היה מאוד קשה ולא עשו לו הנחות בתסקיר הראשון. אולם בתסקיר השני עולה ששירות המבחן ראה שמהרגע שהנאשם התחבר ליחידה להתמכרויות באריאל, זו הפעם הראשונה שהנאשם עובר תהליך משמעותי, משקיע בחיזוק הקשר עם בנו ומקיים מערכת יחסים עם הנאשמת. כמו כן הוא מוסר בדיקות שתן נקיות וכבר שנתיים שהוא נקי מסמים. שירות המבחן התרשם שבאופן הדרגתי הנאשם משתף פעולה באופן מלא, מחודש נובמבר 19' יש שינוי והקשר הטיפולי הוא אמיתי. פעם ראשונה שהוא נכנס למערכת בה הוא נותן אמון והמערכת תומכת בו. הוא עובד, מקיים קשר עם העו""ס ושולב בקבוצה טיפולית ויתכן שישולב בקבוצה נוספת והוא הביע רצון לכך. מדובר באדם שגדל ללא משענת ומאוד קשה לו. לראשונה בחייו יש לו משענת. העו""ס העיד על ההליך שהנאשם עובר, שיקום שיועיל לחברה והוא לעולם לא יחזור לאותו מקום. הנאשם עצם את עיניו לגבי סוג הסם וכמותו, ומכאן שמדובר במי שהשתמשו בו. העונש לו עותרת המאשימה יחזיר אותו לאחור, אחרי שהוא עבר תהליך. הנאשם היה במעצר כמעט חצי שנה, בהמשך היה 8 חודשים וחצי בקהילה הטיפולית בתנאים סגורים, ומחודש יולי 19' הוא בתנאי מעצר בית לילי ומעצר אדם במהלך היום. מדובר בתקופה ארוכה מאוד בה הנאשם משלם מחיר ממשי על העבירה שביצע. דוח ועדת דורנר עסק במשמעות של שליחה למאסר. ענישה אינה מרפאת את אותם אנשים חלשים, אלא ההליכים השיקומיים. הליך השיקום ותקופת היותו עצור בתנאים מגבילים צריכים לקבל ביטוי משמעותי. הנאשם ראוי לריפוי ולשיקום בתוך הקהילה.",טיעוני הצדדים,טיעוני הצדדים,טיעוני הצדדים,טיעוני הצדדים,טיעוני הצדדים,טיעוני הצדדים
ME-18-01-22537-277,"הנאשם טען שמגיל צעיר מאוד הוא משתמש בחומרים. לאחר שיצא מהקהילה ביקש מקצינת המבחן להתחיל בטיפול. הוא רצה טיפול. כעת עלה על דרך חדשה. בעברו, לא ידע מה זה להיות נקי אף לא ליום אחד. היה משתמש אינטנסיבי, הרואין היה נוף ילדותו, ראה סמים קשים מאז היה ילד עוד בטרם צרך סמים. לא יודע מה היה קורה אם היה ממשיך בדרך החיים הקודמת שלו.",טיעוני הצדדים,טיעוני הצדדים,טיעוני הצדדים,תסקיר שירות מבחן,טיעוני הצדדים,טיעוני הצדדים
ME-18-01-22537-277,"כתב האישום מתאר אירוע אחד, ומכאן שיש לקבוע בגינו מתחם עונש הולם אחד.",דיון - קביעת מתחם העונש ההולם,דיון והכרעה,דיון והכרעה,דיון והכרעה,דיון והכרעה,דיון והכרעה
ME-18-01-22537-277,"הערכים החברתיים שנפגעו מביצוע העבירה הם הגנה על בריאות הציבור ושלומו מפני הנזקים הנלווים לשימוש בסמים מסוכנים. נזקי הסמים כוללים נזקים ישירים למכורים לסמים, אשר פעמים רבות נופלים כנטל על החברה, ונזקים עקיפים שנגרמים כתוצאה מביצוע עבירות על ידי המכורים לסמים לשם מימון רכישת הסמים. בית המשפט העליון עמד על חומרתן של עבירות הסמים, לרבות עבירה של ייבוא סם מסוכן, ובפרט כאשר מדובר בכמויות גדולות של סמים קשים, ובהם סם מסוג קוקאין אשר נמנה על הקשים שבסמים. הענישה בעבירות אלה נועדה בעיקרה לשרת את עקרון ההלימה. הצורך בענישה מחמירה של מבצעי עבירות סמים נועד לתמוך במאבק בנגע הסמים, ולהעביר מסר חד משמעי וברור לעבריינים. כדי לקיים את עקרון ההלימה בעבירות סמים, יש להתאים את העונש לחומרת המעשים אשר נמדדת בבחינת אופי העבירה, חלקו של הנאשם בביצועה, סוג הסם וכמותו. בעבירות סמים יש כמובן מקום לקחת בחשבון גם את נסיבותיו האישיות של הנאשם, אך הדגש בגזירת העונש הוא על המעשה, וככלל נסיבותיו האישיות של נאשם ייסוגו בפני האינטרס הציבורי שבהטלת ענישה מחמירה בגין עבירות מסוג זה (ראו דברי כב' השופט נ' הנדל בע""פ 6548/17 לבדב נ' מדינת ישראל [30.1.18], וכב' השופט י' אלרון בע""פ 8048/19 פיצ'חדזה נ' מדינת ישראל [4.6.20]).",דיון - קביעת מתחם העונש ההולם,דיון והכרעה,דיון והכרעה,דיון והכרעה,דיון והכרעה,דיון והכרעה
ME-18-01-22537-277,"בית המשפט העליון חזר והדגיש את החומרה שיש לנקוט כלפי כל המעורבים בשרשרת הפצת הסם, לרבות כלפי בלדרי סמים אשר אינם ניצבים בראש ההיררכיה, ואשר מתפתים להצעות מפתות לרווחים קלים. מערכת הפצת הסמים נסמכת בחלקה על בלדרים אשר מייבאים את הסמים לישראל, ואותם בלדרים מהווים חוליה משמעותית בייבוא הסמים לישראל. לפיכך, אין מנוס אלא להחמיר גם בעונשם של הבלדרים כדי להיאבק בתופעת יבוא הסמים הקשים לישראל (ע""פ 7044/11 עבד נ' מדינת ישראל [17.6.12]).",דיון - קביעת מתחם העונש ההולם,דיון והכרעה,דיון והכרעה,דיון והכרעה,דיון והכרעה,דיון והכרעה
ME-18-01-22537-277,"בחינת מידת הפגיעה בערך המוגן מובילה למסקנה כי הפגיעה בערך המוגן היא ברף גבוה נוכח סוג הסם (קוקאין) שהוא מהקשים שבסמים וכן נוכח כמותו המשמעותית (4.89 ק""ג). הקוקאין נחשב, ולא בכדי, לסם קשה. זאת הן בשל השפעותיו על גוף האדם, והן בשל פוטנציאל ההתמכרות הגבוה שטמון בו, והצורך של המכורים לכמויות הולכות וגדלות של סם, תוך שהמכורים מבצעים עבירות כדי לממן את השימוש בסמים, ועקב כך נגרמת פגיעה בחברה כולה (ראו דברי כב' השופט נ' הנדל בע""פ 972/11 מדינת ישראל נ' יונה [4.7.12]).",דיון - קביעת מתחם העונש ההולם,דיון והכרעה,דיון והכרעה,דיון והכרעה,דיון והכרעה,דיון והכרעה
ME-18-01-22537-277,"במסגרת הנסיבות הקשורות בביצוע העבירה, יש לתת את הדעת לכך שלעבירה קדם תכנון. הנאשם קשר עם בת זוגו (הנאשמת) קשר לייבא סמים לישראל ולשם כך קיים קשר עם אנשים נוספים. בתמורה לייבוא הסם היו צפויים הנאשם והנאשמת לקבל תמורה משמעותית של 100,000 ₪. הנאשם גייס את הנאשמת שתשמש בלדרית בשל חששו כי הוא יעורר חשד בשדה התעופה, ובכך חטא והחטיא. הוא רכש כרטיסי טיסה עבור הנאשמת וחברתה וכן לעצמו. הנאשם השתמש ביישומון שיקשה על איתור התקשורת בינו לבין הנאשמת בחו""ל, ובכך קיים תחכום בביצוע העבירה. הנאשם קיבל את המזוודה ובה הסם בדירה באמסטרדם, טס לבודפשט שם שהתה הנאשמת ומסר לה את מזוודת הסמים כדי שהיא תעבירה לישראל. הנאשם שילם על המשקל העודף של המזוודה ובהמשך לכך הפעיל על הנאשמת לחץ כדי שתאתר את המזוודה שאבדה. חלקו של הנאשם במעשים הוא משמעותי ודומיננטי מאוד. השכר שצפוי היה לקבל הנאשם, ביחד עם הנאשמת, בעבור ייבוא הסם, אמנם משמעותי, אך מלמד שהוא אינו המשלח ואינו סוחר הסמים שעתיד היה לקבל את הסמים ולהפיצם בישראל. עם זאת, בתיקים מסוג זה, חלקם של הבלדרים הוא משמעותי וחיוני לביצוע העבירה. הבלדרים נמצאים אמנם במקום נמוך בהיררכיית העבריינות המייבאת את הסם לישראל, אך מהווים חוליה משמעותית בשרשרת ייבוא הסם. הנאשם עצם את עיניו באשר לסוג הסם ולכמותו, אך אין בכך להמעיט מחלקו היחסי הדומיננטי בעבירה, כמי שקשר את הקשר לבצעה, גייס את הנאשמת כבלדרית, עסק בכל הסידורים הלוגיסטיים הקשורים בהבאת הסמים ואף היה זה שקיבל את מזוודת הסמים והעבירה לנאשמת (לעניין עצימת עיניים בעבירות יבוא סמים, ראו דברי כב' השופט סולברג בע""פ 671/19 אבוטבול נ' מדינת ישראל [7.10.19] (פיסקה 10)). הנזק שצפוי היה להיגרם מהעבירה הוא רב, לנוכח סוג הסם (קוקאין), כמותו (4.89 ק""ג) ושוויו הרב. אלמלא טעותה של הנאשמת באיסוף המזוודה ועקב כך תפיסת הסם על ידי המשטרה, הרי שהסם היה נכנס לישראל ומופץ ברחובותיה, וכתוצאה מכך היה עלול להיגרם נזק רב, כיוון שסמים ובפרט מסוג זה, הם מחוללי פשיעה. הנאשם ביצע את העבירה בעבור בצע כסף וכן על רקע אורח החיים ההתמכרותי והשולי שניהל לאורך השנים.",דיון - קביעת מתחם העונש ההולם,דיון והכרעה,דיון והכרעה,דיון והכרעה,דיון והכרעה,דיון והכרעה
ME-18-01-22537-277,בחינת מדיניות הענישה הנוהגת מעלה כי במקרים דומים הוטלו על נאשמים עונשי מאסר במנעד רחב כמפורט להלן:,דיון - קביעת מתחם העונש ההולם,דיון והכרעה,דיון והכרעה,דיון והכרעה,דיון והכרעה,דיון והכרעה
ME-18-01-22537-277,"בע""פ 10101/17 טאקץ נ' מדינת ישראל (24.3.18), נדון ערעורו של מי שהורשע בת""פ (מח' מר') 41280-09-16 (12.11.17), על פי הודאתו, ביבוא של 6.15 ק""ג קוקאין לישראל, נקבע מתחם מ-5.5 עד 9 שנות מאסר, ונגזר עליו עונש של 6.5 שנות מאסר. בבית המשפט העליון חזר בו הנאשם מהערעור בהמלצת בית המשפט.",דיון - קביעת מתחם העונש ההולם,דיון והכרעה,דיון והכרעה,דיון והכרעה,דיון והכרעה,דיון והכרעה
ME-18-01-22537-277,"בע""פ 6886/17 מרסל נ' מדינת ישראל (24.4.18), נדחה ערעורו של נאשם אשר הורשע על פי הודאתו בעבירות של ייבוא סם מסוכן וקשירת קשר. הנאשם ייבא לישראל במזוודה סם מסוג קוקאין במשקל של 3 ק""ג. בית המשפט המחוזי קבע מתחם עונש הנע בין 4 ל-7 שנות מאסר והשית על הנאשם 56 חודשי מאסר בפועל. בית המשפט העליון דחה את הערעור תוך שהתייחס לחומרה הרבה בעבירות שתכליתן להחדיר סמים לישראל ובפרט סם מסוג קוקאין ובמשקל גדול.",דיון - קביעת מתחם העונש ההולם,דיון והכרעה,דיון והכרעה,דיון והכרעה,דיון והכרעה,דיון והכרעה
ME-18-01-22537-277,"בע""פ 6840/14 Giraldo Arbelaez נ' מדינת ישראל (22.7.15), נדחה ערעורה של נאשמת אשר הורשעה על פי הודאתה בעבירת ייבוא סם מסוכן. הנאשמת התלוותה לבלדר אחר בטיסה מקולומביה לישראל ונשאה עמה מזוודה ובה 3.82 ק""ג סם מסוג קוקאין בתמורה לתשלום. בית המשפט המחוזי קבע מתחם עונש הנע בין 4 ל-6.5 שנות מאסר בפועל והשית על הנאשמת עונש של 4 שנות מאסר בפועל.",דיון - קביעת מתחם העונש ההולם,דיון והכרעה,דיון והכרעה,דיון והכרעה,דיון והכרעה,דיון והכרעה
ME-18-01-22537-277,"בת""פ (מח' מרכז) 620-01-17 מדינת ישראל נ' גיולה (26.4.18), הורשע הנאשם על פי הודאתו בעבירה של ייבוא סם מסוכן. הנאשם ייבא לישראל במזוודה סם מסוג קוקאין במשקל של 4.92 ק""ג. בית המשפט קבע מתחם עונש הנע בין 4.5 ל-7.5 שנות מאסר בפועל והשית על הנאשם, בעל עבר פלילי, עונש של 5.5 שנות מאסר בפועל.",דיון - קביעת מתחם העונש ההולם,דיון והכרעה,דיון והכרעה,דיון והכרעה,דיון והכרעה,דיון והכרעה
ME-18-01-22537-277,"בת""פ (מח' מר') 737-10-13 מדינת ישראל נ' Lopez (6.11.14), הורשע נאשם על פי הודאתו בעבירה של ייבוא סם מסוכן. הנאשם טס ארצה כשבתוך מזוודתו מוטמנים סמים מסוג קוקאין במשקל כולל של 3.47 ק""ג. נקבע מתחם שבין 5 ל-7.5 שנות מאסר בפועל. הנאשם אזרח זר כבן 64 שמצבו הבריאותי רופף. נידון ל-5 שנות מאסר בפועל.",דיון - קביעת מתחם העונש ההולם,דיון והכרעה,דיון והכרעה,דיון והכרעה,דיון והכרעה,דיון והכרעה
ME-18-01-22537-277,"בת""פ (מח' מר') מדינת ישראל נ' ואזנה (16.10.17) הורשע נאשם על-פי הודאתו בעבירה של יבוא סם. הנאשם הביא לישראל במזוודה סם מסוג קוקאין במשקל של 6.1 ק""ג. נקבע מתחם שבין 4.5 ל-7.5 שנות מאסר, והנאשם בעל עבר שאינו מכביד, נדון ל-57 חודשי מאסר בפועל.",דיון - קביעת מתחם העונש ההולם,דיון והכרעה,דיון והכרעה,דיון והכרעה,דיון והכרעה,דיון והכרעה
ME-18-01-22537-277,"בת""פ (מח' מר') 22433-05-18 מדינת ישראל נ' קליין (31.12.19), הורשע נאשם על פי הודאתו בעבירות של יבוא סם מסוכן והחזקת סם לצריכה עצמית. הנאשם הביא לישראל מזוודה שהכילה 4 ליטר סם מסוג קוקאין במצב נוזלי. נקבע מתחם שבין 45 חודשי ועד 75 חודשי מאסר בפועל. הנאשם נדון ל-45 חודשי מאסר בפועל.",דיון - קביעת מתחם העונש ההולם,דיון והכרעה,דיון והכרעה,דיון והכרעה,דיון והכרעה,דיון והכרעה
ME-18-01-22537-277,"בת""פ (מח' ת""א) 33745-01-13 מדינת ישראל נ' דסונה (28.10.13), הורשעה הנאשמת, אזרחית ברזיל, בעבירות של קשירת קשר לביצוע פשע, יבוא סמים והחזקת סמים שלא לשימוש עצמי. הנאשמת שימשה כבלדרית וייבא 4 ק""ג סם מסוג קוקאין במזוודתה. הנאשמת אם לארבעה ילדים שחיים בארץ מוצאה בעוני קשה. נידונה ל- 3.5 שנות מאסר בפועל.",דיון - קביעת מתחם העונש ההולם,דיון והכרעה,דיון והכרעה,דיון והכרעה,דיון והכרעה,דיון והכרעה
ME-18-01-22537-277,"בת""פ (מח' מר') 4435-11-17 מדינת ישראל נ' טנזי (20.5.20), הורשע נאשם 2 על פי הודאתו בעבירות של קשירת קשר לביצוע פשע וייבוא סם. הנאשם ואחר קשרו קשר לייבא סם. האחר רכש עבור הנאשם כרטיסי טיסה והנאשם ייבא לישראל במזוודה סם מסוג קוקאין במשקל של 5 ק""ג. בית המשפט קבע מתחם עונש הנע בין 4.5-7.5 שנות מאסר בפועל. הנאשם סיים טיפול בקהילה טיפולית ובהוסטל להמשך טיפול ונקבע שעבר תהליך טיפולי מעמיק ומקיף ושירות המבחן התרשם שעבר שינוי משמעותי בתחומי חייו השונים. בית המשפט החליט לחרוג ממתחם העונש משיקולי שיקום והשית על הנאשם עונש של 42 חודשי מאסר בפועל לצד ענישה נלווית.",דיון - קביעת מתחם העונש ההולם,דיון והכרעה,דיון והכרעה,דיון והכרעה,דיון והכרעה,דיון והכרעה
ME-18-01-22537-277,"בת""פ (מח' י-ם) 22022-07-18 מדינת ישראל נ' פורסט (20.5.20) הורשע הנאשם 2 על פי הודאתו בעבירה של יבוא סם. הנאשם ייבא לישראל, בתמורה כספית, 2.78 ק""ג סם מסוג קוקאין. בית המשפט קבע מתחם שבין 3.5 ל-7 שנות מאסר, וגזר על הנאשם 42 חודשי מאסר בפועל.",דיון - קביעת מתחם העונש ההולם,דיון והכרעה,דיון והכרעה,דיון והכרעה,דיון והכרעה,דיון והכרעה
ME-18-01-22537-277,"בהתאם לתיקון 113 לחוק העונשין (סעיף 40 יג'), אני קובע כי מתחם העונש ההולם הוא החל מ-4 ל-7 שנות מאסר בפועל.",דיון - קביעת מתחם העונש ההולם,דיון והכרעה,דיון והכרעה,דיון והכרעה,דיון והכרעה,דיון והכרעה
ME-18-01-22537-277,"כידוע, ניתן לחרוג לקולה ממתחם העונש ההולם משיקולי שיקום. ככלל, הפרמטרים המרכזיים אשר ממצביעים על סיכוי שיקום הם המוטיבציה שהפגין הנאשם להשתקם; הליך של גמילה מהתמכרות שהוא עובר; השתלבות מוצלחת בהליכים טיפוליים שונים; אינדיקציות לשינוי עמוק בהתנהגות ובדרך החשיבה; הבעת חרטה כנה על המעשים והפגנת אמפתיה כלפי נפגעי העבירה. בהקשר זה נקבע בפסיקה כי שילוב בין שינוי מהותי בהתייחסות הרגשית לאירוע העבירה המתבטא בנטילת אחריות, כפרה והבעת אמפתיה לנפגעי העבירה לבין אינדיקציות אובייקטיביות לקיומו של תהליך שיקומי-טיפולי מוצלח וחזרה לדרך הישר, עשויים להצביע על ""סיכוי של ממש לשיקום"" כלשונו של סעיף 40ד(א) לחוק. דברים אלה זוכים למשנה תוקף מקום בו מדובר באדם צעיר ונעדר עבר פלילי (ראו דברי כב' השופטת ד' ברק ארז בע""פ 6637/17 קרנדל נ' מדינת ישראל [18.4.18]).",חריגה ממתחם העונש,דיון והכרעה,דיון והכרעה,דיון והכרעה,דיון והכרעה,דיון והכרעה
ME-18-01-22537-277,"הנאשם שולב במסגרת הקהילה טיפולית ""הדרך"" ביום 4.6.18 וכשבועיים טרם סיום הטיפול בקהילה והמעבר לטיפול המשך בהוסטל הוחלט על הפסקת הטיפול בנאשם באופן מיידי וללא אפשרות להחזרתו לטיפול. זאת לאור התרשמות גורמי הטיפול בקהילה שהנאשם נוהג על פי דפוסים של הסתרה, מניפולטיביות, חוסר כנות ותועלתנות וכי השקעת המשאבים מצדו בטיפול היא בעיקרה לשם שיפור מצבו המשפטי ולא לשם עריכת שינוי ממשי בחייו. ניסיונות שנערכו בקהילה לשקף לנאשם את בחירותיו והתנהגותו נתקלו בעמדה מתגוננת וקושי בנטילת אחריות לדפוסיו הבעייתיים, כשהוא היה מנותק רגשית ונוקשה באופן שלא אפשר לו לערוך התבוננות פנימית יעילה על קשייו. מאז עזיבת הטיפול בחודש פברואר 19' ועד לחודש נובמבר 19' הנאשם לא פנה לקבלת טיפול במסגרת אחרת ושירות המבחן התרשם במפגש עמו שהוא מגלה מוטיבציה ראשונית להמשך טיפול המונעת מההליך המשפטי והחשש מגזר הדין ומתקשה לבחון השלכות התנהגות בעבירה וחומרתה, אף שהיה בשלב שלאחר טיפול ממושך.",חריגה ממתחם העונש,דיון והכרעה,דיון והכרעה,דיון והכרעה,דיון והכרעה,דיון והכרעה
ME-18-01-22537-277,"בחודש נובמבר 19' הנאשם פנה לטיפול ביחידה לטיפול בהתמכרויות באריאל ושירות המבחן מסר שהנאשם שולב בטיפול במסגרת היחידה, דווח על השתלבות בעבודות זמניות והשקעת כוחות בחיזוק הקשר עם בנו. הנאשם תאר שמצליח במסגרת הטיפול לשתף בקשייו באופן כן ובפתיחות וחש שרוכש מיומנויות להתמודדות במצבי סיכון. במהלך החודשים האחרונים על רקע מגבלות הקורונה, הקשר עם העו""ס המטפל ביחידה התקיים בהתאם למגבלות. טרם מגבלות הקורונה הגיע לכל המפגשים אליהם זומן ולאורך התקופה מסר בדיקות שתן נקיות מסמים. כמו כן הנאשם מסר שמשתתף בקבוצה לעזרה עצמית. בעדותו בבית המשפט העיד העו""ס המטפל ביחידה לטיפול בהתמכרויות, מר קובי בן נון, שהנאשם הגיע לטיפול ביוזמתו, עוסק בטיפול בתכנים מעולמו הפנימי, עובד על דפוסיו ובשונה מהעבר מצליח במתן אמון לגורמי הטיפול. כן צוין שהנאשם שולב בקבוצה בת 10 מפגשים. העו""ס העיד שהוא אינו מזהה מניפולטיביות בקשר הטיפולי, אלא כנות ואמון. שירות המבחן התרשם שהנאשם משקיע כוחות בשיקום חייו ומקפיד לשמר את השינוי שערך, והמליץ על הטלת צו מבחן למשך שנה. כן מסר שירות המבחן התרשמותו שריצוי עונש מאסר, אף בעבודות שירות, עלול להביא לנסיגה במצבו ולפיכך המליץ על הטלת צו של""צ ומאסר מותנה.",חריגה ממתחם העונש,דיון והכרעה,דיון והכרעה,דיון והכרעה,דיון והכרעה,דיון והכרעה
ME-18-01-22537-277,"מכל האמור עולה שמגיל צעיר הנאשם אשר נעדר מערכת משפחתית תומכת ומכוונת, החל לצרוך סמים, חבר לחברה שולית והיה מעורב בפלילים. לאורך השנים מצבו ההתמכרותי הדרדר אך הוא לא פנה לקבלת טיפול לשם שינוי במצבו. בעת הליך המעצר, הנאשם שולב בטיפול במסגרת הקהילה הטיפולית ""הדרך"", ואולם למרות שטופל במסגרת זו עד כמעט לסוף הטיפול בקהילה ולקראת המעבר להמשך טיפול בהוסטל, התרשמו גורמי הטיפול שהנאשם לא מצליח לעשות שימוש במיומנויות שהוקנו לו במסגרת הטיפול והוא מתנהל על פי דפוסים של הסתרה, מניפולטיביות וחוסר כנות, כשהמוטיבציה והכוחות שמשקיע בטיפול נובעים מרצונו להטיב את מצבו המשפטי. לפיכך הוחלט על סיום מיידי של הטיפול בו ללא אפשרות לשוב לטיפול. לא ניתן לקבל את הטענה שהטיפול בו הופסק בשל אירוע נקודתי של הבאת קפה לקהילה בניגוד לנהלים. בחודש נובמבר 19' הנאשם פנה לראשונה לטיפול לאחר עזיבת הקהילה הטיפולית. הגיע לכל המפגשים אליהם זומן עד להפסקת המפגשים בשל מגבלות הקורונה ומאז מתקיים קשר בין הנאשם לעו""ס באמצעים אלקטרונים. תואר שהנאשם מגלה אמון במטפל, משתף בכנות בעולמו הפנימי ומסר בדיקות שתן נקיות משרידי סם. שירות המבחן התרשם שהנאשם משקיע מאמצים בהליך שינוי ושיקום חייו, מגלה אחריות ויציבות בתפקידיו השונים ולשמר את השינוי החיובי שעורך בחייו, כשהוא נמנע מצריכת סמים ומביצוע עבירות נוספות.",חריגה ממתחם העונש,דיון והכרעה,דיון והכרעה,דיון והכרעה,דיון והכרעה,דיון והכרעה
ME-18-01-22537-277,"בנסיבות אלה נראה שהנאשם נמצא בשלב ראשוני בטיפול הנדרש לשם עריכת שינוי באורח חייו ההתמכרותי והשולי ובעמדותיו השוליות אשר מהווים להערכת שירות המבחן גורמי סיכון להישנות מעורבות בפלילים. סבורני שלא ניתן לקבוע שהנאשם השתקם, ובפרט לאור הערכת גורמי הטיפול בקהילה הטיפולית לאחר כמעט 9 חודשי טיפול אינטנסיבי על חוסר הצלחת הטיפול בנאשם. מובן שאין הכרח שההליך השיקומי יהיה במסגרת טיפולית סגורה וממושכת, אלא כל מקרה יש לבחון לפי נסיבותיו. הנאשם משקיע כיום כוחותיו בשיקום חייו, משתף פעולה באופן כן ופתוח עם העו""ס ביחידה לטיפול בהתמכרויות, שומר על ניקיונו מסמים זה תקופה ממושכת, משתתף בקבוצה לעזרה עצמית ובקבוצה בת עשרה מפגשים. בסיכומו של דבר, לא שוכנעתי כי מדובר בהליך שיקומי משמעותי אשר הוביל לשינוי עמוק בהתנהגות, בדרך החשיבה של הנאשם ולנטילת אחריות מלאה על מעשיו והכרה בחומרתם, באופן אשר יצדיקו חריגה משמעותית מהמתחם (ראו והשוו דברי כב' השופטת ד' ברק ארז בע""פ 6637/17 קרנדל נ' מדינת ישראל [18.4.18]), וככזה המצדיק הטלת עונש על פי שיקולי שיקומו של הנאשם בלבד. לפיכך, לא קיימת הצדקה לאמץ את המלצת שירות המבחן לעונש של של""צ ולהימנע מהטלת עונש מאסר בפועל לתקופה משמעותית. עם זאת, הואיל וקיים סיכוי של ממש שהנאשם ישתקם בעתיד, ולאור ההליך שעובר הנאשם ביחידה לטיפול בהתמכרויות, קיימת הצדקה לחריגה מסוימת לקולה מהרף התחתון של המתחם, ומבלי שיהיה בכך כדי לוותר על שיקול ההלימה (על אודות מקומו של שיקול השיקום ביחס לעקרון ההלימה בעבירות יבוא סמים, ראו ע""פ 671/19 אבוטבול נ' מדינת ישראל [7.10.19]).",חריגה ממתחם העונש,דיון והכרעה,דיון והכרעה,דיון והכרעה,דיון והכרעה,דיון והכרעה
ME-18-01-22537-277,"בגזירת העונש המתאים לנאשם, בגדרי מתחם העונש ההולם, יש להתחשב בנסיבות שאינן קשורות בביצוע העבירה. במסגרת זו מן הראוי לתת את הדעת לכך שהנאשם כבן 35, רווק ואב לילד בן 5 אשר לאחרונה הנאשם משקיע מאמצים לחיזוק הקשר עמו. מובן שעונש מאסר ממושך יקשה על הנאשם בהיותו במאסר ראשון מאחורי סורג ובריח, כמו גם על בנו הקטן בשל הריחוק הממושך מאביו עמו הקשר התחזק לאחרונה. הנאשם גדל במסגרת משפחתית בה היה חשוף לאלימות ולחוסר מענה לצרכיו הרגשיים, לתמיכה ולהכוונה, ומגיל צעיר החל לצרוך סמים ואלכוהול, חבר לחברה שולית והיה מעורב בפלילים. לאורך השנים התקשה לגלות יציבות בחייו והמשיך לצרוך חומרים פסיכו-אקטיביים ולקיים קשרים שוליים. נראה שלנסיבות חייו אלה ולדפוסי חשיבה והתנהגות שאימץ במהלך חייו, השפעה על ביצוע העבירה. הנאשם הודה בביצוע העבירה ושולב בטיפול לגמילה מסמים בקהילה טיפולית ואולם זמן קצר טרם סיום שלב הטיפול בקהילה, גורמי הטיפול החליטו להפסיק את הטיפול נוכח התרשמותם שהנאשם אינו מפיק תועלת מהטיפול וכי המוטיבציה שלו לטיפול מונעת מרצונו להטיב את מצבו המשפטי. בהמשך הנאשם שולב בטיפול במסגרת היחידה לטיפול בהתמכרויות באריאל, שיתף פעולה בטיפול, גילה פתיחות וכנות והשקיע כוחותיו בשיקום חייו ובעריכת שינוי. לנאשם עבר פלילי הכולל שלוש הרשעות בין השנים 2004-2010 בגין ביצוע עבירות סמים. ההרשעות התיישנו אולם לא נמחקו. בגין הרשעתו האחרונה נדון לעונש מאסר בעבודות שירות.",גזירת העונש המתאים לנאשם,דיון והכרעה,דיון והכרעה,דיון והכרעה,דיון והכרעה,דיון והכרעה
ME-18-01-22537-277,"בנוסף נתתי דעתי לחלוף הזמן מאז ביצוע העבירה שבוצעה בחודש דצמבר 17', וכן לתקופה הקרובה לחצי שנה שבה שהה הנאשם במעצר ולתקופה הממושכת בה שהה בתנאים מגבילים.",גזירת העונש המתאים לנאשם,דיון והכרעה,דיון והכרעה,דיון והכרעה,דיון והכרעה,דיון והכרעה
ME-18-01-22537-277,"עוד יש לתת את הדעת לשיקול הרתעת היחיד בגדרו של המתחם, וזאת בשים לב לכך שהנאשם נמצא בראשיתו של הליך טיפולי במצבו ההתמכרותי ולהתרשמות שירות המבחן מעמדותיו השוליות, קשייו לבחון את השלכות וחומרת מעשיו בעבירה, החשיפה לעבריינות מגיל צעיר והתמכרותו לחומרים. כמו כן היעדר השפעה ממתנת ומרתיעה של סנקציות משפטיות קודמות שהוטלו עליו ובכללן עונש מאסר בעבודות שירות, אשר לא מנעו ממנו לבצע את העבירות דנן.",גזירת העונש המתאים לנאשם,דיון והכרעה,דיון והכרעה,דיון והכרעה,דיון והכרעה,דיון והכרעה
ME-18-01-22537-277,"באיזון בין השיקולים השונים, סבורני כי יש לגזור על הנאשם עונש תוך חריגה קלה ממתחם העונש, לצד מאסר מותנה. נתתי דעתי להמלצתו של שירות המבחן להימנע מהטלת עונש מאסר בפועל, ואולם לאור המפורט לעיל, סבורני כי לא ניתן לאמץ המלצה זו. כמו כן, הואיל ומדובר בעבירה שבוצעה למטרה כלכלית, סבורני כי יש להשית על הנאשם אף קנס כספי מידתי, תוך התחשבות במצבו הכלכלי של הנאשם ובתקופת המאסר שמושתת עליו.",גזירת העונש המתאים לנאשם,דיון והכרעה,דיון והכרעה,דיון והכרעה,דיון והכרעה,דיון והכרעה
ME-18-01-22537-277,40 חודשי מאסר בפועל בניכוי ימי מעצרו מיום 19.12.17 עד 4.6.18.,"אשר על-כן, הנני גוזר על הנאשם את העונשים הבאים:",דיון והכרעה,דיון והכרעה,דיון והכרעה,דיון והכרעה,מידע אחר
ME-18-01-22537-277,"12 חודשי מאסר על תנאי, לבל יעבור הנאשם במשך 3 שנים מיום שחרורו ממאסר כל עבירת סמים מסוג פשע.","אשר על-כן, הנני גוזר על הנאשם את העונשים הבאים:",דיון והכרעה,דיון והכרעה,דיון והכרעה,דיון והכרעה,מידע אחר
ME-18-01-22537-277,"קנס כספי בסך של 10,000 ₪ או 100 ימי מאסר תמורתו.","אשר על-כן, הנני גוזר על הנאשם את העונשים הבאים:",דיון והכרעה,דיון והכרעה,דיון והכרעה,דיון והכרעה,מידע אחר
ME-18-01-22537-277,"הקנס ישולם ב-10 תשלומים חודשיים שווים ורצופים, שהראשון שבהם ביום 1.6.21. אם לא ישולם תשלום כלשהו במועדו, תעמוד היתרה לפירעון מיידי.","אשר על-כן, הנני גוזר על הנאשם את העונשים הבאים:",דיון והכרעה,דיון והכרעה,דיון והכרעה,דיון והכרעה,מידע אחר
ME-18-01-22537-277,"הנאשם יתייצב לריצוי מאסרו בבית הסוהר הדרים ביום 13.12.20 עד השעה 10:00, כשברשותו תעודת זהות או דרכון וגזר הדין. על הנאשם לתאם את הכניסה למאסר, כולל האפשרות למיון מוקדם, עם ענף אבחון ומיון של שב""ס, טלפון: 08-9787377, 08-9787336.","אשר על-כן, הנני גוזר על הנאשם את העונשים הבאים:",דיון והכרעה,דיון והכרעה,דיון והכרעה,דיון והכרעה,מידע אחר
ME-18-01-27955-523,"חוק העונשין, תשל""ז-1977: סע'  25, 29, 402(ב)",nothing,מידע אחר,מידע אחר,מידע אחר,מידע אחר,מידע אחר
ME-18-01-27955-523,"פקודת הסמים המסוכנים [נוסח חדש], תשל""ג-1973: סע'  7.א., 7.ג",nothing,מידע אחר,מידע אחר,מידע אחר,מידע אחר,מידע אחר
ME-18-01-27955-523,"הנאשם, יליד 1989 ותושב טירת הכרמל, הורשע על פי הודאתו בשני אישומים שייחסו לו ניסיון שוד וכן החזקת סם לצריכה עצמית. באישום הראשון, נטען כי סמוך לפני שעות הערב המאוחרות של ה 23.12.17, סיכם הנאשם יחד עם חברו ישראל אברמוב (להלן: אברמוב) לשדוד את ""מכולת ג'בלי"" (להלן: המכולת) בטירת הכרמל. לצורך כך, הצטיידו השניים בקסדות ובכפפות והנאשם הצטייד גם באקדח אוויר המסוגל לירות כדורי פלסטיק (להלן: האקדח). סמוך לשעה 22:53 במועד לעיל, הגיעו השניים למכולת כשהם חובשים על ראשיהם קסדות, הנאשם עטה ביד האחת כפפה ובשניה אחז באקדח וגם אבמרוב עטה על ידיו כפפות. השניים נכנסו למכולת כאשר באותה עת שהו שם בעל המכולת (להלן: המתלונן) ולקוח. עם כניסתם למכולת, דחף אברמוב את הלקוח ואמר לו ""זה שוד אל תזוז"" ואילו הנאשם איים על המתלונן בהפנותו לעברו את האקדח וכן אמר לו ""תן את הכסף זה שוד"". המתלונן צעק לעבר הנאשם ואברמוב ""בואו תהרגו אותי, נראה אתכם"", רץ מאחורי הדלפק לכיוון השניים ואז הם נמלטו מהמקום. בגין מעשיו לעיל, הורשע הנאשם בניסיון שוד בנסיבות מחמירות, לפי סעיף 402(ב)+ס' 25 ו 29 לחוק העונשין, תשל""ז  1977. באישום השני נטען, כי במהלך חיפוש שנערך בבית הנאשם ביום 25.12.18, נמצא כי הוא החזיק שם סם מסוכן מסוג חשיש במשקל 2.63 גרם נטו. בגין כך הורשע הנאשם בהחזקת סם מסוכן לצריכה עצמית, לפי סעיף 7(א)+(ג) סיפא לפקודת הסמים המסוכנים [נוסח חדש], תשל""ג-1973.",כללי,עובדות המקרה,עובדות המקרה,עובדות המקרה,עובדות המקרה,עובדות המקרה
ME-18-01-27955-523,"המאשימה הגישה את פלט הרישום הפלילי של הנאשם (ת/1) ממנו עלה כי לחובתו 7 הרשעות במגוון עבירות, בעיקר רכוש וסמים והוא נדון ל 4 תקופות מאסר בפועל.",ראיות הצדדים לעונש,ראיות לעונש,ראיות לעונש,ראיות לעונש,ראיות לעונש,ראיות לעונש
ME-18-01-27955-523,"מטעם הנאשם העידה רעייתו. עדותו התקיימה, לבקשתה בדלתיים סגורות ולכן לא אפרטה במסגרת זו. יחד עם זאת, אציין כי רעיית הנאשם ביקשה כי עונשו של הנאשם יהיה קצר ככל שניתן לטובת התא המשפחתי.",ראיות הצדדים לעונש,ראיות לעונש,ראיות לעונש,ראיות לעונש,ראיות לעונש,ראיות לעונש
ME-18-01-27955-523,"בטיעוניה לעונש, עמדה המאשימה על חומרת מעשי הנאשם והפנתה לכך כי הנאשם אינו צריך ""ליהנות"" מכך שלא הצליח להשלים את השוד, שכן הדבר היה רק משום תעוזת המתלונן. עוד הפנתה המאשימה לכך שמדובר בשוד שבוצע בצוותא תוך שהנאשם עשה שימוש באקדח שנחזה להיות אמיתי ואף כיוון אותו לעבר המתלונן, על כל מה שמשתמע מכך מנקודת מבטם של המתלונן ושל הלקוח. בנוסף, נתנה המאשימה דגש לכך כי המעשה בוצע לאחר תכנון והצטיידות מראש בקסדות, כפפות ובאקדח לעיל. המאשימה הפנתה לפסיקה מגוונת בעבירות שוד, בנסיבות הדומות לשיטתה לענייננו, ועתרה למתחם שבין 2.5 ל 5 שנות מאסר. לגבי הנסיבות שאינן קשורות לביצוע העבירה, הפנתה המאשימה לעברו הפלילי המכביד של הנאשם, שחרף גילו הצעיר כבר ריצה מספר תקופות מאסר. לכן, נטען שיש להשית עליו עונש מאסר לתקופה משמעותית וכן מאסר על תנאי ופיצוי לטובת המתלונן.",טיעוני המאשימה לעונש ,טיעוני הצדדים,טיעוני הצדדים,טיעוני הצדדים,טיעוני הצדדים,טיעוני הצדדים
ME-18-01-27955-523,"מנגד, טען בא כוח הנאשם כי מבלי להפחית מחומרת מעשיו של הנאשם, יש ליתן את הדעת למספר נתונים המקהים מחומרתו: הכלי שבו עשו הנאשם ושותפו שימוש לא היה אקדח אמיתי, אלא אקדח אויר שאינו יכול להסב נזק של ממש למאן דהוא וכל תכליתו היתה להבהיל ולא מעבר לכך. במילים אחרות, פוטנציאל הנזק, שהינו נסיבה בעלת משקל, לא היה משמעותי. על כך כי הנאשם לא התכוון ואין זה מנוהגו להפעיל אלימות של ממש כלפי האחר, ניתן אף ללמוד מההתרחשות עצמה - כאשר המתלונן ניגש לעבר הנאשם ושותפו, נמלטו השניים מהמקום. משמע, חרף חומרת האירוע, בחר הנאשם שלא להפעיל אלימות של ממש ועובדה שאיש מהנוכחים לא נפגע וגם לא נגרם נזק לרכוש. בהפנותו לפסיקה המתאימה לענייננו, לשיטתו, נטען למתחם שבין 4 ל 9 חודשי מאסר. בנוגע לנסיבות שאינן קשורות לביצוע העבירה, הפנה לנסיבות חייו של הנאשם, לכך כי הרשעתו המשמעותית האחרונה הינה משנת 2013, מאז עזב הנאשם את סביבת מגוריו בדרום הארץ התחתן עם רעייתו ומתגורר עמה בעיר מגוריה בטירת הכרמל. בנוסף, כפי שעלה מעדות רעיית הנאשם, שני בני הזוג עובדים לפרנסתם. צוין, כי הרקע לביצוע השוד היה מצוקה כלכלית אליה נקלעו בני הזוג והצורך לממן טיפולים רפואיים. בא כוח הנאשם הפנה להשלכות שעשויות להיות מהטלת מאסר ממושך על התא המשפחתי. בנוסף, עתר בא כוח הנאשם לתת משקל להודיית הנאשם ולחיסכון בזמן שיפוטי. סיכומו של דבר, נטען כי ניתן להסתפק בתקופת המעצר עד כה (כ 5 חודשים).",טיעוני הנאשם לעונש,טיעוני הצדדים,טיעוני הצדדים,טיעוני הצדדים,טיעוני הצדדים,טיעוני הצדדים
ME-18-01-27955-523,"הנאשם הביע חרטה על מעשיו ומסר כי ביצע אותם על רקע הצורך במימון טיפול רפואי. עוד מסר כי הוא מבקש להקים משפחה וכדבריו ""אני לא רוצה לחזור לעשות שטויות"".",דבר הנאשם,טיעוני הצדדים,טיעוני הצדדים,טיעוני הצדדים,טיעוני הצדדים,טיעוני הצדדים
ME-18-01-27955-523,"כקבוע בחוק העונשין (תיקון 113), העיקרון המנחה בענישה הוא עקרון ההלימה, היינו קיומו של יחס הולם בין חומרת מעשה העבירה בנסיבותיו ומידת אשמו של הנאשם ובין סוג ומידת העונש המוטל עליו; ובקצרה, העונש הראוי לעבריין ייגזר ממידת אשמו ומחומרת מעשיו. כמו כן, הגדיר תיקון 113 את מדרג שיקולי הענישה וזאת לפי הסדר הבא: הלימה, שיקום, הגנה על שלום הציבור, הרתעה אישית והרתעת הרבים. בעוד שיקול ההלימה הוא שיקול גמולי; יתר השיקולים הינם שיקולים תועלתניים. השלב הראשון בקביעת העונש הוא קביעת מתחם העונש ההולם. מדובר במתחם נורמטיבי אובייקטיבי, כאשר לשם כך נלקחים במסגרת השיקולים: (1) הערך החברתי שנפגע מביצוע העבירה ומידת הפגיעה בערך זה; (2) מדיניות הענישה הנהוגה; (3) נסיבות הקשורות בביצוע העבירה. המתחם מתייחס למקרה קונקרטי ולא ניתן לקבוע מראש מתחם על פי העבירה בלבד (ור' בנדון האמור ברע""פ 4088/13 אחמד הדרי נ' מדינת ישראל (11.6.13), ע""פ 1323/13 חסן נ' מדינת ישראל (5.6.13)).",דיון ומסקנות,דיון והכרעה,דיון והכרעה,דיון והכרעה,דיון והכרעה,דיון והכרעה
ME-18-01-27955-523,"הערכים החברתיים המוגנים בעבירת השוד הינם ההגנה על הציבור ועל רכושו. יפים בהקשר זה הדברים שנאמרו בע""פ 772/13 יחיא נ' מדינת ישראל (29.6.14): ""אין צורך להרחיב את הדיבור באשר לערך החברתי שנפגע מביצוע עבירת השוד. רבות נאמר על החומרה הרבה הגלומה בעבירה זו, ועל היותה מחייבת ענישה הולמת. אכן, ""מעבר להיבט הכספי והכלכלי של התופעה, יש ליתן את הדעת לפגיעות הפיזיות, ולא פחות חמור מכך, לפגיעות הנפשיות הנגרמות לקורבנות העבירה, בצד הפגיעה בשלומו ובביטחונו של הציבור בכללותו"" (ע""פ 588/13 פלוני נ' מדינת ישראל, [פורסם בנבו] פסקה 13 (27.8.2013); ע""פ 5617/13 כהן נ' מדינת ישראל, [פורסם בנבו] פס' ט' (27.5.2014)). יחד עם זאת, יש לזכור כי קיימת קשת רחבה של מעשי שוד אפשריים הנבדלים זה מזה בנסיבותיהם ובמדרג חומרתם. מידת הפגיעה בערכים החברתיים, וכך גם מדיניות הענישה הנוהגת, תלויים, אפוא, בנסיבותיו הקונקרטיות של מעשה השוד וחומרתו. מכאן החשיבות היתרה בבחינת כל מעשה שוד ושוד לגופו . . "".",דיון ומסקנות,דיון והכרעה,דיון והכרעה,דיון והכרעה,דיון והכרעה,דיון והכרעה
ME-18-01-27955-523,"בענייננו, מדובר בניסיון שוד של חנות מכולת שתוכנן מראש ובוצע בצוותא על ידי הנאשם ושותפו, וזאת לאחר שהצטיידו לשם כך בקסדות, כפפות וכן באקדח אויר שנחזה להיות אמיתי. השניים נכנסו למכולת כאשר רק בעליה ולקוח נוסף שהו שם כשהם חובשים קסדות לראשיהם. עם כניסתם למכולת, דחף השותף את הלקוח ואמר לו ""זה שוד אל תזוז"" ואילו הנאשם איים על המתלונן בכך שהפנה את האקדח לעברו ואמר לו: ""תן את הכסף זה שוד"". לא קשה לדמיין את האימה שאחזה במתלונן ובלקוח בהיקלעם לסיטואציה קשה ואלימה כפי שתוארה לעיל. אכן, הנאשם ושותפו לא הפעילו אלימות של ממש כנגד המתלונן והלקוח, אך האירוע בכללותו היה אלים ולא ניתן להקל ראש בסיטואציה במהלכה מכוון שודד רעול פנים באקדח (ובמקרה זה, מה שנחזה להיות אקדח) לעבר הגוף תוך אמירה מפורשת שמדובר בשוד. מנגד, יש ליתן משקל לטענות בא כוח הנאשם, ככל שהן מכוונות לעניין רמת הענישה, בהפנותו לכך כי פוטנציאל הנזק לא היה משמעותי שכן לא היה מדובר באקדח אמיתי וכן בציינו כי משנתקלו השודדים בהתנגדות מצד המתלונן, נשאו רגליהם וברחו. בהיעדר ראיות לסיבה שהובילה את השניים לעשות כן, אצא מנקודת הנחה, לטובתם, כי הדבר היה מתוך בחירתם שלא להפעיל אלימות של ממש כנגד המתלונן. לכן, המתחם שייקבע בעניינו של הנאשם, במקרה קונקרטי זה, יהיה נמוך במקצת מזה שהיה נקבע במקרה שהנאשם היה משלים את העבירה, הגם שעל פי הדין העונש על ניסיון זהה לזה של העבירה המוגמרת.",דיון ומסקנות,דיון והכרעה,דיון והכרעה,דיון והכרעה,דיון והכרעה,דיון והכרעה
ME-18-01-27955-523,"לעניין מדיניות הענישה הנוהגת, כל צד הפנה לפסיקה מגוונת. זו שהוגשה על ידי המאשימה הביאה ברובה מקרים חמורים מבענייננו וזו שהוגשה על ידי הנאשם הביאה ""מקרי קצה"" לקולא, אם בהקשר לנסיבות ביצוע העבירות ואם בנוגע לנתוני הנאשמים. כך, בפסיקה שהובאה על ידי המאשימה נכלל ת.פ. (מחוזי חיפה) 16975-04-15 מדינת ישראל נ' כהנא (11.10.15) שם דובר על ניסיון שוד סניף דואר שבוצע בעזרת סכין, כאשר פוטנציאל הנזק לגביו משמעותי יותר מענייננו. הנאשם באותו מקרה נופף עם הסכין לעבר אחד מהעובדים וכן דפק בעזרתו על הדלפק כדי ""להבהיר כוונותיו"". נקבע מתחם שבין 18 חודשי מאסר ל 4 שנים ונקבע עונש של 26 חודשים, בשים לב לעבר פלילי מכביד, תסקיר שלילי והעובדה כי מטרת השוד היתה רכישת סמים על רקע התמכרות הנאשם לסמים. גם במקרה שנדון בע""פ 7053/13 ניזרי נ' מדינת ישראל (15.1.14) דובר במי שניסה לשדוד בחצות הליל שתי קטינות שהלכו לבדן בשכונת מגוריהן באופן שכיוון אקדח צעצוע לעבר אחת מהקטינות, דרך אותו ודרש ממנה כסף ומכשיר טלפון. סבורני כי נסיבות אותו מקרה חמורות מעניינו של הנאשם שבפנינו, ואכן בעניין ניזרי נקבע עונש כולל של 34 חודשי מאסר (כולל הפעלה בחפיפה חלקית של מאסר על תנאי), בשים לב, מחד, לכך כי האירוע בוצע מספר ימים לאחר שחרורו ממאסר קודם, ומנגד לנוכח נתוניו האישיים שחייבו התחשבות ומצבו הנפשי הבעייתי. לגבי הפסיקה שהובאה על ידי הנאשם – בע""פ 452/14 דבוש נ' מדינת ישראל (3.4.14) שדד המערער מתדלק בתחנת דלק באמצעות אקדח צעצוע שהצמיד לראש המתדלק. המתחם נקבע בין שנה ל 3 שנות מאסר, ובשים לב לנתוני הנאשם (צעיר שביצע את המעשה כשהוא קצת למעלה מ 18 שנים) וכן ההליך הטיפולי-שיקומי הארוך בו לקח חלק והמלצות שירות המבחן, סטה בית המשפט לקולא מטעמי שיקום מהמתחם וגזר את עונשו למאסר לריצוי בעבודות שירות וצו מבחן. ברור כי לא ניתן ללמוד דבר מהענישה הקונקרטית בעניין דבוש, הגם שניתן להסתמך על המתחם שנקבע, בשינויים המחויבים. בת.פ. (מחוזי ירושלים) 40251-12-13 מדינת ישראל נ' פלוני (24.12.14), הורשע הנאשם בשני מקרי שוד של סניפי בנק באמצעות אקדח צעצוע שנחזה אמיתי. עונשו של הנאשם נקבע על 9 חודשי מאסר בשים לב לנתוניו, נסיבות חייו וכן המלצת שירות המבחן וההליך הטיפולי אותו עבר. לא זו אף זו – במסגרת ערעור על חומרת העונש אותו הגיש הנאשם, הופחת העונש ונקבע על 6 חודשי מאסר לריצוי בעבודות שירות, וזאת בהסכמת המאשימה, בשים לב להמלצת שירות המבחן ולנוכח ""הליך שיקומי יוצא דופן"" (ע""פ 895/15 פלוני נ' מדינת ישראל (14.3.16)). יוצא, כי גם מקרה זה אינו רלוונטי לענייננו.",דיון ומסקנות,דיון והכרעה,דיון והכרעה,דיון והכרעה,דיון והכרעה,דיון והכרעה
ME-18-01-27955-523,"ננטוש אם כן את ""מקרי קצה"" ונפנה למקרים, שגם אם אינם תואמים לחלוטין את נתוני המקרה שבפנינו, ניתן ללמוד מהם אודות רמת הענישה הנוהגת.",דיון ומסקנות,דיון והכרעה,דיון והכרעה,דיון והכרעה,דיון והכרעה,דיון והכרעה
ME-18-01-27955-523,"בע""פ 7240/13 סבהט נ' מדינת ישראל (18.5.14) הורשע המערער בשוד בנסיבות מחמירות לאחר ששדד מתדלק בתחנת דלק בכך שנכנס לחדר פנימי בתחנה כשהוא חובש כובע גרב, הצמיד כלי חרס לצווארו של המתדלק, נטל ממנו 300 ₪ ומכשיר טלפון וברח מהמקום. הערכאה הדיונית קבעה מתחם ענישה  בין שנה ל 3 שנות מאסר בפועל ועל המערער נגזר עונש של  18 חודשי מאסר בפועל (בן 20, סבל מבעיית התמכרות לאלכוהול, הביע רצון להשתקם, נטל אחריות על מעשיו). הערעור על חומרת העונש נדחה.",דיון ומסקנות,דיון והכרעה,דיון והכרעה,דיון והכרעה,דיון והכרעה,דיון והכרעה
ME-18-01-27955-523,"פ. (מחוזי חיפה) 40232-03-16 מדינת ישראל נ' שלומוב ואח' (25.9.16) שדדו שני הנאשמים, באיומי מוט ברזל, זוג ששהה במבנה נטוש ועסק בצילומים. נקבע מתחם שבין 18 ל 36 חודשים, תוך שניתן דגש לכך כי האירוע היה ממושך באופן יחסי והתרחש במבנה נטוש ומבודד. הנאשם העיקרי נדון ל 28 חודשי מאסר וכן הופעל במצטבר מאסר על תנאי לתקופה של 6 חודשים (ניהל חלק מההליך, עבר פלילי מכביד), בעוד ששותפו, שחלקו היה קטן באופן יחסי, נדון ל 18 חודשים. ערעור שהגיש האחרון על חומרת העונש התקבל באופן שהתקופה קוצרה ל 15 חודשי מאסר משום נתוניו האישיים (ע""פ 5753/17 פלוני נ' מדינת ישראל (11.3.18)).",דיון ומסקנות,דיון והכרעה,דיון והכרעה,דיון והכרעה,דיון והכרעה,דיון והכרעה
ME-18-01-27955-523,"בע""פ 1326/14 מחאג'נה נ' מדינת ישראל (2.6.14) נדון עניינו של מי שהורשע בשוד סניף דואר בעזרת אקדח דמה. בית המשפט המחוזי קבע מתחם של בין 18 ל 42 חודשי מאסר וגזר עליו עונש של 24 חודשי מאסר (נעדר עבר פלילי, הודה במיוחס לו).",דיון ומסקנות,דיון והכרעה,דיון והכרעה,דיון והכרעה,דיון והכרעה,דיון והכרעה
ME-18-01-27955-523,"בע""פ 9079/16 מיארה נ' מדינת ישראל (9.3.17) הורשע המערער בשוד חנות נוחות בתחנת דלק באמצעות אקדח דמה. בית המשפט המחוזי קבע מתחם של בין 18 ל 36 חודשים וגזר על הנאשם 20 חודשי מאסר. בית המשפט העליון דחה את הערעור בציינו כי: ""חומרתם של המעשים שבהם הודה המערער היא רבה. בית משפט זה עמד לא אחת על חומרתה של עבירת השוד ועל הצורך להחמיר בעונשו של מי שמבקש להשיג רווח קל בדרך עבריינית, תוך פגיעה באנשים תמימים הנקרים בדרכו כמו גם בסדר הציבורי ובתחושת הביטחון של הציבור כולו . . כן הוטעם בעבר כי חומרה זו עומדת בעינה אף כשברשות מבצע העבירה אקדח דמה בלבד, וזאת בשל האימה האוחזת בקורבנות המעשה עת מופנה כלפיהם כלי הנחזה לנשק אמיתי . . .""",דיון ומסקנות,דיון והכרעה,דיון והכרעה,דיון והכרעה,דיון והכרעה,דיון והכרעה
ME-18-01-27955-523,"לאור כל האמור לעיל, אני קובע את מתחם העונש ההולם בין 12 ל 36 חודשי מאסר. המתחם בנוגע לעבירת הסמים נע ממאסר על תנאי לתקופת מאסר קצרה ובכל מקרה העונש שייגזר יהיה כולל.",דיון ומסקנות,דיון והכרעה,דיון והכרעה,דיון והכרעה,דיון והכרעה,דיון והכרעה
ME-18-01-27955-523,לא מצאתי כי יש מקום לחרוג מהמתחמים לעיל לקולא או לחומרה.,דיון ומסקנות,דיון והכרעה,דיון והכרעה,דיון והכרעה,דיון והכרעה,דיון והכרעה
ME-18-01-27955-523,"לעניין העונש שיושת על הנאשם, יש להביא בחשבון את הנסיבות שאינן קשורות בביצוע העבירה.",דיון ומסקנות,דיון והכרעה,דיון והכרעה,דיון והכרעה,דיון והכרעה,דיון והכרעה
ME-18-01-27955-523,"כאמור, הנאשם הורשע על בסיס הודייתו בעובדותיו של כתב אישום מתוקן. יש לזקוף לזכותו את העובדה שמדובר באדם צעיר יחסית, שלקח אחריות על מעשיו, הודה והביע חרטה. עוד נתתי משקל לנתונים שהועלו על ידי בת זוגו של הנאשם בנוגע לתא המשפחתי. מנגד, לא ניתן להתעלם מעברו הפלילי המכביד יחסית של הנאשם. מדובר במי שנדון, כאמור, ל 4 תקופות מאסר בפועל (אחת מהן בחופף למאסר שכבר ריצה ולכן מדובר ""רק"" ב 3 תקופות מאסר – של 21, 18 ו 16 חודשי מאסר). מרבית הרשעותיו הינן בעבירות רכוש וסמים, כאשר המאסר האחרון (לתקופה של 16 חודשים) נגזר עליו בשנת 2013. יחד עם זאת, נתתי דעתי לכך כי מרבית הרשעותיו הינן מהתקופה בה שהה באזור הדרום. בת זוגו מסרה, כאמור, כי מאז נישואיהם לפני מספר שנים הם עברו להתגורר בטירת הכרמל ומאז עבד הנאשם ולא הורשע (למעט החזקת סמים לצריכה עצמית בגינה נדון למאסר על תנאי).",דיון ומסקנות,דיון והכרעה,דיון והכרעה,דיון והכרעה,דיון והכרעה,דיון והכרעה
ME-18-01-27955-523,"לאור כל האמור, סבורני כי תקופת המאסר בפועל צריכה לעמוד על 14 חודשים.",דיון ומסקנות,דיון והכרעה,דיון והכרעה,דיון והכרעה,דיון והכרעה,דיון והכרעה
ME-18-01-27955-523,"14 חודשי מאסר בפועל, וזאת החל מיום מעצרו – 25.12.17.","20.	סוף דבר, אני משית על הנאשם את העונשים הבאים:",דיון והכרעה,דיון והכרעה,דיון והכרעה,דיון והכרעה,מידע אחר
ME-18-01-27955-523,"הנני דן את הנאשם למאסר לתקופה של 12 חודשים, וזאת על תנאי למשך שלוש שנים מיום שחרורו והתנאי הוא כי הנאשם לא יעבור עבירת רכוש מסוג פשע.","20.	סוף דבר, אני משית על הנאשם את העונשים הבאים:",דיון והכרעה,דיון והכרעה,דיון והכרעה,דיון והכרעה,מידע אחר
ME-18-01-27955-523,"הנני דן את הנאשם למאסר לתקופה של 4 חודשים, וזאת על תנאי למשך שלוש שנים מיום שחרורו והתנאי הוא כי הנאשם לא יעבור עבירת רכוש מסוג עוון.","20.	סוף דבר, אני משית על הנאשם את העונשים הבאים:",דיון והכרעה,דיון והכרעה,דיון והכרעה,דיון והכרעה,מידע אחר
ME-18-01-45117-99,"הנאשם הורשע, על פי הודייתו, בעבירות סמים הנוגעות ליבוא קוקאין מקולומביה. הודיית הנאשם היתה במסגרת הסדר טיעון שכלל את תיקונו של כתב האישום וכן כלל הסכמה חלקית לגבי הענישה, באופן שהמאשימה טענה לרכיב מאסר בפועל לתקופה של 8 שנות מאסר, בעוד הנאשם טען לרכיב מאסר בפועל לתקופה של 5 שנות מאסר. כמו כן הוסכם כי יושת מאסר על תנאי. המאשימה אף הודיעה כי לא תבקש להטיל קנס בשים לב להסכמה נוספת במסגרת ההסדר ולפיה יבקשו הצדדים לחלט את רכבו של הנאשם.",כללי,עובדות המקרה,עובדות המקרה,עובדות המקרה,עובדות המקרה,עובדות המקרה
ME-18-01-45117-99,"הנאשם יליד 1994 ותושב כפר יאסיף. על פי הנטען בכתב האישום המתוקן, במהלך חודש 11/17 הוא קשר עם בנימין כהן -אזרח ישראל שהתגורר אותה תקופה בקולומביה (להלן: כהן), לייבא  לישראל סם מסוכן מסוג קוקאין במשקל 2 ק""ג. במסגרת הקשר לעיל, במהלך החודשים נובמבר–דצמבר 2017, העביר הנאשם כספים בסדר גודל של עשרות אלפי שקלים לכהן ששהה בחו""ל והשניים סיכמו כי לאחר שהסמים יגיעו לישראל והנאשם יקבלם באמצעות בלדר, הוא יעביר לכהן תשלום נוסף עבורם. במהלך פעילות של משטרת ישראל, נתפסו 2  חבילות שהכילו קוקאין במשקל כולל של 1,986 גרם נטו שהתקבלו על ידי שוטר ישראלי באחת ממדינות דרום אמריקה והובאו על ידי האחרון ארצה. ביום 28.12.17 הוצא מאחת החבילות, קוקאין במשקל 4.87 גרם ודגימה זו הוכנסה יחד עם סמי דמה לתיק שנמסר לסוכן משטרתי שהזדהה מאוחר יותר כבלדר הסמים שאמור להביאם לנאשם. בין התאריכים 28.12.17 ל 29.12.17 שלח הנאשם לכהן מסרונים ובהם ביקש לברר מתי הוא אמור לפגוש את הבלדר ולאסוף ממנו את הסמים. ביום 30.12.17 עדכן כהן את הנאשם שהבלדר נמצא במלון גולדן-קראון בחיפה. במועד לעיל בשעות הערב, נסע הנאשם למלון בלוויית חברו נ.ח. על מנת לפגוש את הבלדר ולאסוף ממנו את הסמים. בהמשך, לאחר שהנאשם קיבל מכהן פרטים אודות מיקום הבלדר ופרטי זיהויו, ניגש הנאשם למסעדה הסמוכה למלון, וזאת ביום 31.12.17 בשעה 00:45, ניגש אל הסוכן ומסר לו את מכשיר הטלפון אותו החזיק כדי שהסוכן ישוחח עם כהן ויאשר את העברת הסם. לאחר שכהן, או מי מטעמו, שוחח עם הסוכן בספרדית, העביר האחרון את התיק מתחת לשולחן במסעדה והנאשם לקח את התיק ויצא מהמסעדה. מיד בסמוך לאחר מכן, שוטרים שנכחו במקום ביקשו לעצור את הנאשם אך הלה החל לברוח מהמקום תוך שהשליך את התיק ובו הסמים. לאחר מרדף קצר נעצר הנאשם.",כתב האישום המתוקן,עובדות המקרה,עובדות המקרה,עובדות המקרה,עובדות המקרה,עובדות המקרה
ME-18-01-45117-99,"העבירות בהן הורשע הנאשם היו קשר לפשע, לפי סעיף 499(א)(1) לחוק העונשין, תשל""ז–1977 (להלן: חוק העונשין) וכן ניסיון לייבוא סם מסוכן, לפי סעיפים 13+19א' לפקודת הסמים המסוכנים [נוסח חדש] תשל""ג–1973 (להלן: פקודת הסמים המסוכנים)+סעיפים 25 ו 29 לחוק העונשין.",כתב האישום המתוקן,עובדות המקרה,עובדות המקרה,עובדות המקרה,עובדות המקרה,עובדות המקרה
ME-18-01-45117-99,"הנאשם, בן 24, בן בכור למשפחה נורמטיבית המונה 3 ילדים, רווק, תושב כפר יאסיף, נעדר הרשעות קודמות, סיים 12 שנות לימוד והוסמך כמדריך כושר גופני ושחיה ולדבריו עבד בתחום זה וכן כמדריך נוער עד למעצרו. עוד מסר, כי החל משנת 2015 נרקם בינו לבין בנימין כהן (כנגדו מתנהל בימים אלה הליך בתיק מקביל) קשר במסגרתו החלו לעבוד במשותף במכירה בארץ של מוצרים מקולומביה, שהתקבלו לידי הנאשם באמצעות הדואר. בהמשך, הוצע לנאשם להיות שותף בעסקת סמים. הנאשם מסר כי הבין את משמעות הדבר  והתפתה לכך מסיבות כלכליות ולצורך בניית ביתו. הנאשם הביע הבנה לפסול שבהתנהגותו, ציין את השלכות ההליך עליו וביטא רצון לחזור לניהול אורח חיים תקין. דווח כי התנהגותו במעצר תקינה והוא שולב במסגרות שונות. יחד עם זאת, שירות המבחן התרשם כי הנאשם התקשה לערוך בחינה עצמית אמיתית של התנהגותו, שכן הציג עצמו כקורבן למעשי שותפו ותיאר את האחרון כמי שניצל אותו. הנאשם גם לא נתן הסבר מניח את הדעת לפער בין תפקודו הכללי שתואר לעיל ונתוני משפחתו לבין העבירות אותן ביצע. משום העמדה המצמצמת בה נקט הנאשם התקשה שירות המבחן להעריך את מסוכנותו העתידית הגם שצוין כי באופן כללי קיים סיכון להישנות התנהגות פורצת גבול. בשל הנתונים לעיל ועל רקע הסדר הטיעון לא הובאה המלצה טיפולית.",תסקירי שירות המבחן,תסקיר שירות מבחן,תסקיר שירות מבחן,תסקיר שירות מבחן,תסקיר שירות מבחן,תסקיר שירות מבחן
ME-18-01-45117-99,"המאשימה עמדה על חומרת מעשי הנאשם והפנתה לנסיבות הפועלות לחובתו – מדובר במעשים מתוכננים ומתוחכמים וזאת בהתייחס לייבוא סם בהיקף משמעותי ביותר. מעשים אלה, ככלל, מחייבים ענישה מרתיעה, הן כלפי כלל הציבור והן בהתייחס לנאשם. ענישה משמעותית מתחייבת גם משום שיקולי הגמול ומשום חומרת מעשיו. יחד עם זאת, הפנתה המאשימה לעיקר השיקולים שהביאו אותה להסדר הטיעון והם שיקולים ראייתיים וכן החיסכון הניכר בזמן שיפוטי. עוד נטען כי טווח הענישה עליו הוסכם הינו סביר בנסיבות העניין ומשקלל נכונה את כלל השיקולים. המאשימה עתרה להשתת העונש המקסימאלי בגדרי ההסדר, בנוסף לרכיב של מאסר על תנאי ולחילוט רכבו של הנאשם.",תמצית טיעוני המאשימה לעונש,טיעוני הצדדים,טיעוני הצדדים,טיעוני הצדדים,טיעוני הצדדים,טיעוני הצדדים
ME-18-01-45117-99,"במסגרת ראיותיו לעונש, הציג הנאשם תעודות שקיבל ממכון וינגייט בשנת 2016 לאחר שהוסמך כמדריך במגוון תחומים (מדריך ריצות ארוכות, מדריך כדורגל, מדריך כושר גופני, מאתר נוער בסיכון ועוד), תעודה כי הוסמך בשנת 2014 כמפעיל מחרטה וכן תלושי משכורת המעידים כי עבד באופן סדיר בחברת בניה בשנת 2017.",ראיות וטיעוני הנאשם לעונש,ראיות לעונש,טיעוני הצדדים,ראיות לעונש,ראיות לעונש,ראיות לעונש
ME-18-01-45117-99,"בנוסף, העידו כעדות אופי לזכות הנאשם אמו וקרובת משפחה נוספת. השתיים מסרו כי משפחתו הגרעינית והמורחבת של הנאשם הינה משפחה נורמטיבית ומכבדת חוק ומעשיו נפלו על קרוביו כרעם ביום בהיר. הנאשם תואר כמי שעזר לכל קרוביו ומכריו, כאדם טוב לב וכמי שהיה צפוי לו עתיד חיובי בשים לב ליכולותיו, לכישוריו ולהשכלתו. העדות עתרו ליתן לנתונים אלה משקל ולהשית על הנאשם עונש מתון ככל שניתן, כך שיוכל להשתחרר בעתיד הנראה לעין ולשוב לדרך הישר.",ראיות וטיעוני הנאשם לעונש,ראיות לעונש,טיעוני הצדדים,ראיות לעונש,ראיות לעונש,ראיות לעונש
ME-18-01-45117-99,"במסגרת טיעוניו, טען בא כוח הנאשם כי יש להשית על הנאשם את העונש המינימאלי בגדרי ההסדר. בהקשר זה הפנה בא כוח הנאשם למגוון שיקולים שיש בהם כדי להביא לשיטתו לתוצאה לעיל – הודיית הנאשם במיוחס לו בטרם שמיעת ראיות. מדובר בהודיה שמעבר לכך שהביאה לחיסכון ניכר בזמן שיפוטי, היא גם ביטאה את חרטתו האמיתית והכנה של הנאשם על מעשיו. נטען בהקשר לעיל כי מדובר באזרח נורמטיבי, נעדר עבר פלילי – נתון העולה בבירור מתסקיר שירות המבחן ומיתר הנתונים הנוגעים לנאשם. כאמור, מדובר במי שסיים 12 שנות לימוד ולאחר מכן השתלם ועסק בחינוך גופני וכן עם נוער. אכן, הנאשם מעד בכך שהתפתה לייבא עם שותפו סמים לארץ, אך האינטרס הציבורי והפרטי מחייבים כי תינתן לו האפשרות הריאלית לחזור לתלם עם תום מאסרו ולכן יש לשאוף לכך כי תקופת המאסר תהיה קצרה ככל שניתן. עוד נטען, כי גם אם תושת תקופת המאסר המינימאלית עדיין מדובר בפרק זמן ארוך ומשמעותי למדי, קל וחומר לאדם צעיר שהינו, כאמור, נעדר עבר פלילי. בא כוח הנאשם הפנה לפסיקה מגוונת בעבירות סמים ממנה, כך נטען, יש להסיק שהרף התחתון בהסדר – הוא העונש הראוי במקרה דנן.",ראיות וטיעוני הנאשם לעונש,טיעוני הצדדים,טיעוני הצדדים,טיעוני הצדדים,טיעוני הצדדים,טיעוני הצדדים
ME-18-01-45117-99,"בדבריו בטרם גזר הדין, מסר הנאשם כי הוא מתחרט על מעשיו, התנצל בפני בית המשפט ומשפחתו וביקש כי יושת עליו עונש קל ככל שניתן בנסיבות, כדי שיוכל לפתוח דף חדש.",ראיות וטיעוני הנאשם לעונש,טיעוני הצדדים,טיעוני הצדדים,טיעוני הצדדים,טיעוני הצדדים,טיעוני הצדדים
ME-18-01-45117-99,"כאמור בפרק הכללי לעיל, הנאשם הודה במיוחס לו במסגרת הסדר טיעון שהרכיב העיקרי בו היה הסכמה חלקית לעונש ולפיה המאשימה תטען לרכיב מאסר בפועל לתקופה של 8 שנים, בעוד הנאשם יטען לתקופה של 5 שנים בפועל.",דיון ומסקנות,דיון והכרעה,דיון והכרעה,עובדות המקרה,דיון והכרעה,דיון והכרעה
ME-18-01-45117-99,"החלטתי לאמץ את ההסדר שהטעמים העיקריים לו היו, כנטען על ידי הצדדים, החיסכון הניכר בזמן שיפוטי ושיקולים ראייתיים שונים. כידוע, עצם קיומו של ההסדר הינו נתון רב חשיבות בגזירת הדין. כפי שנקבע לא פעם, הסדר הטיעון הוא מוסד אשר יש אינטרס ציבורי בקיומו, יש לו הצדקה רעיונית והוא חלק מהשיטה האדברסרית. עוד נקבע, כי בבוא ביהמ""ש לגזור את הדין, יש להביא בגדר השיקולים את הסדר הטיעון שהצדדים הגיעו אליו. האינטרס הציבורי מחייב - בשים לב לכך שבית המשפט אינו ""חותמת גומי"" - כיבוד הסדרי טיעון, שאם לא כן עלול לחול כרסום במעמדו של מוסד זה. עוד ניתן דגש לאינטרס ההסתמכות של הנאשם אשר הודה במיוחס לו וזאת מתוך ציפייה כי הודאתו תביא לקבלת הסדר הטיעון (וראה בנדון האמור בע""פ 1958/98 פלוני נ' מדינת ישראל, פד""י נז (1), 577; ע""פ 3068/10 פלונית נ' מדינת ישראל (1.11.10); ע""פ 5845/14 אסט נ' מדינת ישראל (20.4.16); ע""פ 2021/17 מצגר נ' מדינת ישראל (30.4.17)).",דיון ומסקנות,דיון והכרעה,דיון והכרעה,דיון והכרעה,דיון והכרעה,דיון והכרעה
ME-18-01-45117-99,"בענייננו ובשים לב לשיקולים שהוצגו על ידי הצדדים, מדובר בהסדר סביר ומאוזן. הוא משית על הנאשם, מחד, עונש מאסר לתקופה ממושכת - הגם שקצרה מזו שהיתה מוטלת עליו אלמלא ההסדר - וכן משקלל את נטילת האחריות מצדו. מדובר בהסדר שנותן משקל לחיסכון הניכר בזמן שיפוטי ואחרון ולא פחות חשוב – אפנה לטענות הצדדים בדבר שיקולים ראייתיים שהנחו אותם בהגעה להסדר.",דיון ומסקנות,דיון והכרעה,דיון והכרעה,דיון והכרעה,דיון והכרעה,דיון והכרעה
ME-18-01-45117-99,"ציינתי לעיל כי מצאתי את ההסדר ראוי ואוסיף, שלטעמי אין להתוות את גזר הדין בדרך שנקבעה בתיקון 113 (ור' בנדון האמור בע""פ 6943/16, גלקין נ' מדינת ישראל (28.1.18); ת.פ. (מחוזי חיפה) 39341-09-15, מדינת ישראל נ' עלאדין ואח' (8.9.16)). יחד עם זאת, אפנה – ולו בקצרה – לשיקולים המנחים לגבי ענישה בעבירות סמים, שיקולים אלה – התואמים באופן כללי את מתווה תיקון 113 - יהיו לעזר בקביעת העונש בתוך המשרעת (שאינה מתחם ענישה) לה עתרו הצדדים. במילים אחרות,ֵ עמְדתי היא שכאשר מדובר בהסדר שהינו סביר על פניו, אין מקום לקבוע במדויק מתחם ענישה ולהשוותו למשרעת הענישה שהוצעה על ידי הצדדים (או העונש ה""סגור"" לו הם עותרים כאשר מדובר בהסדר ""סגור"").",דיון ומסקנות,דיון והכרעה,דיון והכרעה,דיון והכרעה,דיון והכרעה,דיון והכרעה
ME-18-01-45117-99,"ולגופו של עניין – ככלל, מדיניות הענישה הראויה בעבירות סמים וייבוא סמים בפרט, הינה מחמירה וזאת בשים לב לערך המרכזי המוגן בענייננו והוא הגנה על שלום הציבור מפני פגיעתם הקשה של סמים. מדובר בפגיעה רחבת היקף, הן באופן ישיר והן באופן עקיף, והשלכותיה ניכרות לא פעם על הפרט ועל משפחתו בתחום התפקודי, הבריאותי, הכלכלי, החברתי והנפשי. בע""פ 1635/14 יהודה נ' מ""י, 21.8.14 נאמר בהקשר זה כי: ""כידוע, השימוש בסם מסוכן אינו פוגע במשתמש לבדו, כי אם בבני משפחתו ובזרים לו, בסביבתו הקרובה והרחוקה, וסופה של השפעתו המחריבה להתפרס על פני החברה בכללותה. הנה כי כן, מעגלי ההרס הקשורים בשימוש בסמים מסוכנים ובייבואם מתרחבים והולכים, כמעגליה של אבן הפוגעת במים מורעלים"". לכן, כאמור, נקבעה מדיניות ולפיה יש להחמיר עם העבריינים בתחום זה (ור' לדוגמה בהקשר זה האמור בע""פ 972/11 מ""י נ' יונה, 4.7.12). יחד עם זאת, קיים גם בתחום זה מנעד רחב של עונשים והדבר תלוי במספר רב של גורמים, ביניהם נסיבות ביצוע העבירה, מיקום הנאשם ומעורבותו במדרג ייצור והפצת הסם, סוג הסם, כמותו, התחכום שנלווה לביצוע העבירה, ועוד.",דיון ומסקנות,דיון והכרעה,דיון והכרעה,דיון והכרעה,דיון והכרעה,דיון והכרעה
ME-18-01-45117-99,"לגבי גזרי דין שהושתו במקרים דומים (ושלא בהסדרי טיעון) אפנה, לדוגמה, לת.פ. (מחוזי חיפה) 56230-11-15 מ""י נ' טימיס (גזרי דין מ 13.6.17 ו 28.6.17). הנאשם ומעורבת נוספת, אזרחים זרים, הבריחו ארצה קוקאין במשקל מצטבר של כ 1 ק""ג ובהמשך החזיקו את הסם בדירה בחיפה שם נתפסו. בית המשפט קבע בעניינם מתחם שבין 3 ל 5 שנות מאסר וגזר על כל אחד מהם מאסר בפועל של 3.5 שנות מאסר (הודו במיוחס להם, נעדרי עבר פלילי); בע""פ 2518/16 יצחקי נ' מ""י, 25.12.16, נדון עניינו של מי שהורשע (לאחר שמיעת ראיות) ביבוא קוקאין נוזלי במשקל של 710 גרם. נקבע בבית המשפט המחוזי מתחם שבין 3.5 ל 5.5 שנות מאסר והושת עונש של 42 חודשי מאסר. עונש זה הופחת בבית המשפט העליון ל 30 חודשי מאסר וזאת משום מיקומו במדרג ייבוא הסם והיעדר עבר פלילי. באותה פרשה נדון נאשם אחר, שנשא לחובתו עבר פלילי, ל 40 חודשי מאסר; בע""פ 5813/14 מרסלה נ' מ""י, 13.7.15, נדון עניינה של אזרחית קולומביה שהבריחה ארצה על גופה קוקאין במשקל של 660 גרם. בית המשפט המחוזי קבע מתחם שבין 24 עד 55 חודשים וגזר עונש של 45 חודשי מאסר. הערעור על חומרת העונש נדחה; בע""פ 3931/13 באום נ' מ""י, 10.6.14 נדון עניינו של מי שהורשע ביבוא קוקאין במשקל של 556 גרם. בית המשפט המחוזי קבע מתחם שבין 30 ל 45 חודשים וגזר עליו עונש של 40 חודשי מאסר (הודה, ללא עבר). ערעור על חומרת העונש נדחה; בע""פ 3669/14 גולן נ' מדינת ישראל (18.12.16), ייבא המערער (באמצעות בלדר) כ 1.1 ק""ג קוקאין מקולומביה. נקבע בערכאה הדיונית מתחם של בין 4 ל 8 שנות מאסר ודינו של המערער נגזר ל 6.5 שנות מאסר (נשמעו ראיות, לחובתו הרשעה בעבירה דומה). הערעור על חומרת העונש נדחה. עוד אפנה לפסיקה המגוונת שהובאה בפסק הדין האחרון בעניין גולן. בנוסף אעיר, כי נתתי דעתי לכלל פסקי הדין שהוגשו על ידי הצדדים אולם לא מצאתי להפנות לכולם, מה גם שחלקם התייחס למקרים הרחוקים מבחינה עובדתית מענייננו, או שניתנו במסגרת הסדרי טיעון ""סגורים"" משום סיבות כאלה ואחרות ולכן לא ניתן ללמוד מהם לעניין רמת הענישה הנוהגת.",דיון ומסקנות,דיון והכרעה,דיון והכרעה,דיון והכרעה,דיון והכרעה,דיון והכרעה
ME-18-01-45117-99,"סיכומו של דבר, ניתן לראות כי המשרעת עליה הסכימו הצדדים במסגרת ההסדר אכן מקלה באופן מסוים בהשוואה למתחם שיש להניח שהיה נקבע בענייננו אלמלא ההסדר. יחד עם זאת, ציינתי שמדובר בתוצאה מתבקשת, בשים לב לשיקולים שעמדו בבסיס ההסדר וכן אוסיף, כי אין מדובר בחריגה ב""סדרי גודל"" שהצדיקה התלבטות שמא יש מקום שלא לכבד את ההסדר.",דיון ומסקנות,דיון והכרעה,דיון והכרעה,דיון והכרעה,דיון והכרעה,דיון והכרעה
ME-18-01-45117-99,"לגבי נסיבות הקשורות בביצוע העבירה – כל שיש בפנינו הן עובדות כתב האישום המתוקן. כאמור, הנאשם סיכם עם כהן כי השניים ייבאו לארץ קוקאין במשקל של כ 2 ק""ג. מדובר אם כן בשותפות מלאה יחד עם כהן ודבריו של הנאשם לקצינת המבחן כאילו חלקו היה פאסיבי משהו והוא נוצל על ידי אותו כהן, אין להם על מה לסמוך משלא באו לידי ביטוי בעובדות כתב האישום המתוקן. העובדה שכהן היה בחו""ל והנאשם היה בארץ אינה מוליכה בהכרח למסקנה מי היה ה""בכיר"" ומי ה""זוטר"", ואם בכלל יש מקום לאבחנה שכזו. כמות הסם הינה גדולה ביותר ופוטנציאל הנזק – שלמזל הכל נמנע תודות למשטרת ישראל - היה משמעותי. עוד אפנה לכך שאין מדובר במעשים שנעשו ב""היסח דעת"" אלא בכאלה שדרשו התארגנות, מחשבה, תכנון וביצוע. ככל הנראה המניע שעמד בבסיס מעשיו של הנאשם הוא בצע כסף בלבד והרצון להתעשרות מהירה. הנאשם אמנם אדם צעיר יחסית, אך כאדם בוגר, בן 23 שנים בעת הרלוונטית, קל וחומר כמי שעסק בספורט ועם נוער, היה צריך להיות מודע למעגלי הנזק שמעשיו עלולים היו להביא.",דיון ומסקנות,דיון והכרעה,דיון והכרעה,דיון והכרעה,דיון והכרעה,דיון והכרעה
ME-18-01-45117-99,"כלל השיקולים לעיל מוליכים, כאמור, לקבלת ההסדר במובן זה שרכיב המאסר בפועל יושת בתוך המשרעת לה עתרו הצדדים. נשאלת השאלה כיצד ייקבע העונש בתוך אותה משרעת. בהקשר זה ניתן לאמץ, על דרך ההיקש, את רשימת השיקולים המשמשים לקביעת העונש בתוך מתחם העונש וקבועים בס' 40 יא' לחוק העונשין. אין מדובר ביישום מלא של השיקולים, שהרי הצדדים כבר ""שיקללו"" (גם) את נתוני הנאשם בקביעת המשרעת, אך עדיין, הם רלוונטיים לענייננו. לצד נתונים אלה ישוקללו גם שיקולים נוספים - המעשים בהם הורשע הנאשם ושיקולי מדיניות ענישה בעבירות סמים בכלל ויבוא סמים בפרט עליהם עמדנו לעיל.",דיון ומסקנות,דיון והכרעה,דיון והכרעה,דיון והכרעה,דיון והכרעה,דיון והכרעה
ME-18-01-45117-99,"בהקשר לנתוני הנאשם, אין חולק כי עומדים לזכותו מספר נתוני יסוד והם: גילו הצעיר, העובדה כי מדובר בהרשעתו הראשונה והעובדה שקיים במשך מרבית חייו אורח חיים תקין על פני הדברים, כפי שבא לידי ביטוי בנתונים שהוצגו על ידי שירות המבחן ובמסגרת הראיות לעונש. עוד אביא לזכותו את הודייתו ואת נטילת האחריות על מעשיו. נתונים אלה הביאו אותי לקביעת העונש קרוב לגבול התחתון של המשרעת שהוצגה על ידי הצדדים. לחובת הנאשם אפנה להתרשמות שירות המבחן מהנאשם, כמי שטרם הפנים עד תום את חומרת מעשיו בכך שניסה להשליך, ולו חלק מהאחריות, לעבר שותפו.",דיון ומסקנות,דיון והכרעה,דיון והכרעה,דיון והכרעה,דיון והכרעה,דיון והכרעה
ME-18-01-45117-99,5 (חמש וחצי) שנות מאסר בפועל וזאת החל מיום מעצרו – 30.12.17.,"סוף דבר, אני גוזר על הנאשם את העונשים הבאים - ",דיון והכרעה,דיון והכרעה,דיון והכרעה,דיון והכרעה,דיון והכרעה
ME-18-01-45117-99,"הנני דן את הנאשם למאסר לתקופה של 12 חודשים, וזאת על תנאי למשך שלוש שנים מיום שחרורו, והתנאי הוא כי הנאשם לא יעבור כל עבירה מסוג פשע מפקודת הסמים המסוכנים.","סוף דבר, אני גוזר על הנאשם את העונשים הבאים - ",דיון והכרעה,דיון והכרעה,דיון והכרעה,דיון והכרעה,דיון והכרעה
ME-18-01-45117-99,"הנני דן את הנאשם למאסר לתקופה של 4 חודשים, וזאת על תנאי למשך שנתיים מיום שחרורו, והתנאי הוא כי הנאשם לא יעבור כל עבירה מסוג עוון מפקודת הסמים המסוכנים.","סוף דבר, אני גוזר על הנאשם את העונשים הבאים - ",דיון והכרעה,דיון והכרעה,דיון והכרעה,דיון והכרעה,דיון והכרעה
ME-18-01-45117-99,"אני מכריז על הנאשם כ""סוחר סמים"", כמשמעות המונח בפקודת הסמים המסוכנים וכן מורה על חילוט רכבו של הנאשם – רכב מסוג אאודי, שנת 2006, מ.ר. 81-585-59. התמורה בגין הרכב תועבר, בהתאם לפקודת הסמים המסוכנים, לקרן שהוקמה לפי הפקודה.","סוף דבר, אני גוזר על הנאשם את העונשים הבאים - ",דיון והכרעה,דיון והכרעה,דיון והכרעה,דיון והכרעה,דיון והכרעה
ME-18-04-34027-630,"חוק העונשין, תשל""ז-1977: סע'  25, 33, 144(ב'2), 144ב', 40ג' א', 40 יא",nothing,מידע אחר,מידע אחר,מידע אחר,מידע אחר,מידע אחר
ME-18-04-34027-630,"ביום 4.10.18 הורשע הנאשם על פי הודאתו במסגרת הסדר טיעון בשלושה אישומים של עבירת סחר בנשק – עבירה לפי סעיף 144(ב'2) לחוק העונשין התשל""ז -1977.",רקע,עובדות המקרה,עובדות המקרה,עובדות המקרה,עובדות המקרה,עובדות המקרה
ME-18-04-34027-630,"על פי עובדות כתב האישום המתוקן, בין הנאשם לבין נ.פ 16-17 אשר במועדים הרלוונטיים לכתב האישום שימש כ""סוכן"" מטעם משטרת ישראל היתה הכרות של מספר חודשים (להלן: ""הסוכן"").",רקע,עובדות המקרה,עובדות המקרה,עובדות המקרה,עובדות המקרה,עובדות המקרה
ME-18-04-34027-630,"במועדים הרלוונטיים לכתב האישום, ביצעו הנאשם ואחרים עסקאות עם הסוכן בהם מכרו לו כלי נשק מסוגים שונים בתמורה כספית.",רקע,עובדות המקרה,עובדות המקרה,עובדות המקרה,עובדות המקרה,עובדות המקרה
ME-18-04-34027-630,במהלך ביצוע העסקאות שוחחו לעיתים הנאשם והסוכן אודות אפשרויות לעסקאות נוספות על אלו שבוצעו בפועל.,רקע,עובדות המקרה,עובדות המקרה,עובדות המקרה,עובדות המקרה,עובדות המקרה
ME-18-04-34027-630,"ביום 20.1.18 לערך, פגש הסוכן בנאשם במקום עבודתו של הסוכן בוואדי קדום בירושלים ושאל אותו אם יש לו ""כיוון לאמל""ח"". הנאשם השיב, כי יש לו חבר המוכר כלי נשק מסוגים שונים. הסוכן ביקש מהנאשם לברר עם חברו אפשרות לרכישת אקדח במחיר טוב.",רקע,עובדות המקרה,עובדות המקרה,עובדות המקרה,עובדות המקרה,עובדות המקרה
ME-18-04-34027-630,"מאוחר יותר באותו היום שלח הנאשם לסוכן באמצעות תכתובת ""ווטסאפ"" תמונת אקדח המוצע למכירה, במטרה לקדם ביצוע עסקה בנשק. למחרת, עדכן הנאשם את הסוכן כי מחירו של האקדח הוא 30,000 ₪. מכיוון שמדובר באקדח ""16"", הסוכן ציין כי ברצונו לראות את האקדח והשניים קבעו להיפגש במרכז המסחרי בארמון הנציב סמוך לשעה 18:00. בהמשך היום לאחר מספר שיחות תאום סמוך לשמונה בערב, אסף הנאשם את הסוכן ברכבו מארמון הנציב והשניים נסעו לג'אבל מוכאבר. בג'אבל מוכאבר פגשו במחמד עג'עג' (להלן:""עג'עג'""), אשר הציג בפני הסוכן אקדח השונה מהאקדח אותו שלח הנאשם לסוכן בתמונה. עג'אג' ציין בפני הסוכן כי האקדח שהוצג בפגישה הוא אקדח הזמין כיום למכירה, כי יש בו תקלה קטנה הניתנת לתיקון וכי יש באפשרות הסוכן לרכוש אותו כעת עבור 22,000 ש""ח או להמתין מספר שעות לתיקונו של האקדח ולרכוש אותו בתמורה ל-23,000 ₪. הסוכן ציין כי הוא לא מעוניין לרכוש אקדח תקול והשלושה קבעו להיפגש למחרת סמוך לשעה 18:00. בדרכם חזרה, סיפר הנאשם לסוכן כי ברשות עג'עג' רובה M-16 למכירה והציע לסוכן לרכוש אותו. הסוכן ביקש מהנאשם שישלח לו תמונה של הרובה ושהוא יבדוק את העניין. לאחר כשעתיים שלח הנאשם לסוכן תמונה של רובה סער מסוג M-16 באמצעות תוכנת ""וואטסאפ"".",רקע,עובדות המקרה,עובדות המקרה,עובדות המקרה,עובדות המקרה,עובדות המקרה
ME-18-04-34027-630,"למחרת ביום 22.1.18, פגש הנאשם את הסוכן במרכז המסחרי בארמון הנציב כמתכונן. הנאשם עדכן את הסוכן כי עדיין קימת בעיה באקדח והוא לא מוכן למכירה לפיכך השניים קבעו לשוחח לאחר שהאקדח יהיה מוכן ובידיו של הנאשם. מאוחר יותר באותו היום, סמוך לחצות, שוחח הנאשם עם הסוכן ועדכן אותו כי האקדח מוכן ותקין ונמצא בידיו, השניים קבעו לשוחח למחרת. ביום 23.1.18 סמוך לשעה 18:30 אסף הנאשם את הסוכן ברכבו מארמון הנציב והשניים נסעו לג'אבל מוכאבר לכיוון ביתו של הנאשם. בהגיעם, ירד הנאשם מהרכב, פגש בעג'עג' וקיבל ממנו שק לבן אשר בתוכו אקדח חצי אוטומטי CZ, תוצרת צ'כיה מודל 50-VZOR קליבר 7.65 מ""מ מספר סדורי B 40518 אשר בכוחו להמית אדם (להלן:""האקדח""). ולאחר מספר דקות שב אל הרכב ומסר את השקית הלבנה ותכולתה לידי הסוכן. השניים החלו בנסיעה, אשר במהלכה הכניס הסוכן 2 כדורים לתוך המחסנית וטען את האקדח בהמשך הנסיעה ירה הסוכן כדור מחלון הרכב.",רקע,עובדות המקרה,עובדות המקרה,עובדות המקרה,עובדות המקרה,עובדות המקרה
ME-18-04-34027-630,"בשלב זה, העביר הסוכן לידי הנאשם 24,000 ₪ מתוכם קיבל הנאשם 1,000 ₪. הנאשם הסיע את הסוכן חזרה לארמון הנציב. בחלוף כשעתיים שלח הנאשם לסוכן תמונה של אקדח נוסף והתקשר לעדכן אותו כי מדובר באקדח ה- ""14"".",רקע,עובדות המקרה,עובדות המקרה,עובדות המקרה,עובדות המקרה,עובדות המקרה
ME-18-04-34027-630,"במעשיו האמורים לעיל סחר הנאשם בנשק בלא רשות על פי דין וכן ירה בנשק חם באזור מגורים. כאן המקום לציין, כי האמור אינו תואם את האמור בסעיף 9 לכתב האישום המתוקן ובהתאם לכך גם הורשע הנאשם בסחר בנשק בלבד ולא בירי באזור מגורים.",רקע,עובדות המקרה,עובדות המקרה,עובדות המקרה,עובדות המקרה,עובדות המקרה
ME-18-04-34027-630,"ביום 2.2.18 יצר הנאשם קשר עם הסוכן והתעניין האם ברצונו לרכוש את רובה הסער עליו שוחחו כמפורט באישום הראשון. הסוכן מסר לנאשם כי המחיר יקר עבורו. בהמשך, מסר הנאשם לסוכן כי ניתן לרכוש את רובה הסער בתמורה ל- 70,000 ₪ וכי זהו המחיר האחרון. הסוכן מסר לנאשם כי הוא צריך מספר ימים לארגן את הכסף והשניים קבעו להמשיך ולדבר בעוד כמה ימים.",האישום השני:,עובדות המקרה,עובדות המקרה,עובדות המקרה,עובדות המקרה,עובדות המקרה
ME-18-04-34027-630,"ביום 4.2.18, לאחר מספר שיחות תיאום המפגש לצרכי משא ומתן באשר למחיר, קבעו השניים להיפגש בשעות אחר הצהריים על מנת לפגוש את עג'אג' ולהשלים את רכישת רובה היסעור. בהמשך היום סמוך לשעה 18:00, אסף הנאשם את הסוכן מארמון הנציב והשניים החלו בנסיעה לכיוון מקום המפגש,  על מנת לפגוש את עג'אג'. עג'אג' הגיע למקום כשהוא נוהג ברכב מסוג BMW, הנאשם והסוכן עלו על רכבו והשלושה החלו בנסיעה למקום מבודד.",האישום השני:,עובדות המקרה,עובדות המקרה,עובדות המקרה,עובדות המקרה,עובדות המקרה
ME-18-04-34027-630,"לאחר מספר דקות עצר עג'אג' את הרכב, השלושה יצאו ממנו ועג'אג' הוציא מתא המטען רובה סער מסוג M-4 ובכוחו להמית אדם (להלן: ""הרובה""), מחסנית תואמת ושקית ובה מספר רב של כדורים.",האישום השני:,עובדות המקרה,עובדות המקרה,עובדות המקרה,עובדות המקרה,עובדות המקרה
ME-18-04-34027-630,"לאחר דין ודברים, סיכמו הסוכן ועג'אג' על מחיר בסך 68,000 ₪ בתמורה לרובה. מיד לאחר מכן הכניס הנאשם את הרובה לרכבו והחל בנסיעה מהמקום. הסוכן ועג'אג' נכנסו לרכבו של עג'אג' ונסעו בעקבות הנאשם. במהלך הנסיעה, העביר הסוכן לנאשם 68,000 ₪. הסוכן נפרד מעג'אג', ירד מרכבו ועלה לרכבו של הנאשם. בהתאם לסיכום בין השניים מסר הסוכן לידי הנאשם 1,500 ₪.",האישום השני:,עובדות המקרה,עובדות המקרה,עובדות המקרה,עובדות המקרה,עובדות המקרה
ME-18-04-34027-630,"במעשיו האמורים לעיל סחר הנאשם בנשק בלא רשות על פי דין, וכן נשא והוביל נשק בלא רשות על פי דין.",האישום השני:,עובדות המקרה,עובדות המקרה,עובדות המקרה,עובדות המקרה,עובדות המקרה
ME-18-04-34027-630,"ביום 5.2.18 יצר הנאשם קשר עם הסוכן והתעניין האם ברצונו לרכוש את האקדח עליו שוחחו. הסוכן התעניין במחירו של האקדח והנאשם מסר לו כי מחירו 27,000 ₪. הסוכן ביקש מהנאשם נספר ימים לבדוק את העניין.",האישום השלישי:   ,עובדות המקרה,עובדות המקרה,עובדות המקרה,עובדות המקרה,עובדות המקרה
ME-18-04-34027-630,"ביום 7.2.18 יצר הנאשם קשר עם הסוכן ושאל האם בכוונתו לרכוש את האקדח. הנאשם מסר לסוכן כי ירכוש את האקדח מבחור בשם ""פהאד"" לצורך מכירתו לסוחר. השניים קבעו להיפגש למחרת סמוך לשעה 16:00.",האישום השלישי:   ,עובדות המקרה,עובדות המקרה,עובדות המקרה,עובדות המקרה,עובדות המקרה
ME-18-04-34027-630,"לאחר מספר שיחות תיאום ומשא ומתן, ביום 8.2.18 סמוך לשעה 17:00 אסף הנאשם את הסוכן מארמון הנציב והשניים החלו בנסיעה לכיוון המקום. בהגיעם פגשו השניים את עג'אג' אשר הגיע ברכבו וסימן להם להמשיך בנסיעה אחריו. לאחר מספר דקות עצר עג'אג' את רכבו ובנוכחות הנאשם העביר דרך חלון רכבו לסוכן שקית ובתוכה אקדח חצי אוטומטי מסוג ברטה תוצרת איטליה, מודל 51 קליבר 9 מ""מ, מספר סידורי C3057 שבכוחו להמית אדם (להלן : ""האקדח"") וכן מחסנית תואמת. עג'אג' ביקש מהסוכן והנאשם להמשיך בנסיעה מאחר והבחין ברכב חשוד. במהלך הנסיעה, לאחר דין ודברים בטלפון בין הסוכן ובין הנאשם ועג'עג', הסכים עג'עג' להוריד את מחיר האקדח ל-25,000 ₪. לאחר מספר דקות, עצרו הנאשם ועג'עג' את רכביהם והאחרון העביר לסוכן חמישה כדורים. הנאשם המשיך בנסיעה אשר במהלכה ירה הסוכן 3 כדורים דרך חלון הרכב.",האישום השלישי:   ,עובדות המקרה,עובדות המקרה,עובדות המקרה,עובדות המקרה,עובדות המקרה
ME-18-04-34027-630,"בהמשך נכנס עג'אג' לרכבו של הנאשם והסוכן מסר לידיו 25,000 ₪ ולנאשם 1,000 ₪.",האישום השלישי:   ,עובדות המקרה,עובדות המקרה,עובדות המקרה,עובדות המקרה,עובדות המקרה
ME-18-04-34027-630,במעשיו האמורים לעייל סחר הנאשם בנשק בלא רשות על פי דין. וכן נשא נשק והוביל אותו בלא רשות על פי דין.,האישום השלישי:   ,עובדות המקרה,עובדות המקרה,עובדות המקרה,עובדות המקרה,עובדות המקרה
ME-18-04-34027-630,מטעם המאשימה לא הוצגו ראיות לעונש.,ראיות לעונש: ,ראיות לעונש,ראיות לעונש,ראיות לעונש,ראיות לעונש,ראיות לעונש
ME-18-04-34027-630,"מטעם הנאשם העידה אימו של הנאשם, הגב' ג'עבס אייפה (להלו: ""גב' ג'עבס"") והצהירה, כי הם כמשפחה מתנצלים על מה שהנאשם עשה. יש להם חמישה ילדים עם צרכים מיוחדים והנאשם הוא זה מטפל בהם ועוזר לה.",ראיות לעונש: ,ראיות לעונש,ראיות לעונש,ראיות לעונש,ראיות לעונש,ראיות לעונש
ME-18-04-34027-630,"ביחד עם עדותה של הגב' ג'עבס, הוגשה אסופת מסמכים רפואיים.",ראיות לעונש: ,ראיות לעונש,ראיות לעונש,ראיות לעונש,ראיות לעונש,ראיות לעונש
ME-18-04-34027-630,"ב""כ המאשימה פתח את טיעוניו באבחנה בין שני האישומים הראשונים שמתייחסים לסחר באקדח והאישום הנוסף שמתייחס לסחר ברובה סער. ב""כ המאשימה הדגיש, כי אין דינו של אקדח כדינו של רובה. בהתאם להנחיות של פרקליט המדינה ישנם מתחמי ענישה השונים מהותית בהתאם לסוגי הנשק ולנסיבות ביצוע העבירה.","טיעונים לעונש מטעם ב""כ המאשימה:",טיעוני הצדדים,טיעוני הצדדים,טיעוני הצדדים,טיעוני הצדדים,טיעוני הצדדים
ME-18-04-34027-630,"בענייננו, מדובר בעבירות הפוגעות בשלטון החוק ואשר טמון בהן פוטנציאל נזק משמעותי לאזרחים ולשלמות גופם. בצד עבירות אלה נקבעו עונשים קבועים בחוק, גם בפסיקה עמדו על המסוכנות הטמונה בעבירות אלה. ב""כ המאשימה הפנה לפסיקה: בע""פ 2251/11 ג'מאל נ' מדינת ישראל (פורסם בנבו 4.12.11) דובר על הצורך להחמיר את רמת הענישה בעבירות של החזקת נשק. כך גם בע""פ 1323/13 חסאן ואח' נ' מדינת ישראל (פורסם בנבו 5.6.13). הפסיקה מדברת על הצורך בהחמרת עונשי המאסר בעבירות אלה, גם ברטוריקה וגם בפועל, ישנה מגמה של העלאת רף הענישה.","טיעונים לעונש מטעם ב""כ המאשימה:",טיעוני הצדדים,טיעוני הצדדים,טיעוני הצדדים,טיעוני הצדדים,טיעוני הצדדים
ME-18-04-34027-630,"באשר לנסיבות המקרה, ראשית ציין ב""כ המאשימה, כי בשל סמיכות הזמנים בין העבירות תטען התביעה למתחם אחד כולל. יחד עם זאת, ביקש ב""כ המאשימה לתת ביטוי לנסיבות ביצוע העבירה בכל אישום בנפרד.","טיעונים לעונש מטעם ב""כ המאשימה:",טיעוני הצדדים,טיעוני הצדדים,טיעוני הצדדים,טיעוני הצדדים,טיעוני הצדדים
ME-18-04-34027-630,"באשר לאישום הראשון ציין ב""כ המאשימה, כי ממעשיו של הנאשם עולה, כי ביצע את העבירה תוך תכנון מקדים. הנאשם שלח תמונה לסוכן לצורך השלמת העסקה, לקח חלק פעיל בעסקה הציע מחיר והסיע את הסוכן. חלקו של הנאשם בעסקה לא היה זעיר, מדובר במי שליווה את העסקה מהשלב הראשון ועד לשלב התמורה. עוד הוסיף ב""כ המאשימה, כי מדובר בנשק תקין, כאשר תוך כדי ביצוע העבירה נעשה ווידוא שהנשק אכן פועל. כמו כן, נתקבלה תמורה של 24,000 ₪ כאשר הנאשם קיבל סך של 1,000 ₪.","טיעונים לעונש מטעם ב""כ המאשימה:",טיעוני הצדדים,טיעוני הצדדים,טיעוני הצדדים,טיעוני הצדדים,טיעוני הצדדים
ME-18-04-34027-630,"בכל הנוגע לאישום השני, בהמשך לתפקיד הפעיל של הנאשם באישום הראשון, הרי שבאישום השני הוא אף מרחיב את מעורבותו ויוצר קשר יזום עם הסוכן. גם באישום השני נערכות מספר שיחות תיאום, הנאשם שוב אוסף את הסוכן והם נוסעים למקום מבודד. חומרת העבירה באישום השני באה לידי ביטוי גם בכך, שמדובר ברובה מסוג M4, עם מחסנית ומספר רב של כדורים. כמו כן, התמורה שקיבל הנאשם בגין עסקה זו גבוה יותר ועמד על 1,500 ₪.","טיעונים לעונש מטעם ב""כ המאשימה:",טיעוני הצדדים,טיעוני הצדדים,טיעוני הצדדים,טיעוני הצדדים,טיעוני הצדדים
ME-18-04-34027-630,"באישום השלישי הנאשם הוא היוזם ויוצר הקשר עם הסוכן, מדובר במכירת אקדח חצי אוטומטי, בנוסף, המעורבים בפרשה התקדמו כשהבחינו ברכב חשוד והדבר מעיד על מסוכנות המעשים. גם באירוע זה הנאשם ושותפיו מוודאים שהנשק תקין והנאשם מקבל 1,000 ₪ מתוך תמורה של 25,000 ₪.","טיעונים לעונש מטעם ב""כ המאשימה:",טיעוני הצדדים,טיעוני הצדדים,טיעוני הצדדים,טיעוני הצדדים,טיעוני הצדדים
ME-18-04-34027-630,"ב""כ המאשימה הפנה לת""פ 34003-04-18 מדינת ישראל נ' מחמד עג'אג גזר הדין בעניינו של השותף לעבירה של הנאשם התייחס לכך, שהשותף לעבירה הורשע בניגוד לנאשם דנן רק בעבירה אחת של סחר בנשק (בניגוד לשלוש עבירות), והעבירה היתה באקדח אחד (לעומת שני אקדחים ורובה).  על השותף של הנאשם נגזרו 22 חודשי מאסר בפועל, מאסרים מותנים וחילוט הרכב ששימש לביצוע העבירה.","טיעונים לעונש מטעם ב""כ המאשימה:",טיעוני הצדדים,טיעוני הצדדים,טיעוני הצדדים,טיעוני הצדדים,טיעוני הצדדים
ME-18-04-34027-630,"ב""כ המאשימה הפנה לפסק דין נוסף ע""פ 785/15 איהאב פאוקה נ' מדינת ישראל, בית המשפט קבע מתחם לעבירה אחת של נשק מסוג קרלו מתחם שנע בין 36 עד 60 חודשי מאסר בפועל.","טיעונים לעונש מטעם ב""כ המאשימה:",טיעוני הצדדים,טיעוני הצדדים,טיעוני הצדדים,טיעוני הצדדים,טיעוני הצדדים
ME-18-04-34027-630,"בע""פ 8045/17 בכל הנוגע למערער מספר 6 שהורשע בביצוע שתי עבירות סחר בנשק, ב""כ המאשימה ערך הבחנה מענייננו בכך ששם העסקאות היו ביחס לאקדחים ולא רובים, כמו כן הרווח של המערער מהעסקה היה 2,000 ₪. בית המשפט קבע מתחם של שנתיים עד ארבע שנים לכל עסקה. בית המשפט העליון לא התערב בעניין העונש וקבע שהעונש שנגזר על הנאשם היה על הצד קל.","טיעונים לעונש מטעם ב""כ המאשימה:",טיעוני הצדדים,טיעוני הצדדים,טיעוני הצדדים,טיעוני הצדדים,טיעוני הצדדים
ME-18-04-34027-630,"בכל הנוגע למערער 5 בתיק זה, ההבחנה היא שבעניינו דובר על שתי עסקאות נשק חמורות יותר, על נשק מסוכן יותר. המתחם שנקבע הוא בין 3 ל-6 שנים והערעור נדחה. לעניין הטענה כי חלקו של המערער הסתכם רק בתיווך ולשם כך יש להקל על עונשו משמעותית, נקבע, כי התיווך בעסקאות אלה מהוות אלמנט מרכזי להשלמת העסקה, לפיכך אין מקום להקלה בעונש מסיבה זו.","טיעונים לעונש מטעם ב""כ המאשימה:",טיעוני הצדדים,טיעוני הצדדים,טיעוני הצדדים,טיעוני הצדדים,טיעוני הצדדים
ME-18-04-34027-630,"ב""כ המאשימה הפנה לת""פ 67703-11-16 מדינת ישראל נ' אמיר הלפרין, שם הנאשם הורשע בשתי עסקאות סחר בנשק קרלו ונגזרו עליו 46 חודשי מאסר בפועל.","טיעונים לעונש מטעם ב""כ המאשימה:",טיעוני הצדדים,טיעוני הצדדים,טיעוני הצדדים,טיעוני הצדדים,טיעוני הצדדים
ME-18-04-34027-630,"ב""כ המאשימה סיכמה, כי היא סבורה שיש לקבוע מתחם בעניינו של הנאשם  בין 5 ל- 7 שנים, כאשר חרף הודאת הנאשם, החיסכון בזמן שיפוטי והיעדר העבר הפלילי, משיקולי הרתעה יש למקמו לא בקצה התחתון. כמו כן בקשה ב""כ המאשימה לגזור על הנאשם מאסר על תנאי וקנס.","טיעונים לעונש מטעם ב""כ המאשימה:",טיעוני הצדדים,טיעוני הצדדים,טיעוני הצדדים,טיעוני הצדדים,טיעוני הצדדים
ME-18-04-34027-630,"ב""כ הנאשם טען כי בניגוד לטענותיה של המאשימה בהתאם לתיקון 113 ולפסיקה שבאה בעקבותיה, מתחם העונש נקבע בהתאם למעשה עצמו ולא כפונקציה של סעיף העבירה בו הואשם הנאשם (ב""כ הנאשם הפנה לסעיף 40ג' א' לחוק העונשין).","טיעונים לעונש ב""כ הנאשם:",טיעוני הצדדים,טיעוני הצדדים,טיעוני הצדדים,טיעוני הצדדים,טיעוני הצדדים
ME-18-04-34027-630,"בכל הנוגע לטענת ב""כ המאשימה כי אין מקום להקל גם כשמדובר בתיווך לסחר בנשק, טוען ב""כ הנאשם, כי אמנם אכן בלי המתווך לא ניתן להשלים את עסקה, אבל יש לתת את העונש באופן מידתי כפי שציווה המחוקק. בעניין זה הפנה ב""כ הנאשם לע""פ 6053/13 סעיף 9 לפסק הדין, ולפסק דין של בית המשפט המחוזי בתל אביב 3476-11-14 סעיף 33, שם נקבע, כי העונש צריך לשקף את המעשה עצמו.","טיעונים לעונש ב""כ הנאשם:",טיעוני הצדדים,טיעוני הצדדים,טיעוני הצדדים,טיעוני הצדדים,טיעוני הצדדים
ME-18-04-34027-630,"ב""כ הנאשם ציין כי בשלושת האישומים, הנאשם אינו בעל הנשק הוא היווה רק את חוליית הקשר בין הסוכן למוכר. ב""כ הנאשם הפנה לסעיף א'1 לכתב האישום, בו ניתן לראות שהסוכן הוא זה שיזם את הקשר מלכתחילה, הוא ביקש מהנאשם לברר על אפשרות לרכישת נשקים, ממנו התחילה העסקה. בשלושת האישומים הנשק של אג'ג' הועבר לסוכן, אמנם בתיווכו של הנאשם, אך לא ניתן לראות את איש הקשר בעסקה כמי שמספק את הנשקים. הנאשם הסיע את הסוכן ולא מעבר, כמו כן מכל סכום העסקאות הנאשם קיבל רק 3,500 ₪. לפיכך יש הבדל מהותי בין הנפשות הפועלות בעסקאות.","טיעונים לעונש ב""כ הנאשם:",טיעוני הצדדים,טיעוני הצדדים,טיעוני הצדדים,טיעוני הצדדים,טיעוני הצדדים
ME-18-04-34027-630,"ב""כ הנאשם טען שבקביעת המתחם, יש לבחון מהי רמת הפגיעה בערך החברתי, במקרה דנן לדבריו, הפגיעה הייתה מינורית. פוטנציאל הנזק בענייננו נמוך מאחר והנשקים הגיעו לידי המשטרה שכן מדובר בסוכן משטרתי. לא מדובר במכירה לאיש אקראי אלא לאדם שהכיר את הנאשם לכן לטענת ב""כ הנאשם, חומרת העבירה פחותה. הנאשם לא החזיק נשק אצלו, הנאשם הוא לא זה שהעביר את הנשק לסוכן. הנקודה החשובה ביותר לטענת ב""כ הנאשם, שהנאשם לא חיפש אנשים ושידל אותם לקנות נשקים אלא הסוכן הוא זה שפנה לנאשם.","טיעונים לעונש ב""כ הנאשם:",טיעוני הצדדים,טיעוני הצדדים,טיעוני הצדדים,טיעוני הצדדים,טיעוני הצדדים
ME-18-04-34027-630,"באשר לת""פ 34003-04-18 אליו הפנתה המאשימה בעניין אבו סרחאן טען ב""כ הנאשם, כי מדובר באדם בעל עבר פלילי, אשר הוא זה שהביא את הנשק, העביר אותו וקיבל את התמורה. בעניין סרחאן התקבל תסקיר שהצביע על נאשם שאינו מבין את משמעות מעשיו. ב""כ הנאשם טען שבענייננו לא מדובר על נשקים אוטומטיים לעומת המקרה אליו הפנתה המאשימה, שם דובר על תת מקלע.","טיעונים לעונש ב""כ הנאשם:",טיעוני הצדדים,טיעוני הצדדים,טיעוני הצדדים,טיעוני הצדדים,טיעוני הצדדים
ME-18-04-34027-630,"ב""כ הנאשם הפנה לפסיקה, ת""פ 19384-05-16, שם הורשע נאשם בעבירות של נשיאת נשק, ניסיון לחבלה חמורה לפי סעיף 33 בצירוף סעיף 25, רכישת נשק ועוד שתי עבירות סחר בנשק, בית המשפט קבע מתחם שנע בין 40 ל-60 חודשים, ב""כ הנאשם הדגיש כי מדובר על מכירת נשק שגרמה לפגיעה.","טיעונים לעונש ב""כ הנאשם:",טיעוני הצדדים,טיעוני הצדדים,טיעוני הצדדים,טיעוני הצדדים,טיעוני הצדדים
ME-18-04-34027-630,"ב""כ הנאשם הפנה ל ת""פ 3244-06-16 שם דובר על שלושה מטעני חבלה ולא אקדחים ונגזרו 18 חדשי מאסר.","טיעונים לעונש ב""כ הנאשם:",טיעוני הצדדים,טיעוני הצדדים,טיעוני הצדדים,טיעוני הצדדים,טיעוני הצדדים
ME-18-04-34027-630,"בת""פ 45441-11-15, דובר על שתי עבירות של סחר בנשק, בשתי עבירות של נשיאת נשק כאשר הנאשם הוא היה הבעלים של הנשק, במקרה זה הוטלו 32 חודשי מאסר.","טיעונים לעונש ב""כ הנאשם:",טיעוני הצדדים,טיעוני הצדדים,טיעוני הצדדים,טיעוני הצדדים,טיעוני הצדדים
ME-18-04-34027-630,"בע""פ 1397/16, הושתו בגין שלוש עסקאות סחר בשני נשקי M16 ונשק אחד מסוג קרלו 38 חודשים.","טיעונים לעונש ב""כ הנאשם:",טיעוני הצדדים,טיעוני הצדדים,טיעוני הצדדים,טיעוני הצדדים,טיעוני הצדדים
ME-18-04-34027-630,"בת""פ 1094-05-15 דובר על שלוש עבירות של סחר בנשק כאשר מדובר במטעני חבלה, נגזרו 38 חודשי מאסר בפועל.","טיעונים לעונש ב""כ הנאשם:",טיעוני הצדדים,טיעוני הצדדים,טיעוני הצדדים,טיעוני הצדדים,טיעוני הצדדים
ME-18-04-34027-630,"ב""כ הנאשם סיכם שלאור כל הפסיקה שהובאה, היות והנאשם ללא עבר פלילי, הודה וחסך זמן שיפוטי, מתחם הענישה בענייננו נע בין שנתיים לארבע שנים כאשר הנאשם צריך להיות ממוקם ברף התחתון.","טיעונים לעונש ב""כ הנאשם:",טיעוני הצדדים,טיעוני הצדדים,טיעוני הצדדים,טיעוני הצדדים,טיעוני הצדדים
ME-18-04-34027-630,"לכך יש להוסיף את נסיבות חייו של הנאשם, אשר ארבעת מאחיו בעלי צרכים מיוחדים וכולם טופלו על ידו, אביו של הנאשם לא עובד. מדובר בנאשם בן 23 אב לארבעה ילדים שחיים בדוחק כלכלי, דבר שהביא את הנאשם למעוד לביצוע העבירה . עוד ציין ב""כ הנאשם כי הנאשם במעצר מיום 9.4.18.","טיעונים לעונש ב""כ הנאשם:",טיעוני הצדדים,טיעוני הצדדים,טיעוני הצדדים,טיעוני הצדדים,טיעוני הצדדים
ME-18-04-34027-630,"ב""כ המאשימה הגיב לטיעוני ב""כ הנאשם, כי בניגוד לדברי ב""כ הנאשם, בהתאם לכתב האישום דובר על רובה סער אשר בשונה מאקדח הוא יותר קרוב לרובה M16.","טיעונים לעונש ב""כ הנאשם:",טיעוני הצדדים,טיעוני הצדדים,טיעוני הצדדים,טיעוני הצדדים,טיעוני הצדדים
ME-18-04-34027-630,"אחרון פנה הנאשם לבית המשפט ואמר: ""מתנצל מצטער, טעיתי ומודה בטעותי. לא אחזור על זה שוב. התקדמתי בכלא, למדתי לקח בכלא מהדבר הזה"".","טיעונים לעונש ב""כ הנאשם:",טיעוני הצדדים,טיעוני הצדדים,טיעוני הצדדים,טיעוני הצדדים,טיעוני הצדדים
ME-18-04-34027-630,"בהתאם לתיקון 113 לחוק העונשין, יש לקבוע את מתחם הענישה, בהתאם לעיקרון ההלימה, תוך התחשבות בערך החברתי שנפגע, במידת הפגיעה בו, בנסיבות הקשורות בביצוע העבירה ובמדיניות הענישה הנהוגה.",מתחם העונש ההולם:,דיון והכרעה,דיון והכרעה,דיון והכרעה,דיון והכרעה,דיון והכרעה
ME-18-04-34027-630,"הערכים החברתיים עליהם יש להגן מפני המבצעים עבירות נשק, הם הגנה על שלום הציבור ובטחונו, שמירה על שלמות גופו ורכושו של אדם מפני תוצאות קטלניות שעלולות להיגרם בגין שימוש בנשק חם על ידי מי שאינו מיומן  בכך, או על ידי גורמים עברייניים או גורמי טרור שהנשק עלול להגיע אליהם. בית המשפט העליון חזר לא פעם, על החומרה הגלומה בעבירות נשק ועל פוטנציאל הפגיעה בנפש וברכוש שעלולים להיגרם כתוצאה מהשימוש בו. בית המשפט העליון הדגיש, כי יש לראות במשנה חומרה את מעשיהם של הסוחרים בנשק (עוד לעניין זה ראו: ע""פ 319/11 מדינת ישראל נ' יאסין (5.12.11), ע""פ 1768/14 גנאיים נ' מדינת ישראל (22.7.14), ע""פ 8280/15 מוחמד גולאני נ' מדינת ישראל(28.3.16), ע""פ 7317/13 חג'אב נ' מדינת ישראל (19.5.14).  עוד נפסק, כי מפאת הסכנה הרבה הטמונה בעבירות נשק, יש להטיל עונשי מאסר בפועל גם על מי שזוהי עבורו הרשעתו הראשונה,",מתחם העונש ההולם:,דיון והכרעה,דיון והכרעה,דיון והכרעה,דיון והכרעה,דיון והכרעה
ME-18-04-34027-630,"יפים לעניין זה הדברים מע""פ 6989/13 פרח נ' מדינת ישראל (25.2.14):",מתחם העונש ההולם:,דיון והכרעה,דיון והכרעה,דיון והכרעה,דיון והכרעה,דיון והכרעה
ME-18-04-34027-630,"בע""פ 1323/13 רך חסן נ' מדינת ישראל (ניתן ביום 5.613), עמד בית העליון על מגמת ההחמרה בענישה בעבירות נשק, זאת, ""נוכח היקפן המתרחב של עבירות המבוצעות בנשק בכלל וסחר בנשק בפרט, וזמינותו המדאיגה של נשק בלתי חוקי במחוזותינו התעורר הצורך להחמיר בעונשי המאסר המוטלים בעבירות אלה. אכן ""התגלגלותם"" של כלי נשק מיד ליד ללא פיקוח עלול להוביל להגעתם בדרך לא דרך לגורמים פליליים ועוינים. אין לדעת מה יעלה בגורלם של כלי נשק אלה ולאלו תוצאות הרסניות יובילו- בסכסוך ברחוב, בקטטה בין ניצים ואף בתוך המשפחה פנימה. הסכנה הנשקפת לציבור כתוצאה מעבירות אלה לצד המימדים שאליהם הגיעו, מחייבים לתת ביטוי הולם וכבד משקל להגנה על הערך החברתי שנפגע כתוצאה מפעילות עבריינית זאת, הגנה על שלום הציבור מפני פגיעות בגוף או בנפש, ולהחמיר את עונשי המאסר המוטלים בגים פעילות עבריינית זאת בהדרגה"".",מתחם העונש ההולם:,דיון והכרעה,דיון והכרעה,דיון והכרעה,דיון והכרעה,דיון והכרעה
ME-18-04-34027-630,חומרת העבירה משתקפת גם בעונש שנקבע לצד עבירת של סחר בנשק העומד על מאסר 15 שנה ויודגש כי לשון החוק מדברת בין בתמורה בין שלא בתמורה.,מתחם העונש ההולם:,דיון והכרעה,דיון והכרעה,דיון והכרעה,דיון והכרעה,דיון והכרעה
ME-18-04-34027-630,"עוד נפסק ע""פ 116/13 ועקנין נ' מדינת ישראל פסקה 7 (ניתן ביום 31.7.13):",מתחם העונש ההולם:,דיון והכרעה,דיון והכרעה,דיון והכרעה,דיון והכרעה,דיון והכרעה
ME-18-04-34027-630,"בשורה ארוכה של פסקי דין בית המשפט העליון ושאר הערכאות בעקבותיו, נוקטים בעת האחרונה במגמה מוצהרת של החמרת רמת הענישה בעבירות נשק. יפים לעניין זה דבריו של השופט אדמונד לוי בע""פ 761/07 מדינת ישראל נ' אדרי (פורסם בנבו 22.2.07):",מתחם העונש ההולם:,דיון והכרעה,דיון והכרעה,דיון והכרעה,דיון והכרעה,דיון והכרעה
ME-18-04-34027-630,"אשר לנסיבות ביצוע העבירה, הנאשם הודה בשלושה אישומים של עבירת סחר בנשק. הנאשם מכר לסוכן במסגרת מספר עסקאות כלי נשק תקינים בתמורה כספית. חרף העובדה שהנאשם לא יזם את ביצוע העסקאות, הרי שלקח חלק פעיל מאד בכל שלב משלבי העסקאות. הנאשם תיווך בין הנאשם למוכר ותיאם את הפגישות, שלח באמצעות ה""ואטסאפ"" את תמונות כלי הנשק המוצעים. הנאשם סייע במשא ומתן במכירה, וכאשר אחד מכלי הנשק שהוצעו למכירה דרשו תיקון, סייע בכך. עבירות הסחר בנשק היו מתוכננות, שכן העסקאות יצאו לפועל לאחר מספר שיחות תאומים ומפגשים, ביניהם, יכול היה הנאשם להימלך בדעתו ולהימנע מביצוע העבירה, אך לא כך עשה. הנאשם ערך שיחות רבות (את חלקן הוא אף יזם) ונפגש עם הסוכן לעניין המכירות עם ובלי המוכר ובנוסף הסיע את הסוכן למקומות המפגש עם המוכר. הנאשם הוא זה שמסר פיסית את הנשק מהמוכר לסוכן וקיבל תמורה בעבור חלקו בעסקה. במהלך העסקאות אף בוצע ירי לבדיקת הנשק, באופן המהווה נסיבה מחמירה נוכח התעוזה והסיכון שהיו כרוכים בכך. הנאשם היה מודע לפסול במעשיו, שכן בהתאם לאישום השני המכירה בוצעה במקום מבודד וכן בהתאם לאישום השלישי כאשר הבחינו ברכב חשוד המשיכו בנסיעה, דבר המעיד על מודעותו של הנאשם למעשיו. יש לציין שעל פי סעיף 9 לכתב האישום המתוקן, היי בוצע על ידי הסוכן ולא על ידי הנאשם והנאשם גם לא הורשע בעבירה של ירי באזור מגורים.",מתחם העונש ההולם:,דיון והכרעה,דיון והכרעה,דיון והכרעה,דיון והכרעה,דיון והכרעה
ME-18-04-34027-630,"בכל הנוגע למדיניות הענישה הנוהגת, בתי המשפט אימצו גישה מחמירה כלפי מבצעי עבירות הנשק, כאשר חומרת הענישה תלויה בנסיבותיו של כל מקרה ומקרה.",מתחם העונש ההולם:,דיון והכרעה,דיון והכרעה,דיון והכרעה,דיון והכרעה,דיון והכרעה
ME-18-04-34027-630,"בע""פ 3336/18 מדינת ישראל נ' הישאם סמארה,  החמיר בית המשפט את עונשו של הנאשם שהורשע בעבירות של נשיאת נשק ותחמושת לפי סעיף 144ב', אשר נתפסו ברכבו שני רובי ""קרל גוסטב"" מאולתרים עם מחסנית בתוכם וקרטון שהכיל 39 כדורי 9 מ""מ ו8 כדורים נוספים. בית המשפט העליון קבע, כי העונש שהוטל בבית משפט קמא חורג לקולא באופן משמעותי מהראוי לפיכך ערכאת הערעור החמירה את העונש ל-24 חודשי מאסר בפועל, כאשר יתר רכיבי העונש נותרו על כנם.",מתחם העונש ההולם:,דיון והכרעה,דיון והכרעה,דיון והכרעה,דיון והכרעה,דיון והכרעה
ME-18-04-34027-630,"בע""פ 4945/13 מדינת ישראל נ' סלימאן (ניתן ביום 19.1.14), הנאשם הורשע בעבירות של רכישת, החזקת, נשיאת והובלת נשק ותחמושת. בית המשפט העליון קבע כי מתחם העונש ההולם הוא 12-36 חודשי מאסר בפועל, זאת, כאשר דובר על עבירות המצויות ברף התחתון במדרג החומרה היחסי שקבע המחוקק לעבירות נשק. בפסק הדין מפרטת השופטת ארבל כי עבירות של ייצור, יבוא וסחר בנשק מצויות ברף העליון של המדרג בעבירות נשק.",מתחם העונש ההולם:,דיון והכרעה,דיון והכרעה,דיון והכרעה,דיון והכרעה,דיון והכרעה
ME-18-04-34027-630,"בע""פ 2422/14 עלי חד'ר נ' מדינת ישראל (ניתן ביום 21.12.14), נקבע, כי יש להחמיר ככלל בענישתם של נאשמים  שהורשעו בעבירות נשק בכלל ובעבירות של סחר בנשק בפרט. לעניין זה אין נפקא מינה לכך שהקונה הוא סוכן משטרתי, שכן המעורבים אינם מודעים לכך ומסוכנותם נותרת בעינה. בית המשפט העליון החליט שלא להתערב בעונש שנגזר על המערער והותיר את העונש של 36 חודשי מאסר בפועל.",מתחם העונש ההולם:,דיון והכרעה,דיון והכרעה,דיון והכרעה,דיון והכרעה,דיון והכרעה
ME-18-04-34027-630,"בת""פ (מחוזי ירושלים) 24207-06-13 מדינת ישראל נ' כרכי (ניתן ביום 6.7.14) נקבע כי לאור מהות העבירות ונסיבותיהן ובהתחשב בפסיקת בית המשפט העליון לפיה יש להחמיר בעבירות של סחר בנשק נקבע מתחם ענישה בין 24 לבין 48 חודשי מאסר.",מתחם העונש ההולם:,דיון והכרעה,דיון והכרעה,דיון והכרעה,דיון והכרעה,דיון והכרעה
ME-18-04-34027-630,"בע""פ 2186/13 עקול נ' מדינת ישראל (ניתן ביום 18.2.14) בית המשפט העליון לא התערב במתחם ענישה של 24 עד 48 חודשי מאסר שקבע בית המשפט המחוזי בגין עבירות של נשיאת נשק וסחר בנשק לסוכן משטרתי.",מתחם העונש ההולם:,דיון והכרעה,דיון והכרעה,דיון והכרעה,דיון והכרעה,דיון והכרעה
ME-18-04-34027-630,"לאחר שבחנתי את הערך החברתי שנפגע כתוצאה מביצוע העבירה שבפניי, את נסיבות ביצוע העבירה ואת מדיניות הענישה הנהוגה, הגעתי לכלל מסקנה כי מתחם העונש ההולם את העבירה דנן נע בין 24 חודשי מאסר ל-48 חודשי מאסר בפועל.",מתחם העונש ההולם:,דיון והכרעה,דיון והכרעה,דיון והכרעה,דיון והכרעה,דיון והכרעה
ME-18-04-34027-630,"בהתאם לסעיף 40 יא' גזירת העונש המתאים בתוך המתחם יש להתחשב בנסיבות שאינן קשורות בביצוע העבירה. במסגרת זאת, לקחתי בחשבון את גילו הצעיר של הנאשם, היעדר העבר הפלילי, את הודאתו בביצוע העבירה והחיסכון בזמן שיפוטי. בית המשפט ער לאסופת המסמכים הרפואיים אשר הוגשה בנוגע לאחיו בעל הצרכים המיוחדים, כן שמעתי את אימו של הנאשם אשר העידה כי הנאשם מסייע לה בגידול הילדים, ואולם אין בכך להקל מחומרת העבירה.",העונש המתאים בתוך המתחם:,דיון והכרעה,דיון והכרעה,דיון והכרעה,דיון והכרעה,דיון והכרעה
ME-18-04-34027-630,"בית המשפט שם דגש לצורך בהרתעת הרבים, ראו לעניין זה ע""פ 5681/14 מדינת ישראל נ' טאטור (ניתן ביום 1.2.15)  הקובע כי :",העונש המתאים בתוך המתחם:,דיון והכרעה,דיון והכרעה,דיון והכרעה,דיון והכרעה,דיון והכרעה
ME-18-04-34027-630,"""דרך המלך בכגון דא, בסופו של יום, צריכה להיות ככלל מאסר מאחורי סורג ובריח, וזאת בראש וראשונה להרתעת היחיד והרבים. אורך התקופה כרוך כמובן בנסיבות הספציפיות של העושה והמעשה...אך נשק הוא נשק, ובנסיבות הישראליות נשק בידיים לא מורשות עלול להתגלגל למקום לא טוב, וכדברי האומר ""מחזה שבמערכתו הראשונה נראה אקדח, עשוי האקדח לירות במערכה האחרונה""..",העונש המתאים בתוך המתחם:,דיון והכרעה,דיון והכרעה,דיון והכרעה,דיון והכרעה,דיון והכרעה
ME-18-04-34027-630,לאור כל המקובץ ובאיזון בין השיקולים השונים החלטתי להטיל על הנאשם את העונשים כדלהלן:,העונש המתאים בתוך המתחם:,דיון והכרעה,דיון והכרעה,דיון והכרעה,דיון והכרעה,דיון והכרעה
ME-18-04-34027-630,36 חודשי מאסר בפועל בניכוי ימי מעצרו (הנאשם במעצר מיום 9.4.18).,העונש המתאים בתוך המתחם:,דיון והכרעה,דיון והכרעה,דיון והכרעה,דיון והכרעה,דיון והכרעה
ME-18-04-34027-630,18 חודשי מאסר על תנאי שלא יעבור בתוך 3 שנים מיום שחרורו עבירות בנשק.,העונש המתאים בתוך המתחם:,דיון והכרעה,דיון והכרעה,דיון והכרעה,דיון והכרעה,דיון והכרעה
ME-18-04-34027-630,"קנס בסך 5,000 ₪ אשר ישולם עד ליום 1.2.19 לא ישולם הקנס עד למועד זה ירצה הנאשם חודש וחצי מאסר תמורתו.",העונש המתאים בתוך המתחם:,דיון והכרעה,דיון והכרעה,דיון והכרעה,דיון והכרעה,דיון והכרעה
ME-18-06-36728-73,"חוק העונשין, תשל""ז-1977: סע'  144(ב), 334",nothing,מידע אחר,מידע אחר,מידע אחר,מידע אחר,מידע אחר
ME-18-06-36728-73,"הנאשם הורשע, על פי הודייתו, בעבירות של פציעה, לפי סעיף 334 לחוק העונשין, התשל""ז-1977 (להלן: החוק) ונשיאת נשק, לפי סעיפים 144(ב) רישא וסיפא לחוק, וזאת בהקשר לאירוע ירי  שהתרחש בכפר קרע ביום 24.5.18.",כללי,עובדות המקרה,עובדות המקרה,עובדות המקרה,עובדות המקרה,עובדות המקרה
ME-18-06-36728-73,הודיית הנאשם והרשעתו היו במסגרת הסדר טיעון שגובש לאחר שנשמעה עדות הנאשם. הסדר הטיעון כלל את תיקונו של כתב האישום והצדדים טענו לעונש באופן חופשי.,כללי,עובדות המקרה,עובדות המקרה,עובדות המקרה,עובדות המקרה,עובדות המקרה
ME-18-06-36728-73,"עוד במסגרת ההסדר, הובהר כי המאשימה לא תבקש להפעיל מאסר על תנאי מתיק קודם, לגביו נקבע כי הוא יחול בעבירת אלימות או רכוש מסוג פשע. כתב האישום בענייננו תוקן, על פני הדברים, בשים לב למאסר על תנאי לעיל – באופן שעבירת האלימות שיוחסה לנאשם הינה, כאמור, עבירת אלימות מסוג עוון.",כללי,עובדות המקרה,עובדות המקרה,עובדות המקרה,עובדות המקרה,עובדות המקרה
ME-18-06-36728-73,"בתקופה הרלוונטית עבד פלוני (להלן: המתלונן) בפנצ'רייה של משפחת עסלי בכפר קרע (להלן: העסק). ביום 24.5.18 בסמוך לשעה 13:45, התפתחה בקרבת העסק קטטה בין המתלונן לבין נוספים שזהותם אינה ידועה למאשימה, על רקע ויכוח בכביש בין המתלונן שנסע ברכבו לבין הנוספים שנסעו ברכב אחר (להלן: הקטטה). בהמשך, בסמוך לשעה 14:00 ועל רקע הקטטה, הגיע הנאשם יחד עם אחרים שזהותם אינם ידועה לעסק, כשהנאשם נושא על גופו אקדח שהוסתר תחת חולצתו. הנאשם ניגש למוסטפא עסלי - בעל העסק, על מנת לברר אם המתלונן נמצא במקום ומוסטפא השיב בשלילה. הנאשם המתין למתלונן וכעבור מספר דקות הגיע האחרון לעסק ברכבו יחד עם אחר. משהבחין במתלונן יוצא מרכבו באזור החניה הסמוכה לעסק, ניגש אליו הנאשם יחד עם אחרים שנכחו במקום, התקרב אליו באופן מאיים ואמר לו ""איך אתה עושה דבר כזה"" ו""איך אתה נותן לבן אדם ככה מכות"". בהמשך, ובעודו עומד במרחק קצר מאוד מהמתלונן, שלף הנאשם את האקדח וירה בו כדור אחד בירך רגלו הימנית. כתוצאה מכך, נגרם למתלונן פצע ירי בירך ימין והוא אושפז עד ליום 31.5.18.",כתב האישום המתוקן ,עובדות המקרה,עובדות המקרה,עובדות המקרה,עובדות המקרה,עובדות המקרה
ME-18-06-36728-73,"בגין מעשיו לעיל, הורשע הנאשם, כאמור, בפציעה, לפי סעיף 334 לחוק ובנשיאת נשק, לפי סעיף 144(ב) רישא וסיפא לחוק.",כתב האישום המתוקן ,עובדות המקרה,עובדות המקרה,עובדות המקרה,עובדות המקרה,עובדות המקרה
ME-18-06-36728-73,"המאשימה הגישה את גיליון הרישום הפלילי של הנאשם, ממנו עולה כי בשנת 2011 הוא הורשע בשוד בנסיבות מחמירות ועבירות נלוות אחרות. מדובר היה בשוד חלפן כספים שבוצע על ידי הנאשם ואחרים, במהלכו נורה החלפן בכתפו. הנאשם נדון ל 78 חודשי מאסר וכן הופעלו שני מאסרים על תנאי שהיו תקפים אותה עת, באופן שתקופת המאסר הכוללת היתה 8 שנים. לחובת הנאשם הרשעות נוספות שרובן בתחום האלימות והרכוש והוא ריצה, עוד טרם המאסר לעיל בגין עבירת השוד, שתי תקופות מאסר (20 חודשים ו 4 חודשים). כמו כן  ריצה הנאשם מספר תקופות מאסר קצרות יחסית במהלך מאסרו לעיל בעבירת השוד, חלקן במצטבר וחלקן בחופף. המאשימה ציינה כי בסה""כ הורשע הנאשם בלא פחות מ 23 תיקי פ""א. כמו כן הפנתה לפלט שב""ס, ממנו עלה כי הנאשם השתחרר מהמאסר לעיל בגין עבירת השוד ביום 20.7.17, קרי 10 חודשים בלבד לפני הסתבכותו הנוכחית.",ראיות הצדדים לעונש,ראיות לעונש,ראיות לעונש,ראיות לעונש,ראיות לעונש,ראיות לעונש
ME-18-06-36728-73,"מטעם הנאשם הוגשו תצלומים שנטען לגביהם כי הם מהעת האחרונה ובהם ניתן לראות, שוב על פי הטענה, את אחיו של הנאשם כשהוא פצוע ברגלו וכן את בית משפחת הנאשם ורכבים של המשפחה לאחר שנורו לעברם יריות. נטען כי לאחרונה ועל רקע סכסוכים שונים, נורו יריות לעבר בית ורכוש המשפחה וגם אחיו של הנאשם, כאמור, נפצע.",ראיות הצדדים לעונש,ראיות לעונש,ראיות לעונש,ראיות לעונש,ראיות לעונש,ראיות לעונש
ME-18-06-36728-73,"המאשימה עמדה על חומרת מעשי הנאשם – נטען, כי מדובר לא רק במי שנשא נשק שלא כדין, עבירה חמורה כשלעצמה, אלא אף עשה בו שימוש בנסיבות המקנות לאירוע חומרה יתרה. הנאשם בחר ""לפתור סכסוך"" לא לו בדרך אלימה ומסוכנת של ירי יזום מאקדח לעבר אדם. תחילה הגיע למקום האירוע והגם שהמתלונן לא היה שם, המתין לו ולאחר שהאחרון הגיע למקום, ניגש אליו הנאשם בצורה מאיימת ובאור יום, בנוכחות אנשים רבים, שלף את האקדח וירה ברגלו. המאשימה הפנתה לתעוזתו של הנאשם, לכך שמדובר כאמור בסכסוך שהוא לא היה צד לו, לכך כי רק בנס לא נפגע איש מהנוכחים הרבים שסבבו את המתלונן והיו ב""טווח אפס"" ממנו ולכך כי תוצאות האירוע היו יכולות להיות חמורות בהרבה ובמלים אחרות - פוטנציאל הנזק היה משמעותי.",תמצית טיעוני המאשימה לעונש,טיעוני הצדדים,טיעוני הצדדים,טיעוני הצדדים,טיעוני הצדדים,טיעוני הצדדים
ME-18-06-36728-73,"לאחר שהפנתה לערכים החברתיים שנפגעו – שלמות הגוף ובטחונו של האדם וההגנה על שלום הציבור, ולאחר שציינה כי הפגיעה בערכים אלה היתה משמעותית וכן סקרה פסיקה שלשיטתה מייצגת את רמת הענישה הנוהגת, עתרה המאשימה למתחם עונש הולם שינוע בין 2.5 ל 5 שנות מאסר.",תמצית טיעוני המאשימה לעונש,טיעוני הצדדים,טיעוני הצדדים,טיעוני הצדדים,טיעוני הצדדים,טיעוני הצדדים
ME-18-06-36728-73,"בנוגע לנסיבות שאינן קשורות בביצוע העבירה, הפנתה המאשימה לעברו הפלילי המכביד של הנאשם. כאמור, מדובר במי שלחובתו הרשעות במגוון עבירות רכוש ואלימות, ריצה מספר תקופות מאסר בפועל ובכלל זאת מאסר לתקופה ממושכת של כ 8 שנים. תקופות המאסר לעיל, שחרורו תקופה קצרה בלבד בטרם הסתבכותו האחרונה והעובדה שריחף מעל ראשו מאסר על תנאי לתקופה משמעותית של שנתיים (הגם שלא הופעל בסופו של דבר), לא הרתיעו אותו מלנקוט שוב באלימות חמורה כנגד אחר, והדבר מצביע על מסוכנותו הרבה ועל כך שיש להשית עליו, כך נטען, מאסר לתקופה ממושכת באופן שהוא יורחק מהחברה ובכך תופחת המסוכנות הנשקפת ממנו. משכך, עתרה המאשימה להשתת מאסר בפועל באזור העליון של המתחם שהוצע, בנוסף למאסר על תנאי לתקופה משמעותית וכן פיצוי לטובת המתלונן.",תמצית טיעוני המאשימה לעונש,טיעוני הצדדים,טיעוני הצדדים,טיעוני הצדדים,טיעוני הצדדים,טיעוני הצדדים
ME-18-06-36728-73,"בא כוח הנאשם לא התעלם מחומרת מעשיו של הנאשם. יחד עם זאת, הפנה למספר נתונים, הן בהקשר לנתוני האירוע והן בנוגע לנאשם עצמו, שיש בהם להקל בעונש. לגבי נתוני האירוע, הפנה בא כוח הנאשם לתיקון המשמעותי של סעיפי האישום בין כתב האישום המקורי לבין זה המתוקן. נטען כי התיקון נבע כתוצאה מקשיים ראייתיים שהתגלו תוך כדי ניהול ההליך. בנוסף, הפנה בא כוח הנאשם לכך כי חרף חומרת האירוע, הנאשם נשא אקדח ולא נשק אוטומטי, ירה קליע אחד בלבד לעבר המתלונן וגם זאת לכוון רגלו באופן שהנזק שנגרם היה חולף ולא נטען כי נותרה לו נכות. בא כוח הנאשם הפנה למספר פסקי דין, הן כאלה הנוגעים לנשיאת נשק בלבד וכאלה בנוגע לפציעה בלבד (שילוב של שני סעיפי העבירה אינו שכיח ו""נוצר"" לצרכי ההסדר במקרה קונקרטי זה), וטען למתחם שבין 6 חודשי מאסר ועד 24 חודשי מאסר.",תמצית טיעוני הנאשם לעונש ודבר הנאשם טרם גזר הדין,טיעוני הצדדים,טיעוני הצדדים,טיעוני הצדדים,טיעוני הצדדים,טיעוני הצדדים
ME-18-06-36728-73,"לגבי הנסיבות שאינן קשורות בביצוע העבירה, נטען כי חרף הנתונים העומדים לחובת הנאשם ובראשם עברו הפלילי, יש ליתן משקל של ממש לכך כי הוא אב לילדים קטנים שעל רקע מאסרו האחרון כמעט ולא זכו להכירו; לכך כי אמו סובלת מחוליים שונים; ולכך כי משפחתו סובלת מהתנכלויות מצד גורמים שונים. בהקשר האחרון נטען כי לאחרונה בוצע ירי לעבר בית המשפחה ואחיו של הנאשם שנושא בעול פרנסת המשפחה המורחבת נפצע. בנוסף, הפנה בא כוח הנאשם להודיית הנאשם שמשמעותה קבלת אחריות על מעשיו, שגם אם באה באיחור מסוים, מביאה לידי ביטוי את הכרת הנאשם בפסול שבמעשיו. הדבר אף הביא את הנאשם לנכונות לפצות את המתלונן חרף מצבה הכלכלי הקשה של משפחתו.",תמצית טיעוני הנאשם לעונש ודבר הנאשם טרם גזר הדין,טיעוני הצדדים,טיעוני הצדדים,טיעוני הצדדים,טיעוני הצדדים,טיעוני הצדדים
ME-18-06-36728-73,"בדבריו טרם העונש, מסר הנאשם כי הוא לוקח אחריות על מעשיו וביקש כי עונשו יהיה מתון בעיקר בשים לב למצב הכלכלי הקשה של משפחתו ולנוכח פציעת אחיו לפני זמן קצר.",תמצית טיעוני הנאשם לעונש ודבר הנאשם טרם גזר הדין,טיעוני הצדדים,טיעוני הצדדים,טיעוני הצדדים,טיעוני הצדדים,טיעוני הצדדים
ME-18-06-36728-73,"אין חולק אודות חומרת מעשיו של הנאשם. מדובר בנאשם שכלל לא היה מעורב בקטטה שקדמה לאירוע הירי. כאמור לעיל, במסגרת אירוע מקדים התפתחה קטטה בין המתלונן שנסע ברכב אחד לבין אחרים שנסעו ברכב אחר. זמן קצר לאחר הקטטה הגיעו הנאשם ואחרים למקום העבודה של המתלונן וזאת, כך עולה, כדי ""לסגור עמו חשבון"". ""סגירת חשבון"" כפי שהתרחשה הינה פסולה מן היסוד ומחייבת ענישה של ממש, והדברים נכונים ביתר שאת כאשר מתברר, כבמקרה דנן, כי הנאשם כלל אינו קשור, על פני הדברים, לאותה קטטה ובכל מקרה לא נכלל בין משתתפיה. כאמור, הנאשם חיכה בסמוך למקום עבודתו של המתלונן עד שהאחרון הגיע, כשהוא נושא על גופו אקדח שהוסתר תחת חולצתו וכשהגיע המתלונן למקום, ניגש אליו הנאשם, התקרב ופנה אליו באופן מאיים ואז, בעודו עומד במרחק קצר מאוד מהמתלונן, שלף את האקדח וירה בו כדור אחד בירך רגלו הימנית. כתוצאה מכך, נגרם למתלונן פצע ירי בירך ימין והוא אושפז למשך 8 ימים.",דיון ומסקנות,דיון והכרעה,דיון והכרעה,עובדות המקרה,דיון והכרעה,דיון והכרעה
ME-18-06-36728-73,"צודקת המאשימה בהפנותה למכלול הנתונים העומדים לחובת הנאשם בהקשר זה ושחלקם צוין לעיל – עצם ההחזקה באקדח שלא כדין, נשיאתו על גופו כשהוא מוסתר מתחת לחולצה, מעורבותו בסכסוך שהוא לא חלק ממנו, עצם השימוש באקדח, הירי לעבר המתלונן והעובדה שהדבר נעשה בצהרי היום, לעיני קהל רב יחסית ב""טווח אפס"" מהמתלונן ומיתר הנוכחים, באופן שסיכן אותם וכן יכול היה בקלות לגרום לנזק חמור בהרבה למתלונן, וזאת כמובן מבלי להקל ראש בפציעה שנגרמה למתלונן ברגלו ולכך כי הוא אושפז לתקופה של 8 ימים.",דיון ומסקנות,דיון והכרעה,דיון והכרעה,דיון והכרעה,דיון והכרעה,דיון והכרעה
ME-18-06-36728-73,"מדובר בהתנהגות פורצת גבול בעלת מאפיינים עבריינים-בריוניים מובהקים, במובן זה שבניגוד למקרים אחרים, חמורים כשלעצמם, בהם נאשמים פועלים לעתים ללא שיקול דעת, בלהט יצרים ועל רקע סכסוכים שיצאו מכלל שליטה ובהם הם עצמם היו מעורבים, במקרה דנן  פעל הנאשם בקור רוח; הוא עצמו לא היה מעורב בקטטה; זירת ההתרחשות של אירוע הירי לא היתה צמודה לזירת הקטטה; כאשר הנאשם הגיע למקום עם האחרים המתלונן כלל לא היה שם והוא הגיע רק לאחר מכן. השימוש בנשק לעיני כל מצביע על תעוזת הנאשם ומדובר בתעוזה במובנה השלילי, וליתר דיוק – עזות מצח כוחנית ואלימה.",דיון ומסקנות,דיון והכרעה,דיון והכרעה,דיון והכרעה,דיון והכרעה,דיון והכרעה
ME-18-06-36728-73,"לצד הקולא בהקשר לנסיבות הנוגעות לאירוע, אפנה לטיעוני בא כוח הנאשם המקובלים עלי, גם אם משקלם אינו רב באופן יחסי. ובמלים אחרות, לו היה מדובר בירי בנשק אוטומטי, ירי מרובה כדורים או לכיוון אזורים רגישים בגוף, היה מדובר באירוע חמור בהרבה. נחמה פורתא.",דיון ומסקנות,דיון והכרעה,דיון והכרעה,דיון והכרעה,דיון והכרעה,דיון והכרעה
ME-18-06-36728-73,"הערכים החברתיים שנפגעו כתוצאה מביצוע העבירה במקרנו הינם שלמות הגוף, שמירה על בטחון הציבור ובטחונו האישי של האדם. מדובר בערכים הבסיסיים ביותר עליהם יש להגן. מידת הפגיעה בערכים אלה הינה ברמה הבינונית-גבוהה. אפנה בנדון לשימוש בנשק חם ולנזקים הגופניים שנגרמו למתלונן. באשר לערך החברתי של שמירה על ביטחון הציבור, זו הייתה חמורה שכן מידת הפגיעה בערך זה נגזרת מהסכנה הפוטנציאלית הנלווית מהדרך של יישוב סכסוכים באמצעים אלימים - ירי מנשק חם, המתבצע במרחב הציבורי, כאשר אזרחים חפים מפשע שאינם צד לסכסוך עלולים להיפגע מכך.",דיון ומסקנות,דיון והכרעה,דיון והכרעה,דיון והכרעה,דיון והכרעה,דיון והכרעה
ME-18-06-36728-73,"לגבי מדיניות הענישה הנהוגה, במקרים כגון זה שעומד בפנינו מורשעים הנאשמים לרוב באחת מהאפשרויות הבאות– עבירת נשק בנוסף לחבלה בכוונה מחמירה; או עבירת נשק בנוסף לחבלה חמורה בנסיבות מחמירות (ולעתים - פציעה בנסיבות מחמירות). בענייננו, כתב האישום המתוקן הינו תולדה של הסדר טיעון, ששקלל את הקשיים הראייתיים שעמדו בפני שני הצדדים, את הסיכויים והסיכונים ההדדיים, וכן ניסה לתת מענה, כך עולה, ל""בעיית"" המאסר על תנאי לתקופה של 24 חודשים שהיה צורך להפעילו, לו הורשע הנאשם באחת מהעבירות לעיל. בשים לב לכלל הנתונים והשיקולים שעמדו בפני הצדדים הם הגיעו – ואבהיר כי אין בכך להביע ביקורת בנדון – ל""יצור"" לא שגרתי על פני הדברים, של כתב אישום מתוקן הכולל שני סעיפי אישום שחוברו להם יחדיו באופן מלאכותי משהו. הדבר יוצר קושי באיתור מקרים דומים לצורך קביעת מדיניות הענישה הנוהגת. משכך, נקודת הייחוס תהיה גזרי דין שניתנו במקרים שמבחינה עובדתית דומים ככל שניתן לענייננו (ירי באקדח לעבר פלג גוף תחתון) ובהם הורשעו הנאשמים בעבירות נשק וכן בעבירה של חבלה חמורה בנסיבות מחמירות (ולא פציעה). אני מודע לכך כי חלק מהמקרים שיובאו להלן מתארים נסיבות קלות או חמורות מענייננו, אלה גם אלה יסייעו בקביעת המתחם. כמו כן, המתחם בענייננו ייקבע, בסופו של יום, תוך ""שקלול"" והפחתה מותאמת שהינה מחויבת בשים לב לכך שהנאשם בענייננו לא הורשע בעבירת אלימות מסוג פשע אלא בעבירת אלימות מסוג עוון.",דיון ומסקנות,דיון והכרעה,דיון והכרעה,דיון והכרעה,דיון והכרעה,דיון והכרעה
ME-18-06-36728-73,בכפוף לאמור לעיל אביא את המקרים הרלוונטיים:,דיון ומסקנות,דיון והכרעה,דיון והכרעה,דיון והכרעה,דיון והכרעה,דיון והכרעה
ME-18-06-36728-73,"בע""פ 5717/14 מדינת ישראל נ' גדבאן (2.12.14), הורשע המשיב בחבלה חמורה בנסיבות מחמירות ובנשיאת והובלת נשק. בעקבות חשדו של המשיב כי המתלונן פגע בשמו הטוב הוא הגיע למטע זיתים שם שהה המתלונן עם חבריו. תחילה ירה באוויר ולאחר מכן התקרב למרחק של מטר וחצי מהמתלונן וירה שתי יריות לעבר הקרקע למקום בו עמד המתלונן. קליע אחד מהקליעים שנורו פגע ברגלו הימנית של המתלונן. נקבע מתחם בין 10 ל 30 חודשי מאסר ודינו של המשיב נגזר ל 20 חודשי מאסר (הודה, עבר פלילי ישן יחסית). בית המשפט העליון קיבל את הערעור על קולת העונש והחמירו ל 30 חודשי מאסר. צוינו, בין היתר, הדברים הבאים:",דיון ומסקנות,דיון והכרעה,דיון והכרעה,דיון והכרעה,דיון והכרעה,דיון והכרעה
ME-18-06-36728-73,"בת""פ (מחוזי ת""א) 398-09-16‏ ‏מדינת ישראל נ' פיודורוב (5.4.17), הורשע הנאשם בעבירות של חבלה חמורה בנסיבות מחמירות ונשיאת נשק. הנאשם ואחר הגיעו לגינה בה שהו המתלונן ואחרים, וממרחק של 10 מטר ירה אחד מהם באמצעות האקדח כדור אחד לעבר בני החבורה. הקליע חדר לשוק רגלו של המתלונן וגרם לו לחבלה חמורה. המאשימה הגבילה עצמה בטיעוניה ל 42 חודשי מאסר בעוד הנאשם טען באופן חופשי. בית המשפט גזר על הנאשם עונש של 36 חודשי מאסר (צעיר שלחובתו עבר פלילי, הודה במיוחס לו בתום שמיעת הראיות ובטרם הסיכומים). ערעור שהוגש על חומרת העונש נמחק בהמלצת בית המשפט (ע""פ 4026/17 מיום 28.3.18).",דיון ומסקנות,דיון והכרעה,דיון והכרעה,דיון והכרעה,דיון והכרעה,דיון והכרעה
ME-18-06-36728-73,"בת""פ (מחוזי מרכז) 5388-11-13‏  מדינת ישראל נ' בהא בדיר (30.10.2014) הורשע הנאשם בנשיאת והובלת נשק ובפציעה בנסיבות מחמירות. הנאשם נהג ברכבו כשלצדו ארוסתו, כשחלף ליד מוסך העירו לו מספר אנשים על דרך נהיגתו וכתוצאה מכך התפתח ויכוח. בעקבות כך הסיע הנאשם את ארוסתו לביתה ולאחר מכן שב למקום האירוע כשהוא מצויד באקדח, שם פרץ ויכוח במהלכו נדחף הנאשם, הנאשם שלף את האקדח ואגב מאבק ירה באחד מהאחרים. כתוצאה מכך חדר קליע לברכו של המתלונן. נקבע מתחם בין 15 ל 50 חודשי מאסר והוטל עונש של 18 חודשי מאסר בפועל (צעיר נעדר עבר, הודה במיוחס לו וכן ניתן משקל לשיהוי משמעותי של כ 3 שנים בהגשת כתב האישום).",דיון ומסקנות,דיון והכרעה,דיון והכרעה,דיון והכרעה,דיון והכרעה,דיון והכרעה
ME-18-06-36728-73,"פ. (מחוזי חיפה) 37701-05-13 מדינת ישראל נ' הנבוזי (30.4.14) הורשע הנאשם בנשיאת נשק, חבלה חמורה בנסיבות מחמירות וירי באזור מגורים. על רקע סכסוך בין משפחתו למשפחת המתלונן, נערך מפגש כאשר הנאשם ישב עם דודו ברכב אחד והמתלונן ישב עם אביו ברכב אחר. בעקבות חילופי דברים בין הניצים שלף הנאשם אקדח ובהמשך החל מרדף רגלי כאשר הנאשם יורה מספר יריות באוויר. החבורה הגיעה לאטליז לשם הגיעו עוד שני אנשים, כאשר אחד מהם החזיק בחפץ דמוי אקדח. הנאשם ירה מספר יריות לעבר השניים,  קליע אחד פגע בברכו של  אחד מהם וקליע נוסף פגע בגבר ואישה שאינם קשורים לאירוע אשר שהו באותה עת בביתם כשדלת הבית פתוחה. הקליע חדר לבטנה של האישה, גרם לפגיעות באיבריה הפנימיים, יצא מגופה ופגע בידו של הגבר. נקבע מתחם בין 2 ל 5 שנות מאסר והעונש הועמד על 3 שנות מאסר (צעיר, לחובתו עבר אך לא ריצה מאסר, הודה טרם שמיעת ראיות). ערעורים שהוגשו מטעם שני הצדדים על קולת וחומרת העונש, נדחו (ע""פ 411914 ו 4188/14 מיום 21.9.14), תוך שצוין שהעונש נוטה לקולה.",דיון ומסקנות,דיון והכרעה,דיון והכרעה,דיון והכרעה,דיון והכרעה,דיון והכרעה
ME-18-06-36728-73,"פ. (מחוזי נצרת) 31467-07-14 מדינת ישראל נ' הוארי (29.3.15) הורשע הנאשם בחבלה חמורה בנסיבות מחמירות ובנשיאת נשק וזאת בעקבות האירוע הבא: הנאשם נסע ברכב עם אחותו, ובמקביל נסעו שניים אחרים ברכב אחר. התפתח עימות בין יושבי כלי הרכב במהלכו קילל אחד מיושבי הרכב האחר את אחות הנאשם. הנאשם שלף אקדח וירה לעבר הרכב האחר ופגע בחלקו האחורי. זמן מה לאחר מכן, עצר הרכב בו נסע הנאשם בתחנת דלק והנאשם יצא לתדלק. אותה עת הגיע הרכב השני למקום, כשראה זאת הנאשם הוא נטל את האקדח מתוך רכבו, התקרב במהירות לרכב האחר כשבידו האקדח השלוף, ניגש לנוסע, ירה לעברו ופגע ברגלו. נהג הרכב ניסה להימלט, הנאשם רדף אחריו וירה לכיוון רגליו אך לא פגע. נקבע מתחם בין 21 חודשי מאסר ל 4 שנות מאסר, ונגזרו 36 חודשי מאסר (צעיר, עברו אינו מכביד, הודה במיוחס לו).",דיון ומסקנות,דיון והכרעה,דיון והכרעה,דיון והכרעה,דיון והכרעה,דיון והכרעה
ME-18-06-36728-73,"בשים לב לכל האמור לעיל, אני קובע את מתחם העונש ההולם בין 18 חודשי מאסר ל 48 חודשי מאסר בפועל.",דיון ומסקנות,דיון והכרעה,דיון והכרעה,דיון והכרעה,דיון והכרעה,דיון והכרעה
ME-18-06-36728-73,"איני סבור כי יש מקום בנסיבות העניין או בנסיבותיו של הנאשם כדי להביא לסטייה מהמתחם לעיל, אם לקולא משום שיקולי שיקום ואם לחומרה משום שיקולי הגנה על הציבור.",דיון ומסקנות,דיון והכרעה,דיון והכרעה,דיון והכרעה,דיון והכרעה,דיון והכרעה
ME-18-06-36728-73,"לגבי קביעת העונש במתחם - לצערי, מרבית הנסיבות שאינן קשורות בביצוע העבירה עומדות לחובת הנאשם: הנאשם יליד 1983, בן 35 שנים, השתחרר תקופה לא ארוכה טרם האירוע מבית הסוהר וזאת לאחר שריצה כ 8 שנות מאסר. כאמור, לא היה זה מאסרו הראשון. עם שחרורו ריחף מעל ראשו מאסר על תנאי לתקופה של 24 חודשים שלא יעבור עבירת אלימות מסוג פשע. אני מודע לכך כי מאסר מותנה זה לא הופעל, אך יש לו רלוונטיות שכן חרף המאסר על תנאי וחרף מאסריו הקודמים, לא היסס הנאשם להשתתף, באופן יזום ואקטיבי, באירוע אלים כשהוא נושא אקדח שלא כדין וזאת בנסיבות שתוארו בהרחבה בפרק הקודם שנגע לנסיבות הקשורות בביצוע העבירה. במילים אחרות, מדובר במי שנושא לחובתו עבר פלילי עשיר, חלקו הגדול בעבירות אלימות, ששב ומבצע עבירות חמורות, מסכנות חיים. המסוכנות הנשקפת מאדם כזה הינה אם כן משמעותית.",דיון ומסקנות,דיון והכרעה,דיון והכרעה,דיון והכרעה,דיון והכרעה,דיון והכרעה
ME-18-06-36728-73,"גם משקל נטילת האחריות של הנאשם על מעשיו יכול לקבל משקל קטן יחסית, שכן, כאמור, ההודיה הגיעה רק לאחר שהוא עצמו העיד. במסגרת עדותו טען הנאשם בלהט כי משטרת ישראל ""תפרה לו תיק"" וכי הוא חף מפשע. המציאות כידוע שונה בתכלית.",דיון ומסקנות,דיון והכרעה,דיון והכרעה,דיון והכרעה,דיון והכרעה,דיון והכרעה
ME-18-06-36728-73,"הנאשם טען כי מצבה הכלכלי של משפחתו קשה, כי אחיו נפצע לאחרונה ויתקשה בפרנסת המשפחה המורחבת וכי הרחקתו מילדיו תפגע בהם. לא התעלמתי מנתונים אלה, אך לנוכח חומרת מעשי הנאשם אין מנוס אלא להשית עליו ענישה משמעותית. הפגיעה בילדיו, לצערי, הינה תוצאת בחירותיו ומעשיו. התרשמתי מהנאשם כאדם בעל יכולות וחבל שבמקום לרתום אותן לאפיקים חיוביים, הוא שב ומסתבך וגורם לסבל לסובבים אותו ובכלל זאת כמובן למשפחתו הגרעינית.",דיון ומסקנות,דיון והכרעה,דיון והכרעה,דיון והכרעה,דיון והכרעה,דיון והכרעה
ME-18-06-36728-73,"30 חודשי מאסר בפועל, החל מיום מעצרו בתיק זה – 3.6.18.","סוף דבר, אני משית על הנאשם את העונשים הבאים:",דיון והכרעה,דיון והכרעה,דיון והכרעה,דיון והכרעה,דיון והכרעה
ME-18-06-36728-73,"הנני דן את הנאשם למאסר לתקופה של 12 חודשים, וזאת על תנאי למשך שלוש שנים מיום שחרורו והתנאי הוא כי הנאשם לא יעבור עבירת נשק מסוג פשע.","סוף דבר, אני משית על הנאשם את העונשים הבאים:",דיון והכרעה,דיון והכרעה,דיון והכרעה,דיון והכרעה,דיון והכרעה
ME-18-06-36728-73,"הנני דן את הנאשם למאסר לתקופה של 4 חודשים, וזאת על תנאי למשך שלוש שנים מיום שחרורו והתנאי הוא כי הנאשם לא יעבור עבירת נשק מסוג עוון.","סוף דבר, אני משית על הנאשם את העונשים הבאים:",דיון והכרעה,דיון והכרעה,דיון והכרעה,דיון והכרעה,דיון והכרעה
ME-18-06-36728-73,"הנני דן את הנאשם למאסר לתקופה של 12 חודשים, וזאת על תנאי למשך שלוש שנים מיום שחרורו והתנאי הוא כי הנאשם לא יעבור עבירת אלימות מסוג פשע.","סוף דבר, אני משית על הנאשם את העונשים הבאים:",דיון והכרעה,דיון והכרעה,דיון והכרעה,דיון והכרעה,דיון והכרעה
ME-18-06-36728-73,"הנני דן את הנאשם למאסר לתקופה של 4 חודשים, וזאת על תנאי למשך שלוש שנים מיום שחרורו והתנאי הוא כי הנאשם לא יעבור עבירת אלימות מסוג עוון.","סוף דבר, אני משית על הנאשם את העונשים הבאים:",דיון והכרעה,דיון והכרעה,דיון והכרעה,דיון והכרעה,דיון והכרעה
ME-20-01-62688-591,"חוק העונשין, תשל""ז-1977: סע'  40ב', 144 (ב), 329 (א)(1)","הנאשם- דוד טבצ'ניקוב (עציר) ת""ז  xxxxxxxxxx",מידע אחר,מידע אחר,מידע אחר,מידע אחר,מידע אחר
ME-20-01-62688-591,"פקודת הסמים המסוכנים [נוסח חדש], תשל""ג-1973: סע'  7.א., 7.ג","הנאשם- דוד טבצ'ניקוב (עציר) ת""ז  xxxxxxxxxx",מידע אחר,מידע אחר,מידע אחר,מידע אחר,מידע אחר
ME-20-01-62688-591,"פקודת סדר הדין הפלילי (מעצר וחיפוש) [נוסח חדש], תשכ""ט-1969: סע'  39(א)","הנאשם- דוד טבצ'ניקוב (עציר) ת""ז  xxxxxxxxxx",מידע אחר,מידע אחר,מידע אחר,מידע אחר,מידע אחר
ME-20-01-62688-591,"על פי הודאתו במסגרת הסדר טיעון, אשר לא כלל הסכמה לעניין העונש ואשר הוגש לאחר שמיעת חלק מראיות התביעה, הורשע הנאשם על פי כתב אישום מתוקן, שהוגש במסגרת ההסדר (סומן ""א""), בביצוע עבירה של חבלה בכוונה מחמירה - עבירה לפי סעיף 329 (א)(1) לחוק העונשין, התשל""ז-1977 (להלן: ""החוק""); עבירות בנשק (נשיאה והובלה) - עבירה לפי סעיפים 144 (ב) לחוק; החזקת סם מסוכן לצריכה עצמית - עבירה לפי סעיף 7(א) + (ג) סיפא לפקודת הסמים המסוכנים [נוסח חדש], התשל""ג-1973.",האישומים וההרשעה,עובדות המקרה,עובדות המקרה,עובדות המקרה,עובדות המקרה,עובדות המקרה
ME-20-01-62688-591,"הנאשם הורשע בכך שביום 16.1.20 בשעה 14:55 הוא הגיע לעסק בו עבד המתלונן, ברכב מסוג הונדה בצבע שחור, ל.ז. 60-201-70 (להלן: ""הרכב"") בו נהג אחר, שזהותו אינה ידועה למאשימה (להלן: ""האחר""). הנאשם יצא מהרכב כשהוא נושא על גופו אקדח טעון בכדורים (להלן: ""האקדח"") אותם נשא והוביל בלא רשות על פי דין.",האישומים וההרשעה,עובדות המקרה,עובדות המקרה,עובדות המקרה,עובדות המקרה,עובדות המקרה
ME-20-01-62688-591,"הנאשם יצא מהרכב, תוך שהותיר את דלת הרכב פתוחה ונכנס לעסק בו שהה אותה העת המתלונן ובמקביל, קירב האחר את הרכב לכיוון דלת הכניסה של העסק.",האישומים וההרשעה,עובדות המקרה,עובדות המקרה,עובדות המקרה,עובדות המקרה,עובדות המקרה
ME-20-01-62688-591,"הנאשם דיבר, זמן קצר, עם המתלונן בתוך העסק, ולאחר מכן,  יצאו המתלונן והנאשם מבית העסק ונעמדו סמוך לכניסה לבית העסק והמשיכו לדבר. זמן קצר לאחר מכן, הנאשם שלף לפתע את האקדח שהיה על גופו, דרך אותו, הצמיד את קנה האקדח לחלק העליון של ירכו השמאלית של המתלונן, ירה כדור אחד בכוונה לגרום למתלונן חבלה חמורה, נכות או מום. מיד לאחר מכן חזר הנאשם לרכב והוא והאחר נמלטו מהמקום, בנסיעה ברכב, כאשר הנאשם נושא ומוביל את האקדח עמו.",האישומים וההרשעה,עובדות המקרה,עובדות המקרה,עובדות המקרה,עובדות המקרה,עובדות המקרה
ME-20-01-62688-591,"כתוצאה מהירי שביצע הנאשם כמתואר לעיל, קליע אחד פגע ברגלו השמאלית של המתלונן, גרם לשבר פמור שליש פרוקסימלי אספקט קדמי של להקורטקס, ספליט שנמשך עד כ 7 ס""מ מתחת ל- LT. המתלונן הובהל לבית חולים רמב""ם על ידי צוות מגן דוד אדום, אושפז, נותח לשחזור ולקיבוע השבר באמצעות מסמר, והקליע הושאר בגופו של המתלונן בשל חשש שהוצאתו תגרום לפגיעה בכלי דם ועצבים. רגלו של המתלונן גובסה והוא שוחרר מהאשפוז בתאריך 21.1.20.",האישומים וההרשעה,עובדות המקרה,עובדות המקרה,עובדות המקרה,עובדות המקרה,עובדות המקרה
ME-20-01-62688-591,"בהמשך אותו יום, סמוך לשעה 15:50, אותר הנאשם על ידי המשטרה בתחנת דלק פז הנמצאת בצומת האצטדיון בחיפה ובחיפוש נמצא על גופו סם מסוג קוקאין במשקל נטו של 1.5 גרם וכן שטרות כסף בסך 1,950 ₪.",האישומים וההרשעה,עובדות המקרה,עובדות המקרה,עובדות המקרה,עובדות המקרה,עובדות המקרה
ME-20-01-62688-591,"במעשיו המתוארים לעיל גרם הנאשם למתלונן חבלה חמורה שלא כדין, בכוונה להטיל בו נכות או מום ולגרום לו חבלה חמורה, נשא והוביל נשק בלא רשות על פי דין להחזקתו, נשיאתו והובלתו, החזיק בסם מסוכן מסוג קוקאין במשקל כולל של 1.5 גרם נטו לצריכתו העצמית, ללא היתר ורישיון מאת המנהל.",האישומים וההרשעה,עובדות המקרה,עובדות המקרה,עובדות המקרה,עובדות המקרה,עובדות המקרה
ME-20-01-62688-591,"הנאשם, בן 23, רווק, יליד הארץ. הוריו עלו לישראל, בשנת 1997, זמן קצר לפני שנולד. הוא גדל במשפחה קשת יום בקרית ים, שלא העניקה לו תמיכה בבית. הוא נחשף לסביבה עבריינית בשכונת מגוריו ורכש דפוסי התנהגות אנטי-סוציאליים ונטייה ליצור קשרים חברתיים לא-מטיבים. לנאשם שני אחים למחצה מנישואיו הראשונים של אביו, שגרים בבאר שבע ומתנהלים בצורה נורמטיבית.",תסקיר שירות המבחן,תסקיר שירות מבחן,תסקיר שירות מבחן,ראיות לעונש,תסקיר שירות מבחן,תסקיר שירות מבחן
ME-20-01-62688-591,"טרם מעצרו התגורר הנאשם בבית אמו ועבד מספר חודשים כשליח במסעדת ""עולם האוכל"". אמו עובדת לסירוגין כמטפלת בקשישים. אביו סבל מבעיות בריאותיות תפקודיות מורכבות ונפטר לפני כשנתיים, בגיל 70. צוין, כי פטירתו של האב השפיעה קשות על הנאשם, מבחינה נפשית ורגשית.",תסקיר שירות המבחן,תסקיר שירות מבחן,תסקיר שירות מבחן,ראיות לעונש,תסקיר שירות מבחן,תסקיר שירות מבחן
ME-20-01-62688-591,לחובת הנאשם חמש הרשעות קודמות החל משנת 2013 בגינן ריצה מספר עונשי מאסר. הרשעתו האחרונה היא משנת 2018.,תסקיר שירות המבחן,תסקיר שירות מבחן,תסקיר שירות מבחן,ראיות לעונש,תסקיר שירות מבחן,תסקיר שירות מבחן
ME-20-01-62688-591,"הנאשם הביע צער וחרטה על מעשיו בגינם הורשע בתיק זה. הוא מכיר בקושי, הקיים אצלו, בשליטה בדחפים ובכעסים ומעוניין לטפל בכך. צוין, כי הנאשם שיתף, שבמהלך השנים הוא התחיל טיפולים לצורך רכישת כלים שיעזרו לו להתמודד טוב יותר במצבי לחץ, אך לא זכה להשלימם בשל מעורבותו החוזרת בפלילים.",תסקיר שירות המבחן,תסקיר שירות מבחן,תסקיר שירות מבחן,ראיות לעונש,תסקיר שירות מבחן,תסקיר שירות מבחן
ME-20-01-62688-591,"הנאשם אמר לשירות המבחן, כי מיד כאשר הוא ירה ברגלו של המתלונן, הוא הבין ששגה בהתנהגותו וכי מצלמות האבטחה יובילו את המשטרה ישר אליו. לכן הוא ברח ונסע לרכוש קוקאין, על מנת לטשטש את הרגשתו הרעה ולהקל על רגשותיו.",תסקיר שירות המבחן,תסקיר שירות מבחן,תסקיר שירות מבחן,ראיות לעונש,תסקיר שירות מבחן,תסקיר שירות מבחן
ME-20-01-62688-591,"בהתייחס להתמכרותו לסמים, הודה הנאשם כי החל לצרוך הרואין וקוקאין במהלך מאסריו באופן יומיומי כדרך התמודדות עם מציאות חייו העגומה וסיפר שהשימוש בסמים גרם לו רגיעה זמנית. הוא הדגיש כי כיום, במסגרת מעצרו, הוא בוחר שלא משתמש בסמים למרות שהוא חשוף לסמים במעצר.",תסקיר שירות המבחן,תסקיר שירות מבחן,תסקיר שירות מבחן,ראיות לעונש,תסקיר שירות מבחן,תסקיר שירות מבחן
ME-20-01-62688-591,"שירות המבחן ציין, כי מאינפורמציה כתובה שהתקבלה מגורמי טיפול בשב""ס מיום 16.09.2020 עולה, כי הנאשם דיווח על שימוש אחד בודד בגראס ושלל נזקקות טיפולית. עוד ציין שירות המבחן, כי אין בידו תמונה עדכנית בנוגע למידת ניקיונו של הנאשם מסמים (הרואין וקוקאין), בשל העדר בדיקות שתן לגילוי סמים בבית המעצר.",תסקיר שירות המבחן,תסקיר שירות מבחן,תסקיר שירות מבחן,תסקיר שירות מבחן,תסקיר שירות מבחן,תסקיר שירות מבחן
ME-20-01-62688-591,"שירות המבחן התרשם, כי קיימת רמת סיכון גבוהה להישנות התנהגות אלימה בעתיד מצד הנאשם, ברמת חומרה גבוהה. בצד זאת התרשם, כי כיום הנאשם מצליח להסתכל באופן ביקורתי על הדפוסים אשר טבועים בו ומוכן לבחון התנהלותו במסגרת קשר טיפולי וכי קיימת נזקקות גבוהה להליך טיפולי אינטנסיבי.",תסקיר שירות המבחן,תסקיר שירות מבחן,תסקיר שירות מבחן,תסקיר שירות מבחן,תסקיר שירות מבחן,תסקיר שירות מבחן
ME-20-01-62688-591,"שירות המבחן לא המליץ על ענישה חלופית במסגרת הקהילה או טיפול במסגרת הקהילה, אך הדגיש, כי ככל שיוטל על הנאשם עונש מאסר הוא ממליץ ששב""ס ייבחן את צרכיו הטיפוליים.",תסקיר שירות המבחן,תסקיר שירות מבחן,תסקיר שירות מבחן,תסקיר שירות מבחן,תסקיר שירות מבחן,תסקיר שירות מבחן
ME-20-01-62688-591,"הוגש גיליון הרשעות קודמות של הנאשם (סומן ע/1) ממנו עולה, כי לחובת הנאשם 5 הרשעות קודמות בעבירות של החזקה/ שימוש בסמים שלא לצריכה עצמית; החזקה/שימוש בסמים לצריכה עצמית; רכישת/ החזקת נשק שלא כדין, נשיאת /הובלת נשק שלא כדין; תקיפה הגורמת חבלה של ממש, תקיפה סתם, איומים, הפרעת שוטר במילוי תפקידו, גניבה; הטרדת עד, הטרדת עד בנסיבות מחמירות, שוד מזויין/ בחבורה/ באלימות, פציעה כשהעבריין מזויין.",ראיות המאשימה לעונש,ראיות לעונש,ראיות לעונש,ראיות לעונש,ראיות לעונש,ראיות לעונש
ME-20-01-62688-591,"הוגש כתב אישום מתוקן בת""פ 35227-05-17 (סומן ע/2) וגזר דין שניתן במסגרתו, ביום 01.10.2017 (סומן ע/3) בו הושת על הנאשם מאסר על תנאי בגין עבירות נשק.",ראיות המאשימה לעונש,ראיות לעונש,ראיות לעונש,ראיות לעונש,ראיות לעונש,ראיות לעונש
ME-20-01-62688-591,המאשימה הפנתה למוצגים שצורפו לתיק המוצגים והוגשו בשלב ההוכחות - סרטון האירוע (סומן ת/27א') ומסמכים רפואיים (סומנו ת/35) וביקשה לראות בהם חלק מהראיות לעונש.,ראיות המאשימה לעונש,ראיות לעונש,ראיות לעונש,ראיות לעונש,ראיות לעונש,ראיות לעונש
ME-20-01-62688-591,מטעם הנאשם העידו אמו ומעבידו.,ראיות ההגנה לעונש,ראיות לעונש,ראיות לעונש,ראיות לעונש,ראיות לעונש,ראיות לעונש
ME-20-01-62688-591,"האם התקשתה בעדותה מאחר שאין היא דוברת עברית, אך ניתן היה להבין ממנה שהנאשם  עזר לה ולאביו מבחינה כלכלית.",ראיות ההגנה לעונש,ראיות לעונש,ראיות לעונש,ראיות לעונש,ראיות לעונש,ראיות לעונש
ME-20-01-62688-591,"מעבידו של הנאשם - מר שאדי מוחסן העיד שהנאשם עבד אצלו במסעדת ""עולם האוכל"", בתור שליח מעל חצי שנה. הוא ציין, שהנאשם היה עובד רציני ומסור, תמיד הגיע בזמן ואף הקדים, התנהג ביושר ולא לקח שקל לעצמו. גם כשנתנו לו ""טיפ"" על השליחות, הוא רצה לתת אותו למעביד.",ראיות ההגנה לעונש,ראיות לעונש,ראיות לעונש,ראיות לעונש,ראיות לעונש,ראיות לעונש
ME-20-01-62688-591,"המעביד טען שהוא אינו יודע במה מואשם הנאשם אך מזווית ראייתו, מדובר בבחור עם המון פוטנציאל, שומר שבת עם לב טוב, שיכול להשתקם. העד ביקש להתחשב בגילו הצעיר של הנאשם. לדבריו, אמו של הנאשם במצב כלכלי קשה והוא מסייע לה ומביא לה אוכל כל יום על מנת שתוכל לשרוד. הוא ביקש מבית המשפט לרחם על הנאשם, ולא למצות עמו את הדין.",ראיות ההגנה לעונש,ראיות לעונש,ראיות לעונש,ראיות לעונש,ראיות לעונש,ראיות לעונש
ME-20-01-62688-591,"כן הוגש מייל ממכללת האקריו בע""מ המאשר כי הנאשם החל ללמוד במכללה ביום 03.04.2019 בקורס פיתוח אפליקציות (סומן ענ/1).",ראיות ההגנה לעונש,ראיות לעונש,ראיות לעונש,ראיות לעונש,ראיות לעונש,ראיות לעונש
ME-20-01-62688-591,הוגשה טבלת פסיקה (סומנה ענ/2).,ראיות ההגנה לעונש,ראיות לעונש,ראיות לעונש,ראיות לעונש,ראיות לעונש,ראיות לעונש
ME-20-01-62688-591,"ב""כ המאשימה הגישה טיעונים בכתב (סומנו ע/4) וחזרה על עיקריהם בע""פ בישיבת יום 27.10.2020, תוך שהדגישה את ""הרעה החולה"" שפשטה על המדינה בהתייחס לעבירות אלימות, נשק וסמים.",     טיעוני המאשימה לעונש,טיעוני הצדדים,טיעוני הצדדים,טיעוני הצדדים,טיעוני הצדדים,טיעוני הצדדים
ME-20-01-62688-591,"לטענתה, הנאשם תכנן היטב את העבירה, הגיע מצויד באקדח טעון למקום עבודתו של המתלונן, יחד עם אדם נוסף שנשאר ברכב והשאיר את דלת הרכב שלו פתוחה, במיוחד על מנת שיוכל לברוח מהמקום במהרה, לאחר ביצוע הירי במתלונן.",     טיעוני המאשימה לעונש,טיעוני הצדדים,טיעוני הצדדים,טיעוני הצדדים,טיעוני הצדדים,טיעוני הצדדים
ME-20-01-62688-591,"לדבריה, התנהלותו של הנאשם והתכנון שקדם לביצוע העבירה, משקפים את הסיכון הרב שנשקף ממנו לחברה ומעידים על נורמות עברייניות פסולות אשר טבועות בו ועל פעולה באלימות כשיטה.",     טיעוני המאשימה לעונש,טיעוני הצדדים,טיעוני הצדדים,טיעוני הצדדים,טיעוני הצדדים,טיעוני הצדדים
ME-20-01-62688-591,"הוסיפה המאשימה וטענה, כי הנאשם הוא האחראי העיקרי לקרות העבירה, חלקו בעבירה הוא מהותי ועל אף שהבין את השלכותיה, המשיך בביצועה מבלי לחזור בו.",     טיעוני המאשימה לעונש,טיעוני הצדדים,טיעוני הצדדים,טיעוני הצדדים,טיעוני הצדדים,טיעוני הצדדים
ME-20-01-62688-591,"המאשימה הפנתה לפסיקה מטעמה, והדגישה, כי עבירות אלימות המשלבות בתוכן נשק, הן עבירות מסוכנות ביותר, אשר עלולות להוביל לאסונות כבדים וכי יש להוקיע תופעה זו, ולהחמיר בענישה על מנת להרתיע הן את הנאשם והן אחרים ולשמור על שלטון החוק וחיי האדם.",     טיעוני המאשימה לעונש,טיעוני הצדדים,טיעוני הצדדים,טיעוני הצדדים,טיעוני הצדדים,טיעוני הצדדים
ME-20-01-62688-591,"לטענתה, הערכים החברתיים המוגנים שנפגעו כתוצאה מביצוע העבירות הם: בטחון הציבור, זכותו של הציבור להגנה, וזכותו של היחיד להגנה על גופו וחייו.",     טיעוני המאשימה לעונש,טיעוני הצדדים,טיעוני הצדדים,טיעוני הצדדים,טיעוני הצדדים,טיעוני הצדדים
ME-20-01-62688-591,"צוין, תוך הפנייה אל המסמכים הרפואיים שהוגשו במסגרת תיק המוצגים, כי הנזק שנגרם מהעבירה כלל אשפוז וניתוח וכי הנזק הפוטנציאלי שהיה צפוי להיגרם מעבירה כזו עלול היה להיות חמור יותר ואף קטלני, במיוחד לאור כך שהירי בוצע מטווח אפס.",     טיעוני המאשימה לעונש,טיעוני הצדדים,טיעוני הצדדים,ראיות לעונש,טיעוני הצדדים,טיעוני הצדדים
ME-20-01-62688-591,"המאשימה טענה כי מתחם העונש הולם נע בין 5 לבין 8 שנות מאסר בפועל, תוך שביקשה כי, לאור הנסיבות, יוטל עלי הנאשם עונש ברף הגבוה של המתחם והוסיפה כי אין במקרה זה נסיבות לקולה.",     טיעוני המאשימה לעונש,טיעוני הצדדים,טיעוני הצדדים,טיעוני הצדדים,טיעוני הצדדים,טיעוני הצדדים
ME-20-01-62688-591,"הובהר, כי לחובתו של הנאשם חמש הרשעות קודמות, בגינן הושם מספר פעמים מאחורי סורג ובריח, וכי הוא אף הורשע, לא מזמן, בעבירת אלימות ששילבה בתוכה נשק בת""פ 35227-05-17, אך עונשי המאסר הממושכים שהושתו עליו עד היום, כמו גם המאסר על תנאי שהיה תלוי מעל ראשו עת ביצע את העבירה דנן, לא הרתיעו אותו והוא חזר לסורו.",     טיעוני המאשימה לעונש,טיעוני הצדדים,טיעוני הצדדים,ראיות לעונש,טיעוני הצדדים,טיעוני הצדדים
ME-20-01-62688-591,"המאשימה הפנתה לתסקיר שירות המבחן, ממנו עולה כי לנאשם קשיים בוויסות כעסים וטבועים בו דפוסי התנהגות עברייניים ואנטי סוציאליים, מהם עולה שנשקפת ממנו סכנה גבוהה לציבור. בהיעדר המלצה טיפולית יש, לשיטתה, להטיל על הנאשם מאסר מרתיע שישגר מסר.",     טיעוני המאשימה לעונש,טיעוני הצדדים,טיעוני הצדדים,טיעוני הצדדים,טיעוני הצדדים,טיעוני הצדדים
ME-20-01-62688-591,"המאשימה הוסיפה וציינה, כי אין לייחס משקל כלשהו להודאתו של הנאשם ול""לקיחת אחריותו"" כביכול, על ביצוע העבירה בתיק זה, שכן גם בת""פ 35227-05-17 הודה הנאשם והביע צער על מעשיו, אך תוך פחות משנתיים חזר וביצע שוב, כאמור, עבירת אלימות המשלבת נשק.",     טיעוני המאשימה לעונש,טיעוני הצדדים,טיעוני הצדדים,טיעוני הצדדים,טיעוני הצדדים,טיעוני הצדדים
ME-20-01-62688-591,"המאשימה ביקשה לחלט את הרכב אשר שייך לנאשם ואשר באמצעותו הגיע לזירת האירוע וזאת - על פי סעיף 39(א) לפקודת סדר הדין הפלילי (מעצר וחיפוש) [נוסח חדש], תשכ""ט-1969 תוך שהפנתה לת""פ מדינת ישראל נ' תאבת מריח 47573-10-10 (מיום 27.12.2011) אשר תומך לדידה בבקשתה זו.",     טיעוני המאשימה לעונש,טיעוני הצדדים,טיעוני הצדדים,טיעוני הצדדים,טיעוני הצדדים,טיעוני הצדדים
ME-20-01-62688-591,"בסופו של דבר, ביקשה המאשימה להטיל על הנאשם עונש מאסר בפועל ברף הגבוה של המתחם שצוין על ידה ובנוסף לכך - עונש מאסר על תנאי מרתיע, פיצוי למתלונן, פסילת רישיון נהיגה בפועל וכן על תנאי לתקופה ממושכת וחילוט הרכב.",     טיעוני המאשימה לעונש,טיעוני הצדדים,טיעוני הצדדים,טיעוני הצדדים,טיעוני הצדדים,טיעוני הצדדים
ME-20-01-62688-591,"כן ביקשה המאשימה להפעיל במצטבר את התנאי שהושת על הנאשם בת""פ 35227-05-17 (מיום 01.10.2017), כפי שפורט לעיל.",     טיעוני המאשימה לעונש,טיעוני הצדדים,טיעוני הצדדים,טיעוני הצדדים,טיעוני הצדדים,טיעוני הצדדים
ME-20-01-62688-591,"סנגורו של הנאשם, השמיע את טיעוניו לעונש בעל פה, בישיבת יום 27.10.2020 וביקש שלא לקבל את עמדת המאשימה.",טיעוני הנאשם לעונש,טיעוני הצדדים,טיעוני הצדדים,טיעוני הצדדים,טיעוני הצדדים,טיעוני הצדדים
ME-20-01-62688-591,"לטענתו, מבלי להקל ראש בחומרת העבירה, יש לתת משקל של ממש לנסיבות הספציפיות של העבירה העיקרית שבתיק זה - הירי במתלונן.",טיעוני הנאשם לעונש,טיעוני הצדדים,טיעוני הצדדים,טיעוני הצדדים,טיעוני הצדדים,טיעוני הצדדים
ME-20-01-62688-591,"בראש ובראשונה, כך טען, הנאשם ירה ירייה אחת כלפי המתלונן וירייה זו כוונה לרגלו ולא לאיברים חיוניים (כגון בטן או פלג גוף עליון), דבר המצביע על כך שהוא לא התכוון לגרום לנאשם נזק חמור יותר ממה שנגרם.",טיעוני הנאשם לעונש,טיעוני הצדדים,טיעוני הצדדים,טיעוני הצדדים,טיעוני הצדדים,טיעוני הצדדים
ME-20-01-62688-591,"עוד ציין הסנגור, כי הנאשם ירה במתלונן לאחר שחשד בו שהוא גנב את האופנוע שלו וחפץ יקר ערך עבורו, שהיה עליו - לוח שחמט שנתן לו אביו טרם פטירתו וסירב להחזיר לו את הגניבה. עוד ציין, כי הנאשם הגיש תלונה במשטרה נגד המתלונן בגין הגניבה, אך התלונה לא הועילה והוא איבד את העשתונות, לאחר עימות עם המתלונן שכלל ""משיכות הדדיות"".",טיעוני הנאשם לעונש,טיעוני הצדדים,טיעוני הצדדים,טיעוני הצדדים,טיעוני הצדדים,טיעוני הצדדים
ME-20-01-62688-591,"הסנגור הוסיף וטען, כי המקרים אליהם הפנתה המאשימה בפסיקה, אינם מתאימים למקרה דנן, שכן נסיבותיהם חמורות בהרבה.",טיעוני הנאשם לעונש,טיעוני הצדדים,טיעוני הצדדים,טיעוני הצדדים,טיעוני הצדדים,טיעוני הצדדים
ME-20-01-62688-591,"לטענת הסנגור, מתחם העונש ההולם לו עתרה המאשימה, אינו הולם את נסיבותיהן של העבירות בהן הורשע הנאשם. לגישתו, המתחם ההולם מקרה זה נע בין 20 לבין 40 חודשי מאסר.",טיעוני הנאשם לעונש,טיעוני הצדדים,טיעוני הצדדים,טיעוני הצדדים,טיעוני הצדדים,טיעוני הצדדים
ME-20-01-62688-591,"בניגוד לטענת המאשימה, טען הסנגור כי התנהלותו של הנאשם מצביעה דווקא, על כך שלביצוע העבירה לא קדם תכנון מתוחכם וכי מנסיבות ביצוע העבירה עולה כי כוונת הנאשם לירות במתלונן התגבשה תוך כדי האירוע ולא לפניו, שכן הנאשם הגיע למקום העבירה באור יום, באמצע היום, ברכבו, מבלי שהסתיר או זייף את לוחות הרישוי של רכבו, נכנס לחנות מבלי ששם כיסוי על פניו ומבלי ששם כפפות על ידיו. לטענתו, לא כך מתנהג אדם שיש לו ""כוונה לחסל"". לטענתו, מדובר בנסיבות מקלות המצדיקות להשית על הנאשם עונש ברף הנמוך של המתחם. בעניין זה הפנה הסנגור לגזר הדין שניתן על ידי בת""פ (חי') 5711-02-09 מדינת ישראל נ' נאהי שחיבר (מיום 08.07.2013).",טיעוני הנאשם לעונש,טיעוני הצדדים,טיעוני הצדדים,טיעוני הצדדים,טיעוני הצדדים,טיעוני הצדדים
ME-20-01-62688-591,"עוד ציין הסנגור, מבלי להקל ראש, כי הנזקים שנגרמו במקרה דנן אינם חמורים והסתיימו במספר ימי אשפוז בלבד וזאת בשל כוונתו של הנאשם, שלא להסב למתלונן נזק גדול ולא לפגוע לו באיברים חיוניים.",טיעוני הנאשם לעונש,טיעוני הצדדים,טיעוני הצדדים,טיעוני הצדדים,טיעוני הצדדים,טיעוני הצדדים
ME-20-01-62688-591,"הסנגור ביקש להתחשב לקולה בכך שהנאשם לקח אחריות על מעשיו, הודה וחסך זמן שיפוטי יקר. כן ביקש להתחשב  בגילו הצעיר של הנאשם, ובנסיבות החיים הקשות והמורכבות בהן הוא גדל, תוך שהפנה לתסקיר והוסיף כי הנאשם הוא בן יחיד לאמו, נולד להורים מבוגרים שנתקלו בקשיי קליטה בישראל, אביו היה נכה ועיוור ונוכח מוגבלותו השקיעה האם באביו את מלוא תשומת הלב, כך שהנאשם לא קיבל כל תמיכה בבית. אמו, אשר מתקיימת מקצבת זקנה, נתונה בקשיים כלכליים ניכרים ולאחרונה אף שבה לטפל בקשישים על מנת להתפרנס. כן ציין את פטירת אבי הנאשם לפני כשנתיים ואת ההשפעה הקשה של פטירתו על הנאשם וציין את הנזק שייגרם לאמו אשר תישאר לבדה לאחר שליחתו למאסר.",טיעוני הנאשם לעונש,טיעוני הצדדים,טיעוני הצדדים,טיעוני הצדדים,טיעוני הצדדים,טיעוני הצדדים
ME-20-01-62688-591,"הסנגור התייחס למאמצי השיקום של הנאשם, תוך שהדגיש כי לאחר ששוחרר מהמאסר האחרון הוא החל ללמוד במכללה והתמיד בעבודה בתור שליח במסעדת ""עולם האוכל"". המעסיק היה מרוצה ממנו ואף הגיע להעיד לטובתו, על אופיו ומסירותו לעבודה.",טיעוני הנאשם לעונש,טיעוני הצדדים,טיעוני הצדדים,טיעוני הצדדים,טיעוני הצדדים,טיעוני הצדדים
ME-20-01-62688-591,"הסנגור הוסיף והבהיר, כי לנאשם יש רצון רב להתמיד בטיפולים ולהצליח לחזור לדרך הישר. לפיכך, ביקש הסנגור שלא לגזור עליו מאסר ממושך ואף לחפוף את המאסר על תנאי ולהמליץ לשלטונות הכלא לשלבו בהליך טיפולי לשליטה בכעסים. כן ביקש להתחשב בכך שהנאשם כבר יושב 10 חודשים בבית המעצר בתנאים קשים, ושנוכח תקופת הקורונה הוא אינו זכאי לביקורים.",טיעוני הנאשם לעונש,טיעוני הצדדים,טיעוני הצדדים,טיעוני הצדדים,טיעוני הצדדים,טיעוני הצדדים
ME-20-01-62688-591,26.	באשר לעונשים הנלווים שהתבקשו טען הסנגור כדלקמן:,טיעוני הנאשם לעונש,טיעוני הצדדים,טיעוני הצדדים,טיעוני הצדדים,טיעוני הצדדים,טיעוני הצדדים
ME-20-01-62688-591,נוכח התנהגותו של המתלונן אין מקום לפסוק לו פיצוי ולכל היותר יש לפסוק לו פיצוי סמלי בלבד.,טיעוני הנאשם לעונש,טיעוני הצדדים,טיעוני הצדדים,טיעוני הצדדים,טיעוני הצדדים,טיעוני הצדדים
ME-20-01-62688-591,לעניין חילוט הרכב טען הסנגור כי אין לחלטו במקרה זה הן מאחר שלרכב לא היה חלק מרכזי בביצוע העבירה והן מאחר שהוא דרוש לאמו של הנאשם וחילוטו יקשה עוד יותר על מצבה הכלכלי.,טיעוני הנאשם לעונש,טיעוני הצדדים,טיעוני הצדדים,טיעוני הצדדים,טיעוני הצדדים,טיעוני הצדדים
ME-20-01-62688-591,"הנאשם אמר שהוא מתחרט על מעשיו ומבקש סליחה. לדבריו, מגיל 15 הוא החל לעבור עבירות ונחשף לעבריינות קשה. עם זאת, מאז שהשתחרר ממאסרו לפני שנתיים ולאחר שאביו נפטר, הוא ניסה ""לקחת את עצמו בידיים"" התחיל לעבוד בצורה רצינית, לנהל חיים נורמטיביים, ללמוד במכללה פיתוח אפליקציות ולנהל קשר זוגי.",דברי הנאשם,טיעוני הצדדים,טיעוני הצדדים,טיעוני הצדדים,טיעוני הצדדים,טיעוני הצדדים
ME-20-01-62688-591,"לטענתו, בטרם קרות האירוע, הוא ניסה לדבר עם המתלונן בכל דרך ולשכנע אותו שיחזיר לו את לוח השחמט שהיה בתוך הקטנוע שנגנב, שהיה המזכרת האחרונה שלו מאביו, אך תגובתו של המתלונן גרמה לו לאבד עשתונות.",דברי הנאשם,טיעוני הצדדים,טיעוני הצדדים,טיעוני הצדדים,טיעוני הצדדים,טיעוני הצדדים
ME-20-01-62688-591,"הנאשם אמר שהוא מבין שזה לא מצדיק שימוש באלימות ובנשק ויודע שזו הייתה טעות להיפגש עם המתלונן כשהוא נושא נשק על גופו, אך טען שבגלל שנאמר לו שהמתלונן הוא אדם אלים מאוד שמסתובב כל הזמן עם סכין, הוא פחד מהמתלונן והרגיש צורך להגיע חמוש, לצורך זהירות בלבד. עם זאת ציין שהוא לוקח אחריות על מעשיו ואינו מאשים את המתלונן ואמר שהוא מצטער על כך, שלאחר שכבר עלה על ""דרך המלך"" והתחיל להשתקם, הוא חוזר חזרה לחיי הפשע.",דברי הנאשם,טיעוני הצדדים,טיעוני הצדדים,טיעוני הצדדים,טיעוני הצדדים,טיעוני הצדדים
ME-20-01-62688-591,"עוד הוסיף, כי 10 חודשי המעצר בגין תיק זה, גרמו לו להבין עוד יותר כמה הוא מעוניין ללכת לטיפול ולהשתקם, והוא מבקש להתחשב בו ולתת לו אפשרות לעשות שינוי לטובה בחייו ולהתחיל חיים חדשים.",דברי הנאשם,טיעוני הצדדים,טיעוני הצדדים,טיעוני הצדדים,טיעוני הצדדים,טיעוני הצדדים
ME-20-01-62688-591,"בבוא בית המשפט לקבוע את מתחם העונש ההולם לעבירות שביצע נאשם, עליו לנהוג על פי העיקרון המנחה בענישה אשר מטרתו היא לשמור על ""קיומו של יחס הולם בין חומרת מעשה העבירה בנסיבותיו ומידת אשמו של הנאשם ובין סוג ומידת העונש המוטל עליו"" (סעיף 40ב' לחוק העונשין).",קביעת מתחם העונש ההולם,דיון והכרעה,דיון והכרעה,דיון והכרעה,דיון והכרעה,דיון והכרעה
ME-20-01-62688-591,"""עקרון ההלימה"" אשר נקבע בתיקון 113, מנחה את בית המשפט לגזור על הנאשם את עונשו בהתאם לחומרת העבירה, ולמידת אשמתו של הנאשם, והכל תוך התחשבות בערכים החברתיים המוגנים שנפגעו כתוצאה מביצוע העבירות ובמידת הפגיעה בהם; בנסיבות הקשורות בביצוע המעשים; בנזק שנגרם ובנזק הפוטנציאלי שהיה עשוי להיגרם כתוצאה מהם ובמדיניות הענישה הנוהגת במקרים דומים.",קביעת מתחם העונש ההולם,דיון והכרעה,דיון והכרעה,דיון והכרעה,דיון והכרעה,דיון והכרעה
ME-20-01-62688-591,"בטרם אקבע את המתחם אציין, כי בטיעוניה לעונש המאשימה כלל לא התייחסה להרשעה בעבירה של החזקת סם לצריכה עצמית וכך אף הסנגור. בנסיבות אלה ונוכח כך שהסם נתפס על גופו של הנאשם, בעת שנתפס לאחר האירוע, אתייחס אל כל המתואר בכתב האישום כאל ""אירוע אחד"" ואקבע מתחם עונש אחד לכל כתב האישום.",קביעת מתחם העונש ההולם,דיון והכרעה,דיון והכרעה,דיון והכרעה,דיון והכרעה,דיון והכרעה
ME-20-01-62688-591,"מדובר בעבירות חמורות של אלימות תוך שימוש בנשק חם. הערכים החברתיים המוגנים בעבירות אלו הם הגנה על החיים ועל שלמות הגוף, שלום הציבור, שלטון החוק, ותחושת הביטחון של הפרט.",קביעת מתחם העונש ההולם,דיון והכרעה,דיון והכרעה,דיון והכרעה,דיון והכרעה,דיון והכרעה
ME-20-01-62688-591,"מידת הפגיעה בערכים אלו היא גבוהה, שכן הנאשם הגיע ברכב שלו, למקום העבודה של המתלונן, יחד עם אדם נוסף שזהותו אינה ידועה למאשימה, כשהוא נושא על גופו אקדח טעון מבעוד מועד, מבלי שהיה לו כל היתר כדין להחזקת האקדח ובמהלך ויכוח עם המתלונן, ירה מטווח אפס ברגלו של המתלונן. הנאשם ברח מיד מהמקום מבלי שהגיש עזרה למתלונן ומבלי שהזעיק עזרה.",קביעת מתחם העונש ההולם,דיון והכרעה,דיון והכרעה,דיון והכרעה,דיון והכרעה,דיון והכרעה
ME-20-01-62688-591,"אינני מקבלת את טענת הסנגור לפיה האירוע לא תוכנן על ידי הנאשם ואינני מקבלת את הטענה לפיה יש משמעות כלשהי לדעתו של המתלונן בעניין זה. הנאשם הגיע להתעמת עם המתלונן כאשר הוא נושא על גופו אקדח טעון, דאג שברכב ינהג אדם אחר והותיר את דלת הרכב פתוחה, דבר שהקל על הימלטותו מהמקום. הנאשם עשה שימוש באקדח במהלך ויכוח עם המתלונן, מבלי שבידי המתלונן היה נשק כלשהו (חם או קר). כפי שנראה בסרטון, תוך כדי ויכוח עם המתלונן לקח הנאשם צעד לאחור, שלף את הנשק וירה, במתכוון, ברגלו של המתלונן. כוונתו של אדם מוסקת מתוך מעשיו ודי בנסיבות אלה כדי להצביע על  תכנון מוקדם לעשות שימוש בנשק.",קביעת מתחם העונש ההולם,דיון והכרעה,דיון והכרעה,דיון והכרעה,דיון והכרעה,דיון והכרעה
ME-20-01-62688-591,"אין ספק בליבי שהנאשם, שהוא האחראי הבלעדי לביצוע העבירות, הבין היטב את ההשלכות שעלולות להיגרם מכניסה לסיטואציה מסוג זה ואת אשר עלול לקרות אם יגיע לעימות עם המתלונן כאשר הוא נושא אקדח, אך חרף זאת בחר להמשיך במעשיו ולעשות שימוש בנשק באופן המתואר.",קביעת מתחם העונש ההולם,דיון והכרעה,דיון והכרעה,דיון והכרעה,דיון והכרעה,דיון והכרעה
ME-20-01-62688-591,"מנגד - יש להביא בחשבון, לעניין נסיבות העבירה, את העובדה שמדובר בירי של כדור אחד בלבד, אשר בוצע, מטווח קרוב, לעבר רגלו של המתלונן ולא לעבר בטנו או פלג גופו העליון, שם עלול היה להיגרם נזק חמור פי כמה. מבלי להקל ראש בנזק שנגרם למתלונן יש לומר שהנסיבות מצביעות על כך שהנאשם לא התכוון לגרום למתלונן נזק חמור יותר ממה שגרם.",קביעת מתחם העונש ההולם,דיון והכרעה,דיון והכרעה,דיון והכרעה,דיון והכרעה,דיון והכרעה
ME-20-01-62688-591,"עם זאת, הנזק שנגרם למתלונן מהווה, כשלעצמו, חבלה חמורה; הקליע פגע ברגלו השמאלית של המתלונן, ונגרם לו שבר בפמור. הוא אושפז בבית חולים רמב""ם ובוצע ניתוח לשחזור ולקיבוע השבר באמצעות מסמר. הקליע הושאר בגופו של המתלונן בשל חשש שהוצאתו תגרום לפגיעה בעצבים ובכלי דם. הוא שוחרר מהאשפוז לאחר 5 ימים, קיבל חופשת מחלה, עם הנחיה להמשך טיפול בקהילה והוצאת תפרים.",קביעת מתחם העונש ההולם,דיון והכרעה,דיון והכרעה,דיון והכרעה,דיון והכרעה,דיון והכרעה
ME-20-01-62688-591,"בהתייחס למדיניות הענישה הנוהגת אציין, כי הפסיקה מדגישה את החשיבות הרבה בענישה מחמירה ומרתיעה בעבירות אלימות בנשק וזאת במטרה להוקיע את התופעה הפסולה אשר הולכת וגוברת, של שימוש בנשק חם לצורך ""פתרון"" סכסוכים.",קביעת מתחם העונש ההולם,דיון והכרעה,דיון והכרעה,דיון והכרעה,דיון והכרעה,דיון והכרעה
ME-20-01-62688-591,"חומרת העבירות עולה גם מהענישה אותה קבע המחוקק בצד עבירות אלו. בפסיקה ניתן למצוא מנעד רחב של ענישה בעבירות נשק (כמו גם בעבירות אחרות) אולם הרטוריקה תמיד מחמירה וקובעת כי יש להחמיר בענישה [ראו והשוו למשל: בע""פ 4460/11 מדינת ישראל נ' פאיד, פסקה 9 (28.11.2011) (המתייחס לעבירה של החזקת נשק, שהיא עבירה קלה יותר) נאמר כי: ""אכן נראה לנו כי הגיעה השעה להחמיר בעבירות של החזקת נשק ושימוש בו. נשק המוחזק שלא כדין עלול למצוא דרכו לידיים עוינות ועלול גם לשמש למטרות פליליות"".",קביעת מתחם העונש ההולם,דיון והכרעה,דיון והכרעה,דיון והכרעה,דיון והכרעה,דיון והכרעה
ME-20-01-62688-591,"המאשימה הפנתה למספר פסקי דין אשר תומכים לדידה במתחם העונש לו עתרה, אולם כל פסקי הדין שציינה דנים בנסיבות חמורות יותר ובירי של מספר יריות, כדלקמן:",קביעת מתחם העונש ההולם,דיון והכרעה,דיון והכרעה,דיון והכרעה,דיון והכרעה,דיון והכרעה
ME-20-01-62688-591,"-	ע""פ 780/16 אנואר אבו דאהש שושה נ' מדינת ישראל (20.02.2017) שם נדחה ערעור שהגיש נאשם (שהחזיק בנשק שלא כדין, וירה 7 כדורים על המתלונן, עמו היה לו סכסוך קודם ועל משפחתו, אך החטיא והצליח לפגוע רק ברכבו). בבית משפט קמא נקבע מתחם עונש הולם הנע בין ארבע לבין שבע שנות מאסר ונגזרו עליו חמש שנות מאסר בפועל בגין עבירות של חבלה בכוונה מחמירה; הובלה ונשיאה של נשק; חבלה במזיד.",קביעת מתחם העונש ההולם,דיון והכרעה,דיון והכרעה,דיון והכרעה,דיון והכרעה,דיון והכרעה
ME-20-01-62688-591,"-	ע""פ 6383/12 זוהיר חאלד נ' מדינת ישראל (29.09.2014) שם התקבל ערעור על חומרת העונש שהגיש נאשם (שירה במסגרת סכסוך דמים, בין 4-6 כדורים לרגלו הימנית של המתלונן והוא נזקק לניתוח בירך). בית משפט קמא גזר עליו עונש של 8 שנות מאסר, בגין חבלה חמורה בנסיבות מחמירות; נשיאת והובלת נשק. בית משפט העליון קיבל את הערעור, הפחית מהעונש והשית על הנאשם שש שנות מאסר בפועל.",קביעת מתחם העונש ההולם,דיון והכרעה,דיון והכרעה,דיון והכרעה,דיון והכרעה,דיון והכרעה
ME-20-01-62688-591,"-	ת""פ  16420-10-16 (מחוזי חיפה) מדינת ישראל נ' מוהנד אגאבריה (30.05.2018) שם הורשע נאשם בעבירות של חבלה בכוונה מחמירה; החזקת ונשיאת נשק ותחמושת, לאחר שעל רקע סכסוך משפחתי, ירה מספר כדורים, מרכב נוסע, באמצעות תת מקלע, על המתלונן ואחיו שהיו באזור מגורים. כדור אחד פגע ברגלו של המתלונן והוא אושפז למשך 5 ימים ועבר ניתוחים. בית המשפט קבע כי מתחם העונש ההולם נע בין שש לבין עשר שנות מאסר בפועל והושתו על הנאשם שבע שנות מאסר בפועל. ערעור שהוגש לבית המשפט העליון התקבל (ע""פ 5376/18 מיום 25.12.2019) ועונשו הופחת ב-9 חודשים.",קביעת מתחם העונש ההולם,דיון והכרעה,דיון והכרעה,דיון והכרעה,דיון והכרעה,דיון והכרעה
ME-20-01-62688-591,"מנגד, הגיש הסנגור טבלת פסיקה מטעמו שתומכת לשיטתו במתחם המוצע על ידו בהתאם לפסקי הדין הבאים:",קביעת מתחם העונש ההולם,דיון והכרעה,דיון והכרעה,דיון והכרעה,דיון והכרעה,דיון והכרעה
ME-20-01-62688-591,"ת""פ 2646-03-12 מדינת ישראל נ' בלאל (מיום 04.03.2014); ת""פ 3454-02-17 מדינת ישראל נ' פהיד גנאם (02.10.2017); ת""פ 33577-04-12 מדינת ישראל נ' שלום בן שטרית (31.01.2013); ת""פ 5711-02-09 מדינת ישראל נ' נאהי שחיבר (08.07.2013); ת""פ 21128-09-12 מדינת ישראל נ' חתאם ג'עברי (06.03.2014); ת""פ 33927-11-17 מדינת ישראל נ' איתי קריגר (19.12.2019); ת""פ 26434-10-18 מדינת ישראל נ' ויסאם שוואהנה (18.07.2019); ת""פ 37701-05-13 מדינת ישראל נ' אחמד הנבוזי (30.04.2014); ת""פ 45417-03-14 מדינת ישראל נ' קורדי (25.02.2015); ת""פ 10690-10-13 מדינת ישראל נ' בילאל (18.01.2015); ת""פ 44317-01-12 מדינת ישראל נ' מוסטפא טבאש (19.09.2012); ת""פ 17941-11-18 מדינת ישראל נ' קוסאי נגאר (06.07.2020).",קביעת מתחם העונש ההולם,דיון והכרעה,דיון והכרעה,דיון והכרעה,דיון והכרעה,דיון והכרעה
ME-20-01-62688-591,"אציין, כי רוב הפסיקה שצירף הסנגור איננה דומה, בנסיבותיה, לענייננו ואיננה רלוונטית ולכן אפרט רק את פסקי הדין אשר ניתן להקיש מהם לענייננו כדלקמן:",קביעת מתחם העונש ההולם,דיון והכרעה,דיון והכרעה,דיון והכרעה,דיון והכרעה,דיון והכרעה
ME-20-01-62688-591,"-	בת""פ (מחוזי נצרת) 44317-01-12 מדינת ישראל נ' מוסטפא טבאש (19.09.2012) הורשע נאשם, במסגרת הסדר טיעון, בעבירה של חבלה חמורה בנסיבות מחמירות ובהחזקת נשק, לאחר שבמהלך עימות שקדם לו סכסוך בין הצדדים, ירה הנאשם במתלונן ממטרים ספורים, פגע ברגלו של המתלונן ופצע אותו. המתלונן אושפז בבית החולים משך 10 ימים ועבר פרוצדורה רפואית. בית המשפט השית על הנאשם 28 חודשי מאסר בפועל, פיצוי למתלונן וקנס. לא הוגש ערעור.",קביעת מתחם העונש ההולם,דיון והכרעה,דיון והכרעה,דיון והכרעה,דיון והכרעה,דיון והכרעה
ME-20-01-62688-591,"-	בת""פ (מחוזי חיפה)  17941-11-18 מדינת ישראל נ' קוסאי נגאר (06.07.2020) בנסיבות מאד דומות למקרה שבפניי, הורשע נאשם שהיה בן 18 בעת ביצוע העבירות, בחבלה חמורה בנסיבות מחמירות ובהחזקת נשק, לאחר שירה במתלונן שעמו הייתה לו הכרות מוקדמת, כדור אחד מטווח של חצי מטר, שפגע בירכו של המתלונן. כתוצאה מהירי אושפז המתלונן בבית חולים למשך יומיים ועבר פרוצדורה רפואית. בית המשפט קבע מתחם עונש הולם הנע בין שנתיים וחצי לבין חמש שנים מאסר, והשית עליו שנתיים וחצי מאסר בפועל תוך שהתחשב בגילו הצעיר של הנאשם, ובכך שלא היו לו הרשעות קודמות. ערעור לא הוגש.",קביעת מתחם העונש ההולם,דיון והכרעה,דיון והכרעה,דיון והכרעה,דיון והכרעה,דיון והכרעה
ME-20-01-62688-591,"-	בת""פ (מחוזי נצרת) 33927-11-17 מדינת ישראל נ' איתי קריגר (מיום 19.12.2019) הורשע נאשם שהחזיק נשק ברישיון, בעבירה של חבלה בכוונה מחמירה, לאחר שירה במתלונן, על רקע סכסוך כספי, שלושה כדורים לעבר פלג גופו התחתון שמתוכם 2 כדורים פגעו במפשעה ובידו השמאלית. כתוצאה מהירי אושפז המתלונן למשך שלושה ימים ועבר פרוצדורה רפואית. בית המשפט קבע מתחם עונש הולם הנע בין שלוש לבין שבע שנות מאסר והשית עליו שלוש שנות מאסר בפועל תוך שהתחשב בכך שמדובר באדם בן 71, ללא עבר פלילי. שני הצדדים ערערו על העונש, אך הערעורים נמחקו בהמלצת בית המשפט.",קביעת מתחם העונש ההולם,דיון והכרעה,דיון והכרעה,דיון והכרעה,דיון והכרעה,דיון והכרעה
ME-20-01-62688-591,"לכך אפשר להוסיף את המקרה שנדון בת""פ (מחוזי ת""א) 398-09-16‏ ‏מדינת ישראל נ' פיודורוב (5.4.2017) בו הורשע הנאשם בעבירות של חבלה חמורה בנסיבות מחמירות ונשיאת נשק. הנאשם ואחֵר הגיעו לגינה בה שהו המתלונן ואחרים, וממרחק של 10 מטר ירה אחד מהם באמצעות האקדח כדור אחד לעבר המתלוננים. קליע חדר לשוק רגלו של המתלונן וגרם לו חבלה חמורה. בית המשפט גזר על הנאשם עונש של 36 חודשי מאסר. ערעור שהוגש על חומרת העונש (ע""פ 4026/17 מיום 28.3.18) נמחק בהמלצת בית המשפט.",קביעת מתחם העונש ההולם,דיון והכרעה,דיון והכרעה,דיון והכרעה,דיון והכרעה,דיון והכרעה
ME-20-01-62688-591,"לאחר שהבאתי בחשבון את כל האמור לעיל,  אני קובעת כי, מתחם העונש ההולם, במקרה זה, הכולל את שלושת העבירות נע בין 2.5 ל- 5 שנות מאסר בפועל ועונשים נלווים.",קביעת מתחם העונש ההולם,דיון והכרעה,דיון והכרעה,דיון והכרעה,דיון והכרעה,דיון והכרעה
ME-20-01-62688-591,"הענישה לעולם אינדיווידואלית היא וכאשר בית המשפט גוזר את עונשו של נאשם, בתוך מתחם העונש ההולם, עליו להתחשב בגורמים המתייחסים לנאשם הקונקרטי העומד בפניו, כגון נסיבות חייו האישיות, לקיחת אחריות על מעשיו, חרטה שהביע (ככל שהביע), שיתוף פעולה עם הרשויות, גילו, עברו הפלילי, מידת הפגיעה בהטלת העונש על הנאשם עצמו וכן על משפחתו.",גזירת הדין ,דיון והכרעה,דיון והכרעה,דיון והכרעה,דיון והכרעה,דיון והכרעה
ME-20-01-62688-591,"הנאשם שלפני הוא צעיר, יליד 07.07.1997 - בין 23 שנים בלבד והוא עצור מזה כ- 10 חודשים.",גזירת הדין ,דיון והכרעה,דיון והכרעה,דיון והכרעה,דיון והכרעה,דיון והכרעה
ME-20-01-62688-591,"חרף גילו הצעיר, הוא צבר לחובתו עבר פלילי בלתי מבוטל בעבירות אלימות, נשק וסמים, ואף ריצה מספר מאסרים בפועל. עבירות הנשק הקודמות בהן הורשע, בת""פ 35227-05-17 נעברו על ידו בשנת 2017, והוא נדון בגינן ל- 15 חודשי מאסר בפועל  וכן ל- 12 חודשי מאסר על תנאי. העבירה האחרונה בה הורשע, שהיא עבירת סמים שלא לצריכה עצמית, נעברה על ידו בשנת 2018. עיון בגיליון הרשעותיו מעלה כי עונשי המאסר שהוטלו עליו בעבר, לרבות הפעלת עונש מאסר על תנאי, לא הרתיעו אותו מלחזור ולבצע עבירות ואף את העבירות דנן עבר כאשר עונש מאסר על תנאי, בר הפעלה, בן 12 חודשים, תלוי ועומד מעל ראשו.",גזירת הדין ,דיון והכרעה,דיון והכרעה,דיון והכרעה,דיון והכרעה,דיון והכרעה
ME-20-01-62688-591,"מתסקיר שירות המבחן עולה, כי הנאשם היה בעבר, בטיפולו של שירות המבחן לנוער וכי בהיותו בחלופת מעצר בתיק קודם הוא טופל במסגרת שירות המבחן. על אף ששירות המבחן התרשם ממנו כבעל יכולות טובות ושאיפות לעתיד, הנאשם לא הפיק את התועלת המצופה מהטיפול והמשיך לעבור עבירות חמורות.",גזירת הדין ,דיון והכרעה,דיון והכרעה,דיון והכרעה,דיון והכרעה,דיון והכרעה
ME-20-01-62688-591,"בהפנייתו לשירות המבחן בשנת 2017, במסגרת תיק קודם,  התרשם שירות המבחן כי הנאשם מעוניין לסגל אורח חיים נורמטיבי ואף עושה מאמצים לשם כך, אך הוא נעדר כלים נכונים להתמודדות.",גזירת הדין ,דיון והכרעה,דיון והכרעה,דיון והכרעה,דיון והכרעה,דיון והכרעה
ME-20-01-62688-591,"בהפניה נוספת, בשנת 2018 (בתיק קודם נוסף) התרשם שירות המבחן מהיעדר אמונה, אצל הנאשם, בכוחותיו לערוך שינוי בחייו ומחשש מכישלון, המוֺנֵע ממנו להיכנס להליך טיפולי אינטנסיבי שיש בו כדי להפחית את הסיכון להישנות עבירות.",גזירת הדין ,דיון והכרעה,דיון והכרעה,דיון והכרעה,דיון והכרעה,דיון והכרעה
ME-20-01-62688-591,"גם הרשות לשיקום האסיר התרשמה, בשחרורו ממאסרו הקודם, כי קיימת אצל הנאשם מוטיבציה גבוהה וכנה לטיפול ולשיקום. יש להצטער על כך שמשום מה, תכנית השיקום לא יצאה אל הפועל (ככל הנראה לא בשל מעשה או מחדל של הנאשם).",גזירת הדין ,דיון והכרעה,דיון והכרעה,דיון והכרעה,דיון והכרעה,דיון והכרעה
ME-20-01-62688-591,"חרף זאת, נראה כי מאז השתחרר מהמאסר האחרון ""לקח הנאשם את עצמו בידיים"" ועשה מאמצים כנים להשתקם בכוחות עצמו; הוא החל לעבוד כשליח במסעדת ""עולם האוכל"" ושמעתי ממעבידו שבחים רבים על עבודתו, על יחסו הטוב ללקוחות ולמעביד ועל היושר שהפגין. בנוסף, החל הנאשם ללמוד פיתוח אפליקציות ומימן את הלימודים מכסף שהשתכר מעבודתו.",גזירת הדין ,דיון והכרעה,דיון והכרעה,דיון והכרעה,דיון והכרעה,דיון והכרעה
ME-20-01-62688-591,"יש לשבח את הנאשם על כך, שלאחר שחרורו מהמאסר האחרון הוא הצליח לערוך שינוי משמעותי בחייו ויש להצטער על כך שלא עלה בידו להתמיד בדרך זו והוא שב לפעילות אלימה וקשה, כולל שימוש בנשק. מאמינה אני שהנאשם אכן היה בטוח שהמתלונן גנב ממנו את האופנוע ואת לוח השח שהיה עליו שהוא מזכרת מאביו המנוח ומבינה אני שלא היה קל לנאשם, נוכח עברו, להגיש תלונה למשטרה ובכל זאת הוא ניסה ללכת בדרך החוקית. מבינה אני אף את אכזבתו של הנאשם מכך שהמשטרה לא מצאה את האופנוע ואת הגנב ואת הקושי של הנאשם להתמודד עם מצב דברים זה.",גזירת הדין ,דיון והכרעה,דיון והכרעה,דיון והכרעה,דיון והכרעה,דיון והכרעה
ME-20-01-62688-591,"עם זאת, אין להבין ואין להצדיק, בשום פנים ואופן, את הדרך בה פעל הנאשם. גם העובדה שלנאשם הייתה גישה לאקדח טעון מטרידה, כשלעצמה ומצביעה על כך שהנאשם לא התרחק, מרחק מספיק, מהדרך העבריינית.",גזירת הדין ,דיון והכרעה,דיון והכרעה,דיון והכרעה,דיון והכרעה,דיון והכרעה
ME-20-01-62688-591,"כן יש להתחשב בגילו הצעיר של הנאשם, כמו גם בעובדה שאין לו משפחה היכולה לתמוך בו, ובמצבה הכלכלי והאישי של אמו, אשר נעזרת בו ואת הנזק שייגרם לה משליחת הנאשם לתקופת מאסר ארוכה.",גזירת הדין ,דיון והכרעה,דיון והכרעה,דיון והכרעה,דיון והכרעה,דיון והכרעה
ME-20-01-62688-591,"בנוסף, יש לזקוף לזכות הנאשם את הודייתו, גם אם היא לא נעשתה בתחילת משפטו, אלא רק לאחר שנשמעו חלק מהראיות כולל עדותו של המתלונן. הנאשם הביע חרטה על מעשיו ומאמינה אני שהוא אכן רוצה להשתקם ולחיות חיים נורמטיביים, ללא אלימות וללא ביצוע עבירות.",גזירת הדין ,דיון והכרעה,דיון והכרעה,דיון והכרעה,דיון והכרעה,דיון והכרעה
ME-20-01-62688-591,"עם זאת, נראה שהנאשם איננו יכול לעשות זאת בכוחות עצמו וכי הוא חייב לעבור הליך טיפולי של התמודדויות עם אכזבות ושליטה בכעסים. לפיכך, משיקולי שיקום ועל אף עברו הפלילי והמאסר על תנאי התלוי ועומד נגדו ותוך שלא נעלם מעיניי כל אשר נאמר במסגרת גזר הדין שניתן נגדו ביום 1.10.2017 בת""פ 35227-05-17 בבית המשפט המחוזי בחיפה, החלטתי שלא למצות את הדין עם הנאשם ולגזור עליו עונש מאסר ברף התחתון של מתחם העונש ההולם וכן החלטתי לחפוף את עונש המאסר על תנאי למאסר אשר נגזר עליו בתיק זה.",גזירת הדין ,דיון והכרעה,דיון והכרעה,דיון והכרעה,דיון והכרעה,דיון והכרעה
ME-20-01-62688-591,"בד בבד אמליץ לשירות בתי הסוהר, לשלב את הנאשם בתכנית טיפולים, בהקדם האפשרי, על מנת שכאשר יסיים הנאשם לרצות את מאסרו, יהיו בידיו כלים להתמודדות עם מצבי לחץ, כעסים וקשיי החיים, ללא אלימות, ללא סמים וללא ביצוע עבירות. כן אמליץ כי, ככל שהנאשם ישתף פעולה עם תכנית טיפולים בתוך כותלי הכלא, בתום מאסרו תוכן עבורו על ידי רש""א תכנית שיקום וליווי בקהילה, על מנת לסייע לו בהתמודדות.",גזירת הדין ,דיון והכרעה,דיון והכרעה,דיון והכרעה,דיון והכרעה,דיון והכרעה
ME-20-01-62688-591,"מובהר לנאשם כי טוב יעשה אם ישתלב בקבוצה טיפולית בכלא, יתמיד בהשתתפות בה ויעשה מאמצים על מנת שיהיו אלה עבירות האחרונות בחייו ויהיה זה מאסרו האחרון. עוד מובהר לנאשם, כי ככל שיעבור עבירות נוספות, לא יהיה מקום להקל עמו פעם נוספת.",גזירת הדין ,דיון והכרעה,דיון והכרעה,דיון והכרעה,דיון והכרעה,דיון והכרעה
ME-20-01-62688-591,"מאסר בפועל למשך 30 חודשים, בניכוי ימי מעצרו בתיק זה - החל מיום 16.01.20.","48.	לאור כל האמור, אני גוזרת את עונשו של הנאשם, כדלקמן:",דיון והכרעה,דיון והכרעה,דיון והכרעה,דיון והכרעה,דיון והכרעה
ME-20-01-62688-591,"אני מפעילה את המאסר על תנאי בן 12 החודשים, שנגזר על הנאשם בת""פ (מחוזי חיפה) 35227-05-17, כולו - בחופף למאסר שנגזר עליו בתיק זה.","48.	לאור כל האמור, אני גוזרת את עונשו של הנאשם, כדלקמן:",דיון והכרעה,דיון והכרעה,דיון והכרעה,דיון והכרעה,דיון והכרעה
ME-20-01-62688-591,"מאסר על תנאי בן 12  חודשים, שלא יעבור בתוך 3 שנים מהיום בו ישתחרר מהמאסר שנגזר עליו בתיק זה, כל עבירה בנשק ו/או עבירת אלימות שהיא פשע.","48.	לאור כל האמור, אני גוזרת את עונשו של הנאשם, כדלקמן:",דיון והכרעה,דיון והכרעה,דיון והכרעה,דיון והכרעה,דיון והכרעה
ME-20-01-62688-591,"סבורה אני כי בנסיבות העניין ולאור התנהלות המתלונן, אין מקום לפסוק, בהליך זה, פיצויים לזכות המתלונן.","48.	לאור כל האמור, אני גוזרת את עונשו של הנאשם, כדלקמן:",דיון והכרעה,דיון והכרעה,דיון והכרעה,דיון והכרעה,דיון והכרעה
ME-20-01-62688-591,"כמו כן, על מנת לאפשר לנאשם לצאת לדרך חיים חדשה עם שחרורו מהמאסר, לא אשית עליו קנס ולא אורה על חילוט הרכב.","48.	לאור כל האמור, אני גוזרת את עונשו של הנאשם, כדלקמן:",דיון והכרעה,דיון והכרעה,דיון והכרעה,דיון והכרעה,דיון והכרעה
ME-21-06-43085-219,"חוק העונשין, תשל""ז-1977: סע'  144, 144(א), (ב), 340א' (ב)(1), 413ה', 452",nothing,מידע אחר,מידע אחר,מידע אחר,מידע אחר,מידע אחר
ME-21-06-43085-219,פקודת התעבורה [נוסח חדש]: סע'  10(א),nothing,מידע אחר,מידע אחר,מידע אחר,מידע אחר,מידע אחר
ME-21-06-43085-219,"פקודת ביטוח רכב מנועי [נוסח חדש], תש""ל-1970: סע'  2(א), (ב)",nothing,מידע אחר,מידע אחר,מידע אחר,מידע אחר,מידע אחר
ME-21-06-43085-219,"בטרם שמיעת הראיות בתיק הגיעו הצדדים להסדר דיוני במסגרתו כתב האישום שהוגש נגד הנאשם תוקן והנאשם הודה בעובדות כתב האישום המתוקן, שאלה הם עיקריהן:",כללי,עובדות המקרה,עובדות המקרה,עובדות המקרה,עובדות המקרה,עובדות המקרה
ME-21-06-43085-219,"בין הנאשם לבין מר עאמר אבו עראר, מנהל בית הספר הטכנולוגי בערוער (להלן: ""המנהל"" ו""בית הספר"") קיימת היכרות מוקדמת וקרבה משפחתית. בתאריך 23.05.21 בסמוך לשעה 11:50 הנאשם נהג ברכב כאשר אין ברשותו ומעולם לא היה לו רישיון נהיגה תקף, ומבלי שיש ברשותו פוליסת ביטוח ברת תוקף לנהיגה, והגיע לבית הספר על מנת להיפגש עם קרובת משפחתו הלומדת בו. בהמשך, הנאשם פגש במנהל והם דיברו ביניהם, ובמהלך השיחה התפתח ביניהם ויכוח והנאשם התעצבן על המנהל. המנהל ליווה את הנאשם לשער בית הספר והנאשם עזב את המקום כשהוא נוהג ברכב. בהמשך לכך, בסמוך לשעה 12:50, הנאשם הגיע לבית הספר, ברכב, כשהוא נושא עמו נשק ללא היתר כדין, יצא מהרכב, התקדם מספר צעדים והחל לירות באמצעות הנשק לכיוון רכבו של המנהל, אשר חנה בצמוד לקרוואן. באותה העת שהו בקרוואן שומר בית הספר ושניים נוספים, ובחצר בית הספר נכחו אנשים נוספים. כתוצאה מהירי של הנאשם, רכבו של המנהל נפגע ממספר כדורים בקוטר  9 מ""מ, וכדור אחד חדר לקרוואן ופגע בארון בתוך הקרוואן.",כללי,עובדות המקרה,עובדות המקרה,עובדות המקרה,עובדות המקרה,עובדות המקרה
ME-21-06-43085-219,"על יסוד הודאת הנאשם בעובדות כאמור, הוא הורשע בעבירות נשק (החזקה ונשיאת נשק ותחמושת), לפי סעיף 144(א) ו - (ב) רישא וסיפא בחוק העונשין התשל""ז – 1977 (להלן: ""חוק העונשין""); ירי מנשק חם, לפי סעיף 340א' (ב)(1) בחוק העונשין; היזק בזדון, לפי סעיף 452 בחוק העונשין; חבלה במזיד, לפי סעיף 413ה' בחוק העונשין; נהיגה ללא רישיון נהיגה, לפי סעיף 10(א) בפקודת התעבורה, התשכ""א – 1961; ונהיגה ללא פוליסת ביטוח בתוקף, לפי סעיף 2(א) ו – (ב) בפקודת ביטוח רכב מנועי [נוסח משולב] תש""ל – 1970.",כללי,עובדות המקרה,עובדות המקרה,עובדות המקרה,עובדות המקרה,עובדות המקרה
ME-21-06-43085-219,"הנאשם יליד שנת 2001, ובנסיבות חובה לקבל עליו תסקיר של שירות המבחן.",כללי,עובדות המקרה,עובדות המקרה,תסקיר שירות מבחן,עובדות המקרה,עובדות המקרה
ME-21-06-43085-219,בתסקיר שירות המבחן על הנאשם צוין שהוא בן 21. רווק. ללא עבר פלילי. טרם מעצרו עבד בשיפוצים. אביו נפטר לפני 5 שנים ממחלה. אמו אינה בריאה. תיאר את פטירת אביו כטראומתית וציין שנאלץ ליטול את תפקיד האב ולפרנס את משפחתו. הנאשם תיאר מצב כלכלי קשה וסיפר שלאחר מות אביו התמודד עם קושי נפשי ורגשי. טופל אצל פסיכיאטר וצרך תרופות ואחר כך טופל אצל שיח' והתופעות פסקו.,תסקיר שירות המבחן,תסקיר שירות מבחן,תסקיר שירות מבחן,תסקיר שירות מבחן,תסקיר שירות מבחן,תסקיר שירות מבחן
ME-21-06-43085-219,"ביחס לעבירה, לקח אחריות על ביצועה. תיאר כי ארוסתו התקשרה אליו ומסרה לו שמנהל בית הספר ניסה לפגוע בה ובעקבות כך חש סערת רגשות קיצונית והתקשה לשלוט בכעסו. נכנס לרכב שאינו שלו ונסע במהירות לבית הספר. כאשר מנהל בית הספר לא  אישר לארוסתו לצאת, לקח נשק שהיה בתוך הרכב, שגם הוא אינו שייך לו, וירה כמתואר. הביע בושה ותיאר שמדובר בטעות קטנה. שירות המבחן ציין שהנאשם משתתף מזה שלושה חודשים בקבוצה טיפולית בבית הסוהר. הנאשם שיתף שהטיפול מסייע לו והביע נכונות להמשיך בטיפול גם לאחר שחרורו.",תסקיר שירות המבחן,תסקיר שירות מבחן,תסקיר שירות מבחן,תסקיר שירות מבחן,תסקיר שירות מבחן,תסקיר שירות מבחן
ME-21-06-43085-219,"שירות המבחן סקר את הנתונים שבפניו, ציין כי לאורך חייו הנאשם תפקד באופן נורמטיבי, ונקודת התפנית החלה לאחר מות אביו. וציין כי למרות לקיחת האחריות ורצונו בטיפול, עדיין קיים קושי בהפנמת האחריות למעשיו. שירות המבחן העריך שמעשי הנאשם עשויים להצביע על בעיה בשיקול הדעת ובוחן המציאות וייתכן שהדבר דורש אבחון וטיפול פסיכיאטרים. המליץ להפנות את הנאשם להסתכלות בתחום בריאות הנפש וציין שהדבר חשוב גם להערכת מסוכנות להישנות התנהגות דומה בעתיד.",תסקיר שירות המבחן,תסקיר שירות מבחן,תסקיר שירות מבחן,תסקיר שירות מבחן,תסקיר שירות מבחן,תסקיר שירות מבחן
ME-21-06-43085-219,"ב""כ המאשימה טען לחומרת עבירות הנשק והנהיגה ללא רישיון; לערכים החברתיים המוגנים בעבירות ולמידת הפגיעה בהם; לנסיבות ביצוע העבירות, ובין היתר, הרקע לביצוע העבירות, התעוזה הרבה שבה הן בוצעו- ירי לעבר רכב בשטח בית ספר, בצהרי היום; לפוטנציאל הנזק במעשי הנאשם ולנזק שנגרם בפועל. הפנה לדיסק ובו סרטון האירוע המלמד על הסיכון הרב שבמעשי הנאשם. עמד על מדיניות הענישה הנוהגת, תוך שהפנה לפסיקה רלוונטית. ציין את הנחיות פרקליט המדינה שמטרתן החמרת הענישה בעבירות נשק ואת הוראת השעה הקובעת עונשי מינימום על עבירות נשק- הגם שהיא אינה חלה על מעשי הנאשם. וטען שמתחם העונש ההולם נע בין 5 ל- 8 שנות מאסר בפועל. אשר לעונש הראוי לנאשם, ציין שהנאשם צעיר, ללא עבר פלילי, אשר הודה במיוחס לו ולקח אחריות על מעשיו. ציין את התרשמות שירות המבחן ממצבו הנפשי. ועמד על הצורך בהרתעת הנאשם והציבור. ועתר להטיל על הנאשם עונש בשליש התחתון של המתחם שהוצע, מאסר על תנאי ארוך ומרתיע, קנס כספי, פיצוי למתלונן, ופסילת רישיון נהיגה בפועל ועל תנאי.",טיעוני הצדדים,טיעוני הצדדים,טיעוני הצדדים,טיעוני הצדדים,טיעוני הצדדים,טיעוני הצדדים
ME-21-06-43085-219,"ב""כ הנאשם טענה שאין מדובר בירי מתוך כוונה לפגוע באדם, אלא שהנאשם ירה לעבר רכב שלא היה בו איש, ואין מחלוקת שפוטנציאל הנזק היה מצומצם. וציינה שכתב האישום המתוקן לא ייחס לנאשם ידיעה שהיו אנשים בתוך הקרוואן. הוסיפה, שמנהל בית הספר הוא קרוב משפחתו של הנאשם, ואין ביניהם סכסוך. וציינה שהמנהל לא שיתף פעולה עם גורמי החקירה. טענה שהנאשם בן 21, רווק. הפנתה לנתונים המפורטים בתסקיר ולהתרשמות שירות המבחן מהנאשם. ציינה את האמירות המתייחסות למצבו הנפשי. הגישה פסיקה, סיכום מידע רפואי של הנאשם ואמו, ואת תיקו הרפואי של הנאשם משב""ס.",טיעוני הצדדים,טיעוני הצדדים,טיעוני הצדדים,טיעוני הצדדים,טיעוני הצדדים,טיעוני הצדדים
ME-21-06-43085-219,והנאשם הביע צער על מעשיו.,טיעוני הצדדים,טיעוני הצדדים,טיעוני הצדדים,טיעוני הצדדים,טיעוני הצדדים,טיעוני הצדדים
ME-21-06-43085-219,"לטובת הנאשם העידו דודו של הנאשם וקרוב משפחה נוסף. והם אמרו שהנאשם בחור טוב, שעשה טעות.",טיעוני הצדדים,טיעוני הצדדים,טיעוני הצדדים,ראיות לעונש,טיעוני הצדדים,טיעוני הצדדים
ME-21-06-43085-219,"הנאשם הורשע בביצוע מספר עבירות – החזקת ונשיאת נשק, ירי מנשק חם, היזק בזדון, חבלה במזיד, נהיגה ללא רישיון נהיגה ונהיגה ללא ביטוח. עבירות הנשק הן העבירות המרכזיות בפרשה, בעוד העבירות האחרות נלוו להן. כל העבירות בוצעו במהלך אותו אירוע, בתחום אותו ישוב ובמהלך אותו פרק זמן. ובנסיבות יש לראות בכלל העבירות כמהוות אירוע אחד, לקבוע מתחם עונש הולם לאירוע כולו ולגזור עונש כולל לכל העבירות בהן הורשע הנאשם.",דיון והכרעה,דיון והכרעה,דיון והכרעה,עובדות המקרה,דיון והכרעה,דיון והכרעה
ME-21-06-43085-219,"חלקים מרכזיים מהאירוע, כולל שלב הירי, נקלטו במצלמות אבטחה. והסרטון המתעד אותם הוגש לבית המשפט כראיה, בהסכמה. צפיתי בסרטון מספר פעמים.",דיון והכרעה,דיון והכרעה,דיון והכרעה,ראיות לעונש,דיון והכרעה,דיון והכרעה
ME-21-06-43085-219,"האירוע התרחש בשעת לפני הצהריים, בתנאי ראות טובים מאוד, וניתן לראות בסרטון בצורה ברורה את פרטי ההתרחשויות.",דיון והכרעה,דיון והכרעה,דיון והכרעה,ראיות לעונש,דיון והכרעה,דיון והכרעה
ME-21-06-43085-219,"בשלב הראשון של האירוע רואים, שהנאשם מגיע ברכב לקרבת בית ספר. בית הספר מוקף גדר והכניסה אליו היא דרך שער מפוקח. משמאל לשער ישנו מבנה ""קרוואן"" די גדול (להלן: ""המבנה""), שבו נמצא שומר בית הספר. בצד המבנה ישנה רחבה המאפשרת הגעה עד לחלון במבנה, דרכו ניתן לשוחח עם השומר עוד לפני הכניסה לשטח בית הספר. ובחזית המבנה הפונה לחצר בית הספר, ישנה דלת, דרכה השומר יוצא מהמבנה לחצר בית הספר לצורך פתיחת וסגירת השער.",דיון והכרעה,דיון והכרעה,דיון והכרעה,עובדות המקרה,דיון והכרעה,דיון והכרעה
ME-21-06-43085-219,"בפעם הראשונה, הנאשם יורד מהרכב ומגיע רגלית לקרבת החלון הצדדי של המבנה. הוא מתעכב מעט ליד החלון ומיד אחר כך השומר יוצא מהמבנה, מגיע לשער מתוך שטח בית הספר ופותח אותו לנאשם. הנאשם נכנס לשטח בית הספר, מגיע לאזור הכיתות ובשלב מסוים פוגש במנהל בית הספר. השניים הולכים יחד במסדרונות ובהמשך המנהל מלווה את הנאשם אל שער בית הספר, הנאשם מתעכב שם רגע עד שהשומר מגיע מתוך המבנה ופותח לו את השער ואז הנאשם עוזב את המקום ברכבו. מיד אחר כך הנאשם חוזר ברכבו וחונה בחניה הסמוכה לבית הספר וכעבור זמן מה הוא יוצא מהרכב מגיע לחלון המבנה ומתעכב שם זמן מה כשהוא נראה מתקשר עם מישהו בתוך המבנה. אחר כך הוא מתקרב לשער בית הספר, מגיעות למקום שתי בחורות מכיוון בית הספר, אחת מהן מתקרבת לשער ומדברת עם הנאשם וכעבור זמן קצר הנאשם עוזב את המקום מבלי להיכנס לבית הספר. וכעבור כרבע שעה  הנאשם מגיע ברכבו לבית הספר, יוצא מהרכב כשבידו אקדח ומיד פותח בירי מטווח קצר לכיוון רכב המנהל שחזיתו צמודה לקיר המבנה. הנאשם יורה כ- 9-10 יריות ועוזב את המקום.",דיון והכרעה,דיון והכרעה,דיון והכרעה,עובדות המקרה,דיון והכרעה,דיון והכרעה
ME-21-06-43085-219,"להשלמת התמונה יצוין, כי בעובדות כתב האישום שהנאשם הודה בהן, מתואר, שמספר כדורי 9 מ""מ שהנאשם ירה פגעו ברכב המנהל וכדור אחד חדר למבנה ופגע בארון. ושבעת הירי, שהו במבנה, שומר בית הספר ושניים נוספים, ובחצר בית הספר היו אנשים.",דיון והכרעה,דיון והכרעה,דיון והכרעה,עובדות המקרה,דיון והכרעה,דיון והכרעה
ME-21-06-43085-219,"הסכנות הכרוכות בהחזקת ונשיאת נשק, מוכרות וידועות לכל ואין צורך להכביר עליהן מלים. הסכנה שבירי של מספר רב של כדורים, מנשק בקוטר 9 מ""מ, מטווח קצר, לכיוון מקום בו עלולים להימצא בני אדם, מזעזעת בחומרתה.",דיון והכרעה,דיון והכרעה,דיון והכרעה,דיון והכרעה,דיון והכרעה,דיון והכרעה
ME-21-06-43085-219,"עבירות הנשק של הנאשם פגעו בערכים החברתיים של קדושת החיים ושמירת הגוף, וכן בערכי שמירת שלום הציבור ובטחונו, ושמירת בטחון התלמידים והצוות במוסדות חינוך. ועבירות התעבורה שלו פגעו בערכים של שמירת הבטיחות בדרכים ושמירת בטחון משתמשי הדרך.",דיון והכרעה,דיון והכרעה,דיון והכרעה,דיון והכרעה,דיון והכרעה,דיון והכרעה
ME-21-06-43085-219,"נשיאת נשק שלא כדין, כשלעצמה, הינה מעשה חמור מאוד. העונש הקבוע לעבירה זו – 10 שנות מאסר, וההוראה בדבר הטלת עונש מאסר מזערי, שאמנם איננה חלה במקרה זה, משקפים את החומרה המושגית, העקרונית, ומצביעים לעבר ענישה משמעותית.",דיון והכרעה,דיון והכרעה,דיון והכרעה,דיון והכרעה,דיון והכרעה,דיון והכרעה
ME-21-06-43085-219,"הירי מהנשק, המשכלל עבירה נוספת – שהעונש הקבוע לצדה הוא 5 שנות מאסר, מעצים עד מאוד את חומרת מעשה הנאשם בכללותו.",דיון והכרעה,דיון והכרעה,דיון והכרעה,דיון והכרעה,דיון והכרעה,דיון והכרעה
ME-21-06-43085-219,"למרות האיסור הפלילי החמור והעונשים הקבועים לעבירות הנשק, התופעה של החזקת ונשיאת נשק שלא כדין נפוצה מאוד והיא הגיעה לממדים בלתי נסבלים, במיוחד בחברה הערבית. אחד ממאפייני התופעה באזורנו, בחברה הבדואית, הוא, שכלי הנשק הבלתי חוקיים מוחזקים לאו דווקא בידי עבריינים מובהקים, לצורך שימוש למטרות עברייניות טיפוסיות, אלא על ידי אנשים מהשורה, המקיימים אורח חיים רגיל ונורמטיבי, לצורך שימוש בהם במסגרת סכסוכים שגרתיים פנימיים.",דיון והכרעה,דיון והכרעה,דיון והכרעה,דיון והכרעה,דיון והכרעה,דיון והכרעה
ME-21-06-43085-219,"השלכות המצב על שלום הציבור וביטחונו ועל תחושת הביטחון האישי במרחב הציבורי, ניכרות ובולטות. הציבור משווע לשינוי. והעיניים נשואות למערכות אכיפת החוק.",דיון והכרעה,דיון והכרעה,דיון והכרעה,דיון והכרעה,דיון והכרעה,דיון והכרעה
ME-21-06-43085-219,"הדברים הבאים, מתוך ע""פ 4406-19 מדינת ישראל נ' יונס סובח (05.11.19), מתארים היטב את המצב ומדברים בעד עצמם.",דיון והכרעה,דיון והכרעה,דיון והכרעה,דיון והכרעה,דיון והכרעה,דיון והכרעה
ME-21-06-43085-219,"נוכח מאפייני עבירות הנשק, טיב הסכנה הכרוכה בהן, והתגברות עבירות אלה בשנים האחרונות עד כדי הפיכתן למכת מדינה, מדיניות הענישה הנוהגת לגביהן הינה של חומרה מובהקת, המעניקה את הבכורה לשיקולי הגמול וההרתעה.",דיון והכרעה,דיון והכרעה,דיון והכרעה,דיון והכרעה,דיון והכרעה,דיון והכרעה
ME-21-06-43085-219,"""...לעיתים מדיניות הענישה הנוהגת ביחס לעבירה מסוימת אינה מספקת, ועל בית המשפט להורות על החמרה בענישה על מנת לקדם ולהגן על הערכים אשר ביסודה, ובכך לבלום את נפיצותן של עבירות מסוימות ההופכות ל""מכת מדינה"", ולתת ביטוי לחומרה שיש לייחס להן. המקרה שלפנינו נמנה לטעמי עם אותם מקרים חריגים אשר בהם נדרשת התערבותו של בית משפט זה בשבתו כערכאת ערעור, וזאת לנוכח מדיניות הענישה המחמירה אשר יש לנקוט כלפי עבירות הכוללות שימוש בנשק חם [...]. השימוש בנשק חם ככלי ליישוב סכסוכים הפך לרעה חולה, וכמעשה של יום ביומו גובה חיי אדם ולעיתים אף את חייהם של חפים מפשע אשר כל חטאם היה כי התהלכו באותה עת ברחובה של עיר. בשנים האחרונות אף חלה עליה מתמדת במספר אירועי הירי המדווחים למשטרה (ראו למשל: דו""ח מבקר המדינה התמודדות משטרת ישראל עם החזקת אמצעי לחימה לא חוקיים ואירועי ירי ביישובי החברה הערבית וביישובים מעורבים 28 (2018)). על רקע המציאות אותה אנו חווים למרבה הצער מדי יום, אנו עדים לקריאה ציבורית נרגשת להגברת האכיפה כלפי עבירות נשק – ולהחמרה במדיניות הענישה הנוהגת."" (ע""פ 4406/19 מדינת ישראל נ' סובח (05.11.2019))",דיון והכרעה,דיון והכרעה,דיון והכרעה,דיון והכרעה,דיון והכרעה,דיון והכרעה
ME-21-06-43085-219,"הלכה למעשה, בתי המשפט הדיוניים מממשים את מדיניות הענישה הנוהגת בפסיקת בית המשפט העליון, ומטילים על עבירת נשיאת נשק עונשי מאסר משמעותיים. כך למשל -",דיון והכרעה,דיון והכרעה,דיון והכרעה,דיון והכרעה,דיון והכרעה,דיון והכרעה
ME-21-06-43085-219,"בע""פ 8322-21 מוחמד דחלה נ' מדינת ישראל (13.04.22) המערער הורשע בעבירות של נשיאת נשק, ירי בקרבת מגורים ושיבוש מהלכי משפט. נקבע מתחם עונש ההולם הנע בין 34 ל- 54 חודשי מאסר ועונשים נלווים. והמערער נידון ל- 36 חודשי מאסר בפועל.",דיון והכרעה,דיון והכרעה,דיון והכרעה,דיון והכרעה,דיון והכרעה,דיון והכרעה
ME-21-06-43085-219,"בע""פ 6496-21 באסל ריאן נ' מדינת ישראל (20/12/21) על רקע סכסוך משפחות, המערערים הגיעו לפארק, הבחינו בשניים מבני המשפחה היריבה ואחד מהם ירה ירייה בודדת במטרה להפחידם. בהמשך, הם ירו לעבר רכב בו נסעו אחרים מהמשפחה היריבה, מספר יריות. שלושה קליעים פגעו בחלקו האחורי של הרכב וקליע נוסף חדר לתוכו. ולפחות קליע אחד פגע ברכבו של אחר, בלתי מעורב, המתגורר בסמוך, ואחד הקליעים שפשף את מעילו. המערערים נמלטו ובהמשך ניסו להצית את הרכב בו נסעו. נקבע כי מתחם העונש נע בין 3 ל-6 שנות מאסר בפועל. ניתן משקל לסולחה בין הצדדים. והוטלו על המערערים 4 שנות מאסר בפועל.",דיון והכרעה,דיון והכרעה,דיון והכרעה,דיון והכרעה,דיון והכרעה,דיון והכרעה
ME-21-06-43085-219,בית המשפט העליון דחה את הערעור וקבע-,דיון והכרעה,דיון והכרעה,דיון והכרעה,דיון והכרעה,דיון והכרעה,דיון והכרעה
ME-21-06-43085-219,"בע""פ 1427-21 טארק שוויקי נ' מדינת ישראל (26/05/21) על רקע סכסוך בין משפחות החלה התקהלות במהלכה יודו אבנים, בוצע ירי באוויר ונזרקו חפצים. המערער הגיע למקום שהוא נושא רובה דמוי M-16, נעמד סמוך להתקהלות וירה באוויר לפחות 17 כדורים. ונידון ל-37 חודשי מאסר בפועל ועונשים נלווים.",דיון והכרעה,דיון והכרעה,דיון והכרעה,דיון והכרעה,דיון והכרעה,דיון והכרעה
ME-21-06-43085-219,"בע""פ 1059-21 פלוני נ' מדינת ישראל (29.04.21) נקבע מתחם עונש הולם של 3-5 שנות מאסר והוטלו על המערער 42 חודשי מאסר בפועל, בעיקר על החזקת אקדח גנוב וירי ממנו.",דיון והכרעה,דיון והכרעה,דיון והכרעה,דיון והכרעה,דיון והכרעה,דיון והכרעה
ME-21-06-43085-219,"בע""פ 5522-20 נזאר חלייחל נ' מדינת ישראל (24.02.21) המערער נדון על נשיאת נשק וירי ממנו בשעת לילה באזור כפרי, ל- 41 חודשי מאסר בפועל, כולל הפעלת מאסר על תנאי של 5 חודשים.",דיון והכרעה,דיון והכרעה,דיון והכרעה,דיון והכרעה,דיון והכרעה,דיון והכרעה
ME-21-06-43085-219,"בע""פ 1509-20 מדינת ישראל נ' ראפאת נבארי (02.07.20) בית המשפט העליון החמיר בעונשו של המשיב, אשר הורשע בנשיאה והובלה של נשק ובירי מנשק חם באזור מגורים, והטיל עליו 36 חודשי מאסר בפועל, תחת עונש מאסר של 27 חודשים שנקבע לו בבית המשפט המחוזי, תוך ציון ההלכה שערכאת הערעור איננה ממצה את הדין.",דיון והכרעה,דיון והכרעה,דיון והכרעה,דיון והכרעה,דיון והכרעה,דיון והכרעה
ME-21-06-43085-219,"בע""פ 6068-21 מדינת ישראל נ' אברהים פקיה (19.12.21) בית המשפט העליון החמיר בעונשו של המשיב, אשר הורשע בעבירות של נשיאת נשק וירי באזור מגורים, והטיל עליו 25 חודשי מאסר בפועל, תחת עונש מאסר של 14 חודשים שהוטל עליו בבית המשפט המחוזי.",דיון והכרעה,דיון והכרעה,דיון והכרעה,דיון והכרעה,דיון והכרעה,דיון והכרעה
ME-21-06-43085-219,נסיבות הקשורות בביצוע העבירות –,דיון והכרעה,דיון והכרעה,דיון והכרעה,דיון והכרעה,דיון והכרעה,דיון והכרעה
ME-21-06-43085-219,"אין חולק כי נהיגת הנאשם ברכב ללא רישיון נהיגה וללא ביטוח, היתה מודעת ויזומה.  ושנשיאת הנשק והירי בו היו יזומים ומתוכננים. העובדות המתוארות בכתב האישום בענין זה ברורות ומדברות בעד עצמן.",דיון והכרעה,דיון והכרעה,דיון והכרעה,דיון והכרעה,דיון והכרעה,דיון והכרעה
ME-21-06-43085-219,"האירוע התרחש ביום חול, בו התקיימו בבית הספר לימודים כסדרם. והשעה בה הנאשם ביצע את הירי – לערך 12:50, היא שעה בה עדיין מתקיימים לימודים בבית הספר.",דיון והכרעה,דיון והכרעה,דיון והכרעה,דיון והכרעה,דיון והכרעה,דיון והכרעה
ME-21-06-43085-219,"כפי שניתן לראות בסרטון המתעד את ההתרחשויות, הנאשם הגיע לבית הספר ביום האירוע 3 פעמים. בשתי הפעמים הראשונות הוא נוכח לדעת שהמבנה משמש את שומר בית הספר, הנמצא במקום. ובנסיבות היה עליו לדעת בעת הירי שיתכן ויש אנשים במבנה.",דיון והכרעה,דיון והכרעה,דיון והכרעה,דיון והכרעה,דיון והכרעה,דיון והכרעה
ME-21-06-43085-219,"בפועל, בעת הירי, נכחו במבנה אליו חדר אחד הכדורים שלושה אנשים, וגם בחצר בית הספר היו אנשים.",דיון והכרעה,דיון והכרעה,דיון והכרעה,דיון והכרעה,דיון והכרעה,דיון והכרעה
ME-21-06-43085-219,"הנאשם ירה מאקדח בקוטר 9 מ""מ, מטווח קרוב, מספר יריות. צורת הירי וכיוונו, וטיב התחמושת שנורתה, יצרו סכנה ממשית לפגיעה בחיי אדם.",דיון והכרעה,דיון והכרעה,דיון והכרעה,דיון והכרעה,דיון והכרעה,דיון והכרעה
ME-21-06-43085-219,הכדורים שהנאשם ירה פגעו ברכבו של מנהל בית הספר ובארון הנמצא בתוך מבנה.,דיון והכרעה,דיון והכרעה,דיון והכרעה,דיון והכרעה,דיון והכרעה,דיון והכרעה
ME-21-06-43085-219,"הירי שהנאשם ביצע בקרבה כה רבה לבית ספר בו מתקיימים לימודים, יכל להסתיים באסון חמור. למרבה הצער כבר היו דברים מעולם, כולל בזמן האחרון, יותר מפעם אחת.",דיון והכרעה,דיון והכרעה,דיון והכרעה,דיון והכרעה,דיון והכרעה,דיון והכרעה
ME-21-06-43085-219,"מעבר לכך, ירי באמצע היום, בלב ישוב, בסביבת בית ספר ומגורים, מכניס פחד ודאגה בלב האנשים ופוגע בשלוות הנפש של הציבור.",דיון והכרעה,דיון והכרעה,דיון והכרעה,דיון והכרעה,דיון והכרעה,דיון והכרעה
ME-21-06-43085-219,הרקע לירי הוא כעסו של הנאשם על מנהל בית הספר.,דיון והכרעה,דיון והכרעה,דיון והכרעה,דיון והכרעה,דיון והכרעה,דיון והכרעה
ME-21-06-43085-219,הנאשם ביצע את העבירות בעצמו ולבדו.,דיון והכרעה,דיון והכרעה,דיון והכרעה,דיון והכרעה,דיון והכרעה,דיון והכרעה
ME-21-06-43085-219,"בהתחשב, בחומרת מעשי העבירות של הנאשם בנסיבותיהם, במידת אשמו של הנאשם, בערכים החברתיים שנפגעו מביצוע העבירות ובמידת הפגיעה בהם, במדיניות הענישה הנהוגה ובנסיבות הקשורות בביצוע העבירות, מתחם העונש ההולם למעשי הנאשם נע בין 4 ל- 7 שנות מאסר בפועל.",דיון והכרעה,דיון והכרעה,דיון והכרעה,דיון והכרעה,דיון והכרעה,דיון והכרעה
ME-21-06-43085-219,"ב""כ הנאשם הפנתה לפסקי דין שונים וביקשה שהעונשים שהוטלו בהם ישמשו אמת מידה לענייננו.",דיון והכרעה,דיון והכרעה,דיון והכרעה,דיון והכרעה,דיון והכרעה,דיון והכרעה
ME-21-06-43085-219,"ראשית, יש לחזור ולהזכיר את מדיניות הענישה המחמירה הנוהגת בעבירות נשק, שהותוותה בפסיקה רצופה של בית המשפט העליון, וביתר שאת בעת האחרונה; את עונשי  המאסר המשמעותיים המוטלים הלכה למעשה על נאשמים המורשעים בעבירות אלה; ואת העובדה שבכל אחד מפסקי הדין שהוצגו, הוטלו עונשי מאסר ממשיים תוך ציון חומרתן הרבה של עבירות הנשק והצורך בענישה מחמירה.",דיון והכרעה,דיון והכרעה,דיון והכרעה,דיון והכרעה,דיון והכרעה,דיון והכרעה
ME-21-06-43085-219,"שנית, כברוב העבירות גם בעבירות הנשק ניתן למצוא פסקי דין שהעונש שהוטל בהם חמור מזה שמוטל בדרך כלל ופסקי דין שהעונש שהוטל בהם קל מזה שמוטל בדרך כלל. לא אלה ולא אלה משקפים את הנתיב העונשי המרכזי.",דיון והכרעה,דיון והכרעה,דיון והכרעה,דיון והכרעה,דיון והכרעה,דיון והכרעה
ME-21-06-43085-219,"באופן כללי, העונש שנקבע לנאשם מושפע בין היתר מנתוני העבירה בנסיבותיה, ממידת אשמו של הנאשם ומנתונים ונסיבות הנוגעים לנאשם. ואלה מטבע הדברים משתנים ממקרה למקרה. ואין אפשרות שכל העונשים שיוטלו בכל ההליכים, בכל בתי המשפט, ישמרו על יחס מתאים אלה לאלה. נקודת ההתייחסות צריכה להיות לקו המרכזי בענישה ולא לחריגים.",דיון והכרעה,דיון והכרעה,דיון והכרעה,דיון והכרעה,דיון והכרעה,דיון והכרעה
ME-21-06-43085-219,"ושלישית, הנסיבות והנתונים הקונקרטיים של העבירות ושל הנאשמים בפסקי הדין שההגנה הציגה, המשפיעים על מידת העונש, שונים מענייננו –",דיון והכרעה,דיון והכרעה,דיון והכרעה,דיון והכרעה,דיון והכרעה,דיון והכרעה
ME-21-06-43085-219,"כך למשל, בת""פ 34526-06-18  מ""י נ' גהאד כמיל (14.11.18) דובר בירי באוויר שבוצע בחצר ביתם של הנאשמים, לאחר שעובר לביצוע היריות נורו יריות לעבר ביתם. נקבע מתחם שבין שנה לשלוש שנות מאסר. והוטלו על הנאשמים 18 חודשי מאסר ושנת מאסר.",דיון והכרעה,דיון והכרעה,דיון והכרעה,דיון והכרעה,דיון והכרעה,דיון והכרעה
ME-21-06-43085-219,"בת""פ 13355-09-16 מ""י נ' מחמוד נסרה (30.01.17) דובר בהסדר טיעון סגור, על רקע מתן נשק לשימוש בחתונה. וירי באוויר. אחד הנאשמים נדון ל- 21 חודשי מאסר. אחר נדון ל- 14 חודשי מאסר.",דיון והכרעה,דיון והכרעה,דיון והכרעה,דיון והכרעה,דיון והכרעה,דיון והכרעה
ME-21-06-43085-219,"בת""פ 37065-10-15 מ""י נ' פורז שחאדה (17.11.16) הנאשמים ירו לעבר רכבים חונים בשעת לילה. והשליכו רימון הלם. נקבע מתחם שבין 2 ל-5 שנות מאסר. צוין כי יש להניח לטובתם שדובר במעשה קונדס שלא יועד למטרת הפחדה או איומים. האחד נידון לשנתיים. ובעניינו של השני מצא בית המשפט שיש לחרוג בשל שיקולי שיקום, והוא נידון ל- 15 חודשי מאסר בפועל.",דיון והכרעה,דיון והכרעה,דיון והכרעה,דיון והכרעה,דיון והכרעה,דיון והכרעה
ME-21-06-43085-219,"בת""פ 303091-06-20 מ""י נ' סעיד עישאן (02.08.21) דובר בירי של כדור בודד באוויר, מתוך רכב. נקבע מתחם הנע בין 24 ל- 48 חודשי מאסר והוטלו עונשים של 24 חודשים ו- 30 חודשים.",דיון והכרעה,דיון והכרעה,דיון והכרעה,דיון והכרעה,דיון והכרעה,דיון והכרעה
ME-21-06-43085-219,"בת""פ 29911-03-15 מ""י נו טאהר אבו דיב (11.08.15) הנאשם החזיק ונשא נשק טעון, וירה מספר רב של כדורים בחווה שבבעלותו. לאחר מכן עזב את החווה עם אחר לכיוון ביתו ובמהלך נסיעתו בשכונת מגורים ירה מספר רב של כדורים. צוין שהירי לא בוצע לעבר גורם ספציפי. והוא נידון ל- 28 חודשי מאסר.",דיון והכרעה,דיון והכרעה,דיון והכרעה,דיון והכרעה,דיון והכרעה,דיון והכרעה
ME-21-06-43085-219,"בת""פ 9144-07-10  מ""י נ' אמיר קעדאן ואח' (29.06.11) דובר בשלושה אירועים- האחד של נשיאת נשק וירי באוויר, השני נשיאת נשק וירי לעבר בית, והשלישי תקיפת המתלוננים באלות וסכינים. לקולא נלקחו בחשבון גזר דין שניתן בעניינם של בני המשפחה היריבה, הסכם סולחה ומעצר ממושך. הנאשם שהורשע בשלושת האירועים נידון ל- 30 חודשי מאסר והנאשם הנוסף שהורשע באישומים הראשון והשלישי נידון ל- 23 חודשי מאסר.",דיון והכרעה,דיון והכרעה,דיון והכרעה,דיון והכרעה,דיון והכרעה,דיון והכרעה
ME-21-06-43085-219,"בת""פ 1578-04-13 מ""י נ' נאצר סרחאן (19.12.13) הנאשם הגיע למקום בו היתה קטטה ונתבקש להרגיע את הרוחות. נכנס לביתו, הוציא אקדח וירה שתי יריות לעבר המתלונן ובני משפחה אחרים. צוין שבני משפחתו היו מצויים בסכנה והוא בחר בדרך אלימה ושגויה. נקבע מתחם שבין 30 חודשים ל- 5 שנות מאסר. והנאשם נידון ל- 30 חודשי מאסר.",דיון והכרעה,דיון והכרעה,דיון והכרעה,דיון והכרעה,דיון והכרעה,דיון והכרעה
ME-21-06-43085-219,"בת""פ 5795-07-14 מ""י נ' רמאדן תורק (17.04.16) דובר בסכסוך שכנים. התפתחה תגרה. בניו של אחד המתלוננים החזיקו סכינים. המערער נכנס לביתו ויצא שהוא אוחז בנשק ארוך והחל לירות לעבר שער בית המתלוננים. נקבע מתחם שבין 26 ל- 42 חודשים והוא נידון ל- 30 חודשי מאסר. הערעור נדחה (ע""פ 4377/16 רמאדן תורק נ' מ""י (06.10.16)).",דיון והכרעה,דיון והכרעה,דיון והכרעה,דיון והכרעה,דיון והכרעה,דיון והכרעה
ME-21-06-43085-219,"בת""פ 45095-05-15 מ""י נ' סאאר עביד (14.02.16) הנאשם החזיק בביתו תת מקלע וכדורים. ירה מחלון ביתו לעבר מרפסת המתלוננים בעת שהם ישבו בה. ולאחר מכן ירה עוד מספר כדורים מגג ביתו. שולב בטיפול. נקבע מתחם הנע בין 18 ל- 36 חודשים ונידון לשנתיים.",דיון והכרעה,דיון והכרעה,דיון והכרעה,דיון והכרעה,דיון והכרעה,דיון והכרעה
ME-21-06-43085-219,ההגנה ציינה שפסיכיאטר מטעמה בדק את הנאשם והצהירה כי אם תתקבל ממנו חוות דעת על הנאשם היא תוגש לבית המשפט. ובהתאם לכך בית המשפט נתן להגנה פרק זמן של שבועיים לעדכן בענין זה. חלף כחודש ולא התקבלה כל הודעה בנושא. ובנסיבות יש להניח שלא ניתנה חוות דעת פסיכיאטרית רלוונטית על הנאשם.,דיון והכרעה,דיון והכרעה,דיון והכרעה,דיון והכרעה,דיון והכרעה,דיון והכרעה
ME-21-06-43085-219,"ההגנה הגישה אסופת מסמכים רפואיים של הנאשם, מהקהילה ומשב""ס.",דיון והכרעה,דיון והכרעה,דיון והכרעה,דיון והכרעה,דיון והכרעה,ראיות לעונש
ME-21-06-43085-219,"עיון במסמכי שב""ס, מתקופות שונות, מלמד, שלא מצוינת בהם כל מחלה נפשית או גופנית של הנאשם ושהנאשם הצהיר שאין לו ""עבר פסיכיאטרי"", הוא איננו סובל ממחלות קבועות ואינו צורך תרופות קבועות.",דיון והכרעה,דיון והכרעה,דיון והכרעה,דיון והכרעה,דיון והכרעה,ראיות לעונש
ME-21-06-43085-219,"במסמך מבית החולים ""סורוקה"" מיום 10.6.21, מתואר אירוע בו במהלך חקירת הנאשם במשטרה הוא נשכב מהכסא והיה ללא תגובה למספר דקות, ומצוין שאירוע דומה התרחש כשהנאשם היה בחדר המיון – שחלף מיידית. הנאשם נבדק ושוחרר מבלי שנמצא ממצא מיוחד, נוירולוגי או אחר.",דיון והכרעה,דיון והכרעה,דיון והכרעה,דיון והכרעה,דיון והכרעה,ראיות לעונש
ME-21-06-43085-219,"ובאישור כללי מקופת חולים מאוחדת, מיולי 2021, צוין בנוגע לנאשם ש""ידוע על אירועים של פרכוס מילדות, ככל הנראה על רקע אפילפסיה. מקבל טיפול כרוני בדפאליפט. לא מגיע למעקב רפואי באופן קבוע עקב בעיות סוציואקונומיות קשות במשפחה. רוכש את התרופות לעתים רחוקות"". אין במסמכים שהנאשם הציג כל אישור על כך שהנאשם מאובחן כחולה אפילפסיה או שהוא זקוק לטיפול באפילפסיה. והוא עצמו טען בשירות המבחן שלאחר מות אביו החלו אצלו פרכוסים שבעטיים הוא קיבל טיפול פסיכיאטרי, אשר נפסקו בעקבות טיפול אצל שייח. ולא טען לאפילפסיה מילדות או לקבלת טיפול לאפילפסיה.",דיון והכרעה,דיון והכרעה,דיון והכרעה,דיון והכרעה,דיון והכרעה,ראיות לעונש
ME-21-06-43085-219,בגזירת עונשו של הנאשם אני מביא בחשבון את גילו הצעיר של הנאשם; העובדה שאין לו עבר פלילי והוא שמר על יציבות תעסוקתית; הודאת הנאשם; נסיבותיו האישיות והמשפחתיות המורכבות; והעובדה שזהו מאסרו הראשון של הנאשם ומטבע הדברים הוא יגרום לפגיעה בנאשם ובמשפחתו.,דיון והכרעה,דיון והכרעה,דיון והכרעה,דיון והכרעה,דיון והכרעה,דיון והכרעה
ME-21-06-43085-219,"הנאשם ביצע את מעשיו בצהרי יום, במרחב הציבורי, מבלי להסתיר את עצמו, באופן המלמד על חוסר גבולות פנימי ועל אי מורא דין, המחייבים הרתעה אישית למניעת הישנות מעשים דומים.",דיון והכרעה,דיון והכרעה,דיון והכרעה,דיון והכרעה,דיון והכרעה,דיון והכרעה
ME-21-06-43085-219,"תופעת השימוש בנשק חם במסגרת סכסוכים, רווחת מאוד, במיוחד במגזר הבדואי. וסכנותיה לשלום הציבור מחייבות הטלת ענישה שיהיה בה כדי להרתיע את הציבור מפני ביצוע עבירות נשק.",דיון והכרעה,דיון והכרעה,דיון והכרעה,דיון והכרעה,דיון והכרעה,דיון והכרעה
ME-21-06-43085-219,"בהתחשב בכל האמור, אני גוזר על הנאשם את  העונשים הבאים:",דיון והכרעה,דיון והכרעה,דיון והכרעה,דיון והכרעה,דיון והכרעה,דיון והכרעה
ME-21-06-43085-219,"א.	5 שנות מאסר בפועל, בניכוי ימי מעצרו.",דיון והכרעה,דיון והכרעה,דיון והכרעה,דיון והכרעה,דיון והכרעה,דיון והכרעה
ME-21-06-43085-219,12 חודשי מאסר על תנאי למשך שלוש שנים מיום שחרורו מהמאסר שלא יעבור עבירת נשק המסווגת כפשע.,דיון והכרעה,דיון והכרעה,דיון והכרעה,דיון והכרעה,דיון והכרעה,דיון והכרעה
ME-21-06-43085-219,פסילת רישיון נהיגה למשך שנה מיום שחרורו מהמאסר.,דיון והכרעה,דיון והכרעה,דיון והכרעה,דיון והכרעה,דיון והכרעה,דיון והכרעה
ME-21-06-43085-219,"פיצוי בסך 5,000 ₪ למר עאמר אבו עראר.",דיון והכרעה,דיון והכרעה,דיון והכרעה,דיון והכרעה,דיון והכרעה,דיון והכרעה
ME-21-06-43085-219,"תשומת לב שב""ס להמלצת שירות המבחן לבחינת מצבו וצרכיו של הנאשם בתחום בריאות הנפש.",דיון והכרעה,דיון והכרעה,דיון והכרעה,דיון והכרעה,דיון והכרעה,דיון והכרעה
ME-22-06-63995-262,"חוק העונשין, תשל""ז-1977: סע'  144, 144(ב), 144(ז)",nothing,מידע אחר,מידע אחר,מידע אחר,מידע אחר,מידע אחר
ME-22-06-63995-262,"הנאשם הורשע על-פי הודאתו במסגרת הסדר טיעון בכתב אישום מתוקן (להלן: ""כתב האישום"") בעבירה של נשיאה והובלת נשק, עבירה לפי סעיף 144(ב) רישא לחוק העונשין התשל""ז-1977 (להלן: ""חוק העונשין"").",	מבוא	,עובדות המקרה,עובדות המקרה,עובדות המקרה,עובדות המקרה,עובדות המקרה
ME-22-06-63995-262,"במסגרת הסדר הטיעון הגיעו הצדדים להסדר עונשי חלקי במסגרתו הוסכם שהמאשימה תגביל עצמה בטיעוניה לעונש של 24 חודשי מאסר בעוד שההגנה תטען לעונש של 14 חודשי מאסר. באשר ליתר רכיבי הענישה הוסכם כי המאשימה תעתור לעונשים של מאסר על תנאי, קנס ופסילת רישיון נהיגה בפועל ועל תנאי, וההגנה תוכל לטעון לעונש ביחס לרכיבים אלו באופן חופשי.",	מבוא	,עובדות המקרה,עובדות המקרה,עובדות המקרה,עובדות המקרה,עובדות המקרה
ME-22-06-63995-262,"מעובדות כתב האישום עולה כי בתאריך 24.06.2022 בשעה 21:14 או בסמוך לכך, נסעו שוטרים בניידת בילוש בכביש 31 לכוון תחנת המשטרה בערד בדרכם למשמרת בילוש. במהלך הנסיעה, לאחר שעברו את היישוב חורה, הבחינו השוטרים ברכב מסוג ""טויוטה קורולה"" (להלן: ""הרכב"") נוסע ב""זיגזג"" ועובר בין נתיבי הנסיעה. בעקבות האמור, החליטו השוטרים לעצור את הרכב לבדיקה. השוטר אשר נהג בניידת הפעיל את האורות הכחולים המהבהבים במטרה לעצור את הרכב. השוטרים נסעו במקביל לרכבו של הנאשם וסימנו לו לעצור בצד. הנאשם שהבחין כי מדובר בשוטרים, האיץ את מהירות נסיעתו והשליך מחלון הרכב נשק מסוג רובה ציד מאולתר, אשר יורה ובכוחו להמית אדם (להלן: ""הנשק"") והמשיך בנסיעה עד אשר נעצר בצד הכביש. לאחר שהנאשם נעצר, שניים מהשוטרים חזרו למקום המשוער שבו נזרק הנשק ומצאו אותו בשיחים בסמוך לכביש.",	כתב האישום,עובדות המקרה,עובדות המקרה,עובדות המקרה,עובדות המקרה,עובדות המקרה
ME-22-06-63995-262,"המאשימה טענה לעונש בכתב והשלימה טיעוניה על-פה. המאשימה טענה כי מתחם העונש ההולם נע בין 24 ל-48 חודשי מאסר.  המאשימה עתרה בהתאם להסדר הטיעון לעונש של 24 חודשי מאסר לצד מאסר על תנאי מרתיע, קנס משמעותי ופסילת רישיון נהיגה ממושכת בפועל ועל תנאי. את עתירתה לפסול את רישיון הנהיגה בפועל ועל תנאי נימקה המאשימה באופן נהיגתו של הנאשם ובכך שזה עשה שימוש לרעה ברישיון הנהיגה לצורך הובלת נשק ברכבו.",	טיעוני הצדדים,טיעוני הצדדים,טיעוני הצדדים,טיעוני הצדדים,טיעוני הצדדים,טיעוני הצדדים
ME-22-06-63995-262,"במסגרת טיעוניה, המאשימה הפנתה לערכים המוגנים שנפגעו, למידת הפגיעה המשמעותית בהם ולחומרה הקיימת בהחזקת נשק באופן לא חוקי הן בל החשש לתאונות העלולות להיגרם בידי המחזיק בנשק והן בשל החשש שהנשק יתגלגל לידיים חבלניות או עברייניות. המאשימה הפנתה לנסיבות ביצוע העבירה לרבות לתכנון שקדם את ביצוע העבירה, לסוגו ואופיו של הנשק (נשק ציד לא אוטומטי), לכך שהנשק הוחזק ללא תחמושת, למקום בו הוחזק הנשק (ברכבו שנסע בכביש מרכזי באזור הדרום), לניסיון הימלטות של הנאשם מהשוטרים ולעובדה שהוא השליך את הנשק מחלון הרכב.",	טיעוני הצדדים,טיעוני הצדדים,טיעוני הצדדים,טיעוני הצדדים,טיעוני הצדדים,טיעוני הצדדים
ME-22-06-63995-262,"באשר לאופי הנשק, המאשימה ציינה כי בשל כך שלא מדובר בנשק תקני המסוגל לירות במצב אוטומטי ובשל כך שזה הובל ללא תחמושת לצדו, הסכימה היא במסגרת ההסדר לטעון לעונש הראוי לשיטתה במקרים של נשיאת כלי נשק קצרים כמו אקדח.",	טיעוני הצדדים,טיעוני הצדדים,טיעוני הצדדים,טיעוני הצדדים,טיעוני הצדדים,טיעוני הצדדים
ME-22-06-63995-262,"המאשימה עמדה בטיעוניה גם על שיקולי ההרתעה, על מגמת ההחמרה בענישה בעבירות נשק לרבות תיקון חוק העונשין בדבר עונש מזערי לעבירות נשק ועל כך שלא התבקש תסקיר שירות המבחן בעניינו של הנאשם, מה שמאיין הצורך להידרש לשיקולי שיקום.",	טיעוני הצדדים,טיעוני הצדדים,טיעוני הצדדים,טיעוני הצדדים,טיעוני הצדדים,טיעוני הצדדים
ME-22-06-63995-262,"ב""כ הנאשם טען כי הרף התחתון של מתחם העונש ההולם בענייננו צריך לעמוד על 14 חודשי מאסר. ב""כ הנאשם טען כי יש להעמיד את עונשו של הנאשם על תחתית מתחם העונש ההולם (כפי שגם המאשימה עתרה ביחס למתחם שלו טענה), היינו לקבוע עונש מאסר של 14 חודשים. ב""כ הנאשם טען כי יש לתת משקל לסוגו ולאופיו של הנשק שהוביל הנאשם – רובה צייד - ולהבחנה שיש לעשות בין נשק שכזה לבין רובה סער או אקדח שנועד למטרות אחרות.",	טיעוני הצדדים,טיעוני הצדדים,טיעוני הצדדים,טיעוני הצדדים,טיעוני הצדדים,טיעוני הצדדים
ME-22-06-63995-262,"ב""כ הנאשם עתר להימנע מהטלת קנס או לחלופין להסתפק בקנס מידתי בשל מצבו הכלכלי הקשה של הנאשם ושל משפחתו ובשל אופי העבירה שאינה כלכלית. כן עתר שלא לשלול את רישיון הנהיגה של הנאשם בפועל לנוכח כך שהנאשם לא הורשע בעבירת תעבורה ולא סיכן אנשים בכביש תוך שהוסיף כי שלילת רישיון הנהיגה תפגע בשיקומו וביכולת הנאשם לעבוד לאחר שחרורו (בעניין זה צירף מכתב ממעסיק).",	טיעוני הצדדים,טיעוני הצדדים,טיעוני הצדדים,טיעוני הצדדים,טיעוני הצדדים,טיעוני הצדדים
ME-22-06-63995-262,"בטיעוניו הפנה ב""כ הנאשם גם לגילו הצעיר של הנאשם, להודאתו ולחיסכון בזמן שיפוטי, לכך שהוא נעדר עבר פלילי, לנסיבות חייו האישיות ולהתנהלות הנורמטיבית של הנאשם ומשפחתו. ב""כ הנאשם הפנה לפסיקה התומכת בעמדתו העונשית.",	טיעוני הצדדים,טיעוני הצדדים,טיעוני הצדדים,טיעוני הצדדים,טיעוני הצדדים,טיעוני הצדדים
ME-22-06-63995-262,"הנאשם מסר כי הוא מצטער על מעשיו, כי הוא מעוניין לחזור למשפחתו ולחזור לעבוד.",	טיעוני הצדדים,טיעוני הצדדים,טיעוני הצדדים,טיעוני הצדדים,טיעוני הצדדים,טיעוני הצדדים
ME-22-06-63995-262,"למעשה הצדדים הציגו בענייננו הסדר מסוג ""הסדר טווח"" שבין 14 ל-24 חודשי מאסר, הגם שכל אחד מהצדדים התייחס בטיעוניו, כל אחד בדרכו, למתחם העונש ההולם.",	דיון והכרעה,דיון והכרעה,דיון והכרעה,טיעוני הצדדים,דיון והכרעה,דיון והכרעה
ME-22-06-63995-262,"בפסיקת בית המשפט העליון קיימות גישות שונות ביחס לשאלה האם במסגרת הסדר שכזה פטור בית המשפט מחובתו לקבוע מתחם עונש הולם. מחד, קיימת גישה לפיה קביעת מתחם עונש הולם על-ידי בית המשפט היא אמירה נורמטיבית של בית המשפט אשר צריכה להיאמר ללא קשר להסדר שבין הצדדים. מאידך, קיימת גישה לפיה בנסיבות דומות, של הסדרים ""סגורים"" או ""הסדרי טווח"", אין מקום לקביעת מתחמי עונש הולם. לעניין הגישות השונות ראו למשל ע""פ 8109/15 אביטן נ' מדינת ישראל (פורסם בנבו, 09.06.2016), פסקה 8.",	דיון והכרעה,דיון והכרעה,דיון והכרעה,דיון והכרעה,דיון והכרעה,דיון והכרעה
ME-22-06-63995-262,"לצד אלה, קיימת גם גישת ביניים לפיה במקרה שכזה אין צורך בהרחבה ובפירוט של מתחם העונש ההולם. צורך שכזה יכול לקום בעיקר עת מוצא בית המשפט להטיל עונש שנמצא מחוץ לטווח המוסכם. בעניין זה ראו למשל ע""פ 6943/16 גלקין נ' מדינת ישראל (פורסם בנבו, 28.01.2018), פסקה 3.",	דיון והכרעה,דיון והכרעה,דיון והכרעה,דיון והכרעה,דיון והכרעה,דיון והכרעה
ME-22-06-63995-262,"סבורני כי לנוכח אופיו של ההסדר אליו הגיעו הצדדים, ולנוכח העובדה שהעונש שאותו מצאתי להטיל על הנאשם נמצא בתוך טווח הטיעון המוסכם של הצדדים, אין הכרח לשרטט במדויק את גבולות מתחם העונש ההולם בענייננו, אף שמוצא אני לציין, כי הרף התחתון של מתחם העונש ההולם בענייננו צריך להיות גבוה מזה שלו טען ב""כ הנאשם.",	דיון והכרעה,דיון והכרעה,דיון והכרעה,דיון והכרעה,דיון והכרעה,דיון והכרעה
ME-22-06-63995-262,"אחר כל זאת, פטור בלא כלום אי אפשר, וכדי להבין את מסקנתי בדבר העונש הראוי לנאשם, מצאתי לעמוד גם על השיקולים שמגבשים על דרך כלל את מתחם העונש ההולם.",	דיון והכרעה,דיון והכרעה,דיון והכרעה,דיון והכרעה,דיון והכרעה,דיון והכרעה
ME-22-06-63995-262,"הנאשם פגע בערכים של שמירה על שלום הציבור ובטחונו, לרבות הגנה על חיי אדם, שמירה על שלטון החוק והסדר הציבורי.",	דיון והכרעה,דיון והכרעה,דיון והכרעה,דיון והכרעה,דיון והכרעה,דיון והכרעה
ME-22-06-63995-262,"ניסיון החיים במציאות הישראלית מלמד כי ישנו בסיס מוצק לחשש כי נשק שהוחזק או הובל באופן לא חוקי יימצא בסופו של יום בידי גורמים עברייניים או עוינים שיעשו בו שימוש לפגיעה בגוף ובנפש. בע""פ 1323/13 חסן נ' מדינת ישראל (פורסם בנבו, 5.6.2013) פסקה 12:",	דיון והכרעה,דיון והכרעה,דיון והכרעה,דיון והכרעה,דיון והכרעה,דיון והכרעה
ME-22-06-63995-262,"כן ראו דברי השופט מ' מזוז בע""פ 4406/19 מדינת ישראל נ' סובח (פורסם בנבו,5.11.2019):",	דיון והכרעה,דיון והכרעה,דיון והכרעה,דיון והכרעה,דיון והכרעה,דיון והכרעה
ME-22-06-63995-262,"בענייננו, מידת הפגיעה בערכים המוגנים היא משמעותית בשים לב לסיכון הגבוה לגוף ולנפש הנובע מנשיאת והובלת נשק. כזכור, הנאשם הוביל רובה צייד מאולתר שבכוחו להמית ברכבו, נהג ב""זיגזג"" בכביש, האיץ את רכבו כשהתבקש על-ידי השוטרים לעצור ובהמשך אף השליך את הנשק מחלון רכבו.",	דיון והכרעה,דיון והכרעה,דיון והכרעה,דיון והכרעה,דיון והכרעה,דיון והכרעה
ME-22-06-63995-262,"לצד זאת, בבחינת מידת הפגיעה בערכים המוגנים נתתי משקל גם לכך שהנאשם לא נשא תחמושת לצד הנשק, לא השתמש בנשק או נשאו אגב ביצוע עבירת אלימות או עבירה אחרת ולכך שהנשק נמצא ונתפס על-ידי השוטרים ולא התגלגל לידיים חבלניות או פליליות.",	דיון והכרעה,דיון והכרעה,דיון והכרעה,דיון והכרעה,דיון והכרעה,דיון והכרעה
ME-22-06-63995-262,"באשר לנסיבות ביצוע העבירה נתתי דעתי לנזק שנגרם לביטחון הציבור, ולמצער לתחושת ביטחון הציבור; לנזק שעלול היה להיגרם לו היה מגיע הנשק לידיים חבלניות או פליליות; לסוגו ולאופיו של הנשק, לאופן הנהיגה של הנאשם; לניסיון ההימלטות של הנאשם מהשוטרים ולכך שהשליך את הנשק מחלון רכבו.",	דיון והכרעה,דיון והכרעה,דיון והכרעה,דיון והכרעה,דיון והכרעה,דיון והכרעה
ME-22-06-63995-262,"מאידך נתתי כאמור משקל לכך שהנאשם נשא את הנשק ללא תחמושת, לא אגב ביצוע עבירה אחרת ואף לא השתמש בנשק. כן נתתי משקל לכך שבסופו של יום הנשק נתפס ובכך צומצמה מידת הנזק שעלולה להיגרם לציבור כתוצאה מביצוע העבירה.",	דיון והכרעה,דיון והכרעה,דיון והכרעה,דיון והכרעה,דיון והכרעה,דיון והכרעה
ME-22-06-63995-262,"באשר לאופיו ולסוגו של הנשק, אציין כי נתתי משקל לכך שמדובר בנשק שהוא רובה ציד מאולתר, הגם שאין להפריז במשקלה של נסיבה זו. זאת, לנוכח האמור בעובדה 4 לכתב האישום, דהיינו שהנשק שאותו נשא והוביל הנאשם הוא נשק אשר יורה ובכוחו להמית אדם .",	דיון והכרעה,דיון והכרעה,דיון והכרעה,דיון והכרעה,דיון והכרעה,דיון והכרעה
ME-22-06-63995-262,"בעניין זה ראו ע""פ 5813/21 ג'בארין נ' מדינת ישראל (פורסם בנבו, 31.5.2022) (להלן: ""עניין ג'אברין""), פסקאות 14-15:",	דיון והכרעה,דיון והכרעה,דיון והכרעה,דיון והכרעה,דיון והכרעה,דיון והכרעה
ME-22-06-63995-262,"""על רקע האמור, אין מקום לקבל את טרוניית המערערים כי גזר הדין שניתן בעניינם אינו מביא לידי ביטוי את העובדה כי מדובר ""רק"" בהחזקת נשק מסוג רובה ציד. נשק הוא נשק. מדובר בכלי משחית המסוגל ""להמית אדם"" כלשון סעיף 144(ג) לחוק העונשין. לא בכדי המחוקק ביקש להכליל בגדר המונח ""נשק"" מנעד רחב של כלים ואביזרים המסוגלים לגרום למותו של אדם. כלי נשק מסוגים שונים שהושגו שלא כדין מובילים לא פעם לפגיעה בחיי אדם, והצורך לשרש רעה חולה זו באמצעות ענישה מחמירה ומרתיעה חל על כל סוגי כלי הנשק. מכאן אפוא שאין לקבל את טענת המערערים כי שגה בית המשפט בהתייחסו אל עבירת החזקת הנשק בנסיבות ענייננו, הנסובה על החזקת רובה ציד, כעבירה המצדיקה ענישה מחמירה.",	דיון והכרעה,דיון והכרעה,דיון והכרעה,דיון והכרעה,דיון והכרעה,דיון והכרעה
ME-22-06-63995-262,"חרף האמור, הגם כי עבירת החזקת רובה ציד אינה חומקת מהכלל המכתיב ענישה מרתיעה, יש אכן מקום ליתן ביטוי לסוג הנשק בבחינת נסיבות ביצוע העבירה. כך העונש המושת על נאשם בגין עבירות המתבצעות בנשק צריך להיות מושפע מפוטנציאל הסיכון הטמון בנשק המוחזק שלא כדין תוך התייחסות בין היתר לסוג הנשק הספציפי בו בוצעה העבירה..."".",	דיון והכרעה,דיון והכרעה,דיון והכרעה,דיון והכרעה,דיון והכרעה,דיון והכרעה
ME-22-06-63995-262,"כן ראו ע""פ 6383/21 קריף ואח' נ' מדינת ישראל (פורסם בנבו, 13.2.2022) (להלן: ""עניין קריף):",	דיון והכרעה,דיון והכרעה,דיון והכרעה,דיון והכרעה,דיון והכרעה,דיון והכרעה
ME-22-06-63995-262,"ביחס לענישה הנוהגת בית המשפט העליון קבע כי יש לתת ביטוי עונשי הולם לעבירות הנשק ולתת משקל גבוה לאינטרס הציבורי ולצורך להרתיע עבריינים מפני ביצוע עבירות דומות. בית המשפט העליון חזר והדגיש בשנים האחרונות פעם אחר פעם את הצורך בהחמרה בענישה בעבירות נשק. לעניין זה ראו מיני רבים ע""פ 5330/20  ענבתאוי נ' מדינת ישראל (פורסם בנבו, 22.11.2020), פסקה 14:",	דיון והכרעה,דיון והכרעה,דיון והכרעה,דיון והכרעה,דיון והכרעה,דיון והכרעה
ME-22-06-63995-262,"""בלב הדברים, עומדת החומרה היתרה הנודעת לביצוע עבירות בנשק, לסוגיהן. בית משפט זה חזר ועמד בפסיקתו, לרבות בשנים האחרונות, על הסכנה הממשית הגלומה בעבירות אלה לשלום הציבור ולביטחונו ועל הצורך האקוטי במיגורן, ובכלל זה על הצורך בהחמרת הענישה. ככלל, עונשם של המעורבים בעבירות בנשק הוא מאסר ממושך לריצוי בפועל, אף אם הם נעדרים עבר פלילי מכל סוג שהוא וזו להם העבירה הראשונה... וכך גם אם מדובר בבגירים צעירים, במקרים המתאימים...יתרה מכך, בשל החומרה היתרה שבעבירות אלו והסיכון הגבוה שיש בהן לשלום הציבור ניתן משקל רב יותר לאינטרס הציבורי ולשיקולי ההרתעה"" (דגש לא במקור, י' ל').",	דיון והכרעה,דיון והכרעה,דיון והכרעה,דיון והכרעה,דיון והכרעה,דיון והכרעה
ME-22-06-63995-262,"בע""פ 4303/22  אבו גאנם נ' מדינת ישראל פורסם בנבו, 6.12.2022) דחה בית המשפט העליון את ערעורו של נאשם שהורשע בעבירה של הובלה ונשיאת נשק והותיר על כנו עונש של 31 חודשי מאסר הכולל הפעלת מאסר על תנאי לתקופה של 12 חודשי מאסר בחופף. במקרה זה נתפס הנאשם כשהוא נושא ברכבו אקדח חצי אוטומטי ובתוכו מחסנית ריקה המתאימה לאקדח כשהוא מוסלק בבד תקרת הרכב מעל מושב הנוסע. עוד יש לציין כי במסגרת הסדר הטיעון הגבילה המאשימה את עצמה לעונש של 31 חודשי מאסר בפועל.",	דיון והכרעה,דיון והכרעה,דיון והכרעה,דיון והכרעה,דיון והכרעה,דיון והכרעה
ME-22-06-63995-262,"בע""פ 5304/01 שרביט נ' מדינת ישראל (פורסם בנבו,8.11.2001) דחה בית המשפט העליון ברוב קולות עת ערעורו של נאשם שהורשע בנשיאה והובלת רובה ציד ותחמושת והותיר על כנו עונש של 30 חודשי מאסר. יצוין, כי לנאשם זה היה עבר פלילי בעבירות נשק והוא אף נשא בעונש מאסר;",	דיון והכרעה,דיון והכרעה,דיון והכרעה,דיון והכרעה,דיון והכרעה,דיון והכרעה
ME-22-06-63995-262,"בעניין קריף הנ""ל דחה בית המשפט העליון את ערעורם של נאשמים 1 ו-3 שהורשעו בעבירות של הובלה ונשיאת נשק והותיר על כנו עונש של 25 חודשי מאסר. במקרה זה נאשם 1 יצר קשר עם נאשם אחר וביקש שיסייע לו לקבל לידיו נשק. נאשמים 1 ו- 3 קיבלו מנאשם 2 נשק מסוג אקדח הזנקה שהוסב לירי קליעי. נאשם 3 לקח את האקדח והטמינו במכנסיו, ונאשמים 1 ו- 3 נסעו מהמקום ונתפסו בהמשך על ידי המשטרה. אף ערעורו של נאשם 2, שהורשע בעבירה של עסקה אחרת בנשק ונדון ל-36 חודשי מאסר, נדחה;",	דיון והכרעה,דיון והכרעה,דיון והכרעה,דיון והכרעה,דיון והכרעה,דיון והכרעה
ME-22-06-63995-262,"בע""פ 5765/20 בכר ואח' נ' מדינת ישראל (פורסם בנבו, 22.03.2021) נדחה ערעור הנאשמים שהורשעו בעבירות של הובלת ונשיאת נשק ושיבוש מהלכי משפט. במקרה זה נדונו הנאשמים ל-18 חודשי מאסר בגין כך שהובילו שני אקדחים, כאשר בכל אקדח מחסנית מלאה. השניים ברחו מניידת משטרה שסימנה להם לעצור, ואחד הנאשמים אף ברח רגלית כשהרכב עצר ובהמשך השליך את האקדחים והמחסניות;",	דיון והכרעה,דיון והכרעה,דיון והכרעה,דיון והכרעה,דיון והכרעה,דיון והכרעה
ME-22-06-63995-262,"בע""פ 9702/16 אבו אלוליאיה נ' מדינת ישראל (פורסם בנבו, 13.9.2017) דחה בית המשפט העליון, בדעת רוב, את ערעורו של נאשם שהורשע בעבירות של נשיאה והובלת תת מקלע מאולתר, קת לרובה סער M-16 ותחמושת והותיר על כנו עונש של 18 חודשי מאסר;",	דיון והכרעה,דיון והכרעה,דיון והכרעה,דיון והכרעה,דיון והכרעה,דיון והכרעה
ME-22-06-63995-262,"בע""פ 8133/15 יונס נ' מדינת ישראל (פורסם בנבו, 5.4.2017) דחה בית המשפט העליון את ערעור הנאשם שהורשע בעבירות של החזקה ונשיאה של שני חפצים דמויי תת מקלע מאולתר ותחמושת ועבירות נלוות נוספות והותיר על כנו עונש של 14 חודשי מאסר ומתחם עונש שנע בין 12 ל-36 חודשי מאסר;",	דיון והכרעה,דיון והכרעה,דיון והכרעה,דיון והכרעה,דיון והכרעה,דיון והכרעה
ME-22-06-63995-262,"בת""פ (מחוזי-יפה) 51828-02-14 מדינת ישראל נ' עטאללה (פורסם בנבו, 1.12.2014) גזר בית המשפט המחוזי על נאשם שהורשע בנשיאה והובלה של שני רובה צייד מאולתרים 6 חודשי מאסר לריצוי בעבודות שירות משיקולי שיקום.",	דיון והכרעה,דיון והכרעה,דיון והכרעה,דיון והכרעה,דיון והכרעה,דיון והכרעה
ME-22-06-63995-262,"עיינתי בפסיקה שצרפו הצדדים שאת חלקה אסקור להלן. מטבע הדברים צרף כל צד פסיקה התומכת בעמדתו העונשית כך צרפה המאשימה את עניין ג'אברין בו דחה בית המשפט העליון את ערעורם של שני נאשמים שהורשעו בעבירה של החזקת נשק מסוג של רובה צייד דו-קני הטעון בשני כדורים בנוסף לחגורה ייעודים לתחמושת ובתוכה 17 כדורים המתאימים לרובה. בית המשפט העליון הותיר על כנם עונשים של 18 ו-21 חודשי מאסר. יצוין, כי לשני נאשמים אלה היה עבר פלילי, לרבות בעבירת נשק;",	דיון והכרעה,דיון והכרעה,דיון והכרעה,דיון והכרעה,דיון והכרעה,דיון והכרעה
ME-22-06-63995-262,"ע""פ 5602/22 מדינת ישראל נ' פלוני (פורסם בנבו, 14.9.2022) בו קיבל בית המשפט העליון את ערעור המאשימה על קולת העונש שהוטל על נאשם שהורשע בנשיאת נשק שלא כדין, הפרעה לשוטר במילוי תפקידו ובכניסה ושהיה בישראל בניגוד לחוק והמיר את עונשו ל-28 חודשי מאסר חלף  18 חודשי מאסר. במקרה זה נשא הנאשם, ששהה בישראל שלא כדין, אקדח חצי אוטומטי עם מחסנית וכדורים תואמים ברכבו ומלט משוטרים שביקשו לעצור אותו לבדיקה עד שנעצר;",	דיון והכרעה,דיון והכרעה,דיון והכרעה,דיון והכרעה,דיון והכרעה,דיון והכרעה
ME-22-06-63995-262,"ב""כ הנאשם צרף, בין היתר, את ע""פ 8320/21 מדינת ישראל נ' בסילה (פורסם בנבו, 28.12.2021) בו קיבל בית המשפט העליון את ערעורה של המאשימה על קולת העונש שהושת על נאשם שהורשע בעבירה של החזקת נשק ואביזרי תחמושת והעמיד את עונשו על 14 חודשי מאסר חלף 7 חודשי מאסר תוך שהוא מציין שאין דרכה של ערכאת הערעור למצות את הדין. במקרה זה הנאשם נשא והוביל נשק דמוי רובה סער M-16 ו-5 מחסניות שחלקן הכילו תחמושת, מיכל תרסיס שמן לנשק, קת פלסטיק, 2 קופסאות כדורי תחמושת המכילות 60 כדורים;",	דיון והכרעה,דיון והכרעה,דיון והכרעה,דיון והכרעה,דיון והכרעה,דיון והכרעה
ME-22-06-63995-262,"ע""פ 2564/19 אזברגה נ' מדינת ישראל (פורסם בנבו, 18.7.2019) בו דחה בית המשפט העליון את ערעורו של נאשם שהורשע בעבירה של נשיאת נשק -אקדח יחד עם מחסנית תואמת והותיר על כנו עונש של 16 חודשי מאסר;",	דיון והכרעה,דיון והכרעה,דיון והכרעה,דיון והכרעה,דיון והכרעה,דיון והכרעה
ME-22-06-63995-262,"ע""פ 4978/19 אבו מנסור נ' מדינת ישראל (פורסם בנבו, 31.7.2019) בו קיבל בית המשפט העליון את ערעורם של נאשמים והעמיד את עונשו של נאשם 1 על 12 חודשי מאסר חלף 18 חודשי מאסר שהוטלו עליו בבית המשפט המחוזי בעיקר בשל הליך טיפולי מוצלח שעבר ואת עונשו של נאשם 2 על 6 חודשי מאסר לריצוי בעבודות שירות חלף 9 חודשי מאסר שהוטל עליו בבית המשפט המחוזי. במקרה זה הורשע נאשם 1 בנשיאה והובלת נשק ונאשם 2 בעבירה של החזקה (קונסטרוקטיבית) של נשק.",	דיון והכרעה,דיון והכרעה,דיון והכרעה,דיון והכרעה,דיון והכרעה,דיון והכרעה
ME-22-06-63995-262,"מצאתי לתת משקל גם להודאת הנאשם, הודאה שיש בה משום לקיחת אחריות וחיסכון בזמן שיפוטי; לפגיעה בחירות שחווה עד כה ; לגילו הצעיר של הנאשם; לכך שהנאשם נעדר עבר פלילי; לניהול אורח חיים נורמטיבי עד שנעצר (ראו מכתב המעסיק – נ/1) ולפגיעה של העונש בנאשם ובמשפחתו, לרבות בשים לב לכך שזהו מאסרו הראשון.",	דיון והכרעה,דיון והכרעה,דיון והכרעה,דיון והכרעה,דיון והכרעה,דיון והכרעה
ME-22-06-63995-262,"מעבר לאמור נתתי משקל לשיקולי ההרתעה. באשר לשיקול הרתעת היחיד אציין, כי הנאשם לא ביקש לקבל בעניינו תסקיר של שירות המבחן, תסקיר שיכול היה לשפוך אור על מניעיו לביצוע העבירה, על המסוכנות הנשקפת ממנו ועל אפשרויות הטיפול והשיקום. בהעדר ממצאים אלו, ולנוכח נסיבות ביצוע העבירה ואף לנוכח אופן נהיגתו והתנהלותו מול השוטרים, סבורני שיש מקום לתת ביטוי בענישה לשיקול הרתעת היחיד.",	דיון והכרעה,דיון והכרעה,דיון והכרעה,דיון והכרעה,דיון והכרעה,דיון והכרעה
ME-22-06-63995-262,"לצד זאת, נראה שיש מקום לתת ביטוי בגזר הדין גם לשיקול הרתעת הרבים, הרלוונטי לגזרה זו של עבירות.",	דיון והכרעה,דיון והכרעה,דיון והכרעה,דיון והכרעה,דיון והכרעה,דיון והכרעה
ME-22-06-63995-262,"באשר לשיקול זה, עלינו לתת דעתנו גם ל""צרכי השעה"", ולתחינות הציבור, לרבות הציבור אליו משתייך הנאשם, לפעול למיגור החזקת הנשק הלא חוקי והפשיעה הכרוכה בכך שהפכו זה מכבר ל""מכת מדינה"" ול""מכת מגזר"" בפרט.",	דיון והכרעה,דיון והכרעה,דיון והכרעה,דיון והכרעה,דיון והכרעה,דיון והכרעה
ME-22-06-63995-262,"בעניין זה ראו עניין חלייחל, פסקה 8 וכן את דו""ח מבקר המדינה ""התמודדות משטרת ישראל עם החזקת אמצעי לחימה לא חוקיים ואירועי ירי ביישובי החברה הערבית ובישובים מעורבים"", 28 (2018).",	דיון והכרעה,דיון והכרעה,דיון והכרעה,דיון והכרעה,דיון והכרעה,דיון והכרעה
ME-22-06-63995-262,"בנוסף, יש לתת את הדעת גם לעונש המזערי שנקבע לאחרונה בעבירות נשק, ראו חוק העונשין (תיקון מס' 140 – הוראת שעה), התשפ""ב-2021.",	דיון והכרעה,דיון והכרעה,דיון והכרעה,דיון והכרעה,דיון והכרעה,דיון והכרעה
ME-22-06-63995-262,"בהתאם לתיקון, סעיף 144(ז) לחוק העונשין קובע עונש מזערי של רבע מהעונש המירבי שנקבע לעבירה, ובענייננו מדובר בעבירה של נשיאה והובלת נשק לפי סעיף 144(ב) רישא לחוק העונשין, עבירה שהעונש שלצידה הוא עשר שנות מאסר, היינו עונש מזערי של שנתיים מאסר וחצי. יצוין, כי תיקון זה הוא בגדר הוראת שעה למשך שלוש שנים שתחילת תוקפה הוא מיום פרסום התיקון, 08.12.2021, כשהנאשם בעניננו ביצע את העבירות ביום 24.06.2022.",	דיון והכרעה,דיון והכרעה,דיון והכרעה,דיון והכרעה,דיון והכרעה,דיון והכרעה
ME-22-06-63995-262,"מן האמור עולה שהעונש המזערי בענייננו צריך לעמוד על 30 חודשי מאסר, ואולם בהתאם לסעיף 144(ז) לחוק העונשין ניתן לקבוע עונש שיפחת מהעונש המזערי מטעמים מיוחדים שירשמו. בענייננו הטעם המרכזי להטיל עונש שיפחת מהעונש המזערי הוא העמדה העונשית שהציגה המאשימה במסגרת ההסדר, שהיא קלה מהעונש המזערי.",	דיון והכרעה,דיון והכרעה,דיון והכרעה,דיון והכרעה,דיון והכרעה,דיון והכרעה
ME-22-06-63995-262,"המאשימה נימקה עמדתה העונשית באופיו ובסוגו של הנשק. בהתאם להלכה הפסוקה, ככלל בית המשפט יכבד הסדרי טיעון וככלל לא יהיה ""יותר קטגור מקטגור"", ובנסיבות ענייננו, על רקע הנימוק הקשור בסוג הנשק ובאופיו, לא מצאתי לסטות מכללים אלה. זאת, אף בהתעלם מזיקת המאסר המותנה לעונש המזערי.",	דיון והכרעה,דיון והכרעה,דיון והכרעה,דיון והכרעה,דיון והכרעה,דיון והכרעה
ME-22-06-63995-262,"באשר לעונש של פסילת רישיון נהיגה סבורני כי יש לקבל בקשת המאשימה באופן חלקי, היינו להסתפק בפסילה בפועל בלבד של רישיון הנהיגה (ללא פסילה מותנית), ואף זאת לתקופה מוגבלת.",	דיון והכרעה,דיון והכרעה,דיון והכרעה,דיון והכרעה,דיון והכרעה,דיון והכרעה
ME-22-06-63995-262,"לטעמי בנסיבות ענייננו נדרשת פסילה בפועל של רישיון הנהיגה ואין מקום להסתפק בפסילה מותנית. זאת, לנוכח השילוב שבין ניצול הרישיון שניתן לנאשם לנהוג לטובת הובלת נשק באופן לא חוקי לבין אופן נהיגתו (נסע ב""זיגזג"" ועבר בין נתיבי נסיעה, האיץ את מהירות נסיעתו לאחר שהשוטרים הפעילו אורות כחולים מהבהבים בניידת והשליך נשק מתוך רכב נוסע).",	דיון והכרעה,דיון והכרעה,דיון והכרעה,דיון והכרעה,דיון והכרעה,דיון והכרעה
ME-22-06-63995-262,"יחד עם זאת, בשים לב לגילו הצעיר של הנאשם ולרצון לשמר לו על אופק שיקומי לאחר שחרורו מן המאסר, הפסילה תהיה כאמור לתקופה מוגבלת.",	דיון והכרעה,דיון והכרעה,דיון והכרעה,דיון והכרעה,דיון והכרעה,דיון והכרעה
ME-22-06-63995-262,"לאור כל האמור לעיל, אני גוזר על הנאשם את העונשים הבאים:",	דיון והכרעה,דיון והכרעה,דיון והכרעה,דיון והכרעה,דיון והכרעה,דיון והכרעה
ME-22-06-63995-262,א.	22 חודשי מאסר בפועל בניכוי ימי המעצר.,	דיון והכרעה,דיון והכרעה,דיון והכרעה,דיון והכרעה,דיון והכרעה,דיון והכרעה
ME-22-06-63995-262,"ב.	12 חודשי מאסר על תנאי, לתקופה של 3 שנים מיום שחרורו מן המאסר, שהנאשם 		לא יעבור עבירת נשק לפי סעיף 144 לחוק העונשין, על חלופותיו השונות.",	דיון והכרעה,דיון והכרעה,דיון והכרעה,דיון והכרעה,דיון והכרעה,דיון והכרעה
ME-22-06-63995-262,"ג.	קנס בסך 2,000 ₪ או 15 ימי מאסר תמורתו. הקנס ישולם בתוך 3 חודשים מהיום.",	דיון והכרעה,דיון והכרעה,דיון והכרעה,דיון והכרעה,דיון והכרעה,דיון והכרעה
ME-22-06-63995-262,"אני פוסל את הנאשם מלקבל או להחזיק ברשיון נהיגה למשך 6 חודשים החל מיום שחרורו מהמאסר. ככל שלנאשם פסילה אחרת, הפסילה מתיק זה תרוצה במצטבר לאותה פסילה. על הנאשם להפקיד את רישיון הנהיגה שלו במזכירות בית המשפט או למלא תצהיר מתאים לצורך תחילת מניין תקופת הפסילה.",	דיון והכרעה,דיון והכרעה,דיון והכרעה,דיון והכרעה,דיון והכרעה,דיון והכרעה
SH-14-02-28659-762,"חוק העונשין, תשל""ז-1977: סע'  40ד, 40ט, 144(א), 40יא, 40יג",nothing,מידע אחר,מידע אחר,מידע אחר,מידע אחר,מידע אחר
SH-14-02-28659-762,"הנאשם הורשע על פי הודאתו בעבירה של החזקת נשק לפי סעיף 144(א) לחוק העונשין התשל""ז-1977, בכך שבמשך כשנתיים עובר ליום 11.2.14, החזיק הנאשם שבביתו שבעזריה נשק מאולתר מסוג ""קרל גוסטב"". הנאשם הסתיר את הנשק בעליית הגג של המקלחת בביתו וטען כי החזיקו לצורך הגנה עצמית.",רקע,עובדות המקרה,עובדות המקרה,עובדות המקרה,עובדות המקרה,עובדות המקרה
SH-14-02-28659-762,"ב""כ הנאשם ביקש לטעון לעונש לאחר קבלת תסקיר בעניינו של הנאשם, למרות שהנאשם שהה במעצר בית מלא, וב""כ המאשימה לא התנגדה לכך, אולם הדגישה כי עמדתה למאסר.",רקע,עובדות המקרה,עובדות המקרה,טיעוני הצדדים,טיעוני הצדדים,טיעוני הצדדים
SH-14-02-28659-762,"מתסקיר שירות המבחן עולה כי הנאשם בן 35, נשוי ואב לשלושה ילדים בני שנתיים ועד שמונה שנים, סובל ממחלה כרונית הגורמת לדלקות מפרקים או דלקות בכליות. הנאשם סיים 12 שנות לימוד במגמה מקצועית והוא בעל תעודת בגרות מלאה. בהמשך עבד הנאשם בתיקון מכשירי איתור ומיגון לרכב בחברות שונות, ומזה כשמונה שנים הוא עובד בתחום המסחר הכללי, בעיקר בסחר בחומרי ניקיון. הנאשם תיאר בפני קצינת המבחן את מצבו הכלכלי כבינוני ומסר כי מעצרו פגע באופן קשה בעסקיו, שכן הדבר גרם לפגיעה בתדמיתו מול הסוחרים האחרים והוא שקע בחובות. במקביל לעבודתו שירת הנאשם כסמל ראשון במנגנון הביטחון הפלסטיני.",תסקיר שירות מבחן,תסקיר שירות מבחן,תסקיר שירות מבחן,תסקיר שירות מבחן,תסקיר שירות מבחן,תסקיר שירות מבחן
SH-14-02-28659-762,"עוד עולה מהתסקיר כי אביו של הנאשם לוקה בכליותיו, אמו עקרת בית הסובלת מבעיות בבלוטת התריס ומשפחת המוצא ניהלה אורח חיים נורמטיבי. קצינת המבחן התרשמה כי לנאשם קשר תלותי עם הוריו, הוא דואג לפרנסתם והם מתגוררים בביתו בשל מצבם הבריאותי.",תסקיר שירות מבחן,תסקיר שירות מבחן,תסקיר שירות מבחן,תסקיר שירות מבחן,תסקיר שירות מבחן,תסקיר שירות מבחן
SH-14-02-28659-762,קצינת המבחן מסרה כי מרישומו הפלילי של הנאשם עולה כי לנאשם הרשעה קודמת מלפני כשלוש שנים הקשורה בעבירות כלפי שוטר שבגינם נדון לעונש של מאסר מותנה וקנס.,תסקיר שירות מבחן,תסקיר שירות מבחן,תסקיר שירות מבחן,תסקיר שירות מבחן,תסקיר שירות מבחן,תסקיר שירות מבחן
SH-14-02-28659-762,"ביחס לביצוע העבירה מסרה קצינת המבחן כי הנאשם לקח אחריות חלקית לביצועה, שכן הנאשם מסר לה כי הנשק שנתפס הופקד בידיו על ידי מפקדיו כחלק מתפקידו במנגנון הביטחון המסכל, אולם קצינת המבחן הדגישה כי דבריו של הנאשם אינם עולים בקנה אחד עם האישור שמסר, ממנו עולה כי הנשק שהופקד בידיו הוא מסוג ברטה. עוד מסר הנאשם לקצינת המבחן כי מאחר שהוא עבד במנגנון הביטחון המסכל הנתפס ברחוב הפלסטיני כידו הארוכה של השב""כ הוא חשש לשלומו ולשלום בני ביתו והוא חש צורך בהחזקת הנשק להגנה עצמית. הנאשם הוסיף כי שיתף פעולה באופן מלא עם השוטרים, חסך מהם את החיפוש ומיוזמתו מסר להם את הנשק. אשר למקום מציאת הנשק, טען הנאשם כי הסתירו בעליית הגג מחשש שיגיע לילדיו הקטינים.",תסקיר שירות מבחן,תסקיר שירות מבחן,תסקיר שירות מבחן,תסקיר שירות מבחן,תסקיר שירות מבחן,תסקיר שירות מבחן
SH-14-02-28659-762,"קצינת המבחן העריכה כי הרקע לביצוע העבירה הוא הצורך של הנאשם להגן עליו ועל בני משפחתו על רקע עבודתו במנגנון הביטחון הפלסטיני. גם אם נהג באופן לא נורמטיבי ולא חוקי שיש בו טשטוש גבולות בין המותר לאסור. קצינת המבחן התרשמה כי הנאשם מניפולטיבי, נוטה לטשטש ולגמד את בעיותיו. ניכרים באישיותו קווים ילדותיים ולא בשלים ויש לו קושי בהצבת גבולות ברורים בין המותר לאסור. לצד זאת התרשמה קצינת המבחן כי לנאשם יכולות תפקוד טובים, הוא מנהל בדרך כלל אורח חיים תקין ונורמטיבי, עובד לפרנסת משפחתו והפסיק בעקבות מעצרו לעבוד במנגנון הביטחון הפלסטיני ולכן גורמים אלה מהווים גורמי סיכוי לשיקום ולהימנעותו מהתנהגות עבריינית בהמשך.",תסקיר שירות מבחן,תסקיר שירות מבחן,תסקיר שירות מבחן,תסקיר שירות מבחן,תסקיר שירות מבחן,תסקיר שירות מבחן
SH-14-02-28659-762,קצינת המבחן המליצה להתחשב בתקופת המעצר ומעצר הבית בה שהה הנאשם ולהתחשב בכך שההליכים הפליליים חידדו לו את גבולות המותר והאסור והמליצה כי בית המשפט יטיל על הנאשם מאסר אשר ירוצה בעבודות שירות לצד מאסר על תנאי משמעותי.,תסקיר שירות מבחן,תסקיר שירות מבחן,תסקיר שירות מבחן,תסקיר שירות מבחן,תסקיר שירות מבחן,תסקיר שירות מבחן
SH-14-02-28659-762,"ב""כ המאשימה טענה כי הערך המוגן בבסיס עבירת החזקת הנשק הוא הגנה על שלום הציבור וביטחונו, שכן לא ניתן לצפות לאן הנשק יתגלגל ואיזה שימוש ייעשה בו. יש להתחשב בסוג הנשק כאשר מדובר במקלע מאולתר בכך שהוחזק במשך תקופה ארוכה, כאשר לצדו היו מחסנית וכדורים תואמים, והנאשם אף ציין כי החזיק את הנשק לצורך הגנה עצמית, כל אלה יש בהם כדי להגדיל את פוטנציאל השימוש בנשק. ב""כ המאשימה הדגישה כי בית המשפט העליון מסר שוב ושוב כי בעבירה מסוג זה יש להטיל עונש של מאסר, גם אם לא היה בכוונת המחזיק לבצע פשע, וגם כאשר מדובר במעידה ראשונה של הנאשם.","טענות ב""כ הצדדים",טיעוני הצדדים,טיעוני הצדדים,טיעוני הצדדים,טיעוני הצדדים,טיעוני הצדדים
SH-14-02-28659-762,"אשר לנסיבות שהובילו לביצוע העבירה, קרי עבודתו של הנאשם בביטחון המסכל של הרש""פ, טענה ב""כ המאשימה כי מדובר בנסיבה לחומרה ולא לקולא שכן עצם חברות במנגנון מסוג זה, היא עבירה בפני עצמה. כמו כן הדגישה ב""כ המאשימה כי טענותיו של הנאשם להחזקת הנשק לא עולים בקנה אחד עם האמור באישור שקיבל ממנגנון הביטחון המסכל באשר לסוג הנשק. ב""כ המאשימה עתרה למתחם של בין 12 חודשי מאסר ועד ל-30 חודשי מאסר.","טענות ב""כ הצדדים",טיעוני הצדדים,טיעוני הצדדים,טיעוני הצדדים,טיעוני הצדדים,טיעוני הצדדים
SH-14-02-28659-762,"ביחס לעונש המתאים, סברה ב""כ המאשימה כי על בית המשפט לגזור על הנאשם עונש מאסר בחציו העליון של המתחם וזאת בהתחשב מחד בחומרת העבירה ובצורך להרתיע את הרבים ואת הנאשם ומנגד בהתחשב בכך שהנאשם הודה בהזדמנות ראשונה ובהמלצת שירות המבחן.","טענות ב""כ הצדדים",טיעוני הצדדים,טיעוני הצדדים,טיעוני הצדדים,טיעוני הצדדים,טיעוני הצדדים
SH-14-02-28659-762,"ב""כ הנאשם טען כי הנשק לא נתפס בשטח ישראל אלא בביתו של  הנאשם, בעזריה, מדובר בנשק מאולתר ומכאן נובעת טעות לגבי סוג הנשק. מטרת ההחזקה היתה להגנה עצמית מחשש לשלומו ולשלום בני משפחתו וכי הנאשם לא הכניס את הנשק לתחומי ירושלים ולא הוגש נגדו כתב אישום על כך שהיה חבר בביטחון המסכל ומדובר בגוף שעובד בשיתוף פעולה בטחוני עם השב""כ והרשויות. לדבריו מיד כאשר נודע לנאשם שאסור לו להיות חבר בביטחון המסכל, הוא הפסיק לעבוד שם. לדידו של ב""כ הנאשם מדובר בנסיבות ברף התחתון של עבירת החזקת הנשק והגיש לתמיכה בטענותיו אישור בדבר עבודתו של הנאשם בביטחון המסכל ובאישור נרשם כי הנשק הועבר לנאשם בתוקף עבודתו וכי הנשק שייך לרש""פ. (ראה נ/1).","טענות ב""כ הצדדים",טיעוני הצדדים,טיעוני הצדדים,טיעוני הצדדים,טיעוני הצדדים,טיעוני הצדדים
SH-14-02-28659-762,"ב""כ הנאשם ביקש לאמץ את המלצת שירות המבחן, וטען כי המתחם אשר טענה לו ב""כ המאשימה אינו מתאים לפסיקה הנוהגת ואף הגיש לתמיכה בטענותיו שני גזרי דין בהם הוטלו עונשים של שירות לתועלת הציבור ועבודות שירות. ב""כ הנאשם ביקש להתחשב בהודאתו המיידית של הנאשם עוד בשלב החקירה ובהזדמנות ראשונה בבית המשפט. ציין את נסיבותיו הלא פשוטות של הנאשם שהוא חולה בעצמו ואף מפרנס את הוריו החולים ואת אשתו וילדיו. ב""כ הנאשם ביקש להתחשב בתקופת המעצר והתנאים המגבילים בהם שהה הנאשם, שהובילו למצבו הכלכלי הקשה. נוכח כל אלה ביקש ב""כ הנאשם מבית המשפט להסתפק בענישה מותנית ולחילופין אם בית המשפט יסבור שיש להטיל עונש של מאסר, הרי שהוא יהיה לתקופה קצרה וירוצה בעבודות שירות.","טענות ב""כ הצדדים",טיעוני הצדדים,טיעוני הצדדים,טיעוני הצדדים,טיעוני הצדדים,טיעוני הצדדים
SH-14-02-28659-762,"הנאשם בדברו האחרון מסר כי לא ידע שהחזקת הנשק אסורה, מסר כי הוא המפרנס היחיד של הוריו, אשתו ושלושת ילדיו. ביקש מבית המשפט לנקוט במידת הרחמים והדגיש כי הוא עשה טעות חד פעמית שלא יחזור עליה.","טענות ב""כ הצדדים",טיעוני הצדדים,טיעוני הצדדים,טיעוני הצדדים,טיעוני הצדדים,טיעוני הצדדים
SH-14-02-28659-762,"הנאשם יליד 78. צבר לחובתו הרשעה קודמת אחת משנת 2003 בשלוש עבירות של היזק בזדון, הכשלת שוטר והעלבת עובד ציבור שבגינן נדון הנאשם לעונש של מאסר על תנאי וקנס.",עברו הפלילי של הנאשם,עובדות המקרה,ראיות לעונש,ראיות לעונש,ראיות לעונש,ראיות לעונש
SH-14-02-28659-762,"קביעת מתחם העונש ההולם למעשה העבירה נעשית בהתאם לעקרון ההלימה. לשם קביעת מתחם העונש ההולם יש להתחשב בערך החברתי שנפגע, במידת הפגיעה בו, במדיניות הענישה הנוהגת ובנסיבות הקשורות בביצוע העבירה.",מתחם העונש ההולם,דיון והכרעה,דיון והכרעה,דיון והכרעה,דיון והכרעה,דיון והכרעה
SH-14-02-28659-762,"במקרה דנן, הערך החברתי המוגן הוא הגנה על שלמות גופו של אדם, שכן פוטנציאל הנזק הטמון בשימוש בכלי נשק חם הוא רב. יפים לעניין זה דבריו של כב' השופט ג'ובראן ברע""פ 5921/08 רג'בי נ' מדינת ישראל (ניתן 25.03.09):",מתחם העונש ההולם,דיון והכרעה,דיון והכרעה,דיון והכרעה,דיון והכרעה,דיון והכרעה
SH-14-02-28659-762,"ב""כ הנאשם הציג פסיקה לתמיכה בטענותיו. סקירת הענישה הנוהגת מלמדת על פערים משמעותיים ביותר בין מספר חודשי מאסר לבין חודשי מאסר ארוכים, אולם, לא בכדי גזרי הדין אותם הגיש ב""כ הנאשם הם מהשנים 2000 ו-2007, שכן מאז ועד היום בית המשפט העליון חזר וציין כי יש להחמיר בעבירות אלה ולהטיל בגינם עונשי מאסר. בהתאם למדיניות זו ניכרת מגמת החמרה בענישה בעבירות בנשק. (ר' ע""פ 6294/10 אמין אלקיעאן ואח' נ' מדינת ישראל (ניתן 13.02.11), רע""פ דואהרי נ' מדינת ישראל (ניתן 25.4.12), ע""פ 3401/11 שלאעטה ואח' נ' מדינת ישראל (ניתן 10.1.12), ע""פ 7502/12 כוויס נ' מדינת ישראל (ניתן 25.6.13) יוער כי בפסקי דין אלה מדובר בהחזקת אקדח בעוד שבמקרה שבפני מדובר בהחזקת תת מקלע שהוא כלי נשק בעל פוטנציאל נזק רב יותר).",מדיניות הענישה הנוהגת ,דיון והכרעה,דיון והכרעה,דיון והכרעה,דיון והכרעה,דיון והכרעה
SH-14-02-28659-762,"במסגרת הנסיבות הקשורות בביצוע העבירה (סעיף 40ט לחוק), יש לתת את הדעת לשיקולים הבאים:",מדיניות הענישה הנוהגת ,דיון והכרעה,דיון והכרעה,דיון והכרעה,דיון והכרעה,דיון והכרעה
SH-14-02-28659-762,"הנאשם החזיק בתת מקלע עם מחסנית וכדורים תואמים, ומטרת ההחזקה היתה לצורכי הגנה עצמית, כך שפוטנציאל הנזק הטמון בהחזקת נשק מסוג זה הוא רב.",מדיניות הענישה הנוהגת ,דיון והכרעה,דיון והכרעה,דיון והכרעה,דיון והכרעה,דיון והכרעה
SH-14-02-28659-762,"הנאשם טען כי קיבל את הנשק במסגרת עבודתו בביטחון המסכל הפלסטיני. ראשית אציין כי האישור אותו הציג הנאשם לא עולה בקנה אחד עם סוג הנשק והחברה המייצרת נשק זה. באישור (נ/1) נכתב כי הנאשם קיבל נשק מסוג ""ברטה"", קרי אקדח קטן, בעוד שהנאשם החזיק בפועל בתת מקלע מסוג ""קרל גוסטב"". שנית, החזקת הנשק מתוקף עבודתו במנגנון שעצם החברות בו אסורה בוודאי שאינו יכול להוות נסיבה לקולא.",מדיניות הענישה הנוהגת ,דיון והכרעה,דיון והכרעה,דיון והכרעה,דיון והכרעה,דיון והכרעה
SH-14-02-28659-762,"בהתאם לתיקון 113 לחוק העונשין (סעיף 40יג), סבורני כי מתחם העונש ההולם נע בין 8 חודשי מאסר לבין 24 חודשי מאסר.",מדיניות הענישה הנוהגת ,דיון והכרעה,דיון והכרעה,דיון והכרעה,דיון והכרעה,דיון והכרעה
SH-14-02-28659-762,"בגזירת העונש המתאים לנאשם, בגדרי מתחם העונש ההולם, יש להתחשב בנסיבות שאינן קשורות בביצוע העבירה (סעיף 40יא). במסגרת זו מן הראוי לתת את הדעת לנסיבות הבאות:",העונש המתאים ,דיון והכרעה,דיון והכרעה,דיון והכרעה,דיון והכרעה,דיון והכרעה
SH-14-02-28659-762,"הפגיעה של העונש בנאשם, לרבות בשל גילו;  הנאשם בן 35, מנהל אורח חיים נורמטיבי, נשוי ואב לשלושה ילדים קטנים, סובל ממחלה כרונית, מפרנס יחיד של משפחתו ושל הוריו החולים. בעקבות ההליכים הנאשם נקלע לחובות כבדים ומצבו הכלכלי התערער, שכן הנאשם שהה במעצר במשך כחודש ובהמשך שהה במעצר בית מלא למשך ארבעה חודשים.",העונש המתאים ,דיון והכרעה,דיון והכרעה,דיון והכרעה,דיון והכרעה,דיון והכרעה
SH-14-02-28659-762,"נטילת האחריות של הנאשם על מעשיו, וחזרתו למוטב או מאמציו לחזור למוטב; הנאשם לקח אחריות למעשיו בהזדמנות ראשונה ואף שיתף פעולה עם השוטרים עוד בשלב החיפוש והחקירה.",העונש המתאים ,דיון והכרעה,דיון והכרעה,דיון והכרעה,דיון והכרעה,דיון והכרעה
SH-14-02-28659-762,עברו הפלילי של הנאשם או העדרו. לנאשם הרשעה קודמת משנת 2003 שבגינה נדון לעונש במדרג נמוך.,העונש המתאים ,דיון והכרעה,דיון והכרעה,דיון והכרעה,דיון והכרעה,דיון והכרעה
SH-14-02-28659-762,"עוד יש לתת דגש לשיקולי הרתעת הרבים, כפי שהדגיש כב' השופט שוהם בע""פ 7502/12 עת חזר על ההלכה שנקבעה ברע""פ 2718/04 אבו דאחל נ' מדינת ישראל :",העונש המתאים ,דיון והכרעה,דיון והכרעה,דיון והכרעה,דיון והכרעה,דיון והכרעה
SH-14-02-28659-762,"""הסכנה הטמונה בעבירה החמורה של החזקת נשק מצדיקה הטלת עונשי מאסר לריצוי בפועל גם על מי שזו עבירתו הראשונה. בבוא בית המשפט לשקול את הענישה בעבירות מסוג זה, עליו לתת משקל נכבד יותר לאינטרס הציבורי ולצורך להרתיע עבריינים בכוח מלבצע עבירות דומות, על פני הנסיבות האישיות של העבריין"" (וראו גם, ע""פ 6583/06 אדהאם נ' מדינת ישראל (5.12.2006); ע""פ 2839/05 אל קאדר נ' מדינת ישראל (17.11.2005)).",העונש המתאים ,דיון והכרעה,דיון והכרעה,דיון והכרעה,דיון והכרעה,דיון והכרעה
SH-14-02-28659-762,"באיזון בין השיקולים השונים, סבורני כי יש לגזור על הנאשם עונש מאסר ברף הנמוך של המתחם.",העונש המתאים ,דיון והכרעה,דיון והכרעה,דיון והכרעה,דיון והכרעה,דיון והכרעה
SH-14-02-28659-762,"במקרה דנן, לא קיימים שיקולים אשר מצדיקים סטייה מהמתחם, לחומרה או לקולא. שיקול ההגנה על שלום הציבור אינו מצדיק החמרה בעונשו של הנאשם. השיקול השיקומי אינו מצדיק הקלה בעונשו.",סוגיית הסטייה מן מהמתחם,דיון והכרעה,דיון והכרעה,דיון והכרעה,דיון והכרעה,דיון והכרעה
SH-14-02-28659-762,"למרות המלצת שירות המבחן להטלת עונש של מאסר אשר ירוצה בעבודות שירות ומאסר על תנאי, נוכח חומרת עבירת החזקת הנשק והצורך לתת דגש להרתעת הרבים לא מצאתי לחרוג ממתחם העונש ההולם מטעמי שיקום, אלא התחשבתי בהמלצת שירות המבחן בקביעת העונש המתאים.",סוגיית הסטייה מן מהמתחם,דיון והכרעה,דיון והכרעה,דיון והכרעה,דיון והכרעה,דיון והכרעה
SH-14-02-28659-762,"העובדה כי הנאשם מנהל אורח חיים נורמטיבי וכי הוא והוריו סובלים מבעיות רפואיות אינה מצביעה על היותו משוקם, אלא מדובר על נסיבות אישיות. מכאן שהנאשם אינו נכנס בגדרי סעיף 40ד לחוק העונשין ואין לראות בנאשם כמי שהשתקם. כפי שקבע כב' השופט רובינשטין ברע""פ 6443/12 ליצקי נ' מדינת ישראל בפיסקה ו' (פורסם ביום 09.09.12), ""הרי שאותן ""נסיבות מיוחדות"" אין משמעם ניהולם של חיים נורמטיבים גרידא, דבר המצופה מכל אדם ואדם אלא שנדרש דבר מה מעבר לכך.""",סוגיית הסטייה מן מהמתחם,דיון והכרעה,דיון והכרעה,דיון והכרעה,דיון והכרעה,דיון והכרעה
SH-14-02-28659-762,"עוד יצוין בהקשר זה, כפי שנפסק ברע""פ 2258/13 אליהו מאירוב נ' מדינת ישראל (ניתן 30.4.13 שם בפסקה 13),""כי על אף חשיבות המלצותיו של שירות המבחן, גזירת הדין נעשית בידי הערכאה השיפוטית ומכאן שעמדת שירות המבחן, אינה אלא אחד השיקולים העומדים בפני בית המשפט בבואו לגזור את דינו של הנאשם – לעיתים יאמץ בית המשפט את המלצת שירות המבחן במלואה, לעיתים יאמץ אותה בחלקה ולעיתים ידחה אותה מכל וכל. כל עניין ונסיבותיו הוא, וכל מקרה ייבחן לגופו, תוך מתן משקל ראוי להמלצת שירות המבחן"".",סוגיית הסטייה מן מהמתחם,דיון והכרעה,דיון והכרעה,דיון והכרעה,דיון והכרעה,דיון והכרעה
SH-14-02-28659-762,לאור כל האמור לעיל החלטתי להטיל על הנאשם את העונשים כדלהלן:,סוגיית הסטייה מן מהמתחם,דיון והכרעה,דיון והכרעה,דיון והכרעה,דיון והכרעה,דיון והכרעה
SH-14-02-28659-762,"10 חודשי מאסר, בניכוי ימי מעצרו 11.2.14-6.3.14.",סוגיית הסטייה מן מהמתחם,דיון והכרעה,דיון והכרעה,דיון והכרעה,דיון והכרעה,דיון והכרעה
SH-14-02-28659-762,8 חודשי מאסר. הנאשם לא ירצה עונש זה אלא אם יעבור בתוך שנתיים מיום שחרורו על העבירה בה הורשע.,סוגיית הסטייה מן מהמתחם,דיון והכרעה,דיון והכרעה,דיון והכרעה,דיון והכרעה,דיון והכרעה
SH-14-11-8987-965,"חוק העונשין, תשל""ז-1977: סע'  40ד', 144(א), 384",nothing,מידע אחר,מידע אחר,מידע אחר,מידע אחר,מידע אחר
SH-14-11-8987-965,"הנאשם תושב ירושלים, יליד שנת 1985, הורשע על פי הודאתו בעבירות של גניבה והחזקת נשק שלא כדין – לפי סעיפים 384 ו- 144(א) לחוק העונשין התשל""ז – 1977.",כתב האישום,עובדות המקרה,עובדות המקרה,עובדות המקרה,עובדות המקרה,עובדות המקרה
SH-14-11-8987-965,"מכתב האישום עולה, כי במהלך חודש מאי 2014, בביתו של משה מיכלי (להלן: ""המתלונן""), ברח' דוד רזיאל 28 בירושלים, נטל ונשא הנאשם אקדח מסוג קולט 45 ללא הסכמת הבעלים, במרמה וללא תביעת זכות בתום לב.",כתב האישום,עובדות המקרה,עובדות המקרה,עובדות המקרה,עובדות המקרה,עובדות המקרה
SH-14-11-8987-965,"הנאשם נכנס לביתו של המתלונן יחד עם אחרת, במטרה לנקות את ביתו של המתלונן, הבחין באקדח נטל אותו ורק כעבור חודש ימים סיפר על כך לבן דודתו.",כתב האישום,עובדות המקרה,עובדות המקרה,עובדות המקרה,עובדות המקרה,עובדות המקרה
SH-14-11-8987-965,"הודאתו של הנאשם ניתנה שלא במסגרת הסדר טיעון. יחד עם זאת הוסכם כי הנאשם ישלח לשירות המבחן להכנת תסקיר בעניינו, וכן ישלח לממונה על עבודות השירות להכנת חוות דעת.",כתב האישום,עובדות המקרה,עובדות המקרה,ראיות לעונש,עובדות המקרה,עובדות המקרה
SH-14-11-8987-965,"שירות המבחן הכין שני תסקירים בעניינו של הנאשם. האחד – מיום 01.09.2016 והשני – מיום 01.12.2016. קצינת המבחן ציינה, כי הנאשם רווק, עובד כספר ובעל מספרה מזה כ-4 שנים, מתגורר עם משפחתו בשכונת גילה בירושלים. היא מגוללת באריכות את אורח חייו וקשריו החברתיים והמשפחתיים. הוא סיים 8 שנות לימוד, למד ספרות ועיצוב שיער, ועבד בתחום כשכיר וכיום כעצמאי. הנאשם מסייע להוריו ולאחיו מבחינה כלכלית וחש אחריות כלפיהם. לדבריו, הוא סובל ממחלת אפילפסיה מגיל 19 ומאז הינו בטיפול תרופתי קבוע.",תסקיר שירות המבחן,תסקיר שירות מבחן,תסקיר שירות מבחן,תסקיר שירות מבחן,תסקיר שירות מבחן,תסקיר שירות מבחן
SH-14-11-8987-965,הנאשם מביע שאיפה לקיום אורח חיים תקין ויצרני ולהקמת קן משפחתי והוא בעל מערכת ערכים נורמטיבית ובעל יכולות ורצון לניהול אורח חיים תקין.,תסקיר שירות המבחן,תסקיר שירות מבחן,תסקיר שירות מבחן,תסקיר שירות מבחן,תסקיר שירות מבחן,תסקיר שירות מבחן
SH-14-11-8987-965,הנאשם גדל בבית ללא גבולות ברורים ועל רקע זה התקשה לפתח אישיות מגובשת ובוגרת.,תסקיר שירות המבחן,תסקיר שירות מבחן,תסקיר שירות מבחן,תסקיר שירות מבחן,תסקיר שירות מבחן,תסקיר שירות מבחן
SH-14-11-8987-965,"מעיון ברישום הפלילי עולה, כי הנאשם הורשע בעבר בביצוע עבירות התפרצות לבניין וביצוע גניבה, התפרצות למגורים ושתי עבירות גניבה ונדון למאסר בעבודות שירות.",תסקיר שירות המבחן,תסקיר שירות מבחן,תסקיר שירות מבחן,ראיות לעונש,תסקיר שירות מבחן,תסקיר שירות מבחן
SH-14-11-8987-965,"אשר לעבירות הנוכחיות – הנאשם מסר כי המתלונן הינו חבר קרוב של אביו וכאשר סייע בניקיון ביתו, נתקל בנשק שהיה חלוד, והחליט לנקות אותו ללא יידוע בעליו. בהמשך, לאחר פניתו של אביו, הודה שהנשק אצלו והחזירו לבעליו. לדבריו, לא היתה לו כוונה לגנוב את הנשק שכן היו כלי נשק נוספים אותם לא לקח.",תסקיר שירות המבחן,תסקיר שירות מבחן,תסקיר שירות מבחן,עובדות המקרה,תסקיר שירות מבחן,תסקיר שירות מבחן
SH-14-11-8987-965,"קצינת המבחן התרשמה, כי הנאשם מתקשה להבין את חומרת העבירה, מטשטש נסיבותיה, משליך אחריות על גורמים חיצוניים ונוטה לגישה קורבנית באשר לעצם העמדתו לדין.",תסקיר שירות המבחן,תסקיר שירות מבחן,תסקיר שירות מבחן,תסקיר שירות מבחן,תסקיר שירות מבחן,תסקיר שירות מבחן
SH-14-11-8987-965,"באשר להערכת הסיכון לביצוע עבירות נוספות – מציינת קצינת המבחן כי הנאשם מביע שאיפה לקיום אורח חיים תקין והימנעות מפלילים, העבירות הקודמות בהן הורשע בוצעו בשנת 2007, וזוהי מעורבתו הפלילית והראשונה מאז הרשעותיו הקודמות.",תסקיר שירות המבחן,תסקיר שירות מבחן,תסקיר שירות מבחן,תסקיר שירות מבחן,תסקיר שירות מבחן,תסקיר שירות מבחן
SH-14-11-8987-965,"בהמלצה ותכנית שיקום העריך השירות כי הנאשם זקוק להכוונה וסיוע מקצועי על מנת להימנע מעבירות נוספות, ועל כן התבקשה דחיה ל-3 חודשים על מנת למצוא לו מסגרת טיפולית מתאימה.",תסקיר שירות המבחן,תסקיר שירות מבחן,תסקיר שירות מבחן,תסקיר שירות מבחן,תסקיר שירות מבחן,תסקיר שירות מבחן
SH-14-11-8987-965,בתסקיר העדכני מציינת קצינת המבחן כי הנאשם נמצא מתאים להשתלבות בטיפול פרטני במסגרת השירות. על כן מומלץ להטיל עליו צו מבחן למשך שנה במסגרתו ישתלב בטיפול פרטני ובמידת הצורך יופנה לטיפול נוסף. כמו כן מומלץ על הטלת שירות לתועלת הציבור שיהווה גורם חינוכי ומציב גבולות.,תסקיר שירות המבחן,תסקיר שירות מבחן,תסקיר שירות מבחן,תסקיר שירות מבחן,תסקיר שירות מבחן,תסקיר שירות מבחן
SH-14-11-8987-965,בחוות דעתו של הממונה על עבודות שירות מיום 15.01.2017 נמצא הנאשם מתאים לביצוע עבודות שירות במעון נכים בגילה ירושלים.,חוות דעת הממונה,תסקיר שירות מבחן,תסקיר שירות מבחן,תסקיר שירות מבחן,תסקיר שירות מבחן,ראיות לעונש
SH-14-11-8987-965,"ב""כ המאשימה עותרת בטיעוניה לעונש של מאסר בפועל, זאת בהתייחס לפסיקה הידועה בעבירות בנשק. לטענתה, מתחם העונש הראוי במקרים שכאלה הוא בין 12  ל-30 חודשים. בנסיבות אלה, מאחר שלנאשם הרשעה ישנה יחסית ובנסיבו, מבוקש למקם את הנאשם ברף הנמוך ובנוסף, להטיל עליו מאסר על תנאי וקנס כספי.","טיעוני ב""כ הצדדים לעונש",טיעוני הצדדים,טיעוני הצדדים,טיעוני הצדדים,טיעוני הצדדים,טיעוני הצדדים
SH-14-11-8987-965,"ב""כ המאשימה בטיעוניה ציינה, כי אינה יודעת אם הנשק הוחזר לבעליו, אבל בכל מקרה הנשק נתפס.","טיעוני ב""כ הצדדים לעונש",טיעוני הצדדים,טיעוני הצדדים,טיעוני הצדדים,טיעוני הצדדים,טיעוני הצדדים
SH-14-11-8987-965,"אביו של הנאשם בעדותו מסר כי הוא איש בטחון מזה 45 שנה והוא מחזיק בנשק ברשיון. לדבריו, הנשק המדובר היה ממש ישן ומלוכלך, ובעליו אירח את הנאשם ונתן לו אוכל ושתיה. לבנו שעשה טעות, לא היתה כוונה לבצע פעולה בטחונית, הוא מגנה את מעשיו ומבקש לעזור לו לחזור לחיק המשפחה ולאפשר לו לקיים אורח חיים תקין ולהתחתן.","טיעוני ב""כ הצדדים לעונש",טיעוני הצדדים,טיעוני הצדדים,טיעוני הצדדים,טיעוני הצדדים,טיעוני הצדדים
SH-14-11-8987-965,"ב""כ הנאשם הציג בפתח דבריו מכתבים שקיבל אביו של הנאשם מראש הממשלה, ממשרד איכות הסביבה, מנשיא המדינה ועוד רבים אחרים.","טיעוני ב""כ הצדדים לעונש",טיעוני הצדדים,טיעוני הצדדים,ראיות לעונש,טיעוני הצדדים,טיעוני הצדדים
SH-14-11-8987-965,"לטענתו, הנאשם עשה טעות חד פעמית, הודה במיוחס לו, חסך מזמנו של בית המשפט לקח אחריות על מעשיו והביע חרטה כנה ועמוקה. מדובר בעבירה שבוצעה לפני שנתיים ומחצה ומאז לא הסתבך בפלילים. דבר זה מעיד על אדם המנהל אורח חיים נורמטיבי. מלבד העבירה משנת 2007 לפני כעשור אין לו הרשעות קודמות. הנאשם עובד כספר למחייתו, עוזר למשפחה ומנהל אורח חיים נורמטיבי. מדובר במשפחה ביטחוניסטית, האב נמנה על כוחות הבטחון מזה 45 שנה ומסייע רבות לכוחות הבטחון.","טיעוני ב""כ הצדדים לעונש",טיעוני הצדדים,טיעוני הצדדים,טיעוני הצדדים,טיעוני הצדדים,טיעוני הצדדים
SH-14-11-8987-965,"באשר לתסקיר – קצינת המבחן מדברת בשבחו של הנאשם וממליצה לשלבו בתוכנית טיפולית, שכן לא מדובר בעבריין אלא במעשה קונדס של בחור שלקח אחריות והתחרט על כך. המעשה אינו משקף את אורח חייו ולכן מבקש ב""כ הנאשם להעדיף את השיקול השיקומי על פני כל שיקול אחר. לדבריו, לא תהא לחברה כל תועלת משליחתו של הנאשם לכלא כפי שמבקשת המאשימה, ועל כן הוא מבקש לאמץ את המלצת שירות המבחן, ידו הארוכה של בית המשפט, לחוס על הנאשם ולהימנע משליחתו לכלא.","טיעוני ב""כ הצדדים לעונש",טיעוני הצדדים,טיעוני הצדדים,תסקיר שירות מבחן,טיעוני הצדדים,טיעוני הצדדים
SH-14-11-8987-965,הנאשם בדברו לבית המשפט הביע צער עמוק על המעשה והביע חרטה מלאה על הטעות שעשה וביקש שלא לשולחו לכלא.,"טיעוני ב""כ הצדדים לעונש",טיעוני הצדדים,טיעוני הצדדים,טיעוני הצדדים,טיעוני הצדדים,טיעוני הצדדים
SH-14-11-8987-965,"העקרון המנחה על פי תיקון 113 לחוק העונשין הוא עקרון ההלימה, על פיו בעת קביעת העונש ההולם יש להתחשב בערך החברתי שנפגע, במידת הפגיעה בו, במדיניות הענישה הנוהגת ובנסיבות הקשורות בביצוע העבירה.",מתחם העונש ההולם,דיון והכרעה,דיון והכרעה,דיון והכרעה,דיון והכרעה,דיון והכרעה
SH-14-11-8987-965,"במקרה דנן, הערך החברתי המוגן הוא הגנה על שלמות גופו של אדם, שכן פוטנציאל הנזק הטמון בשימוש בכלי נשק חם הוא רב. יפים לעניין זה דבריו של כב' השופט ס' ג'ובראן ברע""פ 5921/08 רג'בי נ' מדינת ישראל(פורסם בבו, מיום 25.3.09):",מתחם העונש ההולם,דיון והכרעה,דיון והכרעה,דיון והכרעה,דיון והכרעה,דיון והכרעה
SH-14-11-8987-965,"בע""פ 4945/13 מדינת ישראל נ' ע.א.ס (פורסם בנבו, מיום 19.1.14), קבעה כב' השופטת ע' ארבל מתחם עונש הולם בין 12 ל-36 חודשי מאסר בעניינו של נאשם שהחזיק נשק אוטומטי מסוג ""קרל גוסטב"", מחסנית וכדורים, ירה באוויר, הטמין אותו במקום מסתור הסמוך לביתו ובהמשך החזיק בנשק ובתחמושת בתא המטען של רכבו ומשהבחין בשוטרים נטש את הרכב כאשר הוא מונע נמלט מן המקום. הנשק לא הוחזק ממניעים עברייניים, אלא על רקע איומים על חייו.",מתחם העונש ההולם,דיון והכרעה,דיון והכרעה,דיון והכרעה,דיון והכרעה,דיון והכרעה
SH-14-11-8987-965,"במקרה אחר, בע""פ 2398/14 אלהזייל נ' מדינת ישראל (פורסם בנבו, מיום 7.7.14), אישר כב' השופט עמית מתחם של 24-10 חודשי מאסר לאדם שהחזיק ברכבו בקופסה גלויה במושב הקדמי אקדח ובו מחסנית עם 8 כדורים וכן קופסה בה 38 כדורים נוספים.",מתחם העונש ההולם,דיון והכרעה,דיון והכרעה,דיון והכרעה,דיון והכרעה,דיון והכרעה
SH-14-11-8987-965,"במקרה שלפנינו, הנאשם החזיק ברשותו אקדח חלוד ובלתי שמיש שנטל מאחר, לאחר שנתקל בו אגב עבודתו בביתו, והחזירו לבעליו לאחר חודש ימים, כך שלא היתה צפויה סכנה או נזק כתוצאה מנשיאת הנשק. מאידך, הנאשם ניצל את עבודתו בבית הבעלים לצורך נטילת רכושו ושלל את החזקה בכלי הנשק מידי בעליו, אך גם זאת לתקופה מוגבלת בת חודש ימים.",מתחם העונש ההולם,דיון והכרעה,דיון והכרעה,דיון והכרעה,דיון והכרעה,דיון והכרעה
SH-14-11-8987-965,"משכך, בנסיבות אלה, הפגיעה בערכים המוגנים, בשונה מהמקרים המובאים לעיל, נמוכה.",מתחם העונש ההולם,דיון והכרעה,דיון והכרעה,דיון והכרעה,דיון והכרעה,דיון והכרעה
SH-14-11-8987-965,"בחינת הערכים המוגנים, מידת הפגיעה בהם, נסיבות ביצוע העבירות והענישה הנוהגת בפסיקה, מעלה כי מתחם הענישה נע במקרה זה בין 10 ל- 18 חודשי מאסר.",מתחם העונש ההולם,דיון והכרעה,דיון והכרעה,דיון והכרעה,דיון והכרעה,דיון והכרעה
SH-14-11-8987-965,"בסעיף 40ד' לחוק העונשין, קבע המחוקק כי גם במקרה בו מעשי העבירה ומידת אשמתו של הנאשם הם בעלי חומרה יתרה, אם הנאשם השתקם או קיים סיכוי של ממש לשיקום, הרי שבנסיבות הענין, רשאי בית המשפט לקבוע כי העונש הראוי שיש לגזור על הנאשם יכול שיחרוג ממתחם העונש ההולם וזאת מעטמי שיקום.",חריגה ממתחם העונש וגזירת עונש מתאים,דיון והכרעה,דיון והכרעה,דיון והכרעה,דיון והכרעה,דיון והכרעה
SH-14-11-8987-965,בענייננו – שירות המבחן קבע בתסקירו כי הנאשם נמצא מתאים להשתלבות בטיפול פרטני במסגרת השירות. כן המליץ על צו מבחן למשך שנה שבמהלכו ישתלב בטיפול פרטני ובמידת הצורך יופנה לטיפול נוסף.,חריגה ממתחם העונש וגזירת עונש מתאים,דיון והכרעה,דיון והכרעה,דיון והכרעה,דיון והכרעה,דיון והכרעה
SH-14-11-8987-965,"שירות המבחן ציין, כי מאז ההרשעה האחרונה מ-2007 הנאשם לא ביצע עבירה נוספת והוא מנהל אורח חיים תקין ונורמטיבי, הוא נקי מסמים והביע נכונות מלאה להשתלב בהליך שיקומי.",חריגה ממתחם העונש וגזירת עונש מתאים,דיון והכרעה,דיון והכרעה,דיון והכרעה,דיון והכרעה,דיון והכרעה
SH-14-11-8987-965,על כן ממליץ שירות המבחן להימנע משליחתו של הנאשם למאסר בפועל נוכח נסיבותיו המיוחדות של הנאשם כמפורט בשני התסקירים שהוכנו.,חריגה ממתחם העונש וגזירת עונש מתאים,דיון והכרעה,דיון והכרעה,דיון והכרעה,דיון והכרעה,דיון והכרעה
SH-14-11-8987-965,"לענין המלצת שירות המבחן, אמר בית המשפט העליון אך לפני ימים אחדים בבש""פ 1961/17 מדינת ישראל נ' רמיל ניסנוב את הדברים הבאים:",חריגה ממתחם העונש וגזירת עונש מתאים,דיון והכרעה,דיון והכרעה,דיון והכרעה,דיון והכרעה,דיון והכרעה
SH-14-11-8987-965,"כידוע, שירות המבחן הוא גוף מקצועי ובמקרה זה בחן את התנהגותו של הנאשם לאורך זמן, ולבסוף בא בהמלצה שיקומית בדמות צו מבחן ושל""צ.",חריגה ממתחם העונש וגזירת עונש מתאים,דיון והכרעה,דיון והכרעה,דיון והכרעה,דיון והכרעה,דיון והכרעה
SH-14-11-8987-965,"צו המבחן הוא, כידוע, כחרב חדה על צווארו של הנאשם וככל שלא יתמיד בהליך השיקום, רשאי בית המשפט למצות עמו את הדין. כמו כן יוטל על הנאשם מאסר על תנאי שגם הוא כחרב על צווארו ואם יעבור בפרקי הזמן שנקבעו על אחת מהעבירות בהן הורשע, יכלא מאחורי סורג ובריח ולא תינתן לו הזדמנות נוספת.",חריגה ממתחם העונש וגזירת עונש מתאים,דיון והכרעה,דיון והכרעה,דיון והכרעה,דיון והכרעה,דיון והכרעה
SH-14-11-8987-965,"בנוסף, במסגרת גזירת העונש המתאים לנאשם יש להתחשב גם בנסיבות שאינן קשורות בביצוע העבירה, אלו נלמדות מטיעוני הצדדים, מרישומו הפלילי של הנאשם ומתסקירי שירות המבחן.",חריגה ממתחם העונש וגזירת עונש מתאים,דיון והכרעה,דיון והכרעה,דיון והכרעה,דיון והכרעה,דיון והכרעה
SH-14-11-8987-965,"הנאשם הודה במיוחס לו, נטל אחריות על מעשיו הוביע חרטה מלאה. כמו כן, נתן הסכמתו להשתלב בהליך שיקומי כפי שהמליץ שירות המבחן.",חריגה ממתחם העונש וגזירת עונש מתאים,דיון והכרעה,דיון והכרעה,דיון והכרעה,דיון והכרעה,דיון והכרעה
SH-14-11-8987-965,"טענתו של הנאשם כי מדובר באקדח חלוד ומלוכלכך לא נסתרה. כמו כן, ראוי להרגיש כי האקדח הושב לבעליו לאחר כחודש ימים.",חריגה ממתחם העונש וגזירת עונש מתאים,דיון והכרעה,דיון והכרעה,דיון והכרעה,דיון והכרעה,דיון והכרעה
SH-14-11-8987-965,"בנסיבות אלה ונוכח המלצות שירות המבחן שלא לשולחו למאסר בפועל, ולאחר ששקלתי את כל השיקולים לקולא ולחומרא, אני גוזר על הנאשם את העונשים הבאים:",חריגה ממתחם העונש וגזירת עונש מתאים,דיון והכרעה,דיון והכרעה,דיון והכרעה,דיון והכרעה,דיון והכרעה
SH-14-11-8987-965,"מאסר למשך 4 חודשים אותם ירצה הנאשם בעבודות שירות במעון נכים בגילה ירושלים. המועד לתחילת הביצוע חלף ולפיכך מתבקש הממונה לקבוע מועד חדש, ולדווח על כך לבית המשפט ללא צורך בקיום דיון.",חריגה ממתחם העונש וגזירת עונש מתאים,דיון והכרעה,דיון והכרעה,דיון והכרעה,דיון והכרעה,דיון והכרעה
SH-14-11-8987-965,מאסר על תנאי למשך 6 חודשים. הנאשם לא ירצה עונש זה אלא אם יעבור תוך שנתיים מהיום על אחת מהעבירות בהן הורשע.,חריגה ממתחם העונש וגזירת עונש מתאים,דיון והכרעה,דיון והכרעה,דיון והכרעה,דיון והכרעה,דיון והכרעה
SH-14-11-8987-965,ניתן צו מבחן למשך שנה אחת. הנאשם מצווה להיות בקשר עם שירות המבחן וזה ידווח לבית המשפט על התנהגות חריגה בתקופת המבחן.,חריגה ממתחם העונש וגזירת עונש מתאים,דיון והכרעה,דיון והכרעה,דיון והכרעה,דיון והכרעה,דיון והכרעה
SH-14-11-8987-965,"הנאשם יחתום על התחייבות עצמית בסך 5,000 ₪ להימנע מביצוע אחת מהעבירות בהן הורשע וזאת למשך שנה מהיום. לא יחתום יאסר למשך 7 ימים.",חריגה ממתחם העונש וגזירת עונש מתאים,דיון והכרעה,דיון והכרעה,דיון והכרעה,דיון והכרעה,דיון והכרעה
SH-15-12-65958-120,"חוק העונשין, תשל""ז-1977: סע'  144 (א)",הנאשם בעצמו,מידע אחר,טיעוני הצדדים,מידע אחר,מידע אחר,מידע אחר
SH-15-12-65958-120,"הנאשם, יליד 1984, הורשע על יסוד הודאתו, בעובדות כתב האישום מתוקן, בשלוש עבירות של החזקת נשק ותחמושת לפי סעיף 144 (א) רישא וסיפא לחוק העונשין התשל""ז-1977.",רקע,עובדות המקרה,עובדות המקרה,עובדות המקרה,עובדות המקרה,עובדות המקרה
SH-15-12-65958-120,"לפי עובדות כתב האישום, ביום 24.12.15, החזיק הנאשם בביתו בטייבה אקדח זיג זאוור טעון במחסנית ו-8 כדורי אקדח בקוטר 9 מ""מ. עוד החזיק במקום מסתור מעל ארון במטבח ביתו, נשק מאולתר מסוג קרלו טעון במחסנית ובה 15 כדורי 9 מ""מ. באותו מועד, החזיק הנאשם אקדח נוסף ושתי מחסניות האחת ריקה ואחת מלאה ב-6 כדורי אקדח בקוטר 7.65 בתוך קופסה בספרייה בביתו.",רקע,עובדות המקרה,עובדות המקרה,עובדות המקרה,עובדות המקרה,עובדות המקרה
SH-15-12-65958-120,"בהתאם להסכמת הצדדים, התקבל תסקיר בעניינו של הנאשם ממנו עולה כי הינו בן למשפחה נורמטיבית ומכובדת, כבן 32 נשוי ואב לשני ילדים. הנאשם בעל חברת ניקיון, למד לימודים אקדמאיים. באשר לרקע לביצוע המעשים, טען שמצא את כלי הנשק ושלל החזקתם להגנה על משפחתו. לצד זאת הוסיף, שבאותה עת אביו שהתמודד על ראשות עיריית טייבה נקלע לאירוע ירי לעבר רכבו, מצב שעורר חשש רב במשפחתו ודאגה עמוקה לאב. שירות המבחן התרשם מקשרים אמיצים בין הנאשם לאביו, שהובילו להזדהות טוטלית עם שאיפות האב ומצוקותיו. עוד סבורים שהנאשם נטל על עצמו את תפקיד שמירת האב ואבטחתו וכי בתקופת ביצוע העבירות היה שרוי בלחצים בשל האיומים כלפי אביו ושאיפתו לניצחונו בבחירות.",תסקיר שירות מבחן,תסקיר שירות מבחן,תסקיר שירות מבחן,תסקיר שירות מבחן,תסקיר שירות מבחן,תסקיר שירות מבחן
SH-15-12-65958-120,"הנאשם הביע חרטה וצער על מעורבותו במעשים, שוהה תקופה ארוכה בתנאים מגבילים ונראה כי ההליך המשפטי גרם לו לטלטלה עמוקה בחייו. שירות המבחן התרשם עוד, שאין מדובר בנאשם בעל דפוסים עבריינים ונשקף ממנו סיכון נמוך להישנות התנהגות דומה. לצד זאת, התקשה הנאשם להעמיק בנסיבות וברקע למעשיו וצמצם שיתוף הפעולה הטיפולי עם שירות המבחן. באשר לעונש, סבורה קצינת המבחן, שהנאשם אינו בשל להליך טיפולי משמעותי והמליצה על ענישה מתונה לצד צו של""צ.",תסקיר שירות מבחן,תסקיר שירות מבחן,תסקיר שירות מבחן,תסקיר שירות מבחן,תסקיר שירות מבחן,תסקיר שירות מבחן
SH-15-12-65958-120,"ב""כ המאשימה, עו""ד ערד, עמדה על החומרה הגלומה במעשי הנאשם והחובה להחמיר בעונש מחזיקי נשק שלא כדין. לשיטתה, הפגיעה בערך המוגן חמורה נוכח ריבוי כלי הנשק. עוד סבורה שהרקע לביצוע העבירות שבא לידי ביטוי בהגשת תלונות מצד הנאשם ומשפחתו על הצתות רכבם וירי אינו מצדיק המעשים. המאשימה עתרה למתחם ענישה שנע בין 3-5 שנים, מבקשת למקם עונשו בתחתית המתחם בשל נסיבותיו, לצד מאסר על תנאי וקנס.",טיעוני הצדדים,טיעוני הצדדים,טיעוני הצדדים,טיעוני הצדדים,טיעוני הצדדים,טיעוני הצדדים
SH-15-12-65958-120,"מנגד, עתר ב""כ הנאשם, עו""ד מנדלמן, להקל עם הנאשם. ב""כ הנאשם הפנה לנסיבותיו החיוביות, כשהאירוע נשוא כתב אישום חריג מאד בנוף חייו. ב""כ הנאשם עמד על המצוקה וחוסר האונים בהם היה שרוי הנאשם, עת אחרים פעלו באלימות כנגד משפחתו ותלונותיהם לא טופלו ע""י המשטרה (הוצגה רשימת תלונות שהוגשו ע""י משפחת הנאשם בשנים 2012-2015, סומן נ/1). באשר למעשי הנאשם סבור, שנעשו על רקע הגנה עצמית ומכורח הנסיבות ועתר להסתפק בענישה שאינה כוללת מאסר ממש או לסטייה ממתחם הענישה לצרכי שיקום.",טיעוני הצדדים,טיעוני הצדדים,טיעוני הצדדים,טיעוני הצדדים,טיעוני הצדדים,טיעוני הצדדים
SH-15-12-65958-120,"עוד שמעתי את אבי הנאשם ורעייתו. האב, המשמש שנים רבות כמנהל בית ספר תיכון בעיר טירה, סיפר, כי בסמיכות למועד מציאת הנשק חש סיכון רב לחייו ולחיי משפחתו וכי המשטרה לא טיפלה בתלונותיהם. עוד הסתייג מהחזקת הנשק אך הסביר על תפקידו המרכזי של הנאשם במשפחה המורחבת והקשר החם ביניהם. אשת הנאשם, מחנכת בבית ספר בלוד, סיפרה שהנאשם הינו אדם נורמטיבי ומסור מאד למשפחה. עוד הסבירה שבאותה תקופה הייתה נתונה בחשש ופחד מפני פגיעה בה וילדיה.",טיעוני הצדדים,טיעוני הצדדים,טיעוני הצדדים,ראיות לעונש,טיעוני הצדדים,טיעוני הצדדים
SH-15-12-65958-120,"הנאשם עצמו, בדברים כנים ומרגשים, הביע חרטה עמוקה על מעשיו, הסביר שעובד כמנהל עסק גדול וחש אחראי לכל משפחתו. הנאשם סיפר כי הליך המשפטי והתנאים המגבילים היוו עבורו טלטלה קשה וביקש להתחשב בו.",טיעוני הצדדים,טיעוני הצדדים,טיעוני הצדדים,טיעוני הצדדים,טיעוני הצדדים,טיעוני הצדדים
SH-15-12-65958-120,"אין חולק שמעשיו של הנאשם חמורים ומקימים סכנה ניכרת לשלום הציבור. הפסיקה כינתה ובצדק מעשים אלו בגדר ""מכת אזור"" המחייבת הרתעת הנאשם ואחרים שכמותו באמצעות ענישה קשה. נוכח הסיכון הממשי הנשקף לביטחון הציבור מעבירות נשק, מורה הפסיקה כי במסגרת שיקולי הענישה יינתן על דרך הכלל משקל רב יותר לאינטרס הציבורי על פני נסיבותיו האישיות של הנאשם (ראו: רע""פ 6583/06 אגא אדהאם נ' מדינת ישראל, 5.12.06). מחזיקי נשק לא מורשים, כדוגמת הנאשם, שאינם מתאפיינים ברגיל בדפוסי התנהגות עבריינים, נוטלים את החוק לידיהם ומטעמי הגנה על חייהם או חיי משפחתם, רוכשים בדרך לא דרך תתי מקלע, רובים ואקדחים לצד תחמושת מתאימה ומסתירים הנשק בביתם במטרה לעשות בו שימוש קטלני בעת צורך.",דיון והכרעה ,דיון והכרעה,דיון והכרעה,דיון והכרעה,דיון והכרעה,דיון והכרעה
SH-15-12-65958-120,"בתי המשפט עמדו, חזור ושנה, על החומרה הרבה הגלומה בהחזקת נשק שלא כדין. עוד נפסק, כי חומרתן של העבירות בנשק אינה מסתכמת רק בנזק שאירע בפועל אלא בפוטנציאל הטמון בחובן לסיכון של פגיעה בשלום הציבור ובטחונו (ראו ע""פ 116/13 וקנין נ' מדינת ישראל, מיום 31.07.13). כך נקבע שעבירת החזקת נשק ללא רשות כדין, עקב חומרתה, מצדיקה הטלת עונשי מאסר בפועל, גם על נאשמים שזו להם מעורבותם הראשונה עם החוק וכי  ""עצם החזקת נשק בעל פוטנציאל קטילה מבלי שיש עליו ועל בעליו פיקוח מוסדר של הרשויות טומן בחובו סיכון, כאשר המחזיק בו נתון תמיד לחשש שיתפתה לעשות בו שימוש, ולו ברגעי  לחץ ופחד"" (ע""פ 4945/13 מדינת ישראל נ' עבד אלכרים (19.1.14) ).",דיון והכרעה ,דיון והכרעה,דיון והכרעה,דיון והכרעה,דיון והכרעה,דיון והכרעה
SH-15-12-65958-120,"בענייננו, החזיק הנאשם בשלושה כלי נשק - שני אקדחים ותת מקלע מאולתר מסוג ""קרלו"", לצד תחמושת מתאימה. התנהלות זו, הבאה לידי ביטוי בהסתרת כלי הנשק, החזקת כלי נשק טעונים ומוכנים להפעלה במקומות שונים בביתו ותחמושת תואמת, מעצימה את פגיעתו בערכים המוגנים. עוצמת הפגיעה באה לידי ביטוי במספר היבטים: הראשון בהם- ריבוי כלי הנשק. כאמור, עסקינן בשלושה כלי נשק שונים; השני -המדובר בכלי נשק התקפיים ופוגעניים, לרבות תת מקלע; השלישי, החזקת כלי נשק טעונים ותחמושת נגישה המעידים על כוונה ברורה לעשות בהם שימוש, והאחרון- תכנון המעשים הבא לידי ביטוי ברכישת הנשק, חימושו והסתרתו.",דיון והכרעה ,דיון והכרעה,דיון והכרעה,דיון והכרעה,דיון והכרעה,דיון והכרעה
SH-15-12-65958-120,"ב""כ הנאשם, בטיעוניו, לא הקהה מחומרת מעשי הנאשם אך סבור, שמשהוחזקו למטרות הגנה על משפחתו הקרובה בלבד ולא לצורך ביצוע עבירות פליליות או למטרות עוינות, יש בכך כדי להביא להקלה עם הנאשם. לשיטתו, הנאשם שברגיל הינו אדם נורמטיבי ונעדר דפוסים עבריינים, נאלץ בלית ברירה להחזיק בכלי נשק כדי להגן על בני משפחתו ובראשם אביו, כשבאותה תקופה, ככל הנראה על רקע התמודדות האב על ראשות העירייה בעיר ישובו, חווה האב איומים ואף ירי לעבר רכבו.",החזקת נשק לצרכי הגנה עצמית,דיון והכרעה,דיון והכרעה,דיון והכרעה,דיון והכרעה,דיון והכרעה
SH-15-12-65958-120,"בעבירות מסוג זה מייחסת הפסיקה חשיבות רבה לרקע והנסיבות אופפות ביצוען ואף סיווגה העבירה של החזקה נשק שלא כדין, בהתאם לחומרת נסיבות ביצועה, במדרג חומרה מהכבד אל הקל. החל מהחזקת נשק לצורך ביצוע עבירות ביטחון ועבירות פליליות, עבור להחזקת נשק לצרכי הגנה על הנאשם או משפחתו וכלה בהחזקת נשק ללא רישיון. עניינה של החזקת נשק בשל תחושת איום, ממוקמת במרכז המדרג וההתייחסות אליה מתונה יותר מהחזקת נשק למטרות פליליות או ביטחוניות.(ב""ש 652/85 אבו מוך נ' מדינת ישראל)",החזקת נשק לצרכי הגנה עצמית,דיון והכרעה,דיון והכרעה,דיון והכרעה,דיון והכרעה,דיון והכרעה
SH-15-12-65958-120,"בע""פ 4945/13 מדינת ישראל נ' סולימאן (19.1.14) נדרשה כב' השופטת ארבל לשאלת השפעתה של החזקת נשק לצרכי הגנה עצמית, על רמת הענישה ומידת אשמו של הנאשם. סולימאן, שלא הייתה מחלוקת שביצע את המיוחס לו (ובין היתר נשיאת והובלת נשק וירי באוויר) מתוך תחושת פחד וחשש לחייו על רקע איומים שקיבל ולא מתוך מניע עברייני טהור, נדון למאסר בן 6 חודשים בדרך של עבודות שירות. במסגרת ערעור על קולת העונש מטעם המדינה קבעה, כי אמנם הרקע לביצוע העבירות אינו מעמיד את מעשי המערער ברף העליון של החומרה אלא שלנוכח מגמת ההחמרה בענישה לצד הסכנה הנשקפת לציבור כתוצאה מעבירות נשק, יש להחמיר מתחם הענישה ולהעמידו על 12-36 חודשי מאסר, אם כי דחתה הערעור מטעמי שיקום.",החזקת נשק לצרכי הגנה עצמית,דיון והכרעה,דיון והכרעה,דיון והכרעה,דיון והכרעה,דיון והכרעה
SH-15-12-65958-120,"המשך למגמה זו, ניתן למצוא גם בפסיקה שונה של בית העליון (ראו: ע""פ 7502/12 כוויס נ' מדינת ישראל, 25.6.13; רע""פ 2822/12 דוהארי נ' מדינת ישראל, 25.4.12) ובתי המשפט המחוזיים. ברע""פ 1246/17 מטר נ' מדינת ישראל (12.03.17)  נדון עניינו של נאשם שנקבע שהחזיק בנשק למטרת הגנה עצמית ועונשו הוחמר ע""י ערכאת הערעור (עפ""ג  41929-07-16 (מח-מרכז)), מ-6 חודשי עבודות שירות, ל-9 חודשי מאסר מהטעם, שאין לראות בנסיבות המעשה כמצדיקות סטייה לקולא מהמתחם שנקבע.",החזקת נשק לצרכי הגנה עצמית,דיון והכרעה,דיון והכרעה,דיון והכרעה,דיון והכרעה,דיון והכרעה
SH-15-12-65958-120,"בענייננו, התרשמתי שאכן הנאשם ובני משפחתו חשו חשש אמיתי לפגיעה בשלומם. הנאשם, בדבריו לפניי (העומדים בסתירה לדבריו לשירות המבחן, לפיהם מצא הנשק), ובני משפחתו, תארו תחושת איום כנה וחוסר אונים משלא טופלו תלונותיהם(רובן, אמנם, לא בסמיכות זמנים למועד העבירות),  כיאות ע""י המשטרה. לצד זאת, אין בנתונים אלו כדי לספק הסבר מניח את הדעת מדוע בחר הנאשם להחזיק בשלושה כלי נשק, ביניהם תת- מקלע, טעונים ומוכנים לשימוש. בנסיבות אלו, מצאתי ליתן משקל מסוים לקולא למטרת החזקת כלי הנשק.",החזקת נשק לצרכי הגנה עצמית,דיון והכרעה,דיון והכרעה,דיון והכרעה,דיון והכרעה,דיון והכרעה
SH-15-12-65958-120,"מגמת ההחמרה אכן משתקפת בעונשים שמוטלים על המבצעים עבירות בנשק. כך נקבע ברע""פ 2718/04 אבו דאחל  נ' מדינת ישראל כי ""הסכנה הטמונה בעבירה חמורה של החזקת נשק מצדיקה הטלת עונשי מאסר לריצוי בפועל גם על מי שזו עבירתו הראשונה. בבוא בית המשפט לשקול את הענישה מסוג זה, עליו לתת משקל נכבד יותר לאינטרס הציבורי ולצורך להרתיע עבריינים בכח מלבצע עבירות דומות, על פני נסיבות האישיות של העבריין"".",קביעת מתחם העונש ההולם,דיון והכרעה,דיון והכרעה,דיון והכרעה,דיון והכרעה,דיון והכרעה
SH-15-12-65958-120,"בפסיקה רבה וענפה נגזר על מחזיקי נשק, חלקם נטולי עבר פלילי, מאסר מאחורי סורג ובריח שנע בין מספר חודשים ועד 18 חודשים. כך אפנה לרע""פ 4559/16 נוסיראת נ' מדינת ישראל (22.6.16)), שם נדחתה בקשת ערעור של המבקש שעונשו הוחמר (עפ""ג 27108-01-16 מח-מרכז) מ-6 חודשי עבודות שירות למאסר בן -9 חודשים. בית המשפט קבע, כי אין די בנסיבותיו האישיות של הנאשם, עברו הנקי ותסקיר חיובי במיוחד, כדי להביא לחריגה לקולא ממתחם הענישה, אף לא מטעמי שיקום. עוד ראו בעניין זה עפ""ג 50329-10-15 (מח-מרכז) מדינת ישראל נ' ענזי, שם הוחמר עונשו של בגיר צעיר, נטול עבר, ששירות המבחן המליץ להימנע בעניינו ממאסר ממש, מ-6 חודשי עבודות שירות ל-10 חודשי מאסר.",קביעת מתחם העונש ההולם,דיון והכרעה,דיון והכרעה,דיון והכרעה,דיון והכרעה,דיון והכרעה
SH-15-12-65958-120,"ריבוי כלי הנשק משליך אף הוא משמעותית על רמת הענישה. בעפ""ג (מח-מרכז) 27417-11-15 מדינת ישראל נ' עבד אל רחים, נדון עניינו של נאשם נעדר עבר פלילי שהחזיק ברובה, תת מקלע ""עוזי"" ותחמושת מתאימה, ונגזרו עליו 14 חודשי מאסר. בית המשפט המחוזי החמיר בעונשו, קבע מתחם ענישה שנע בין 18-36 חודשי מאסר והעמיד עונשו על 20 חודשי מאסר. עוד ראה: עפ""ג 47302-09-11 (מח-מרכז) אבו ג'אבר נ' מדינת ישראל, נאשם שהחזיק בשני אקדחים ונשק מאולתר מסוג ""קרל גוסטב"" נדון ל-18 חודשי מאסר; ת""פ (שלום כפר-סבא) 47362-06-16 מדינת ישראל נ' עיראקי- החזקת תת מקלע ואקדח, נאשם בעל עבר, נדון ל-24 חודשי מאסר; ת""פ 33552-09-16 (שלום-רמלה) מדינת ישראל נ' חאמד- נאשם נדון על החזקת אקדח ו-M-16 מאולתר ל-19 חודשי מאסר, תחתית המתחם שנקבע בין 18-42 חודשי מאסר.",קביעת מתחם העונש ההולם,דיון והכרעה,דיון והכרעה,דיון והכרעה,דיון והכרעה,דיון והכרעה
SH-15-12-65958-120,"אשר על כן, לאחר שבחנתי נסיבות מעשי הנאשם לצד הרקע להחזקת הנשק, מצאתי לקבוע מתחם ענישה שנע בין 18-36 חודשי מאסר.",קביעת מתחם העונש ההולם,דיון והכרעה,דיון והכרעה,דיון והכרעה,דיון והכרעה,דיון והכרעה
SH-15-12-65958-120,"הנאשם שלפניי אדם נורמטיבי ובעל מעמד וייחוס, שברגיל מנהל חייו באופן מסודר ותקין. נראה שדאגתו של הנאשם לאביו ולמשפחתו כולה וההתמסרות הטוטלית לשמירה על משפחתו, גררו אותו לקבלת שורה של החלטות שגויות ללא תובנה מלאה להשלכותיהן הפליליות וחשיפת משפחתו לסיכון רב. ניכר כי כיום מבין היטב את הפסול במעשיו, מביע על כך חרטה, כשלהליך המשפטי ושהייתו הממושכת בתנאים מגבילים, אפקט מטלטל ומרתיע.",קביעת מתחם העונש ההולם,דיון והכרעה,דיון והכרעה,דיון והכרעה,דיון והכרעה,דיון והכרעה
SH-15-12-65958-120,"שירות המבחן התרשם מנאשם שאינו בעל דפוסים עבריינים, המביע חרטה וצער על מעשיו ואינו צופה מעורבות חוזרת של הנאשם בהתנהלות פורצת חוק. הנאשם אמנם לא היה נכון להשתלב בהליך טיפולי מעמיק ועל כן לא בא שירות המבחן בהמלצה טיפולית, עם זאת סבור שיש להטיל עליו ענישה מקלה ביותר בדמות מאסר על תנאי וצו של""צ.",קביעת מתחם העונש ההולם,דיון והכרעה,דיון והכרעה,דיון והכרעה,דיון והכרעה,דיון והכרעה
SH-15-12-65958-120,"אין בידי לקבל עתירת ההגנה לסטייה ממתחם הענישה לצרכי השיקום, כל שכן המלצת שירות המבחן. הנאשם לא מצוי בהליך שיקום ואף התקשה בהעמקת הקשר הטיפולי עם שירות המבחן. המדובר בעתירות עונשיות שאינן מעניקות משקל ראוי לאינטרס הציבור, למלחמת החורמה שיש לנהל כנגד מחזיקי נשק ללא רשות ולכך שאין מדובר בנאשם שנתקבלה בעניינו המלצה טיפולית.",קביעת מתחם העונש ההולם,דיון והכרעה,דיון והכרעה,דיון והכרעה,דיון והכרעה,דיון והכרעה
SH-15-12-65958-120,"אין אלא להביע תקווה שהנאשם למד את לקחו ולא יחזור על מעשיו, אך לעת זו כשהמעשים שביצע הן בבחינת ""מכת מדינה"" של ממש, הפסיקה מצווה עלינו להחמיר ולהרתיע עם מחזיקי הנשק שלא ברשות, גם אלו שזו מעורבותם הפלילית הראשונה ולסייע למאבק הממושך של גורמי אכיפת החוק כנגד תופעה פסולה זו, על הנאשם לתת את דינו.",קביעת מתחם העונש ההולם,דיון והכרעה,דיון והכרעה,דיון והכרעה,דיון והכרעה,דיון והכרעה
SH-15-12-65958-120,"לאחר ששקלתי כלל השיקולים לקולא ולחומרא, נסיבות המעשים, הרקע לביצוע העבירות, נסיבותיו החיוביות של הנאשם, חלוף הזמן, עמידתו בתנאים מגבילים, שיתוף פעולה חלקי בלבד עם שירות המבחן וסיכון נמוך להישנות התנהגות דומה, מצאתי למקם עונשו של הנאשם בתחתית מתחם הענישה.",סוף דבר,דיון והכרעה,דיון והכרעה,דיון והכרעה,דיון והכרעה,דיון והכרעה
SH-15-12-65958-120,"20 חודשי מאסר בפועל, בניכוי ימי מעצרו 24.12.15-20.1.16.",אשר על כן אני גוזרת על הנאשם את העונשים הבאים:,דיון והכרעה,דיון והכרעה,דיון והכרעה,דיון והכרעה,מידע אחר
SH-15-12-65958-120,מאסר על תנאי בן 7 חודשים לבל יעבור הנאשם עבירת נשק תוך 3 שנים מיום שחרורו.,אשר על כן אני גוזרת על הנאשם את העונשים הבאים:,דיון והכרעה,דיון והכרעה,דיון והכרעה,דיון והכרעה,מידע אחר
SH-15-12-65958-120,קנס בסך 5000 ₪ או 30 ימי מאסר. הקנס ישולם עד ליום 1.9.17.,אשר על כן אני גוזרת על הנאשם את העונשים הבאים:,דיון והכרעה,דיון והכרעה,דיון והכרעה,דיון והכרעה,מידע אחר
SH-16-05-42991-439,"ב""כ המאשימה: עו""ד עינב וינוגרד",nothing,מידע אחר,מידע אחר,מידע אחר,מידע אחר,מידע אחר
SH-16-05-42991-439,"ב""כ הנאשם: עו""ד שוקרי אבו טב",nothing,מידע אחר,מידע אחר,מידע אחר,מידע אחר,מידע אחר
SH-16-05-42991-439,"חוק העונשין, תשל""ז-1977: סע'  40 ט', 144(א), 244, 40 יא', 40 יג'",nothing,מידע אחר,מידע אחר,מידע אחר,מידע אחר,מידע אחר
SH-16-05-42991-439,הנאשם הורשע בהתאם להודאתו בעובדות כתב האישום המתוקן בעבירות כדלקמן:,רקע,עובדות המקרה,עובדות המקרה,עובדות המקרה,עובדות המקרה,עובדות המקרה
SH-16-05-42991-439,"החזקת נשק ותחמושת, לפי סעיף 144(א) רישא וסיפא לחוק העונשין, תשל""ז – 1977 (להלן: ""החוק"").",רקע,עובדות המקרה,עובדות המקרה,עובדות המקרה,עובדות המקרה,עובדות המקרה
SH-16-05-42991-439,"על-פי המתואר בעובדות כתב האישום המתוקן, ביום 15.5.16 החזיק הנאשם אקדח כסוף מסוג בראונינג ובו מחסנית עם 13 כדורים 9 מ""מ. משהגיעו השוטרים לבית, הורה הנאשם לרעייתו (להלן: ""נאשמת 2"") להסליק את האקדח בין בגדיה ולצאת מהבית במטרה להעלים את האקדח מעיני השוטרים. בתגובה לכך הכניסה נאשמת 2 את האקדח מתחת לחצאיתה וניסתה לצאת מהבית מבלי שהשוטרים יבחינו בנשק.","שיבוש הליכי משפט, לפי סעיף 244 לחוק. ",עובדות המקרה,עובדות המקרה,עובדות המקרה,עובדות המקרה,עובדות המקרה
SH-16-05-42991-439,"הצדדים הגיעו להסדר דיוני, לפיו הנאשם הודה והורשע בכתב האישום המתוקן ונשלח לקבלת תסקיר שירות מבחן ללא הסכמה עונשית.","שיבוש הליכי משפט, לפי סעיף 244 לחוק. ",עובדות המקרה,עובדות המקרה,עובדות המקרה,עובדות המקרה,עובדות המקרה
SH-16-05-42991-439,"על פי תסקיר שירות המבחן, הנאשם כבן 24, נשוי ואב לפעוטה בת מספר חודשים. הנאשם סיים 11 שנות לימוד ללא תעודת בגרות, מתקשה בקריאה וכתיבה ועובד מגיל 18 בעבודות שיפוצים בחברה השייכת לאחיו. בהתייחסו לביצוע העבירות קיבל הנאשם אחריות על ביצוע העבירות ומסר כי ברקע לביצוען היה סכסוך בין משפחתו המורחבת לבין משפחה אחרת, כאשר הוא פעל לתפיסתו מתוך צורך ומחויבות להגן על עצמו ועל משפחתו. הנאשם התייחס באופן כנה לסכסוך שהתפתח בין הצדדים כשהוא מבין את חומרת התנהגותו. בנוסף, הציג הנאשם הסכם סולחה והדגיש מחויבותו ומחויבות משפחתו להסכם. שירות המבחן התרשם כי הנאשם משקיע מירב כוחותיו בעבודתו ובשיקום התא המשפחתי, וכי כעת חל שינוי ראשוני והוא מצליח לבחון באופן ביקורתי את התנהגותו הבעייתית. בנוסף לאור שיתוף הפעולה עם שירות המבחן, העריך שירות המבחן כי השתלבותו בטיפול עשויה לצמצם את הסיכון להישנות המעשים. לפיכך, המליץ שירות המבחן על מאסר שירוצה בעבודות שירות לצד צו מבחן.",תסקיר שירות המבחן,תסקיר שירות מבחן,תסקיר שירות מבחן,תסקיר שירות מבחן,תסקיר שירות מבחן,תסקיר שירות מבחן
SH-16-05-42991-439,"לטענת ב""כ המאשימה, עו""ד עינב וינוגרד, נסיבות החזקת הנשק בהן הורשע הנאשם הינן חמורות. מדובר באקדח עם מחסנית בתוכו ובה כדורים, היינו אקדח שמוכן לירי בשעת הצורך וזאת על רקע סכסוך אשר היה פעיל באותה עת, בין משפחתו של הנאשם למשפחה אחרת. הדבר מהווה נסיבה לחומרה, שכן הוא מלמד על נשק בעל פוטנציאל לשימוש בטווח קרוב. לא בכדי קבע המחוקק עונש של 7 שנות מאסר בצידה של העבירה. הנחיות פרקליט המדינה מלמדות על הצורך בהחמרה בענישה, שכן מדובר בעבירה שמאיימת על שלום הציבור ובטחונו ומגלמת בתוכה פוטנציאל נזק קטלני, ועל כן מחייבת ענישה שתרתיע את היחיד ואת הרבים. מתחם העונש באשר להחזקת הנשק הינו בן שנה וחצי ל- 3 וחצי שנות מאסר. מתחם העונש בעבירת השיבוש הינו בין מאסר בעבודות שירות ועד לשנת מאסר בפועל. הנאשם צעיר, נעדר עבר פלילי, אשר הודה וחסך זמן שיפוטי. מהתסקיר עולה כי הנאשם מחויב למשפחתו וסבור כי מעשיו לגיטימיים, אמנם כעת הסכסוך אינו פעיל ואולם מדובר בעמדות מסורתיות מושרשות. המלצת שירות המבחן להסתפק בענישה בעבודות שירות אינה תואמת את חומרת העבירה. לפיכך, עתרה ב""כ המאשימה להשית על הנאשם עונש מאסר ברף הנמוך של המתחם לצד מאסר על תנאי וקנס.",טיעוני הצדדים,טיעוני הצדדים,טיעוני הצדדים,טיעוני הצדדים,טיעוני הצדדים,טיעוני הצדדים
SH-16-05-42991-439,"לטענת ב""כ הנאשם, עו""ד שוקרי אבו טביק, הנאשם היה עצור מיום 15.5.16 ועד ליום 28.7.16, לאחר מכן היה נתון במשך ארבעה חודשים במעצר בית ורק לאחרונה חזר לעיר מגוריו. הרקע לעבירות הינו סכסוך במהלכו נפצע אדם מירי. הנאשם הודה מיד כאשר המשטרה מצאה את הנשק ומסר כי מדובר בנשק להגנה עצמית. הנאשם שיתף פעולה עם שירות המבחן, הגיע לפגישות כפי הנדרש ונמצא כעת באפיק שיקומי. הנאשם אב לתינוקת בת 4 חודשים. נוכח נסיבותיו של הנאשם והאפיק השיקומי ניתן לסטות ממתחם העונש. ולפיכך עתר ב""כ הנאשם להשית על הנאשם עונש מאסר שירוצה בעבודות שירות לצד מאסר על תנאי וקנס.",טיעוני הצדדים,טיעוני הצדדים,טיעוני הצדדים,טיעוני הצדדים,טיעוני הצדדים,טיעוני הצדדים
SH-16-05-42991-439,הנאשם הביע חרטה על מעשיו.,טיעוני הצדדים,טיעוני הצדדים,טיעוני הצדדים,טיעוני הצדדים,טיעוני הצדדים,טיעוני הצדדים
SH-16-05-42991-439,"כתב האישום מתאר אירוע אחד, ומכאן שיש לקבוע בגינו מתחם עונש הולם אחד.",דיון - קביעת מתחם העונש ההולם,דיון והכרעה,דיון והכרעה,דיון והכרעה,דיון והכרעה,דיון והכרעה
SH-16-05-42991-439,"במקרה דנן, הערך החברתי אשר נפגע הינו הגנה על שלומו וביטחונו של הציבור. בית-המשפט העליון עמד על חומרת עבירות בנשק בע""פ 4945/13 מדינת ישראל נ' סלימאן (19.1.14):",דיון - קביעת מתחם העונש ההולם,דיון והכרעה,דיון והכרעה,דיון והכרעה,דיון והכרעה,דיון והכרעה
SH-16-05-42991-439,על חומרתה של עבירת החזקת הנשק ניתן ללמוד אף מהעונש המרבי שנקבע לה בחוק - 7 שנות מאסר.,דיון - קביעת מתחם העונש ההולם,דיון והכרעה,דיון והכרעה,דיון והכרעה,דיון והכרעה,דיון והכרעה
SH-16-05-42991-439,"עבירת החזקת נשק היא עבירה שהוכרה בפסיקה ""כמכת מדינה"" ו""כמכת אזור"" שפגיעתה בשלום הציבור ובטחונו היא קשה גם אם לא הוכח שנעשה שימוש פלילי בכלי הנשק ועל כן מצדיקה ענישה משמעותית (ראו עפ""ג 27417-11-15 (מח' מרכז-לוד) מדינת ישראל נ' עבד אל רחים (17.1.16), 49160-11-15 (מח' מרכז-לוד) מדינת ישראל נ' נאסר (10.4.16), עפ""ג (מח' מרכז לוד) 15337-10-14 ג'אבר נ' מדינת ישראל (7.12.14)).",דיון - קביעת מתחם העונש ההולם,דיון והכרעה,דיון והכרעה,דיון והכרעה,דיון והכרעה,דיון והכרעה
SH-16-05-42991-439,"בחינת מידת הפגיעה בערך המוגן מובילה למסקנה כי הפגיעה בערך המוגן הינה ברף בינוני. זאת, לאור העובדה שהאקדח היה טעון במחסנית ובה 13 כדורים והוחזק במתחם ביתו של הנאשם, כמו גם לאור ניסיונו להסליק את האקדח תוך שיבוש הליכי משפט.",דיון - קביעת מתחם העונש ההולם,דיון והכרעה,דיון והכרעה,דיון והכרעה,דיון והכרעה,דיון והכרעה
SH-16-05-42991-439,בחינת מדיניות הענישה הנוהגת מעלה כי במקרים דומים הוטלו על נאשמים עונשים במנעד רחב כמפורט להלן:,דיון - קביעת מתחם העונש ההולם,דיון והכרעה,דיון והכרעה,דיון והכרעה,דיון והכרעה,דיון והכרעה
SH-16-05-42991-439,"בע""פ 5646/15 תיהאווי נ' מדינת ישראל (14.2.16), נדחה ערעורו של נאשם, אשר הורשע בעבירה של החזקת נשק בצוותא. הנאשם החזיק באקדח טעון במחסנית מוסלק מתחת לשטיח. בית המשפט המחוזי קבע כי מתחם העונש הינו בין 9 חודשי מאסר ל- 3 שנות מאסר. הנאשם צעיר נורמטיבי. נידון ל- 15 חודשי מאסר בפועל.",דיון - קביעת מתחם העונש ההולם,דיון והכרעה,דיון והכרעה,דיון והכרעה,דיון והכרעה,דיון והכרעה
SH-16-05-42991-439,"בע""פ 5604/11 נאסר נ' מדינת ישראל (5.10.11), נדחה ערעורו של נאשם, אשר הורשע בהתאם להודאתו בביצוע עבירה של החזקת נשק ותחמושת. בחזקת הנאשם נתפסו אקדח ומחסנית ובה 8 כדורים. הנאשם נדון ל-12 חודשי מאסר בפועל.",דיון - קביעת מתחם העונש ההולם,דיון והכרעה,דיון והכרעה,דיון והכרעה,דיון והכרעה,דיון והכרעה
SH-16-05-42991-439,"בע""פ 6294/10 אלקיעאן נ' מדינת ישראל (13.2.11), נדחה ערעורם של הנאשמים, אשר הורשעו בביצוע עבירה של החזקת נשק ותחמושת שלא כדין. הנאשמים נתפסו, כאשר כל אחד מהם החזיק באקדח טעון ומחסנית, וכן הנאשם 2 החזיק בכיס מעילו מחסנית נוספת. כל אחד מהנאשמים נדון ל- 10 חודשי מאסר בפועל.",דיון - קביעת מתחם העונש ההולם,דיון והכרעה,דיון והכרעה,דיון והכרעה,דיון והכרעה,דיון והכרעה
SH-16-05-42991-439,"ברע""פ 4559/16 נוסיראת נ' מדינת ישראל (22.6.16), נדחתה בקשת ערעור של נאשם, אשר הורשע בעבירה של החזקת נשק ותחמושת. הנאשם החזיק נשק מאולתר כשבצידו תחמושת מוכנה להפעלה. הנאשם נעדר עבר פלילי. בית משפט השלום השית על הנאשם 6 חודשי עבודות שירות. בית המשפט המחוזי החמיר את עונשו וגזר עליו 9 חודשי מאסר בפועל.",דיון - קביעת מתחם העונש ההולם,דיון והכרעה,דיון והכרעה,דיון והכרעה,דיון והכרעה,דיון והכרעה
SH-16-05-42991-439,"בע""פ (מח' מרכז–לוד) 18780-06-14  עאזם נ' מדינת ישראל (14.9.14), נדחה ערעור של נאשם שהורשע בהחזקת אקדח וכדורי אקדח ברכבו. לנאשם עבר פלילי ישן בגינו אף ריצה מאסר. בית המשפט קבע מתחם בין 10 ל- 24 חודשי מאסר וגזר עליו 14 חודשי מאסר בפועל.",דיון - קביעת מתחם העונש ההולם,דיון והכרעה,דיון והכרעה,דיון והכרעה,דיון והכרעה,דיון והכרעה
SH-16-05-42991-439,"בע""פ (מח' מרכז-לוד) 39796-06-12 חטיב נ' מדינת ישראל (20.3.13), נדחה ערעורו של נאשם, אשר הורשע בביצוע עבירה של החזקת נשק וחלק מנשק שלא כדין, והוטלו עליו 12 חודשי מאסר בפועל.",דיון - קביעת מתחם העונש ההולם,דיון והכרעה,דיון והכרעה,דיון והכרעה,דיון והכרעה,דיון והכרעה
SH-16-05-42991-439,"בעפ""ג (מח' מרכז-לוד) 50329-10-15 מדינת ישראל נ' ענזי (26.1.16), התקבל ערעור המדינה על קולת עונשו של נאשם אשר הורשע בעבירה של החזקת נשק ותחמושת ונידון ל- 6 חודשי עבודות שירות. הנאשם החזיק אקדח גנוב שנתפס כשהוא מוסלק, דרוך במחסנית ולצידו מחסנית נוספת. בית המשפט קבע כי מתחם העונש מתחיל החל מ- 9 או 10 חודשי מאסר. הנאשם בגיר- צעיר, נעדר עבר פלילי. נידון ל- 10 חודשי מאסר בפועל.",דיון - קביעת מתחם העונש ההולם,דיון והכרעה,דיון והכרעה,דיון והכרעה,דיון והכרעה,דיון והכרעה
SH-16-05-42991-439,"בת""פ (רמ') 27780-05-15 מדינת ישראל נ' אל מוסראתי (19.11.15), הורשע נאשם בעבירות בנשק. הנאשם החזיק יחד עם אחר אקדח גנוב חצי אוטומטי 9 מ""מ, טעון עם כדור בקנה, ובתוכו מחסנית מתאימה המכילה 15 כדורים 9 מ""מ. הנאשם צעיר בעל הרשעות קודמות נידון ל- 12 חודשי מאסר ועונשים נלווים.",דיון - קביעת מתחם העונש ההולם,דיון והכרעה,דיון והכרעה,דיון והכרעה,דיון והכרעה,דיון והכרעה
SH-16-05-42991-439,"בת""פ (רמ') 60581-11-15 מדינת ישראל נ' אלעברה (01.05.16), הורשע הנאשם בהתאם להודאתו בביצוע עבירת החזקת נשק שלא כדין. הנאשם החזיק אקדח טעון במחסנית. הנאשם צעיר כבן 20 ונעדר עבר פלילי. נידון ל- 10 חודשי מאסר בפועל לצד עונשים נלווים.",דיון - קביעת מתחם העונש ההולם,דיון והכרעה,דיון והכרעה,דיון והכרעה,דיון והכרעה,דיון והכרעה
SH-16-05-42991-439,"עוד נתתי דעתי להנחיית פרקליט המדינה בנוגע למדיניות הענישה בעבירות נשק אשר מבטאת מגמה של המאשימה להחמרה בעבירות מסוג זה, אם כי מובן הדבר שהנחיות אלה אינן מחייבות את בתי המשפט.",דיון - קביעת מתחם העונש ההולם,דיון והכרעה,דיון והכרעה,דיון והכרעה,דיון והכרעה,דיון והכרעה
SH-16-05-42991-439,"במסגרת הנסיבות הקשורות בביצוע העבירה (סעיף 40 ט' לחוק), יש לתת את הדעת לכך שהנאשם החזיק בביתו אקדח מסוג בראונינג ובו מחסנית עם 13 כדורים 9 מ""מ, ומשהגיעו השוטרים למקום ביקש הנאשם מרעייתו להסליק את האקדח בבגדיה ולהוציאו מהבית מבלי שהשוטרים יבחינו בכך, ועל כן אין ספק כי למעשה קדם תכנון. הנזק הפוטנציאלי בהחזקת כלי נשק טעון הינו רב, במיוחד כאשר הוא מוחזק בבית מגורים. הנאשם החזיק את האקדח בביתו על רקע סכסוך בו היתה מעורבת משפחתו. עובדה אשר יש בה כדי להגביר את פוטנציאל הנזק אשר טמון בהחזקת הנשק.",דיון - קביעת מתחם העונש ההולם,דיון והכרעה,דיון והכרעה,דיון והכרעה,דיון והכרעה,דיון והכרעה
SH-16-05-42991-439,"בהתאם לתיקון 113 לחוק העונשין (סעיף 40 יג'), סבורני כי מתחם העונש ההולם הינו החל מ- 10 חודשי מאסר בפועל ועד ל- 24 חודשי מאסר בפועל.",דיון - קביעת מתחם העונש ההולם,דיון והכרעה,דיון והכרעה,דיון והכרעה,דיון והכרעה,דיון והכרעה
SH-16-05-42991-439,"במקרה דנן, לא קיימים שיקולים אשר מצדיקים סטייה מהמתחם, לחומרה או לקולא.",דיון - קביעת מתחם העונש ההולם,דיון והכרעה,דיון והכרעה,דיון והכרעה,דיון והכרעה,דיון והכרעה
SH-16-05-42991-439,"בגזירת העונש המתאים לנאשם, בגדרי מתחם העונש ההולם, יש להתחשב בנסיבות שאינן קשורות בביצוע העבירה (סעיף 40 יא'). במסגרת זו מן הראוי לתת את הדעת לכך שהנאשם יליד 1992, נשוי ואב לפעוטה בת מספר חודשים, נעדר עבר פלילי. הטלת עונש מאסר תפגע בנאשם ובמשפחתו ללא ספק. הנאשם הודה במיוחס לו, הביע חרטה ונטל אחריות למעשיו. בין משפחת הנאשם לבין המשפחה שעימה היה הסכסוך נערך הסכם סולחה ונראה כי לאור זאת פחת הסיכון מהתנהגות עוברת חוק של הנאשם.",גזירת העונש המתאים לנאשם,דיון והכרעה,דיון והכרעה,דיון והכרעה,דיון והכרעה,דיון והכרעה
SH-16-05-42991-439,"עוד יש לתת את הדעת לשיקול הרתעת היחיד בגדרו של המתחם, וזאת בשים לב לעמדותיו של הנאשם בכל הנוגע למשפחתו ולסכסוך לפיהם ישנה לגיטימיות למעשיו.",גזירת העונש המתאים לנאשם,דיון והכרעה,דיון והכרעה,דיון והכרעה,דיון והכרעה,דיון והכרעה
SH-16-05-42991-439,"באיזון בין השיקולים השונים, סבורני כי יש לגזור על הנאשם עונש מאסר בפועל ברף הנמוך של המתחם לצד מאסר על תנאי וקנס. אין ביכולתי לאמץ את המלצת שירות המבחן להסתפק בעונש של עבודות שירות.",גזירת העונש המתאים לנאשם,דיון והכרעה,דיון והכרעה,דיון והכרעה,דיון והכרעה,דיון והכרעה
SH-16-05-42991-439,10 חודשי מאסר בפועל בניכוי ימי מעצרו מיום 15.5.16 ועד ליום 28.7.16.,"אשר על-כן, הנני גוזר על הנאשם את העונשים הבאים:",דיון והכרעה,דיון והכרעה,דיון והכרעה,דיון והכרעה,דיון והכרעה
SH-16-05-42991-439,"הנאשם יתייצב לריצוי מאסרו בבית הסוהר הדרים ביום 4.6.17 עד השעה 10:00, כשברשותו תעודת זהות או דרכון. על הנאשם לתאם את הכניסה למאסר, כולל האפשרות למיון מוקדם, עם ענף אבחון ומיון של שב""ס, טלפון: 08-9787377, 08-9787336.","אשר על-כן, הנני גוזר על הנאשם את העונשים הבאים:",דיון והכרעה,דיון והכרעה,דיון והכרעה,דיון והכרעה,מידע אחר
SH-16-05-42991-439,"10 חודשי מאסר על תנאי, לבל יעבור הנאשם במשך שלוש שנים מיום שחרורו מן המאסר כל עבירת נשק מסוג פשע.","אשר על-כן, הנני גוזר על הנאשם את העונשים הבאים:",דיון והכרעה,דיון והכרעה,דיון והכרעה,דיון והכרעה,דיון והכרעה
SH-16-05-42991-439,"5 חודשי מאסר על תנאי, לבל יעבור הנאשם במשך שנתיים מיום שחרורו מן המאסר כל עבירת נשק מסוג עוון, או עבירה של שיבוש הליכי משפט.","אשר על-כן, הנני גוזר על הנאשם את העונשים הבאים:",דיון והכרעה,דיון והכרעה,דיון והכרעה,דיון והכרעה,דיון והכרעה
SH-16-05-42991-439,"הערבויות שניתנו בתיק יוותרו על כנן להבטחת התייצבות הנאשם לריצוי מאסרו. לאחר התייצבות הנאשם לריצוי המאסר, יגיש ב""כ הנאשם הודעה על כך לבית-המשפט, ובכפוף תושב ההפקדה למפקיד בכפוף לכל הוראה חוקית.","אשר על-כן, הנני גוזר על הנאשם את העונשים הבאים:",דיון והכרעה,דיון והכרעה,דיון והכרעה,דיון והכרעה,מידע אחר
SH-16-05-42991-439,טלפון תפוס יושב לרעייתו של הנאשם.,"אשר על-כן, הנני גוזר על הנאשם את העונשים הבאים:",דיון והכרעה,דיון והכרעה,דיון והכרעה,דיון והכרעה,מידע אחר
SH-16-05-42991-439,"לאחר היות גזר הדין חלוט, האקדח והתחמושת יחולטו או יושמדו לפי שיקול דעת קצין משטרה, ובכפוף לכל דין.","אשר על-כן, הנני גוזר על הנאשם את העונשים הבאים:",דיון והכרעה,דיון והכרעה,דיון והכרעה,דיון והכרעה,מידע אחר
SH-16-11-49772-358,"חוק העונשין, תשל""ז-1977: סע'  144(א), 383(א)(1), 384",nothing,מידע אחר,מידע אחר,מידע אחר,מידע אחר,מידע אחר
SH-16-11-49772-358,"הנאשם הורשע על פי הודאתו בביצוע עבירות של החזקת נשק ותחמושת בהתאם לסעיף 144(א) רישא וסיפא לחוק העונשין, התשל""ז – 1977, וגניבה בהתאם לסעיף 383(א)(1) וסעיף 384 לחוק העונשין, התשל""ז- 1977.",רקע,עובדות המקרה,עובדות המקרה,עובדות המקרה,עובדות המקרה,עובדות המקרה
SH-16-11-49772-358,"בתאריך  18.11.16 בסמוך לשעה 13:30, נכנס הנאשם לתא שירותים בחנות ""לארג' קפה"" ברחוב רוטשילד 62 בכפר סבא ונטל משם אקדח שנשכח בשגגה במקום על ידי אחר. הנאשם הסליק את האקדח באדנית עץ בסמטה הסמוכה לרחוב וייצמן 113 בכפר סבא.",רקע,עובדות המקרה,עובדות המקרה,עובדות המקרה,עובדות המקרה,עובדות המקרה
SH-16-11-49772-358,"בתאריך 16.10.17, התקבל בעניינו של הנאשם תסקיר שירות מבחן בו מתואר כי הנאשם בן 60, גרוש ואב לשני ילדים, מתגורר בגפו בכפר סבא ועובד בעיריית כפר סבא החל משנת 1991. בעקבות גירושיו, נקלע הנאשם למצב כלכלי קשה ומקבל סיוע במזון מאגף הרווחה בעירייה ואף נאלץ להתגורר במשך כ-3 שנים במחסני מקום עבודתו. גרושתו ניתקה עמו קשר וכך גם בנו הבכור ושתי אחיותיו. לחובתו הרשעה קודמת משנת 2014 בגין עבירת איומים כלפי גרושתו. הנאשם קיבל אחריות על מעשיו בפני שירות המבחן וטען כי פעל מתוך דחף רגעי וכי חש רגשות אשם ובושה. מהתסקיר עולה כי לנאשם דפוס שימוש בעייתי באלכוהול וזהו לדבריו הרקע לביצוע העבירה. הוא החל טיפול בעמותת ""אפשר"" אשר נקטע לחודש עקב תאונת עבודה שעבר הנאשם. שירות המבחן עתר לדחייה על מנת לעקוב אחר הטיפול בנאשם.",רקע,עובדות המקרה,עובדות המקרה,תסקיר שירות מבחן,תסקיר שירות מבחן,תסקיר שירות מבחן
SH-16-11-49772-358,"לדיון שהתקיים בתאריך 13.2.18 הוגש תסקיר נוסף ממנו עולה כי הנאשם מצוי בטיפול בעמותת ""אפשר"" החל מתאריך 15.5.17. הוא אובחן על ידם כאלכוהוליסט ברמה חמורה ובתחילה אף לא הגיע באופן עקבי לטיפולים. הנאשם דיווח לשירות המבחן כי מאז תחילת הטיפול הוא אינו צורך אלכוהול. הערכת העמותה היא כי הנאשם צפוי לעבור תהליך טיפולי ארוך וקיימת תכנית שמוצעת לצורך כך. התרשמות שירות המבחן היא כי הנאשם עובר שינוי, מתחיל לקבל אחריות על מצבו, מבין את הפסול במעשיו ומוכן לשאת במחירים. המלצת שירות המבחן היא כי, על מנת שלא לקטוע את ההליך השיקומי אשר נמשך 8 חודשים ויש בו על מנת לצמצם את הסיכון להישנות ביצוע עבירה, יוטל על הנאשם צו מבחן ולצדו מאסר על תנאי לתקופה משמעותית.",רקע,עובדות המקרה,עובדות המקרה,תסקיר שירות מבחן,תסקיר שירות מבחן,תסקיר שירות מבחן
SH-16-11-49772-358,בתאריך 7.3.18 התקבלה הודעה משירות המבחן כי הנאשם ניתק עמם קשר מזה כשלושה שבועות.,רקע,עובדות המקרה,עובדות המקרה,תסקיר שירות מבחן,תסקיר שירות מבחן,תסקיר שירות מבחן
SH-16-11-49772-358,"ב""כ המאשימה, עו""ד נעמי מששה, סבורה כי בעת קביעת מתחם העונש יש לקחת בחשבון את חומרת העבירה ונסיבות ביצועה. היא מפנה לערך המוגן שנפגע – שמירה מפני פגיעות בגוף, הדגישה כי מדובר בנשק חם, אשר הזמינות שלו יכולה להביא לביצוע עבירות חמורות ולפגיעה בחיי אדם. היא הפנתה לנתונים סטטיסטיים בנוגע למקרי ירי באזור המרכז וכן לפסיקה בנושא. היא מציינת כי אין מדובר רק בהחזקת נשק אלא גם בגניבתו והסלקתו במקום ציבורי. היא עתרה למתחם ענישה שינוע בין 20 ל- 42 חודשי מאסר בפועל. כאשר נלקחת בחשבון הודאתו והאמור בתסקיר שירות המבחן. היא מבקשת למקם את העונש בתחתית המתחם לצד ענישה נלווית. הוגש גיליון הרשעותיו הקודמות של הנאשם (ת/1) ובו הרשעה קודמת בעבירת איומים משנת 2014.",טיעוני הצדדים,טיעוני הצדדים,טיעוני הצדדים,טיעוני הצדדים,טיעוני הצדדים,טיעוני הצדדים
SH-16-11-49772-358,"ב""כ הנאשם, עו""ד דוד אריכא, טען כי אין מדובר בעבירת נשק קלאסית אלא גניבה והחזקה לתקופה קצרה בסמוך למקום הגניבה. הנאשם בהיותו בגילופין נטל חפץ יקר ערך, מבלי לייחס חשיבות למהות החפץ ולסיכונים הטמונים בו. הוא טמן את הנשק בסמוך למקום הגניבה, הלך לעשות קניות לשבת וחזר להרגלו של שתיית אלכוהול וכשהתפכח התכוון להחזיר את הנשק, אולם עוד קודם לכן הגיעו לביתו כוחות המשטרה והוא מיד הודה בביצוע העבירה והוליך אותם לנשק. הוא הודה בהזדמנות הראשונה ולקח אחריות למעשיו. הוא הפנה לפסיקה מקלה בעבירות מעין אלו והדגיש את נסיבות החיים הקשות של הנאשם, לרבות מצבו הכלכלי ואת התוצאות הקשות שייגרמו לו באם ייגזר עליו עונש של מאסר בפועל ואף בדרך של עבודות שירות, מאחר והוא יפוטר ממקום עבודתו ובגילו ומצבו לא יוכל למצוא מקור פרנסה אחר ובכך אף ייקטע הליך השיקום בו החל. הוא מפנה להמלצת שירות המבחן ומבקש לאמצה.",טיעוני הצדדים,טיעוני הצדדים,טיעוני הצדדים,טיעוני הצדדים,טיעוני הצדדים,טיעוני הצדדים
SH-16-11-49772-358,הנאשם עצמו אמר כי טעה והוא מצטער על כך. הוא תיאר את מצבו הכלכלי הקשה שהביאו עד פת לחם.,טיעוני הצדדים,טיעוני הצדדים,טיעוני הצדדים,טיעוני הצדדים,טיעוני הצדדים,טיעוני הצדדים
SH-16-11-49772-358,הערך המוגן אשר נפגע כתוצאה ממעשיו של הנאשם הינו הגנה על שלומו וביטחונו של הציבור.,מתחם העונש,דיון והכרעה,דיון והכרעה,דיון והכרעה,דיון והכרעה,דיון והכרעה
SH-16-11-49772-358,"בעבירות מעין אלו התפתחה מדיניות ענישה מחמירה ובייחוד אמורים הדברים במחוז המרכז בו הוכרה תופעה זו כ""מכת אזור"", לעניין זה אפנה לסקירת נתונים בעניין אשר הובאה בגזר דינו של בית המשפט המחוזי מרכז בת""פ 49160-11-15.",מתחם העונש,דיון והכרעה,דיון והכרעה,דיון והכרעה,דיון והכרעה,דיון והכרעה
SH-16-11-49772-358,"בית המשפט העליון התייחס לחומרת העבירה בע""פ 3300/06 סולטאן אבו סנינה נ' מדינת ישראל: ""אין חולק כי הענישה בעבירות אלה צריכה לבטא את הסיכון הפוטנציאלי הטמון בכך שנשק מוחזק שלא כדין""  וכן בע""פ 1323/13 חסן נ' מדינת ישראל :"" נוכח היקפן המתרחב של עבירות המבוצעות בנשק בכלל וסחר בנשק בפרט, וזמינותו המדאיגה של נשק בלתי חוקי במחוזותינו, התעורר הצורך להחמיר בעונשי המאסר המוטלים בעבירות אלה. אין לדעת מה יעלה בגורלם של כלי נשק אלה, ולאילו תוצאות הרסניות יובילו – בסכסוך ברחוב, בקטטה בין ניצים ואף בתוך המשפחה פנימה. הסכנה הנשקפת לציבור כתוצאה מעבירות אלה, לצד הממדים שאליהם הגיעו, מחייבים לתת ביטוי הולם וכבד משקל להגנה על הערך החברתי שנפגע כתוצאה מפעילות עבריינית זאת, הגנה על שלום הציבור מפני פגיעות בגוף או בנפש, ולהחמיר את עונשי המאסר המוטלים בגין פעילות עבריינית זאת, בהדרגה"".",מתחם העונש,דיון והכרעה,דיון והכרעה,דיון והכרעה,דיון והכרעה,דיון והכרעה
SH-16-11-49772-358,"ברע""פ 2718/05 אבו דאחל נ' מדינת ישראל נקבע כי :""הסכנה הטמונה בעבירה החמורה של החזקת נשק מצדיקה הטלת עונשי מאסר לריצוי בפועל גם על מי שזו עבירתו הראשונה. בבוא בית המשפט לשקול את הענישה בעבירות מסוג זה, עליו לתת משקל נכבד יותר לאינטרס הציבורי ולצורך להרתיע עבריינים בכוח מלבצע עבירות דומות"".",מתחם העונש,דיון והכרעה,דיון והכרעה,דיון והכרעה,דיון והכרעה,דיון והכרעה
SH-16-11-49772-358,אמנם מדובר בשתי הוראות חיקוק אולם באירוע אחד ועל כן יש לקבוע מתחם ענישה אחד.,מתחם העונש,דיון והכרעה,דיון והכרעה,דיון והכרעה,דיון והכרעה,דיון והכרעה
SH-16-11-49772-358,"בכל הנוגע לנסיבות הקשורות לביצוע העבירה, התחשבתי לחומרא בפוטנציאל הנזק הרב הטמון בעבירה מעין זו, כך גם בעובדה שהנאשם הטמין את הנשק במקום ציבורי כך שהוא יכול היה להתגלגל לידיים שונות ולהוות כלי לפעילות עבריינית או אף פעילות טרור. מלבד אמירתו כיום של הנאשם כי חשב להחזיר את הנשק, הרי שאין לכך כל ראיה או אף רמז במעשיו. אילולא הייתה המשטרה מגיעה אליו, לא ברור מה היה נעשה בנשק זה, מה עוד שלדברי בא כוחו של הנאשם, לנאשם היכרות עם בעל הנשק ולמרות זאת לא עשה דבר על מנת להשיבו אליו מתוך תחושת אי נעימות. התפתותו של הנאשם לנוכח מציאת ""חפץ יקר ערך"" כדברי בא כוחו, יכולה הייתה להביא אף לאובדן חיי אדם.",מתחם העונש,דיון והכרעה,דיון והכרעה,דיון והכרעה,דיון והכרעה,דיון והכרעה
SH-16-11-49772-358,"לקולא, שקלתי את העובדה כי אין מדובר במעשה מתוכנן מראש אלא בדחף רגעי של הנאשם כתוצאה מ""הזדמנות"" שנקרתה בדרכו. כמו כן, התחשבתי בכך כי מדובר בהחזקה לזמן קצר ביותר.",מתחם העונש,דיון והכרעה,דיון והכרעה,דיון והכרעה,דיון והכרעה,דיון והכרעה
SH-16-11-49772-358,"בבחינת מדיניות הענישה הנוהגת ניתן להצביע על מקרים דומים, כמפורט להלן:",מתחם העונש,דיון והכרעה,דיון והכרעה,דיון והכרעה,דיון והכרעה,דיון והכרעה
SH-16-11-49772-358,"בת""פ (י-ם) 5126/07 מדינת ישראל נ' אברגל יעקב (15.04.18), הורשע הנאשם על פי הודאתו בעבירה של החזקת נשק, ובעבירה של גניבה. על פי כתב האישום גנב הנאשם את אקדחו של רופא בבית החולים. הנאשם נדון ל-12 חודשי מאסר בפועל ו-18 חודשי מאסר על תנאי.",מתחם העונש,דיון והכרעה,דיון והכרעה,דיון והכרעה,דיון והכרעה,דיון והכרעה
SH-16-11-49772-358,"בת""פ (מח' חיפה) 54432-02-17 מדינת ישראל נ' עיסא (23.11.17), הורשע נאשם על פי הודאתו בכתב אישום מתוקן בעבירת החזקת ונשיאת נשק. ברשותו של הנאשם נתפס אקדח מסוג ברטה, מחסנית ו-7 כדורים. נקבע כי המתחם נע מ-10 ל-30 חודשי מאסר, הוחלט לחרוג מהמתחם ולגזור על הנאשם 6 חודשי מאסר לריצוי בעבודות שירות, מאסר על תנאי ועונשים נלווים.",מתחם העונש,דיון והכרעה,דיון והכרעה,דיון והכרעה,דיון והכרעה,דיון והכרעה
SH-16-11-49772-358,"בת""פ (פ""ת) 29898-02-14 מדינת ישראל נ סאלם אבו ג'אבר (13.11.14), הורשע הנאשם על פי הודאתו בהחזקת נשק ותחמושת. ברשותו של הנאשם נתפס נשק דמוי קארל גוסטב, 2 מחסניות ו-23 כדורים. נקבע כי מתחם הענישה נע מ-8 ועד ל-18 חודשי מאסר. עקב שיקולי שיקום וכן שיקולי צדק חריגים (מצבו הבריאותי של הנאשם) הוחלט על סטייה מהמתחם ונגזרו עליו 3 חודשים ויום מאסר בפועל, מאסר על תנאי וקנס.",מתחם העונש,דיון והכרעה,דיון והכרעה,דיון והכרעה,דיון והכרעה,דיון והכרעה
SH-16-11-49772-358,"בת""פ (מח' חיפה) 553-06-14 מדינת ישראל נ' אגאבריה (18.09.14), הורשעו הנאשמים בעקבות הודאתם בעבירות החזקת נשק ותחמושת. נאשם 1 החזיק אקדח מסוג קארין ו2 מחסניות ואילו נאשם 2 החזיק אקדח מסוג יריחו ומחסנית. נקבע מתחם ענישה הנע מ- 6 חודשי מאסר שיכול וירוצו בעבודות שירות ועד ל-3 שנות מאסר. על הנאשמים נגזרו 6 חודשי מאסר לריצוי בעבודות שירות ועונשים נלווים.",מתחם העונש,דיון והכרעה,דיון והכרעה,דיון והכרעה,דיון והכרעה,דיון והכרעה
SH-16-11-49772-358,"בת""פ (כ""ס) 535-12 מדינת ישראל נ' נאסר (15.03.15) הורשע נאשם על פי הודאתו בהחזקת נשק, אביזר ותחמושת. על פי כתב האישום החזיק הנאשם בנשק מסוג קארל גוסטב, מחסנית וכדור 9 מ""מ. נקבע מתחם ענישה הנע מ-7 ועד ל-14 חודשי מאסר בפועל. עקב שיקולי שיקום נגזרו על הנאשם 6 חודשי מאסר לריצוי בעבודות שירות ועונשים נלווים.",מתחם העונש,דיון והכרעה,דיון והכרעה,דיון והכרעה,דיון והכרעה,דיון והכרעה
SH-16-11-49772-358,"בע""פ (מח' י-ם) 11380-03-16 סיניצקי נ מדינת ישראל  (28.03.17), ערער הנאשם על פסק דינו של בית המשפט השלום אשר גזר עליו מאסר בפועל של 8 חודשים ומאסר על תנאי. המערער הורשע לאחר שמיעת ראיות בעבירות של גניבה והחזקת נשק. על פי כתב האישום, הנאשם ראה שקית על הרצפה ובה אקדח ונטל את השקית עם פריטים נוספים של המתלונן.  בית המשפט המחוזי  התחשב בעברו הנקי של הנאשם, והנזק שייגרם לו ולמשפחתו  ולכן הפחית בעונשו וגזר עליו 6 חודשי מאסר בעבודות שירות.",מתחם העונש,דיון והכרעה,דיון והכרעה,דיון והכרעה,דיון והכרעה,דיון והכרעה
SH-16-11-49772-358,"בע""פ 5203/10 ג'ברין נ' מדינת ישראל (06.12.10), נדחה ערעורו של נאשם אשר ערער על פסק דינו של בית המשפט המחוזי בחיפה במסגרתו הורשע בהחזקת נשק מחסנית ותחמושת ונגזרו עליו 9 חודשי מאסר בפועל  ו-12 חודשים מאסר על תנאי.",מתחם העונש,דיון והכרעה,דיון והכרעה,דיון והכרעה,דיון והכרעה,דיון והכרעה
SH-16-11-49772-358,"בע""פ 1505/14 אחמד לידאוי נ' מדינת ישראל  (04.11.14), התקבל ערעורו של נאשם על פסק דינו של בית המשפט המחוזי בנצרת אשר גזר עליו 8 חודשי מאסר בפועל, 12 חודשי מאסר על תנאי וקנס. המערער הורשע על יסוד הודאתו בעבירות של החזקת נשק, מעשה פזיזות ורשלנות, הפרעה לשוטר במילוי תפקידו והחזקת רכוש החשוד כגנוב. ערעור הנאשם התקבל עקב נסיבותיו האישיות והבריאותיות ועונש המאסר הומר ב-6 חודשי עבודות שירות.",מתחם העונש,דיון והכרעה,דיון והכרעה,דיון והכרעה,דיון והכרעה,דיון והכרעה
SH-16-11-49772-358,"ברע""פ 4559/16 נוסיראת נ' מדינת ישראל (22.06.16), נדחה ערעורו של נאשם על גזר דינו של בית המשפט המחוזי. הנאשם הורשע בבית משפט השלום בעבירות של החזקת נשק ותחמושת, והוחלט עקב תסקיר חיובי ומשך הזמן בו שהה בתנאים מגבילים לסטות מהמתחם שנקבע ל-9 עד 24 חודשי מאסר ולגזור עליו 6 חודשי מאסר לריצוי בעבודות שירות. בערעור על קלות העונש, הוחמר עונשו ל-9 חודשי מאסר בפועל.",מתחם העונש,דיון והכרעה,דיון והכרעה,דיון והכרעה,דיון והכרעה,דיון והכרעה
SH-16-11-49772-358,"בעפ""ג 41929-07-16 מדינת ישראל נ' מטר (24.01.17), התקבל ערעור המדינה על קלות העונש בגזר דינו של בית משפט השלום אשר גזר על הנאשם, אשר הורשע על פי הודאתו בעבירות החזקת נשק ותחמושת,  6 חודשי מאסר לריצוי בעבודות שירות וענישה נלווית. בית המשפט המחוזי החליט כי מאחר ומדובר ב""מכת אזור"" יש להחמיר בעונשו של הנאשם ולגזור עליו עונש של 9 חודשי מאסר בפועל וענישה נלווית.",מתחם העונש,דיון והכרעה,דיון והכרעה,דיון והכרעה,דיון והכרעה,דיון והכרעה
SH-16-11-49772-358,"בעפ""ג 36573-01-18 מחאמיד נ' מדינת ישראל (07.02.18), ערער הנאשם על גזר דינו של בית משפט השלום אשר גזר עליו 7 חודשי מאסר בפועל ועונשים נלווים בעקבות הודאתו בעבירות של החזקת נשק ותחמושת. בית משפט השלום קבע מתחם הנע מ-7 חודשי מאסר ועד 36 חודשי מאסר. בערעורו ביקש הנאשם להתחשב בשיקולי שיקום הנובעים מגילו הצעיר והשתלבותו בקבוצה טיפולית של שירות המבחן. בית המשפט המחוזי קיבל את הערעור עקב שיקולי שיקום והעמיד את עונשו על 6 חודשי מאסר לריצוי בעבודות שירות ועונשים נלווים.",מתחם העונש,דיון והכרעה,דיון והכרעה,דיון והכרעה,דיון והכרעה,דיון והכרעה
SH-16-11-49772-358,"בע""פ 4945/13  מדינת ישראל נ סלימאן (19.01.14) ערערה המדינה על קלות העונש בגזר דינו של בית משפט המחוזי בנצרת אשר גזר על הנאשם עונש של 6 חודשי מאסר לריצוי בעבודות שירות ועונשים נלווים. בית המשפט המחוזי קבע מתחם הנע מ-6 חודשי מאסר לריצוי בעבודות שירות ועד 20 חודשי מאסר.  הנאשם הורשע לאחר שמיעת ראיות  בעבירות של החזקת נשק ותחמושת, הפרעה לשוטר במילוי תפקידו, ומעשה פזיזות ורשלנות.   בית המשפט העליון קובע כי המתחם נע מ-12 ועד ל-36 חודשי מאסר. עקב שיקולי שיקום העולים מתסקיר שירות המבחן הוחלט לדחות את הערעור.",מתחם העונש,דיון והכרעה,דיון והכרעה,דיון והכרעה,דיון והכרעה,דיון והכרעה
SH-16-11-49772-358,"לנוכח כל האמור לעיל, אני קובע כי מתחם הענישה ההולם בנסיבות העבירה שבפני, נע בין 7 ל-24 חודשי מאסר בפועל בנוסף לענישה נלווית.",מתחם העונש,דיון והכרעה,דיון והכרעה,דיון והכרעה,דיון והכרעה,דיון והכרעה
SH-16-11-49772-358,"אמנם שירות המבחן בתסקיריו, מדווח על תהליך טיפולי בו מצוי הנאשם וצפוי להימשך עוד תקופה ארוכה. למרות זאת, איני סבור כי די בנסיבות אלו, על מנת להביא לסטייה מהמתחם בשל שיקולי שיקום. המדובר בעבירה חמורה בה יש לתת משקל משמעותי לאינטרס הציבורי אל מול הפרטי ואשר על כן, על מנת שיתאפשר לסטות מהמתחם יש צורך בהליך שיקומי משמעותי. הנאשם אמנם מצוי בהליך טיפולי  בעמותת ""אפשר"" מאז 15.5.17, אולם נמסר כי בתחילת הטיפול לא הגיע אליו באופן עקבי. הטיפול מצוי אך בראשיתו וצפוי עוד טיפול ארוך והתרשמות שירות המבחן היא כי הנאשם מתחיל לקבל אחריות למצבו. הנאשם עצמו מדווח על כך כי מאז תחילת הטיפול אינו שותה אלכוהול. התרשמותו הראשונית של שירות המבחן הייתה שבשל קשייו של הנאשם, לא מתאפשרת העמקת השיח עמו וגם כשניתנה דחייה על מנת לאפשר זאת, שיתוף הפעולה מצדו של הנאשם היה חלקי. בתאריך 7.3.18 אף התקבלה הודעה על כך שהנאשם ניתק קשר עם שירות המבחן מזה שלושה שבועות. בנסיבות הללו לא מצאתי כי ניתן לסטות מהמתחם בשל שיקולי שיקום.",מתחם העונש,דיון והכרעה,דיון והכרעה,דיון והכרעה,דיון והכרעה,דיון והכרעה
SH-16-11-49772-358,"בכל הנוגע לנסיבות אשר אינן קשורות בביצוע העבירה, שקלתי בעניינו של הנאשם את העובדה כי מדובר באדם בן 60 המתגורר בגפו, גרוש ומנותק קשר ממשפחתו. מצבו הכלכלי קשה ביותר והוא נזקק לעזרה משירותי הרווחה אף לצורך מזון. כל ענישה ממשית אשר תוטל עליו משמעה פגיעה קשה בפרנסתו. שקלתי אף את הודאתו של הנאשם וחיסכון הזמן השיפוטי, כך גם את שיתוף הפעולה שלו עם המשטרה באופן מידי, כאשר הוליכם למקום הימצאותו של האקדח.",גזירת העונש,דיון והכרעה,דיון והכרעה,דיון והכרעה,דיון והכרעה,דיון והכרעה
SH-16-11-49772-358,לנאשם הרשעה קודמת משנת 2014 בעבירת איומים.,גזירת העונש,דיון והכרעה,דיון והכרעה,דיון והכרעה,דיון והכרעה,ראיות לעונש
SH-16-11-49772-358,"לנוכח האמור לעיל, אמקם את עונשו של הנאשם בתחתית המתחם.",גזירת העונש,דיון והכרעה,דיון והכרעה,דיון והכרעה,דיון והכרעה,דיון והכרעה
SH-16-11-49772-358,7 חודשי מאסר בפועל.,"לאחר ששקלתי את כל האמור לעיל, אני גוזר על הנאשם את העונשים הבאים:",דיון והכרעה,דיון והכרעה,דיון והכרעה,דיון והכרעה,דיון והכרעה
SH-16-11-49772-358,"9 חודשי מאסר על תנאי למשך שלש שנים מיום שחרורו ממאסרו, והתנאי הוא שלא יעבור עבירה של החזקת נשק ותחמושת.","לאחר ששקלתי את כל האמור לעיל, אני גוזר על הנאשם את העונשים הבאים:",דיון והכרעה,דיון והכרעה,דיון והכרעה,דיון והכרעה,דיון והכרעה
SH-16-11-49772-358,"6 חודשי מאסר על תנאי למשך שלש שנים מיום שחרורו ממאסרו, והתנאי הוא שלא יעבור עבירת גניבה.","לאחר ששקלתי את כל האמור לעיל, אני גוזר על הנאשם את העונשים הבאים:",דיון והכרעה,דיון והכרעה,דיון והכרעה,דיון והכרעה,דיון והכרעה
SH-16-11-49772-358,"לנוכח מצבו הכלכלי של הנאשם ועונש המאסר שנגזר עליו, לא אגזור עליו עונש בדמות קנס.","לאחר ששקלתי את כל האמור לעיל, אני גוזר על הנאשם את העונשים הבאים:",דיון והכרעה,דיון והכרעה,דיון והכרעה,דיון והכרעה,דיון והכרעה
SH-16-11-49772-358,"הנאשם יחתום על התחייבות כספית בסך של 1,500 ₪ שלא יעבור את העבירות בהן הורשע למשך שנתיים מיום שחרורו מהמאסר.","לאחר ששקלתי את כל האמור לעיל, אני גוזר על הנאשם את העונשים הבאים:",דיון והכרעה,דיון והכרעה,דיון והכרעה,דיון והכרעה,דיון והכרעה
SH-16-11-49772-358,"הנאשם יתייצב לריצוי מאסרו ביום 6.5.18 בשעה 10:00  בבית סוהר הדרים, או במתקן כליאה אחר עליו יורה שב""ס, כשברשותו תעודת זהות או דרכון.","לאחר ששקלתי את כל האמור לעיל, אני גוזר על הנאשם את העונשים הבאים:",דיון והכרעה,דיון והכרעה,דיון והכרעה,דיון והכרעה,מידע אחר
SH-16-11-49772-358,"על הנאשם לתאם את הכניסה למאסר, כולל האפשרות למיון מוקדם, עם ענף אבחון ומיון של                      שב""ס, טלפונים: 08-9787336; 08-9787377.","לאחר ששקלתי את כל האמור לעיל, אני גוזר על הנאשם את העונשים הבאים:",דיון והכרעה,דיון והכרעה,דיון והכרעה,דיון והכרעה,מידע אחר
SH-16-11-7544-55,הנאשם הורשע על פי הודאתו בעבירה של החזקת נשק שלא כדין בהתאם להוראת סעיף 144(א) רישא וסיפא לחוק העונשין.,רקע,עובדות המקרה,עובדות המקרה,עובדות המקרה,עובדות המקרה,עובדות המקרה
SH-16-11-7544-55,"על פי המתואר בעובדות כתב האישום, בתאריך 26.10.16, עת שנסע ברכבו במחלף להב-שומריה שבכביש 6 לכוון צפון, הבחין השוטר מיכאל אדרי (להלן: ""מיכאל"") בנאשם עומד מאחורי ארונות השקיה הצמודים לנתיבי הנסיעה. בהגיעו לנאשם, הבחין מיכאל כי הנאשם מחזיק בנשק מסוג רובה תת מקלע מאולתר ומחסנית המכילה 10 קליעים בקוטר 9 מ""מ. במעשיו האמורים החזיק הנאשם בנשק ובאבזר תחמושת ללא רשות על פי דין להחזיקם. לא הייתה הסכמה לעניין העונש וכל צד היה חופשי בטיעוניו.",רקע,עובדות המקרה,עובדות המקרה,עובדות המקרה,עובדות המקרה,עובדות המקרה
SH-16-11-7544-55,"בטיעוניה הכתובים לעונש, הפנתה המאשימה לערכים המוגנים שבהם פגע הנאשם במעשיו ובכללם הגנה על שלום הציבור ובטחונו. זו עמדה על החומרה הרבה הגלומה בשימוש בנשק, בין אם באופן זדוני, ובין אם ברשלנות לרבות התגלגלותו של הנשק לידיים עברייניות או עוינות, בהיבט הפלילי או ביטחוני.",טיעוני הצדדים:,טיעוני הצדדים,טיעוני הצדדים,טיעוני הצדדים,טיעוני הצדדים,טיעוני הצדדים
SH-16-11-7544-55,"לשיטתה, מידת הפגיעה בערכים המוגנים הינה גבוהה, וזאת בשים לב לסוג הנשק, היינו תת מקלע מאולתר (בשונה אקדח), ולהמצאה של מחסנית המכילה 10 קליעים תואמים- נתון שיש בו כדי להחמיר עם הנאשם. לאור האמור ובשים לב להנחיות החדשות של פרקליט המדינה, לפסיקה הנוהגת, ולאור נפוצות העבירה, זו עתרה למתחם עונש הולם הנע בין 2.5 ועד ל-4.5 שנות מאסר בפועל, לצד ענישה נלווית. בגדרו של המתחם ביקשה לתת את הדעת לעברו הפלילי של הנאשם המונה 3 הרשעות קודמות בעבירות אלימות ונשק, ולכך שעונשי מאסר שריצה לא הרתיעו אותו מלשוב ולבצע עבירות דומות. אליבא דידה המדובר בנאשם רצידיוויסט ומסוכן לציבור, ועל כן יש להטיל עליו ענישה משמעותית ומרתיעה. עוד יש ליתן משקל נכבד לאינטרס שבהרתעת הרבים נוכח נפוצות העברות אשר הפכו ל""מכת אזור"", ולצורך במיגורן.",טיעוני הצדדים:,טיעוני הצדדים,טיעוני הצדדים,טיעוני הצדדים,טיעוני הצדדים,טיעוני הצדדים
SH-16-11-7544-55,"ב""כ הנאשם, מנגד, ציין בפתח דבריו ביקש להזכיר כי הנחיות פרקליט המדינה כשמן כן הן ואינן מחייבות את ביהמ""ש. לגופם של דברים בבחינת הנסיבות הקשורות בביצוע העבירה, נטען כי הנאשם נפל קרבן למעשיהם של אחרים אשר סיפרו לו כי במקום ביצוע העבירה יש נחושת שניתן לקחתה, ובהתאם לדיווח זה הגיע למקום ומצא שקית. כשפתח אותה שקית, גילה כי מדובר בנשק מאולתר ונתפס על ידי השוטרים. לדברי ההגנה המדובר בנשק פרימיטיבי שלא נמצא בשימוש, וקל להשגה.",טיעוני הצדדים:,טיעוני הצדדים,טיעוני הצדדים,טיעוני הצדדים,טיעוני הצדדים,טיעוני הצדדים
SH-16-11-7544-55,"אשר למאפייניו של הנאשם כי מדובר בנאשם צעיר (28), הנשוי ואב לשני פעוטות בני 1.5 ו5 חודשים. הנאשם ומשפחתו חיים בתנאים סוציואקונומיים נמוכים ומתגוררים באוהל, ללא חיבור לחשמל ולמים, יחד עם אשתו, אמו ושתי אחיותיו. אביו  של הנאשם נפטר בסמוך לפני מעצרו וזה נותר הגבר היחיד בבית שנטל פרנסת יושבי ביתו מוטל על כתפיו. עוד ולקולא התבקש לתת את הדעת לתקופת מעצרו העומדת על כ-5 חודשים כאשר ידוע כי הוא תנאי מעצר קשים יותר מאשר תנאי המאסר. לכך יש להוסיף את הודאתו של הנאשם ולקיחת האחריות באופן שיש בו כדי להביא לקביעת עונש  כאורך תקופת מעצרו. כל צד הגיש פסיקה התומכת בעמדתו העונשית. הנאשם בדבריו לעונש הביע צער וביקש את רחמיו של ביהמ""ש ותשומת ליבו למצבו המשפחתי והכלכלי.",טיעוני הצדדים:,טיעוני הצדדים,טיעוני הצדדים,טיעוני הצדדים,טיעוני הצדדים,טיעוני הצדדים
SH-16-11-7544-55,"הערך החברתי המוגן העומד בבסיס עבירת החזקת נשק  הינו בראש ובראשונה הגנה על שלום הציבור וביטחונו. עבירה זו טומנת בחובה סיכון רב  לפיו הנשק הבלתי חוקי יתגלגל לידיים עוינות העוסקות בפעילות פלילית או ביטחונית ויגרום לנזק רב עד כדי קיפוח חיי אדם. נוכח האמור ובאופן עקיף יש במעשיו של הנאשם גם כדי לפגוע בשלטון החוק. חיזוק לכך ניתן גם ללמוד מעצם מיקום העבירה בחוק העונשין בפרק ח' תחת הכותרת  ""פגיעה בסדרי המשטר והחברה"".",דיון והכרעה:,דיון והכרעה,דיון והכרעה,דיון והכרעה,דיון והכרעה,דיון והכרעה
SH-16-11-7544-55,"על החומרה שיש לנקוט בעבירות של החזקת נשק ראו ע""פ 1332/04 מ""י נ' יצחק רפאל פס ואח' 9/04/2004):",דיון והכרעה:,דיון והכרעה,דיון והכרעה,דיון והכרעה,דיון והכרעה,דיון והכרעה
SH-16-11-7544-55,"ברע""פ  2718/04 פואד אבו דאחל נגד מדינת ישראל, (29/03/2004) צוין כי עבירה של החזקת נשק מצדיקה עונש מאחורי סורג ובריח וזאת גם במקרים שהנאשמים נטולי עבר פלילי:",דיון והכרעה:,דיון והכרעה,דיון והכרעה,דיון והכרעה,דיון והכרעה,דיון והכרעה
SH-16-11-7544-55,"אך בעת האחרונה ציין ביהמ""ש העליון בע""פ 1397/16 מ""י נ' אחמד חמאיל (12.9.16) כי:",דיון והכרעה:,דיון והכרעה,דיון והכרעה,דיון והכרעה,דיון והכרעה,דיון והכרעה
SH-16-11-7544-55,"אשר למדיניות הענישה הנהוגה בעבירה דנן הרי שבדומה לעבירות רבות בקודקס הפלילי, ניתן למצוא ספקטרום רחב ומגוון של ענישה. הגם כך וכ""כלל אצבע"" ניתן לומר כי בעבירות שעניינן החזקה ונשיאת נשק, העונש על דרך הכלל הינו מאסר בפועל, שתחילתו מספר חודשים ויכול ויגיע לכדי שנה וחצי ויותר בגין כל עבירה. בעבירות אלו בית המשפט שת לבו בין היתר לסוג האמל""ח, כמותו, האם הנשק נמצא טעון ומוכן לפעולה אם לאו, מטרת ההחזקה, האם נעשה בו שימוש לרבות עבירות פליליות נלוות, משך החזקת הנשק  אופן החזקתו וכן יתר הנסיבות האופפות את האירוע.",דיון והכרעה:,דיון והכרעה,דיון והכרעה,דיון והכרעה,דיון והכרעה,דיון והכרעה
SH-16-11-7544-55,"בע""פ 7241/12 טאטור נ' מ""י (12.2.13) – נדחה ערעור של נאשם אשר נדון ל-9 חודשים מאסר בפועל בגין עבירת החזקת נשק. המדובר במי אשר מסר אקדח לקרוב משפחתו על מנת שירה באקדח במהלך חתונה.",דיון והכרעה:,דיון והכרעה,דיון והכרעה,דיון והכרעה,דיון והכרעה,דיון והכרעה
SH-16-11-7544-55,"בע""פ 5604/11 נאסר נ' מ""י (5.10.11) – נדחה ערעור מטעם נאשם אשר נדון ל-12 חודשי מאסר בגין עבירת החזקת נשק וזאת חרף נסיבות לקולא אשר התקיימו בעניינו.",דיון והכרעה:,דיון והכרעה,דיון והכרעה,דיון והכרעה,דיון והכרעה,דיון והכרעה
SH-16-11-7544-55,"בע""פ 6294/10 אלקיעאן ואח' נ' מ""י (13.2.11) – נדחה ערעור מטעם ההגנה על חומרת העונש. המדובר במערערים אשר נתפס ברכב שבו נסעו אקדח טעון ומחסנית וכן אצל כל אחד מהמערערים גם נמצאה מחסנית נוספת. בגין מעשים אלו נדנו המערערים ל- 10 חודשי מאסר בפועל.",דיון והכרעה:,דיון והכרעה,דיון והכרעה,דיון והכרעה,דיון והכרעה,דיון והכרעה
SH-16-11-7544-55,"בע""פ 6589/06 אדהאם נ' מ""י (5.12.06) נדחה ערעור של נאשם אשר הוטל עליו 8 חודשי מאסר בגין החזקת אקדח וכן מחסנית לאקדח זה.  יצוין כי המדובר בנאשם כבן 24, ללא עבר פלילי.",דיון והכרעה:,דיון והכרעה,דיון והכרעה,דיון והכרעה,דיון והכרעה,דיון והכרעה
SH-16-11-7544-55,"בעפ""ג 23419-01-17 מ""י נ' זניד (22.3.17) מקבל בית המשפט את ערעורה של המדינה על קולת העונש בעניינם של מי שהורשעו בעבירות של החזקת נשק (אקדח מסוג גלוק 9 מ""מ ורוס""ר M-16) ותחמושת(שתי עבירות) לצד עבירות רכוש. בתיק זה קבע מוטב זה מתחם עונש בגין עבירות הנשק הנע בין 16 ל- 36 חודשים. בית המשפט המחוזי בקבלו הערעור קובע כי:"" הערנו כי גם לדעתנו מתחמי הענישה נמוכים יתר על המידה והתוצאה הסופית בתיק זה, אינה משקפת את חומרת העבירות ובמיוחד אינה משקפת את חומר העבירות נשוא האישום הראשון"". אך בשל העונש המוסכם שנגזר על שותף שלישי עונשם של הנאשמים הוחמר בשישה חודשים בלבד. (הדגשה לא במקור)",דיון והכרעה:,דיון והכרעה,דיון והכרעה,דיון והכרעה,דיון והכרעה,דיון והכרעה
SH-16-11-7544-55,"עוד ביחס לפסיקה הנוהגת ראה:בעפ""ג 42118-08-16 האני אלגרגאוי נ' מ""י (5.10.16), בעפ""ג 27417-11-15 מדינת ישראל נ' שאכר, בעפ""ג 62651-09-14 חדיגה נ' מדינת ישראל, בת""פ 49530-03-15 (שלום כפ""ס) מ""י נ' חגלה (14.12.16), בעפ""ג (מחוזי מרכז-לוד) 7005-07-16 עצאי נ' מ""י (7005-07-16) בת""פ (מחוזי חיפה) 12213-10-16 מ""י נ' ג'בארין.",דיון והכרעה:,דיון והכרעה,דיון והכרעה,דיון והכרעה,דיון והכרעה,דיון והכרעה
SH-16-11-7544-55,"מידת הפגיעה של הנאשם בערכים המוגנים אינה מבוטלת כלל ועיקר. ראשית יש ליתן לדעת לעובדה כי מדובר בהחזקת נשק מסוג רובה תת מקלע מאולתר שהינו רפליקה של תת מקלע מסוג ""קרל גוסטב"". הפסיקה ערכה כאמור הבחנה לקולא ולחומרא גם בשים לב לטיבו של האמל""ח כאשר במדרג זה הימצאות של רובה מסוג תת מקלע שביכולתו לירות מספר רב של כדורים בפרק זמן קצר ולטווח רחוק כדי למקם את העבירה במדרג הגבוה של עבירות בכגון דא.",דיון והכרעה:,דיון והכרעה,דיון והכרעה,דיון והכרעה,דיון והכרעה,דיון והכרעה
SH-16-11-7544-55,"בהקשר לכך ראה האמור בע""פ 3401/11 מחמד שלאעטה נ' מדינת ישראל  ( 10.1.12)",דיון והכרעה:,דיון והכרעה,דיון והכרעה,דיון והכרעה,דיון והכרעה,דיון והכרעה
SH-16-11-7544-55,"וכן האמור בת""פ 46248-11-15 (מחוזי חיפה) מדינת ישראל נ' אדריס (28.6.16):",דיון והכרעה:,דיון והכרעה,דיון והכרעה,דיון והכרעה,דיון והכרעה,דיון והכרעה
SH-16-11-7544-55,""" הנתון המרכזי אשר לשיטתי מבחין בין מקרה לרעהו הוא סוג הנשק שבו מדובר – שונה עניינו של מי שסוחר ""רק"" באקדח לבין מי שסוחר בכלי נשק אוטומטי כגון תת מקלע, והדברים נכונים שבעתיים לגבי רובה M-16. בסחר בכלי הנשק האחרון (M-16ׂ( טמונה חומרה יתרה וזאת משום שמדובר – והדבר עולה מעצם טיבו וטבעו של כלי נשק זה – בכלי נשק שנגנב מהצבא. לכן, בעוד שמי שמכר אקדח יכול היה לטעון כי סבר (ושוב, מבלי להפחית מחומרת מעשהו) כי כלי הנשק ישמש כהגנה לעת מצא, מי שעשה כן לגבי כלי משחית התקפיים – שכל מטרתם הינה פלילית ואף חמור מכך, דינו ענישה מכבידה יותר (הדגשות לא במקור, ד.ב.ט)",דיון והכרעה:,דיון והכרעה,דיון והכרעה,דיון והכרעה,דיון והכרעה,דיון והכרעה
SH-16-11-7544-55,"המדובר בתת מקלע אשר נמצא ברשות הנאשם שלצדו מחסנית המכילה 10 קליעים בקוטר של 9 מ""מ, דבר  ההופך את כלי הנשק מוכן לפעולה התקפית או הגנתית בכל עת ומכאן גם המסוכנות הפוטנציאלית הגלומה בהחזקתו, מקבלת משנה תוקף.",דיון והכרעה:,דיון והכרעה,דיון והכרעה,דיון והכרעה,דיון והכרעה,דיון והכרעה
SH-16-11-7544-55,"ב""כ הנאשם ביקש ללמד כי מדובר בנשק מאולתר תוצרת מצרים, נשק פרימיטיבי שלא נמצא בשימוש. טיעון זה של ההגנה אין בו כדי להקל עם הנאשם ובמובנים מסוימים יש בו אף כדי להחמיר עמו. אפילו מדובר ברפליקה של תת מקלע מסוג קרל גוסטב היינו העתק של תת מקלע שתוכנן והיה בשימוש לפני שנים רבות אין בכך כדי להפחית מהפוטנציאל הקטלני הגלום בשימוש בו שלא כדין או הימצאותו בידי גורמים עבריינים.  אם לא היה בנשק זה כדי להביא לפציעתו או קטילתו של אדם לא היה נחשב זה נשק על פי הגדרת החוק.",דיון והכרעה:,דיון והכרעה,דיון והכרעה,דיון והכרעה,דיון והכרעה,דיון והכרעה
SH-16-11-7544-55,"ביתר שאת, מדובר בנשק מאולתר שנבנה על מודל של נשק מוכר היינו פרי יכולת עצמאית של גורמים עלומים ליצור כלי קטלני מבלי להזדקק לגניבתם של כלים כאלה ודומיהם מהצבא או מאלה אשר מחזיקים אותם כדין. מדובר בנשקים שעל דרך הכלל נעדרים סימון, ישנו קושי להתחקות אחר העברתם מגורם אחד למשנהו או  שימוש קודם שנעשה בהם. תופעה זו של החזקה ושימוש בנשק תוצרת עצמית יש לגדוע ולשרש אותה בין היתר באמצעות ענישה מחמירה.",דיון והכרעה:,דיון והכרעה,דיון והכרעה,דיון והכרעה,דיון והכרעה,דיון והכרעה
SH-16-11-7544-55,"המדובר בנשק שהוחזק, מוסלק ברשות הרבים (לא ברור האם בתוך אותו ארון השקייה או בסמיכות לו). בכך, יש מחד להגדיל פוטנציאל הסיכון כי זה יתגלגל אף שלא במכוון לידיים שאינן מורשות ומאידך מקשה על איתור מי אשר מחזיק בו בפועל. למעשה הייתה זו אך ערנותו של השוטר שהבחין בנאשם בעת שאחז בשקית כדי להביא למעצרו והעמדתו לדין. יש להניח כי הימצאות הנשק במקום בו נמצא ללא ממצאים פורנזיים הייתה מסכלת כל אפשרות לקשור אותו למאן דהו. לא בלי קשר, חסד נעשה עם הנאשם שלא יוחסה לו העבירה של נשיאת נשק, מקום בו גם על פי דבריו נשא אותו על פני כחמישים מטרים עד אשר נעצר על ידי השוטר.",דיון והכרעה:,דיון והכרעה,דיון והכרעה,דיון והכרעה,דיון והכרעה,דיון והכרעה
SH-16-11-7544-55,"כאמור, ובהתאם להלכת אבו מוך, מטרת החזקת הנשק מהווה רכיב נסיבתי שיש לקחתו בחשבון עובר לגזירת העונש. ההגנה בטיעוניה ביקשה ללמד כי ההחזקה של הנשק הייתה רגעית על וכן נגזרת מכך גם לא ניתן לטעון כי מטרת החזקה הנמצאת במדרג הגבוה של עבירות בכגון דא. לצורך ביסוס טענה זו, הגיש הסניגור את הודעתו של הנאשם מיום 27.10.16 בה מסר את הנסיבות בדבר הימצאות הנשק בידיו.",דיון והכרעה:,דיון והכרעה,דיון והכרעה,דיון והכרעה,דיון והכרעה,דיון והכרעה
SH-16-11-7544-55,"עיינתי בהודעה זו ולא מצאתי באמור בה וגרסתו של הנאשם כדי לקבוע ממצאים שיקלו בעונשו. בהקשר לכך העובדה כי הנאשם מסר זאת במשטרה אין בה כדי להפוך אותה לראייה לאמיתות  התוכן. הנאשם לא נחקר על גרסה זו בבית המשפט ולא בכדי ,גם המאשימה התנגדה לקבלת הדברים כפי ניסוחם. יתר על כן, גרסתו של הנאשם על פני הדברים מעוררת תהיות וסימני שאלה ואינה עומדת ברף הנדרש בהתאם להוראת סעיף 40 י'(ג) סייפא לחוק העונשין. הדברים אמורים נוכח כך שהנאשם מוסר כי הגיע עם פלוני אל מול תחנת הדלק, להוציא חוטי נחושת מארון החשמל, וזאת מבלי שהיה מוכן למסור את שמו של פלוני שיאשש את גרסתו (וזאת כאשר כלל לא דובר בארון חשמל אלא ארון השקייה). הנאשם טוען כי יכול וטמנו לו פח, אולם לא מוסר מי אמר לו להגיע לאותו מקום.  זאת יאמר בהצטרף לתהייה כיצד דווקא הנאשם מצליח למצוא בשקית תת מקלע ותחמושת, (בדומה לאחרים אשר יד המקרה מביאה אותם להרים שקית מהריצפה ולמצוא שם סמים וכיו""ב).",דיון והכרעה:,דיון והכרעה,דיון והכרעה,דיון והכרעה,דיון והכרעה,דיון והכרעה
SH-16-11-7544-55,"אף אם בית המשפט יקבל את גרסת הנאשם, וכאמור זו לא בוססה כדבעי, הרי שזה לא טען שהתכוון להחזיר את תת המקלע לרשות המשטרה ואין ערובה מה היה עתיד לעשות עמו בעתיד.   ביחס לכך יפים דברי בית המשפט העליון בע""פ 3300/06, אבו סנינה נ' מדינת ישראל:",דיון והכרעה:,דיון והכרעה,דיון והכרעה,דיון והכרעה,דיון והכרעה,דיון והכרעה
SH-16-11-7544-55,"כסיכום ביניים, מכל המקובץ לעיל, הריני לקבוע מתחם עונש הולם הנע בין 13 ל- 36 חודשים מאסר בפועל.",דיון והכרעה:,דיון והכרעה,דיון והכרעה,דיון והכרעה,דיון והכרעה,דיון והכרעה
SH-16-11-7544-55,"בקביעת עונשו של הנאשם בגדרי המתחם ולקולא, תילקח בחשבון הודאתו שיש בה משום חסכון בזמן שיפוטי יקר ובעקיפין הבעת חרטה ונטילת אחריות. משקלה של אותה נטילת אחריות יהיה מופחת נוכח כך שכאמור לעיל, הנאשם במסגרת הודעתו ""חושף טפח ומכסה טפחיים"" וכמכלול מותיר לא מעט סימני שאלה בנוגע לנסיבות הגעת הנשק לידיו ומטרת החזקתו.",דיון והכרעה:,דיון והכרעה,דיון והכרעה,דיון והכרעה,דיון והכרעה,דיון והכרעה
SH-16-11-7544-55,"עוד ובמשורה ילקחו בחשבון מאפייניו הסוציואקונומיים של הנאשם אשר על פי הנטען סובל ממצוקה כספית, גדל ומגדל את ילדיו בפזורה בתת תנאים כשעול הפרנסה של המשפחה המורחבת נופל על כתפיו.",דיון והכרעה:,דיון והכרעה,דיון והכרעה,דיון והכרעה,דיון והכרעה,דיון והכרעה
SH-16-11-7544-55,לא התבקש בעניינו של הנאשם תסקיר ומשכך לא נפרסו בפני בית המשפט מלוא הנתונים הצריכים לעניין בכללם מידת הזדקקותו של הנאשם להליך טיפולי ויכולתו להירתם מהליך שכזה. בין כך ובין כך ברי כי אין לדבר על שיקולי שיקום בגינם יש לחרוג מטה ממתחם העונש ההולם.,דיון והכרעה:,דיון והכרעה,דיון והכרעה,דיון והכרעה,דיון והכרעה,דיון והכרעה
SH-16-11-7544-55,"מנגד ולחומרא יש לתת משקל נכבד לעברו הפלילי של הנאשם. לכאורה אין המדובר בעבר פלילי מכביד שכן זה כולל שלוש הרשעות בלבד. לצד האמור לעיל, עיון מדוקדק מלמד כי הרשעתו הראשונה של הנאשם משנת 2006 עניינה עבירה של חבלה חמורה, חבלה כשעבריין מזויין והחזקת סכין למטרה לא כשרה בגינה נגזרו עליו 12 חודשים מאסר בפועל ע""י ביהמ""ש המחוזי.",דיון והכרעה:,דיון והכרעה,דיון והכרעה,דיון והכרעה,דיון והכרעה,דיון והכרעה
SH-16-11-7544-55,"ביתר שאת בשנת 2011 הורשע הנאשם בעבירות ממן העניין בכללן עבירה של נשיאת נשק, ירי מנשק חם באזור מגורים ואיומים. עיון בגזר הדין מלמד כי  באותו מקרה הנאשם ואחיו עצרו את רכבו של המתלונן ודרשו לדעת פשר הימצאו במקום. הנאשם שבפני אחז סכין ובהמשך נטל אקדח וירה בסמוך לרגלו של המתלונן. אך בשל התערבותו של אדם שלישי שהיה במקום, הניחו למתלונן ללכת בדרכו, (אשר מצידו תבע את עלבונו באמצעות אחרים שחטאו אף הם בעבירות ירי ונשק כלפי הנאשם). בגין תיק זה נגזרו על הנאשם שנתיים מאסר בפועל.",דיון והכרעה:,דיון והכרעה,דיון והכרעה,דיון והכרעה,דיון והכרעה,דיון והכרעה
SH-16-11-7544-55,צא ולמד כי מדובר בנאשם שהוכיח במעשיו שאינו מהסס לפעול באלימות קשה או לעשות שימוש בנשק. נאשם שהליכים פליליים קודמים ועונשי מאסר ממושכים לא היה בהם כדי להרתיעו מלחטוא פעם נוספת בעבירות נשק. יש באמור לעיל כדי לתת משקל נוסף לשיקולי הרתעת היחיד.,דיון והכרעה:,דיון והכרעה,דיון והכרעה,דיון והכרעה,דיון והכרעה,דיון והכרעה
SH-16-11-7544-55,"לצד שיקולי הרתעת היחיד, סבורני כי יש מקום לתת משקל גם לשיקולי הרתעת הרבים, בשים לב לנפוצות העבירה בה הורשע הנאשם. ביחס לכך, לא למיותר להוסיף כי חדשות לבקרים מובאים לפתחו של בית המשפט אירועים פליליים במהלכם נעשה שימוש בנשק לא חוקי לפתרון סכסוכים בדרך של אלימות. לא אחת עסקינן בסכסוכי חמולות בהן הנשק משמש הן לתקיפה והן להגנה עצמית ומוסלק לעת מצוא. יש ולעיתים הנשק משמש לביצוע עבירות אלימות או משמש את מחזיקו מלהרתיע את קורבנו. נדמה כי מחוז הדרום סובל אף יותר מאשר מחוזות אחרים מהתופעה של החזקת נשק שלא כדין, ולדאבון הלב תופעה זו הפכה ל""מכת אזור"". משכך מתחדד הצורך בשיקולי הרתעת הרבים. בהקשר לכך ר' עפ""ג 27417-11-15 וכן עפ""ג 62651-09-14 בהם בית המשפט מתייחס לנפוצות עבירות נשק באזור מסוים כנתון המצדיק החמרה: ""בנוסף לחומרה שיש לייחס לעבירות נשק בכלל, יש בסיס לטענה כי נפיצות עבירות הנשק באזורנו מהווה עילה להחמרה"" (ר' פסקה 35 לגזר הדין והפסיקה המצוינת שם).",דיון והכרעה:,דיון והכרעה,דיון והכרעה,דיון והכרעה,דיון והכרעה,דיון והכרעה
SH-16-11-7544-55,21 חודשים מאסר בפועל שימנו מיום מעצרו 27.10.16.,"סוף דבר מכל המקובץ לעיל, הנני לגזור על הנאשם את העונשים הבאים: ",דיון והכרעה,דיון והכרעה,דיון והכרעה,דיון והכרעה,מידע אחר
SH-16-11-7544-55,6 חודשים מאסר על תנאי למשך 3 שנים מיום שחרורו שלא יעבור עבירות בנשק מסוג עוון.,"סוף דבר מכל המקובץ לעיל, הנני לגזור על הנאשם את העונשים הבאים: ",דיון והכרעה,דיון והכרעה,דיון והכרעה,דיון והכרעה,מידע אחר
SH-16-11-7544-55,12 חודשים מאסר על תנאי למשך 3 שנים מיום שחרורו שלא יעבור עבירות בנשק מסוג פשע.,"סוף דבר מכל המקובץ לעיל, הנני לגזור על הנאשם את העונשים הבאים: ",דיון והכרעה,דיון והכרעה,דיון והכרעה,דיון והכרעה,מידע אחר
SH-16-11-7544-55,"2,500 ₪ קנס או 20 ימי מאסר תמורתו. הקנס ישולם עד ליום 01.01.18.","סוף דבר מכל המקובץ לעיל, הנני לגזור על הנאשם את העונשים הבאים: ",דיון והכרעה,דיון והכרעה,דיון והכרעה,דיון והכרעה,מידע אחר
SH-16-11-7544-55,"ניתן צו כללי למוצגים: להשמיד, לחלט, להשיב לבעלים לפי שיקול דעת היחידה החוקרת.","סוף דבר מכל המקובץ לעיל, הנני לגזור על הנאשם את העונשים הבאים: ",דיון והכרעה,דיון והכרעה,דיון והכרעה,דיון והכרעה,מידע אחר
SH-18-06-11098-353,"חוק העונשין, תשל""ז-1977: סע'  144(א), 144(ב), 186, פרק ח'",nothing,מידע אחר,מידע אחר,מידע אחר,מידע אחר,מידע אחר
SH-18-06-11098-353,"הנאשם שלפני נותן את הדין בגין עבירה של אחזקת נשק ותחמושת שלא כדין, בניגוד לסעיף 144(א) רישא וסיפא לחוק העונשין, תשל""ז-1977.",רקע,עובדות המקרה,עובדות המקרה,עובדות המקרה,עובדות המקרה,עובדות המקרה
SH-18-06-11098-353,"בהתאם לעובדות כתב האישום, בהם הודה הנאשם כפי שהן – נתפס, בתאריך 23/05/18, מחזיק רובה סער מסוג ""גליל"", שמספרו הסידורי נמחק; וכן מחסניות ותחמושת - שלא כדין.",רקע,עובדות המקרה,עובדות המקרה,עובדות המקרה,עובדות המקרה,עובדות המקרה
SH-18-06-11098-353,"הודאת הנאשם נמסרה שלא במסגרת הסדר טיעון (יצוין כי, בפרוטוקול מיום 28/11/18 נרשם בטעות, כי ההודאה נמסרה במסגרת הסדר טיעון וכן נרשם סעיף עבירה שגוי. בד בבד עם מתן גזר הדין – ניתנה החלטה מתקנת לעניין זה).",רקע,עובדות המקרה,עובדות המקרה,עובדות המקרה,עובדות המקרה,עובדות המקרה
SH-18-06-11098-353,"התביעה הגישה, לעניין העונש, את פלט הרשעותיו הקודמות של הנאשם (ת/1), ממנו עולה, כי הורשע, בעבר, בעבירה בתחום הסמים המסוכנים. עוד הוגש פלט הרשעותיו התעבורתיות (ת/2), ממנו עולה, כי הורשע בעבירות שונות, בין היתר, עקיפה תוך חציית קו הפרדה רצוף; עבירות מהירות (כולל מהירות בגינה זומן למשפט תעבורתי ולא ניתן דוח ברירת משפט); נהיגה ללא רשיון רכב בתוקף; נהיגה בניגוד לכיוון התנועה.",ראיות לעונש,ראיות לעונש,ראיות לעונש,ראיות לעונש,ראיות לעונש,ראיות לעונש
SH-18-06-11098-353,"עוד הוגשה, מטעם התביעה, חוות דעת מז""פ בנוגע לנשק שנתפס (ת/3), ממנה עולה, כי כלי הנשק נבדק ונמצא יורה ובכוחו להמית אדם. כן נמצאה התאמה בין כלי נשק זה לבין אירוע, במסגרתו נורה אדם, תושב הישוב כסיפה ונפצע. עוד פורט בחוות הדעת, כי מספרו הסידורי של הנשק - נמחק (למעט ספרה אחת).",ראיות לעונש,ראיות לעונש,ראיות לעונש,ראיות לעונש,ראיות לעונש,ראיות לעונש
SH-18-06-11098-353,"עוד הוגשו, מטעם התביעה, תמונות (ת/4), בהן ניתן לראות, כי הנשק הוסלק בתוך מקום ייעודי (סליק), במבנה מגודר באיסכורית, עטוף בניילון ולצדו מספר מחסניות -  גם הן עטופות בניילון.",ראיות לעונש,ראיות לעונש,ראיות לעונש,ראיות לעונש,ראיות לעונש,ראיות לעונש
SH-18-06-11098-353,"מטעם ההגנה, הוגשה אמרת הנאשם (נ/1), שם נטען מפיו, כי 'מצא את הנשק כאשר יצא לעשות צרכיו מתחת לאחד העצים'. לדבריו, מחזיק בנשק מזה כשש שנים.",ראיות לעונש,ראיות לעונש,ראיות לעונש,טיעוני הצדדים,ראיות לעונש,ראיות לעונש
SH-18-06-11098-353,"עוד סיפר הנאשם, כי הנשק הוחזק במבנה המשמש כמטבח, מוסלק מתחת ללוח עץ (""דיקט"") שהותקן על הרצפה. המבנה אינו נעול, אם כי לטענת הנאשם, על אף שמתגוררים במקום ילדיו – חמישה קטינים מגיל שלוש ומחצה עד גיל עשר, הם אינם נכנסים למבנה זה. עוד טען הנאשם, כי משתמש מדי פעם בסם מסוכן סינתטי מסוג ""נייס גיא"".",ראיות לעונש,ראיות לעונש,ראיות לעונש,טיעוני הצדדים,ראיות לעונש,ראיות לעונש
SH-18-06-11098-353,"עוד הוגש, מטעם הגנה, דוח סוציאלי מטעם המחלקה לשירותים חברתיים במועצה האזורית בה מתגורר הנאשם. עו""ס המשפחה ציינה, כי רעיית הנאשם מוכרת לה על רקע מצב סוציו-אקונומי נמוך וטיפול במיצוי זכויותיה. הרעיה והילדים מתגוררים בפחון ומתפרנסים מקצבאות המוסד לביטוח לאומי. עם זאת, מסרה, כי הנאשם אינו מתגורר עם בני משפחתו, אלא – עוד לפני הסתבכותו בפרשה זו – היה מגיע רק פעם בחודש לראות את ילדיו. הנאשם אף אינו דואג לרווחת המשפחה.",ראיות לעונש,ראיות לעונש,ראיות לעונש,ראיות לעונש,ראיות לעונש,ראיות לעונש
SH-18-06-11098-353,ההגנה לא עתרה להפנות את הנאשם להערכת שירות המבחן למבוגרים.,ראיות לעונש,ראיות לעונש,ראיות לעונש,ראיות לעונש,ראיות לעונש,מידע אחר
SH-18-06-11098-353,התביעה הגישה טענותיה לעונש בכתב (ת/ 5) וכן השלימה אותן על-פה.,טענות הצדדים,טיעוני הצדדים,טיעוני הצדדים,טיעוני הצדדים,טיעוני הצדדים,טיעוני הצדדים
SH-18-06-11098-353,התביעה הדגישה פוטנציאל הקטילה וההרס הטמון בהחזקת נשק שלא כדין ואת הסיכון הנשקף לשלום הציבור בשל כך.,טענות הצדדים,טיעוני הצדדים,טיעוני הצדדים,טיעוני הצדדים,טיעוני הצדדים,טיעוני הצדדים
SH-18-06-11098-353,"התביעה עתרה למתחם ענישה, שינוע בין מאסר בפועל למשך שנתיים למחצה לבין 4 שנים, בצירוף רכיבי ענישה נוספים של מאסר מותנה וקנס.",טענות הצדדים,טיעוני הצדדים,טיעוני הצדדים,טיעוני הצדדים,טיעוני הצדדים,טיעוני הצדדים
SH-18-06-11098-353,"התביעה עותרת להשית על הנאשם עונש על הצד הבינוני – גבוה של המתחם. זאת, הן לנוכח עברו הפלילי; הן לנוכח העובדה, כי המדובר בנשק שהוחזק בצירוף תחמושת ומחסניות, מוכן לשימוש; הן לאור העובדה, כי נסיבות החזקת הנשק מלמדות על כך, שעבר בין ידיהם של פורעי חוק.",טענות הצדדים,טיעוני הצדדים,טיעוני הצדדים,טיעוני הצדדים,טיעוני הצדדים,טיעוני הצדדים
SH-18-06-11098-353,"ההגנה טענה, כי מתחם הענישה אליו טענה התביעה – מופרז ואינו תואם את פסיקת בתי המשפט.",טענות הצדדים,טיעוני הצדדים,טיעוני הצדדים,טיעוני הצדדים,טיעוני הצדדים,טיעוני הצדדים
SH-18-06-11098-353,"לטענת ההגנה, אין ראיה על כך שהנאשם קשור לאירוע הקודם בו, נערך שימוש בנשק בירי על אדם.",טענות הצדדים,טיעוני הצדדים,טיעוני הצדדים,טיעוני הצדדים,טיעוני הצדדים,טיעוני הצדדים
SH-18-06-11098-353,"לטענת ההגנה, עברו הפלילי של הנאשם אינו מכביד.",טענות הצדדים,טיעוני הצדדים,טיעוני הצדדים,טיעוני הצדדים,טיעוני הצדדים,טיעוני הצדדים
SH-18-06-11098-353,"עוד ביקשה ההגנה, כי בית המשפט ייקח בחשבון נסיבותיו האישיות של הנאשם, לרבות כך, שאיבד שניים מילדיו בשריפה וכן את הודאתו באשמה.",טענות הצדדים,טיעוני הצדדים,טיעוני הצדדים,טיעוני הצדדים,טיעוני הצדדים,טיעוני הצדדים
SH-18-06-11098-353,"בדברו האחרון – הצר הנאשם על כך, שלא מסר את הנשק למשטרה וטען, כי לא התכוון לעשות עמו דבר.",טענות הצדדים,טיעוני הצדדים,טיעוני הצדדים,טיעוני הצדדים,טיעוני הצדדים,טיעוני הצדדים
SH-18-06-11098-353,"אין צורך להכביר מילים על פוטנציאל הסיכון הנובע מהחזקת נשק חם קטלני, שלא כדין.",דיון והכרעה ,דיון והכרעה,דיון והכרעה,טיעוני הצדדים,דיון והכרעה,דיון והכרעה
SH-18-06-11098-353,"כלי הנשק עלול למצוא דרכו לפעילות שלילית, אם פלילית ואם נגד בטחון המדינה.",דיון והכרעה ,דיון והכרעה,דיון והכרעה,טיעוני הצדדים,דיון והכרעה,דיון והכרעה
SH-18-06-11098-353,"החזקת נשק ותחמושת על ידי מי שלא נבדק, לא נמצא מתאים ולא הוכשר לכך, בתנאים שאינם מבטיחים בידודו של הנשק מהסביבה (כיום מי שמחזיק נשק ברשיון נדרש לאפסנו בכספת מאובטחת, מאחורי שני מנעולים), עלולה להביא לסיכון שלום הציבור, גם אם אין ראיות שהוחזק לצורך פעילות שלילית, כמפורט לעיל.",דיון והכרעה ,דיון והכרעה,דיון והכרעה,טיעוני הצדדים,דיון והכרעה,דיון והכרעה
SH-18-06-11098-353,"בנוסף, החזקת נשק כאמור עלולה להביא לפגיעה בשלטון החוק ובנושאי שלטון החוק, המבצעים את תפקידם.",דיון והכרעה ,דיון והכרעה,דיון והכרעה,טיעוני הצדדים,דיון והכרעה,דיון והכרעה
SH-18-06-11098-353,"בפסק הדין ע.פ. 3288/14 מדינת ישראל נ' קריספל (פורסם במאגרים), נאמר:",דיון והכרעה ,דיון והכרעה,דיון והכרעה,טיעוני הצדדים,דיון והכרעה,דיון והכרעה
SH-18-06-11098-353,"בשל פוטנציאל ההרס הטמון בכלי נשק, הכולל גם אפשרות לפגיעה עיוורת באנשים מן הישוב, מתפקידו של בית המשפט להרתיע אף מפני עבירת החזקת נשק שלא כדין. זאת, כדי לבלום את שרשרת העבירות בשלב ראשוני.",דיון והכרעה ,דיון והכרעה,דיון והכרעה,דיון והכרעה,דיון והכרעה,דיון והכרעה
SH-18-06-11098-353,"בפסק הדין ע.פ. 4945/13 סלימאן, נ' מדינת ישראל (פורסם במאגרים), נאמר:",דיון והכרעה ,דיון והכרעה,דיון והכרעה,דיון והכרעה,דיון והכרעה,דיון והכרעה
SH-18-06-11098-353,"... התגלגלותם של כלי נשק מיד ליד ללא פיקוח עלולה להוביל להגעתם בדרך לא דרך לגורמים פליליים ועוינים. אין לדעת מה יעלה בגורלם של  ולאלו תוצאות הרסניות יובילו. ודוק: הסיכון שנשקף לשלום הציבור צריך להילקח בחשבון על ידי כל מי שמחזיק בידו נשק שלא כדין, גם אם אינו מחזיק בו למטרת ביצוען של עבירות אחרות. עצם החזקת נשק בעל פוטנציאל קטילה מבלי שיש עליו ועל בעליו פיקוח מוסדר של הרשויות טומן בחובו סיכון, באשר המחזיק בו נתון תמיד לחשש שיתפתה לעשות בו שימוש, ולו ברגעי לחץ ופחד.",דיון והכרעה ,דיון והכרעה,דיון והכרעה,דיון והכרעה,דיון והכרעה,דיון והכרעה
SH-18-06-11098-353,"בשורה של פסקי דין נקבע, כי חומרת הסיכון הנשקף מעבירות אלה, מחייבת השתת עונשי מאסר בפועל בגין עבירות אלה וזאת גם כאשר המדובר, לכאורה, במי שמנהל אורח חיים נורמטיבי ואין לחובתו הרשעות קודמות. ראו רע""פ 2718/04 אבו דאחל נ' מדינת ישראל (פורסם במאגרים):",דיון והכרעה ,דיון והכרעה,דיון והכרעה,דיון והכרעה,דיון והכרעה,דיון והכרעה
SH-18-06-11098-353,"יוער כי הסכנה הטמונה בעבירה החמורה של החזקת נשק מצדיקה הטלת עונשי מאסר לריצוי בפועל גם על מי שזו עבירתו הראשונה. בבוא בית המשפט לשקול את הענישה בעבירות מסוג זה, עליו לתת משקל נכבד יותר לאינטרס הציבורי ולצורך להרתיע עבריינים בכוח מלבצע עבירות דומות, על פני הנסיבות האישיות של העבריין.",דיון והכרעה ,דיון והכרעה,דיון והכרעה,דיון והכרעה,דיון והכרעה,דיון והכרעה
SH-18-06-11098-353,עוד ראו ע.פ. 5220/09 עוואודה נ' מדינת ישראל (פורסם במאגרים):,דיון והכרעה ,דיון והכרעה,דיון והכרעה,דיון והכרעה,דיון והכרעה,דיון והכרעה
SH-18-06-11098-353,"אשר על כן משכבר נקבע הכלל לפיו ככלל יש לאסור את המבצעים עבירה זו, גם אם מדובר בעבירה ראשונה, מאחורי סורג ובריח, ואילו אורך התקופה כלול בנסיבות הספציפיות של העושה והמעשה.",דיון והכרעה ,דיון והכרעה,דיון והכרעה,דיון והכרעה,דיון והכרעה,דיון והכרעה
SH-18-06-11098-353,"על אחת כמה וכמה, כאשר קיימות הרשעות קודמות ואינדיקציה לשימוש פלילי שנעשה, בעבר, בנשק.",דיון והכרעה ,דיון והכרעה,דיון והכרעה,דיון והכרעה,דיון והכרעה,דיון והכרעה
SH-18-06-11098-353,"אשר למתחם הענישה, בפסק הדין עפ""ג 23419-01-17 מדינת ישראל נ' זניד ואח' (פורסם במאגרים), נדון ערעור המדינה בעניינם של שני משיבים, האחד - נתפס מחזיק אקדח בקוטר 9 מ""מ ביחד עם מחסנית ובה 17  כדורים; וכן רובה סער מאולתר דמוי M16 עם מחסנית ובה 28 כדורים; השני - נתפס מחזיק בשני אקדחים, גם כן בצירוף תחמושת. בית משפט קמא קבע מתחם ענישה שינוע בין 13 עד 30 חדשי מאסר בפועל בנוגע למשיב שהחזיק את שני האקדחים ומתחם שינוע בין 16 עד 36 חדשי מאסר בפועל בנוגע למשיב שהחזיק אקדח ורובה סער מאולתר.",דיון והכרעה ,דיון והכרעה,דיון והכרעה,דיון והכרעה,דיון והכרעה,דיון והכרעה
SH-18-06-11098-353,"ערעור המדינה התקבל בהסכמת הצדדים, תוך שהוחמרו עונשי המאסר שהושתו על המשיבים ל-26 ו-31 חדשי מאסר בפועל (בהתאמה). בית המשפט המחוזי, בשבתו כבית משפט לערעורים פליליים, אף מצא לציין, כי המתחמים שנקבעו על ידי בית משפט השלום נמוכים יתר על המידה.",דיון והכרעה ,דיון והכרעה,דיון והכרעה,דיון והכרעה,דיון והכרעה,דיון והכרעה
SH-18-06-11098-353,"בעקבות החלטת בית המשפט המחוזי בערעור זה, במקרה נוסף שנדון בסמוך לאחר מכן, קבע בית משפט השלום מתחם ענישה שינוע בין 13 עד 36 חדשי מאסר בפועל בגין החזקת כלי נשק מאולתר אחד מסוג תת מקלע בצירוף מחסנית ובה 10 כדורים. ראו ת.פ 7544-11-16 מדינת ישראל נ' אלאסד (פורסם במאגרים). באותו מקרה, הושת על הנאשם, בעל עבר פלילי שאינו מכביד, עונש מאסר בפועל בן 21 חדשים. ערעור שהוגש על גזר הדין – נדחה; ואף נקבע על ידי בית המשפט המחוזי, בשבתו כבית משפט לערעורים פליליים, כי העונש עומד במתחם ענישה ראוי. ראו עפ""ג 22885-05-17 אלאסד נ' מדינת ישראל (פורסם במאגרים).",דיון והכרעה ,דיון והכרעה,דיון והכרעה,דיון והכרעה,דיון והכרעה,דיון והכרעה
SH-18-06-11098-353,"בפסק הדין ע.פ. 4945/13 מדינת ישראל נ' סלימאן (פורסם במאגרים), אושר מתחם ענישה שינוע בין שנה ועד שלוש שנות מאסר, בגין החזקת כלי נשק  בודד מסוג קרל גוסטב וכן מחסנית וכדורים. אף באותו מקרה, המדובר היה בצעיר, אשר ניהל אורח חיים נורמטיבי, כולל לימודים אקדמאיים בפקולטה לאדריכלות, ללא עבר פלילי. גם באותו מקרה, המליץ שירות המבחן להסתפק בעונש מאסר בפועל לריצוי בדרך של עבודות שירות.",דיון והכרעה ,דיון והכרעה,דיון והכרעה,דיון והכרעה,דיון והכרעה,דיון והכרעה
SH-18-06-11098-353,"בית המשפט העליון ציין, כי ראוי לקבוע עונשים מרתיעים בגין עבירות אלה והעמיד המתחם שם בין 12 ועד 36 חדשי מאסר בפועל. אמנם, באותו מקרה הורשע המשיב גם בעבירה חמורה יותר, של נשיאת נשק, בניגוד לסעיף 144(ב) לחוק העונשין, תשל""ז-1977.",דיון והכרעה ,דיון והכרעה,דיון והכרעה,דיון והכרעה,דיון והכרעה,דיון והכרעה
SH-18-06-11098-353,"לפני כשנה ומחצה, ניתן, בבית משפט זה, גזר דין, ת.פ. 32560-12-16 מדינת ישראל נ' אלסאריעה (פורסם במאגרים). שם, נדון נאשם בגין עבירה של נסיון להחזקת אקדח מסוג ברטה (העבירה תוקנה לנסיון, במסגרת הסדר טעון, בשל כך שהנשק לא היה תקין), וכן תת מקלע מאולתר, כשכלי הנשק הוחזקו בביתו של הנאשם שם, לעונש מאסר בן 20 חדשים בפועל. זאת, במסגרת מתחם כולל שנע בין 18 עד 42 חדשי מאסר.",דיון והכרעה ,דיון והכרעה,דיון והכרעה,דיון והכרעה,דיון והכרעה,דיון והכרעה
SH-18-06-11098-353,"בשבתו כבית משפט לערעורים פליליים, דחה בית המשפט המחוזי, הרכב אב""ד כב' הנשיאה ר' יפה-כץ, ערעור ההגנה על חומרת העונש, תוך שמצא, כי חרף העדר אינדיקציה על שימוש פלילי או אחר המתוכן בנשק, ועל אף נסיבותיו האישיות של המערער שם (צעיר ללא עבר פלילי) – הרי הנסיבות האישיות ואינטרס השיקום, נדחים מפני האינטרס הציבורי של מיגור עבירות מסוג זה.",דיון והכרעה ,דיון והכרעה,דיון והכרעה,דיון והכרעה,דיון והכרעה,דיון והכרעה
SH-18-06-11098-353,"לאחרונה, פורסמה הנחיית פרקליט המדינה מס'  9.16 (מיום ג' אב תשע""ו – 07/08/16) בנוגע למדיניות הענישה בעבירות נשק, במסגרתה הונחתה התביעה הכללית לפעול לכיוון החמרת הענישה בעבירות אלה, לנוכח הסיכון הרב הנשקף מהן והאינטרס הציבורי במיגורן. התביעה הכללית הונחתה לדרוש מאסר בפועל לתקופה ממשית, גם כאשר המדובר בעבירה ראשונה. מבחינת מדרג החומרה, הוצבה החזקה של רובה סער או תת מקלע – ברמה אחת לפני הרמה החמורה ביותר ואילו אחזקת נשק קצר - אקדח - ברמה נמוכה יותר. לנוכח הפסיקה, שפורטה באותה הנחיה, הונחתה התביעה הכללית לטעון למתחם שינוע בין שנתיים עד ארבע שנות מאסר בפועל בגין כל עבירה בודדת של החזקת רובה או תת מקלע; בין שנה לשלוש שנים בגין אחזקת נשק קצר מסוג אקדח; 6 חדשי מאסר בפועל, לריצוי בדרך של עבודות שירות, עד 6 חדשי מאסר בפועל ממש בגין אחזקת תחמושת.",דיון והכרעה ,דיון והכרעה,דיון והכרעה,דיון והכרעה,דיון והכרעה,דיון והכרעה
SH-18-06-11098-353,"הצורך בהחמרת הענישה נומק במספר הרב של העבירות, אם פליליות ואם כאלה נגד בטחון המדינה, שנעברו לאחרונה, באמצעות כלי נשק, ואף הביאו, לעיתים מזומנות, לפגיעה באזרחים בלתי מעורבים. לשם המחשה, כפי המפורט בנתונים שהובאו במסגרת ההנחיה, בשנת 2013, אירעו בישראל 563 אירועים של פיגועים פליליים באמצעות נשק חם. זאת, מבלי לקחת בחשבון פיגועים על רקע בטחוני או עבירות שנאה.",דיון והכרעה ,דיון והכרעה,דיון והכרעה,דיון והכרעה,דיון והכרעה,דיון והכרעה
SH-18-06-11098-353,"לאור כל האמור, מוצא בית המשפט לקבוע מתחמי ענישה כדלקמן:",דיון והכרעה ,דיון והכרעה,דיון והכרעה,דיון והכרעה,דיון והכרעה,דיון והכרעה
SH-18-06-11098-353,בכל הנוגע לאחזקת נשק אוטומטי מסוג רובה סער – בין שנה ומחצה ועד שלוש שנות מאסר בפועל;,דיון והכרעה ,דיון והכרעה,דיון והכרעה,דיון והכרעה,דיון והכרעה,דיון והכרעה
SH-18-06-11098-353,בכל הנוגע לאחזקת תחמושת בכמות של קליעים בודדים או עשרות קליעים – עד 6 חדשי מאסר בפועל.,דיון והכרעה ,דיון והכרעה,דיון והכרעה,דיון והכרעה,דיון והכרעה,דיון והכרעה
SH-18-06-11098-353,"מתחמים אלה נפסקו, לאחרונה, במספר גזרי דין שניתנו בנסיבות דומות. ראו ת.פ. 30406-04-16 מדינת ישראל נ' אבו עאמר; ת.פ. 65912-01-18 מדינת ישראל נ' אבו מדעם ואח' (גזרי הדין פורסמו במאגרים).",דיון והכרעה ,דיון והכרעה,דיון והכרעה,דיון והכרעה,דיון והכרעה,דיון והכרעה
SH-18-06-11098-353,"אשר למתחם הענישה הכולל בתיק זה, יועמד, בין 20 עד 40 חודשי מאסר בפועל.",דיון והכרעה ,דיון והכרעה,דיון והכרעה,דיון והכרעה,דיון והכרעה,דיון והכרעה
SH-18-06-11098-353,"הנאשם החזיק רובה סער שהוצא מצה""ל בדרך לא ידועה, בצירוף מחסניות ותחמושת, במצב תקין ומוכן לשימוש.",קביעת הענישה הספציפית במסגרת המתחם: ,דיון והכרעה,דיון והכרעה,דיון והכרעה,דיון והכרעה,דיון והכרעה
SH-18-06-11098-353,"הנשק הוחזק במבנה פתוח, והגם שהוסלק מתחת ללוח עץ שהותקן על הרצפה – עולה מהאמרה שמסר בחקירה (נ/1), כי המדובר באזור מגורי משפחת הנאשם, שם מסתובבים גם ילדיו הקטנים. לא קשה לשער את פוטנציאל הסיכון, אם מי מהילדים היה שם ידו על נשק זה.",קביעת הענישה הספציפית במסגרת המתחם: ,דיון והכרעה,דיון והכרעה,דיון והכרעה,דיון והכרעה,דיון והכרעה
SH-18-06-11098-353,רובה הסער הוחזק במצב בו טושטש מספרו הסידורי.,קביעת הענישה הספציפית במסגרת המתחם: ,דיון והכרעה,דיון והכרעה,דיון והכרעה,דיון והכרעה,דיון והכרעה
SH-18-06-11098-353,"כפי שעולה מדוח המעבדה ת/3 – שהוגש בהסכמת הצדדים – היה נשק זה מעורב באירוע פלילי חמור, במסגרתו נורה אדם, באזור מגוריו של הנאשם. אמנם, צודקת ההגנה, כי לא ניתן לייחס אירוע זה לנאשם. אך יש ממש בדברי התביעה, כי הן ממחיקת המספר הסידורי והן מהאירוע המתואר ניתן להבין, כי נשק זה מצא דרכו לידיהם של פורעי חוק ולא רק למטרה הגנתית או לעת מצוא.",קביעת הענישה הספציפית במסגרת המתחם: ,דיון והכרעה,דיון והכרעה,דיון והכרעה,דיון והכרעה,דיון והכרעה
SH-18-06-11098-353,לחובת הנאשם עבר פלילי (אם כי לא בעבירות דומות) וכן עבר תעבורתי המלמד על אופן התייחסותו להוראות החוק ולשלומם של עוברי הדרך.,קביעת הענישה הספציפית במסגרת המתחם: ,דיון והכרעה,דיון והכרעה,דיון והכרעה,דיון והכרעה,דיון והכרעה
SH-18-06-11098-353,"הטענה, כי כלי הנשק נמצא באקראי תחת עץ – מבלי להתייחס לשאלת הסתברותה, אינה מעלה ואינה מורידה, שכן אין צורך להכביר מילים, על סכנת הפגיעה באזרחים חפים מפשע, כתוצאה משימוש בכלי הנשק, אשר, לדברי הנאשם עצמו באמרתו נ/1, הוחזק על ידו שנים רבות. עצמתה של סכנה זו אינה משתנה לפי הדרך בה הושג כלי הנשק.",קביעת הענישה הספציפית במסגרת המתחם: ,דיון והכרעה,דיון והכרעה,דיון והכרעה,דיון והכרעה,דיון והכרעה
SH-18-06-11098-353,"שיקול נוסף שיבוא לחומרה הוא העובדה, כי קיימות אינדיקציות – הן מדברי הנאשם והן מעברו הפלילי – לשימוש בסמים מסוכנים ובחמרים משני תודעה. הנגישות לנשק חם אוטומטי בנסיבות כאלה – מסוכנת עוד יותר.",קביעת הענישה הספציפית במסגרת המתחם: ,דיון והכרעה,דיון והכרעה,דיון והכרעה,דיון והכרעה,דיון והכרעה
SH-18-06-11098-353,"לזכות הנאשם, ייקח בית המשפט בחשבון הודאתו באשמה; התקופה בה שוהה במעצר; העדר  ראיות על כוונה לשימוש שלילי, פלילי או אחר, בנשק שנתפס.",קביעת הענישה הספציפית במסגרת המתחם: ,דיון והכרעה,דיון והכרעה,דיון והכרעה,דיון והכרעה,דיון והכרעה
SH-18-06-11098-353,איזון השיקולים השונים מצביע לכיוון ענישה על הצד הבינוני של מתחם הענישה (אם גם לא במרכז המתחם ממש).,קביעת הענישה הספציפית במסגרת המתחם: ,דיון והכרעה,דיון והכרעה,דיון והכרעה,דיון והכרעה,דיון והכרעה
SH-18-06-11098-353,"אשר לנסיבותיו האישיות של הנאשם – הגם שעולה מהדוח הסוציאלי נ/2, כי המשפחה חוותה טרגדיה – הרי בד בבד עולה מדברי עו""ס המשפחה, כי הנאשם אינו מגלה עניין במשפחתו ואינו דואג לצרכיה ולרווחתה.",קביעת הענישה הספציפית במסגרת המתחם: ,דיון והכרעה,דיון והכרעה,דיון והכרעה,דיון והכרעה,דיון והכרעה
SH-18-06-11098-353,"לנוכח כך שהמדובר בכלי הנשק שלו שווי כלכלי לא מבוטל, מוצא בית המשפט להשית עיצום כספי מסוג קנס. בפרשת אלסראעיה דלעיל, הושת עיצום כספי מסוג קנס בסך 12,000 ₪,  ובית המשפט המחוזי לא מצא עילה להתערב בכך. יצוין, כי שם המדובר היה באחזקת תת מקלע אחד מאולתר ואקדח פגום, כך שבמקרה דנן,  יושת עיצום, בהתאמה, בהתאם לסוג הנשק ולתחמושת בהם החזיק הנאשם.",קביעת הענישה הספציפית במסגרת המתחם: ,דיון והכרעה,דיון והכרעה,דיון והכרעה,דיון והכרעה,דיון והכרעה
SH-18-06-11098-353,משלא הובררו עד תום מניעי הנאשם להחזקת כלי הנשק – מוצא בית המשפט גם להשית מאסר מותנה מרתיע.,קביעת הענישה הספציפית במסגרת המתחם: ,דיון והכרעה,דיון והכרעה,דיון והכרעה,דיון והכרעה,דיון והכרעה
SH-18-06-11098-353,לאחר שבית המשפט שמע את טענות הצדדים (ועיין בטענות התביעה בכתב); עיין במוצגים שהוגשו; עיין בדוח הסוציאלי; עיין בפסיקה שהוגשה; שמע דברו האחרון של הנאשם – דן את הנאשם לעונשים כדלקמן:,קביעת הענישה הספציפית במסגרת המתחם: ,דיון והכרעה,דיון והכרעה,דיון והכרעה,דיון והכרעה,דיון והכרעה
SH-18-06-11098-353,"28 חודשי מאסר בפועל, בניכוי ימי מעצרו, בהתאם לרישומי שב""ס;",קביעת הענישה הספציפית במסגרת המתחם: ,דיון והכרעה,דיון והכרעה,דיון והכרעה,דיון והכרעה,דיון והכרעה
SH-18-06-11098-353,"12 חדשי מאסר על תנאי למשך 3 שנים מיום שחרורו של הנאשם ממאסרו, שהנאשם לא יעבור עבירה בניגוד לחוק העונשין, תשל""ז-1977, פרק ח' סימן א', למעט עבירה בניגוד לסעיף 144(א) סיפא לאותו חוק;",קביעת הענישה הספציפית במסגרת המתחם: ,דיון והכרעה,דיון והכרעה,דיון והכרעה,דיון והכרעה,דיון והכרעה
SH-18-06-11098-353,"6 חדשי מאסר על תנאי למשך 3 שנים מיום שחרורו של הנאשם ממאסרו, שהנאשם לא יעבור עבירה בניגוד לחוק העונשין, תשל""ז-1977, סעיף 144(א) סיפא או סעיף 186;",קביעת הענישה הספציפית במסגרת המתחם: ,דיון והכרעה,דיון והכרעה,דיון והכרעה,דיון והכרעה,דיון והכרעה
SH-18-06-11098-353,"קנס בסך 10,000 ₪ או 90 ימי מאסר תמורתו. הקנס ישולם עד ליום 30.06.2019.",קביעת הענישה הספציפית במסגרת המתחם: ,דיון והכרעה,דיון והכרעה,דיון והכרעה,דיון והכרעה,דיון והכרעה
SH-18-06-11098-353,"ככל שלא תוגש בקשה אחרת מטעם מי מהצדדים בתוך 45 ימים, יחולטו/יושמדו המוצגים בתיק החקירה, לרבות כלי הנשק והתחמושת נושא כתב האישום, על פי שיקול דעת המאשימה.",קביעת הענישה הספציפית במסגרת המתחם: ,דיון והכרעה,דיון והכרעה,דיון והכרעה,דיון והכרעה,מידע אחר
SH-19-09-65386-570,"בשם המאשימה: עו""ד נגה מזור שגב",nothing,מידע אחר,מידע אחר,מידע אחר,מידע אחר,מידע אחר
SH-19-09-65386-570,"בשם הנאשם: עו""ד נס בן נתן",nothing,מידע אחר,מידע אחר,מידע אחר,מידע אחר,מידע אחר
SH-19-09-65386-570,"פקודת הסמים המסוכנים [נוסח חדש], תשל""ג-1973: סע'  7(א), (ג), 10, 13א, 19, 36א(ב)",nothing,מידע אחר,מידע אחר,מידע אחר,מידע אחר,מידע אחר
SH-19-09-65386-570,"חוק העונשין, תשל""ז-1977: סע'  40ד'",nothing,מידע אחר,מידע אחר,מידע אחר,מידע אחר,מידע אחר
SH-19-09-65386-570,"פקודת המבחן [נוסח חדש], תשכ""ט-1969",nothing,מידע אחר,מידע אחר,מידע אחר,מידע אחר,מידע אחר
SH-19-09-65386-570,"הנאשם הורשע על יסוד הודאתו, במסגרת הסדר דיוני שכלל את תיקון כתב האישום, ב-20 עבירות של סחר בסם מסוכן לפי סעיפים 13א ו-19 לפקודת הסמים המסוכנים [נוסח חדש], התשל""ג – 1973 (להלן: הפקודה או פקודת הסמים המסוכנים); החזקת סם שלא לצריכה עצמית, לפי סעיפים 7(א) ו-(ג) רישא לפקודה; החזקת כלים להכנת סם שלא לצריכה עצמית, לפי סעיף 10 רישא לפקודה. כחלק מתיקון כתב האישום, נמחק מכתב האישום המקורי אישום מספר 20.",רקע ועובדות כתב האישום המתוקן,עובדות המקרה,עובדות המקרה,עובדות המקרה,עובדות המקרה,עובדות המקרה
SH-19-09-65386-570,"על פי החלק הכללי בכתב האישום המתוקן, במהלך השנה שקדמה לחודש ספטמבר 2019 סחר הנאשם בסם מסוכן מסוג קנאביס במספר רב של הזדמנויות. את העסקאות ביצע הנאשם עם מספר רב של קונים אשר יצרו עמו קשר באמצעות הטלפונים הניידים שברשותו, דרך יישומון ""טלגראס"" ובתכנת וואטסאפ. לאחר שהנאשם תיאם עם הקונים את רכישת הסם, נפגש עמם ברחבי העיר ראשון לציון שם בוצעו העסקאות, כמפורט בפרטי האישום שלהלן.",רקע ועובדות כתב האישום המתוקן,עובדות המקרה,עובדות המקרה,עובדות המקרה,עובדות המקרה,עובדות המקרה
SH-19-09-65386-570,"על פי עובדות האישום הראשון, ביום 15.9.2019 החזיק הנאשם במקומות שונים בביתו סם מסוכן מסוג קנאביס במשקל כולל של 440.39 גרם נטו, סם מסוכן מסוג חשיש במשקל של 3.9 גרם נטו ומשקל דיגיטלי לשקילת סמים. כן החזיק הנאשם ברכבו 9 שקיות ובהן סם מסוכן מסוג קנאביס במשקל כולל של 16.7 גרם.",רקע ועובדות כתב האישום המתוקן,עובדות המקרה,עובדות המקרה,עובדות המקרה,עובדות המקרה,עובדות המקרה
SH-19-09-65386-570,"על פי עובדות האישום השני, במהלך השנה שקדמה ליום 8.9.2019, נפגש הנאשם במספר הזדמנויות עם אישה בשם סיוון, ומכר לה בכל פעם סם מסוכן מסוג קנאביס במשקל של גרם תמורת 100 ₪.",רקע ועובדות כתב האישום המתוקן,עובדות המקרה,עובדות המקרה,עובדות המקרה,עובדות המקרה,עובדות המקרה
SH-19-09-65386-570,"על פי עובדות האישום השלישי, ביום 11.9.2019נפגש הנאשם עם אדם בשם צחי, ומכר לו סם מסוכן מסוג קנאביס במשקל 10.10 גרם תמורת 800 ₪.",רקע ועובדות כתב האישום המתוקן,עובדות המקרה,עובדות המקרה,עובדות המקרה,עובדות המקרה,עובדות המקרה
SH-19-09-65386-570,"על פי עובדות האישום הרביעי, במהלך השנה שקדמה ליום 12.9.2019, נפגש הנאשם במספר רב של הזדמנויות עם אדם בשם אביב, ומכר לו סם מסוכן מסוג קנאביס במשקל של כ-5 גרם תמורת 400 ₪ בכל פעם.",רקע ועובדות כתב האישום המתוקן,עובדות המקרה,עובדות המקרה,עובדות המקרה,עובדות המקרה,עובדות המקרה
SH-19-09-65386-570,"על פי עובדות האישום החמישי, ביום 12.9.2019 נפגש הנאשם עם אדם בשם יניר, ומכר לו סם מסוכן מסוג קנאביס במשקל 5 גרם תמורת 400 ₪.",רקע ועובדות כתב האישום המתוקן,עובדות המקרה,עובדות המקרה,עובדות המקרה,עובדות המקרה,עובדות המקרה
SH-19-09-65386-570,"על פי עובדות האישום השישי, במהלך החודשיים שקדמו ליום 12.9.2019, במועד שאינו ידוע למאשימה, נפגש הנאשם עם אדם בשם להב ומכר לו סם מסוכן מסוג קנאביס במשקל של גרם תמורת 100 ₪. בהמשך, ביום 12.9.2019 מכר הנאשם ללהב סם מסוכן מסוג קנאביס במשקל של 5.10 גרם תמורת 450 ₪.",רקע ועובדות כתב האישום המתוקן,עובדות המקרה,עובדות המקרה,עובדות המקרה,עובדות המקרה,עובדות המקרה
SH-19-09-65386-570,"על פי עובדות האישום השביעי, במהלך ארבעת החודשים שקדמו ליום 16.9.2019, נפגש הנאשם במספר רב של הזדמנויות עם אדם בשם פרדו, ומכר לו בכל פעם סם מסוכן מסוג קנאביס במשקל של גרם בתמורה לסכום של 100 ₪.",רקע ועובדות כתב האישום המתוקן,עובדות המקרה,עובדות המקרה,עובדות המקרה,עובדות המקרה,עובדות המקרה
SH-19-09-65386-570,"על פי עובדות האישום השמיני, ביום 10.8.2019 נפגש הנאשם עם אדם בשם אורן, וסיפק לו סם מסוכן מסוג קנאביס במשקל של גרם.",רקע ועובדות כתב האישום המתוקן,עובדות המקרה,עובדות המקרה,עובדות המקרה,עובדות המקרה,עובדות המקרה
SH-19-09-65386-570,"על פי עובדות האישום התשיעי, במהלך שלושת החודשים שקדמו ליום 18.9.2019, נפגש הנאשם בעשרות הזדמנויות עם אדם בשם מתן ומכר לו בכל פעם סם מסוכן מסוג קנאביס במשקל של גרם, תמורת 100 ₪.",רקע ועובדות כתב האישום המתוקן,עובדות המקרה,עובדות המקרה,עובדות המקרה,עובדות המקרה,עובדות המקרה
SH-19-09-65386-570,ביום 21.8.2019 נפגש הנאשם עם מתן ומכר לו סם מסוכן מסוג קנאביס במשקל 2 גרם תמורת 180 ₪.,רקע ועובדות כתב האישום המתוקן,עובדות המקרה,עובדות המקרה,עובדות המקרה,עובדות המקרה,עובדות המקרה
SH-19-09-65386-570,"על פי עובדות האישום העשירי, במהלך שלושת החודשים שקדמו ליום 18.9.2019, נפגש הנאשם בעשרות הזדמנויות עם אדם בשם עידו, ומכר לו בכל פעם סם מסוכן מסוג קנאביס במשקל של גרם תמורת 100 ₪.",רקע ועובדות כתב האישום המתוקן,עובדות המקרה,עובדות המקרה,עובדות המקרה,עובדות המקרה,עובדות המקרה
SH-19-09-65386-570,"על פי עובדות האישום האחד עשר, במהלך חצי השנה שקדמה ליום 18.9.2019, נפגש הנאשם בעשרות הזדמנויות עם אדם בשם אוריה, ומכר לו בכל פעם סם מסוכן מסוג קנאביס במשקל של גרם תמורת 100 ₪.",רקע ועובדות כתב האישום המתוקן,עובדות המקרה,עובדות המקרה,עובדות המקרה,עובדות המקרה,עובדות המקרה
SH-19-09-65386-570,"על פי עובדות האישום השנים עשר, ביום 10.9.2019 נפגש הנאשם עם אדם בשם ישי, ומכר לו סם מסוכן מסוג קנאביס במשקל גרם תמורת 100 ₪.",רקע ועובדות כתב האישום המתוקן,עובדות המקרה,עובדות המקרה,עובדות המקרה,עובדות המקרה,עובדות המקרה
SH-19-09-65386-570,"על פי עובדות האישום השלושה עשר, במהלך שלושת החודשים שקדמו ליום 18.9.2019, נפגש הנאשם במספר הזדמנויות עם אדם בשם עומר, ומכר לו בכל פעם סם מסוכן מסוג קנאביס במשקל של גרם תמורת 100 ₪.",רקע ועובדות כתב האישום המתוקן,עובדות המקרה,עובדות המקרה,עובדות המקרה,עובדות המקרה,עובדות המקרה
SH-19-09-65386-570,"על פי עובדות האישום הארבעה עשר, ביום 6.8.2019 וביום 11.8.2019, נפגש הנאשם עם אדם נוסף בשם עומר, ומכר לו בכל פעם סם מסוכן מסוג קנאביס במשקל של גרם תמורת 100 ₪.",רקע ועובדות כתב האישום המתוקן,עובדות המקרה,עובדות המקרה,עובדות המקרה,עובדות המקרה,עובדות המקרה
SH-19-09-65386-570,"על פי עובדות האישום החמישה עשר, ביום 13.9.2019 נפגש הנאשם עם אדם שלישי בשם עומר, ומכר לו סם מסוכן מסוג קנאביס במשקל של גרם תמורת 80 ₪.",רקע ועובדות כתב האישום המתוקן,עובדות המקרה,עובדות המקרה,עובדות המקרה,עובדות המקרה,עובדות המקרה
SH-19-09-65386-570,"על פי עובדות האישום הששה עשר, ביום 22.5.2019 נפגש הנאשם עם נשים בשם ג'ני ושירלי, ומכר להן סם מסוכן מסוג קנאביס במשקל של גרם תמורת 80 ₪.",רקע ועובדות כתב האישום המתוקן,עובדות המקרה,עובדות המקרה,עובדות המקרה,עובדות המקרה,עובדות המקרה
SH-19-09-65386-570,"על פי עובדות האישום השבעה עשר, ביום 8.9.2019 נפגש הנאשם עם אדם בשם יבגני, ומכר לו סם מסוכן מסוג קנאביס במשקל של 5.20 גרם, תמורת סכום שאינו ידוע למאשימה.",רקע ועובדות כתב האישום המתוקן,עובדות המקרה,עובדות המקרה,עובדות המקרה,עובדות המקרה,עובדות המקרה
SH-19-09-65386-570,"על פי עובדות האישום השמונה עשר, בשני מועדים שונים בחודש יולי 2019, נפגש הנאשם עם אדם בשם אופק, ומכר לו בכל פעם סם מסוכן מסוג קנאביס במשקל של גרם תמורת 100 ₪.",רקע ועובדות כתב האישום המתוקן,עובדות המקרה,עובדות המקרה,עובדות המקרה,עובדות המקרה,עובדות המקרה
SH-19-09-65386-570,"על פי עובדות האישום התשעה עשר, במהלך חצי השנה שקדמה ליום 19.9.2019, נפגש הנאשם בעשרות הזדמנויות עם אדם בשם דוד, ומכר לו בכל פעם סם מסוכן מסוג קנאביס במשקל של גרם, תמורת 80 ₪.",רקע ועובדות כתב האישום המתוקן,עובדות המקרה,עובדות המקרה,עובדות המקרה,עובדות המקרה,עובדות המקרה
SH-19-09-65386-570,"על פי עובדות האישום העשרים ואחד, ביום 23.7.2019 נפגש הנאשם עם אישה בשם דניאל, ומכר לה סם מסוכן מסוג קנאביס במשקל של גרם תמורת 100 ₪.",רקע ועובדות כתב האישום המתוקן,עובדות המקרה,עובדות המקרה,עובדות המקרה,עובדות המקרה,עובדות המקרה
SH-19-09-65386-570,"על פי עובדות האישום העשרים ושניים, ביום 6.9.2019 נפגש הנאשם עם אישה בשם בר, ומכר לה סם מסוכן מסוג קנאביס במשקל של 2 גרם תמורת 180 ₪.",רקע ועובדות כתב האישום המתוקן,עובדות המקרה,עובדות המקרה,עובדות המקרה,עובדות המקרה,עובדות המקרה
SH-19-09-65386-570,"בסך הכול מכר הנאשם במשך כשנה סם מסוכן מסוג קנאביס בעשרות עסקאות ל-21 קונים שונים (2 מהם רכשו את הסם במשותף), על פי רוב במשקלים של 1-5 גרם ובאחת הפעמים במשקל של כ-10 גרם. לשלושה עשר מהקונים מכר הנאשם את הסם פעם אחת או פעמיים, לשניים מהקונים מכר ""במספר הזדמנויות"", לשניים נוספים מכר ""מספר רב של פעמים"" ולארבעה מהם מכר את הסם ב""עשרות הזדמנויות"".",רקע ועובדות כתב האישום המתוקן,עובדות המקרה,עובדות המקרה,עובדות המקרה,עובדות המקרה,עובדות המקרה
SH-19-09-65386-570,"הצדדים הציגו הסדר דיוני לפיו יופנה הנאשם לשירות המבחן, זאת מבלי שהסכימו על העונש שייגזר עליו בסוף ההליך. כן הוסכם שהמוצגים שנתפסו יחולטו, למעט האייפד של הנאשם.",רקע ועובדות כתב האישום המתוקן,עובדות המקרה,עובדות המקרה,עובדות המקרה,עובדות המקרה,עובדות המקרה
SH-19-09-65386-570,"מטעם הנאשם העידה אמו, הגב' אורלי בר דרור. לדבריה, הנאשם מגיע ממשפחה נורמטיבית, אשר התקשתה לקבל את דבר מעורבותו בפלילים. האם הטעימה את ההשלכות הקשות שהיו להליך הפלילי על מצבה הבריאותי, שכללו לדבריה ירידה משמעותית במשקל עד הגעה לתת משקל. האם הפנתה לכך שבנה השתקם ועבר כברת דרך משמעותית בתחום האישי והמקצועי, תוך שהביעה תקווה שהוא לא יישלח לריצוי עונש מאסר מאחורי סורג ובריח למענה ולמען המשפחה כולה.","ראיות לעונש, תמצית טיעוני הצדדים לעונש ודבר הנאשם",ראיות לעונש,ראיות לעונש,ראיות לעונש,טיעוני הצדדים,ראיות לעונש
SH-19-09-65386-570,"מטעם הנאשם הוגשה אסופה של מסמכים רפואיים, חוות דעת רפואית ממומחה לכירורגיה אורטופדית, ואישורים ממרכזים רפואיים שונים (נ/1). מהמסמכים השונים עולה שהנאשם עבר בשנת 2014 תאונת דרכים שגרמה לו לכאבי גב תחתון אך בהמשך שב לתפקוד מלא (ראו חוות דעת המומחה לכירורגיה אורטופדית). עוד עולה שסמוך למועד ביצוע העבירות אובחן הנאשם עם מחלה שמקורה בעבודה פיזית מאומצת בה עבד בין השנים 2017-2018, שגרמה לבלטי דיסק בגבו. כתוצאה מהמחלה סובל הנאשם מכאבי גב עזים והוא מטופל בקנאביס רפואי ובמשככי כאבים חזקים. הוגש רישיון לשימוש בקנאביס רפואי (נ/2) ורשימת תרופות אותן צורך הנאשם, לרבות לצורך טיפול בחרדות (נ/3). כן הוגשו אישורים המעידים על כך שהנאשם נרשם ללימודי מנהל עסקים באוניברסיטה, תלושי משכורת מהעת האחרונה ותעודה על סיום קורס ביזמות עסקית (סומנו במאוחד נ/4).",6.	מטעם המאשימה הוגש גיליון הרישום הפליל של הנאשם (ת/1). ,ראיות לעונש,ראיות לעונש,ראיות לעונש,ראיות לעונש,ראיות לעונש
SH-19-09-65386-570,"ב""כ המאשימה עמדה בטיעוניה על נסיבות ביצוע העבירות הרבות, חומרתן, הערכים המוגנים בהם פגע הנאשם ומדיניות הענישה הנוהגת. בין יתר הנסיבות הטעימה התובעת את תדירות העבירות, מספרם הרב של הקונים והשימוש ביישומון הטלגרס, המקשה על האכיפה בעבירות אלו. כן הדגישה את הצורך להילחם בתופעת הפצת הסמים המסוכנים, תוך העדפת שיקולי הגמול וההרתעה על פני שיקולי השיקום.",6.	מטעם המאשימה הוגש גיליון הרישום הפליל של הנאשם (ת/1). ,טיעוני הצדדים,ראיות לעונש,טיעוני הצדדים,טיעוני הצדדים,טיעוני הצדדים
SH-19-09-65386-570,"התובעת עתרה לקבוע מתחמים עונשיים שונים. מתחם ענישה הנע בין 6 ל-12 חודשי מאסר בפועל עבור מעשי הנאשם באישום הראשון העוסק בהחזקת הסמים. אשר לעבירות הסחר בסמים, ביקשה לאבחן ביניהם ולקבוע שלושה מתחמי ענישה בהתאם למספר העסקאות. בקטגוריה הראשונה – אישומים בהם נעשו עד שתי עסקאות סמים – מתחם ענישה הנע בין 6 ל-12 חודשי מאסר בפועל לכל אישום. בקטגוריה השנייה – אישומים בהם סחר הנאשם בסם ב""מספר הזדמנויות"" ועד ""מספר רב של הזדמנויות"" – מתחם ענישה הנע בין 6 ל-14 חודשי מאסר בפועל לכל אישום. בקטגוריה השלישית – אישומים בהם סחר הנאשם בסם ב""עשרות הזדמנויות"" – מתחם ענישה הנע בין 12 ל-24 חודשי מאסר בפועל לכל אישום.",6.	מטעם המאשימה הוגש גיליון הרישום הפליל של הנאשם (ת/1). ,טיעוני הצדדים,ראיות לעונש,טיעוני הצדדים,טיעוני הצדדים,טיעוני הצדדים
SH-19-09-65386-570,"אשר לעונש בתוך המתחם העונשי, בהסתמך על תסקיר שירות המבחן, עברו הפלילי של הנאשם והודאתו, עתרה להשית על הנאשם עונש מאסר בפועל ממושך שיהווה שקלול של עונשי המאסר שייקבעו באמצע כל אחד ממתחמי הענישה להם עתרה, זאת לצד קנס כספי ""הולם"", פסילת רישיון נהיגה, לרבות פסילה על תנאי. עוד ביקשה להכריז על הנאשם סוחר סמים ולחלט את המוצגים שנתפסו.",6.	מטעם המאשימה הוגש גיליון הרישום הפליל של הנאשם (ת/1). ,טיעוני הצדדים,ראיות לעונש,טיעוני הצדדים,טיעוני הצדדים,טיעוני הצדדים
SH-19-09-65386-570,"מנגד, ביקש ב""כ הנאשם לסטות ממתחם הענישה ההולם, הגם שלא הציע מתחם הולם מטעמו, ולהסתפק בעונש מאסר של 9 חודשים לריצוי בדרך של עבודות שירות, לצד עונשים נלווים. ב""כ הנאשם הפנה להליך השיקומי שעבר הנאשם לאורך שנה, להישגיו המקצועיים והאישיים ולנסיבותיו האישיות והרפואיות, המתוארות בהרחבה בתסקיר. עוד הפנה להערכת שירות המבחן, לפיה ככל שיוטל על הנאשם לרצות עונש מאסר בפועל, יוביל הדבר לרגרסיה במצבו ולהורדת הישגיו לטמיון. לדבריו, בהטלת עונש מאסר בפועל יהיה משום העברת מסר שגוי לפיו אין הערכה להליך השיקום שעבר. עוד ביקש ב""כ הנאשם להימנע משלילה בפועל של רישיון הנהיגה של הנאשם על מנת שלא לפגוע ביכולתו להתפרנס.",6.	מטעם המאשימה הוגש גיליון הרישום הפליל של הנאשם (ת/1). ,טיעוני הצדדים,ראיות לעונש,טיעוני הצדדים,טיעוני הצדדים,טיעוני הצדדים
SH-19-09-65386-570,"הנאשם ניצל את זכות המילה האחרונה והודה לשירות המבחן על ההזדמנות שניתנה לו לשקם את עצמו. הנאשם הדגיש את ""ההפיכה"" שעבר מאז שהחל בהליך השיקום ואת הישגיו המקצועיים. הוא הביע תקווה שלא יחזור לבית הסוהר, שם סבל מחרדות וקשיים, ושיתאפשר לו להמשיך בחייו, להתקדם בעבודתו ולצאת ללימודים, כשבידיו הכלים שרכש במהלך הטיפול.",6.	מטעם המאשימה הוגש גיליון הרישום הפליל של הנאשם (ת/1). ,טיעוני הצדדים,ראיות לעונש,טיעוני הצדדים,טיעוני הצדדים,טיעוני הצדדים
SH-19-09-65386-570,"קביעת מתחם העונש ההולם לאירוע הפלילי נעשית בהתאם לעיקרון המנחה בענישה, היינו, קיומו של יחס הולם בין חומרת מעשה העבירה בנסיבותיו ומידת אשמתו של הנאשם, לבין סוג ומידת העונש המוטל עליו. לשם קביעת מתחם הענישה ההולם, בהתאם לעקרון ההלימה, יש להתחשב בערך החברתי שנפגע, במידת הפגיעה בו, במדיניות הענישה הנוהגת ובנסיבות הקשורות בביצוע העבירה.",קביעת מתחם העונש ההולם ,דיון והכרעה,דיון והכרעה,דיון והכרעה,דיון והכרעה,דיון והכרעה
SH-19-09-65386-570,"בטרם ייקבע מתחם הענישה, הואיל וכתב האישום אוחז 20 אישומי סחר בסמים (מתוכם אישום אחד של אספקת סם), כאשר לעתים מתאר האישום עשרות עסקאות שבוצעו לאורך תקופה עם אותו קונה, יש לקבוע אם אישומים אלו מהווים אירוע עברייני אחד או שמא  20 אירועים שונים המצדיקים קביעת מתחם ענישה נפרד לכל אישום.",הגדרת המעשים כאירוע עברייני אחד,דיון והכרעה,דיון והכרעה,דיון והכרעה,דיון והכרעה,דיון והכרעה
SH-19-09-65386-570,"בע""פ 4910/13 ג'אבר נ' מדינת ישראל (29.10.2014) (להלן: עניין ג'אבר) נקבע בדעת הרוב כי עבירות שיש ביניהן ""קשר ענייני הדוק"" ואשר ניתן להשקיף עליהן כמסכת עבריינית אחת ייחשבו לאירוע אחד. על כך הוסיף השופט ע' פוגלמן כי להשקפתו """"התיבה 'אירוע אחד' רחבה דיה כדי לכלול גם פעולות עברייניות שבוצעו על פני רצף זמן; כללו מעשים שונים; ביחס לקורבנות שונים; ובמקומות שונים. הכל – כל עוד הם מהווים מסכת עבריינית אחת"" (פסקה 2 לחוות דעתו). בע""פ 5643/14 אחמד עיסא נ' מדינת ישראל (23.6.2015) (להלן: עניין עיסא) קבע השופט צ' זילברטל:",הגדרת המעשים כאירוע עברייני אחד,דיון והכרעה,דיון והכרעה,דיון והכרעה,דיון והכרעה,דיון והכרעה
SH-19-09-65386-570,"כתמיכה לעמדה זו הובאו בפסק הדין בעניין עיסא מובאות נוספות, שהגם שנכתבו בהקשרים מעט שונים, דומה שיפים לענייננו גם לאחר כניסתו לתוקף של תיקון 113 [ראו למשל דברי השופטת (כתוארה אז)  ד' ביניש ברע""פ 5798/00 ריזי נ' מדינת ישראל (12.2.2001)].",הגדרת המעשים כאירוע עברייני אחד,דיון והכרעה,דיון והכרעה,דיון והכרעה,דיון והכרעה,דיון והכרעה
SH-19-09-65386-570,"עוד הובאו בעניין עיסא דברי השופט (כתוארו אז) א' ברק בע""פ 212/79 פלוני נ' מדינת ישראל (20.12.1979), שדומה שמתארים בצורה הטובה ביותר את הקושי הטמון בפיצול אישומים:",הגדרת המעשים כאירוע עברייני אחד,דיון והכרעה,דיון והכרעה,דיון והכרעה,דיון והכרעה,דיון והכרעה
SH-19-09-65386-570,"ונחזור למקרה שבפנינו. דומה שהשימוש בכתב האישום בביטויים ""מספר הזדמנויות"", ""מספר רב של הזדמנויות"" ו- ""עשרות הזדמנויות"", מבלי לנקוב במספר המכירות המדויק, ממחיש בצורה הטובה ביותר את העמימות המקשה על קביעת מתחמי ענישה נפרדים לכל אישום בנפרד. ובמה דברים אמורים? הביטוי ""מספר רב של הזדמנויות"" יכול להתייחס, למשל, ל- 17 מקרים, בעוד שהמונח ""עשרות הזדמנויות"" יכול להתייחס ל- 20 הזדמנויות בלבד. ברי, כי בדוגמא שהבאנו, ראוי לקבוע מתחם עונשי זהה, בהינתן ששני המקרים הם במדרג חומרה זהה. לפיכך, דומה שכל ניסיון לקבוע מתחמי ענישה שונים יחטא לאמת העובדתית ויהיה מלאכותי. הנה כי כן, במקרה שלפנינו חוסר הבהירות אשר למספר העסקאות המדויק, הגם שברורה הכוונה לייחס לנאשם מספר רב של עסקאות בסך הכול, מצדיק קביעת מתחם ענישה אחד כולל, אשר ייקח בחשבון את כלל הנסיבות ואת ריבוי מקרי הסחר.",הגדרת המעשים כאירוע עברייני אחד,דיון והכרעה,דיון והכרעה,דיון והכרעה,דיון והכרעה,דיון והכרעה
SH-19-09-65386-570,"נוסף על כך, עבירות הסחר בוצעו כולן על אותו הרקע ומתוך אותו מניע, בנסיבות דומות ובאותה שיטה, באמצעות יישומון הטלגראס, בסמיכות זמנים (הגם שלאורך שנה), תוך שהנאשם היה מבצע יחיד ופעל ללא שותפים. לפיכך, ניתן לראות את מעשי הסחר כאירוע אחד מרובה פרטים. מעבר לכך, חלוקת האירועים לחלקים קטנים רבים, עלולה למזער את חומרת המעשים בכללותם, ולנתק רעיונית את הקשר ביניהם.",הגדרת המעשים כאירוע עברייני אחד,דיון והכרעה,דיון והכרעה,דיון והכרעה,דיון והכרעה,דיון והכרעה
SH-19-09-65386-570,"בנקודה זו אני מוצא לשוב ולהבהיר, כפי שציינתי לא אחת בעבר, כי לקביעה אם מדובר באירוע אחד כולל או מספר אירועים, נפקות מעשית מועטה בלבד ולמעשה אין בה כדי לשנות מהתוצאה העונשית. הטעם לכך הוא שממילא כאשר מעשי הנאשם בשני אישומים או יותר מהווים אירוע עברייני אחד, עדיין יש מקום להתחשב לצורך קביעת המתחם העונשי במספר המעשים העברייניים המרכיבים את אותו ""אירוע"", שהרי כבר נקבע ש""לעיתים, העובדה שהאירוע כולל כמה מעשים יכולה לשוות לו מידה נוספת של חומרה"" (עניין ג'אבר; ע""פ 2454/18 שיינברג נ' מדינת ישראל (2.12.2018) פסקה 20 לפסק דינו של השופט ע' פוגלמן).",הגדרת המעשים כאירוע עברייני אחד,דיון והכרעה,דיון והכרעה,דיון והכרעה,דיון והכרעה,דיון והכרעה
SH-19-09-65386-570,"על כל אלו יש להוסיף, שבין אם המעשים מהווים 'אירוע אחד' ובין אם הם מהווים 'כמה אירועים', ממילא רשאי היה בית המשפט בסופו של יום לקבוע עונש כולל אחד לכל העבירות, באופן שיבטא את חומרת מעשיו [השופט י' דנציגר בע""פ 4316/13 מדינת ישראל נ' חג'אמה, פסקה 22 (30.10.2014). לגישה הפוכה בעבירות של סחר בסמים ראו רע""פ 4687/15 פלג נ' מדינת ישראל (13.8.2015) (להלן: עניין פלג)].",הגדרת המעשים כאירוע עברייני אחד,דיון והכרעה,דיון והכרעה,דיון והכרעה,דיון והכרעה,דיון והכרעה
SH-19-09-65386-570,"לסיכום הדיון בסוגיה זו, אני קובע שכלל אישומי הסחר בענייננו ייחשבו כאירוע אחד מרובה פרטים, ובהתאם ייקבע מתחם עונשי אחד לכולם, תוך התחשבות במספר העסקאות, בסוג הסם, במספר הקונים, בטיב הקונים (בגירים או קטינים) ובאורך התקופה בה בוצעו העסקאות.",הגדרת המעשים כאירוע עברייני אחד,דיון והכרעה,דיון והכרעה,דיון והכרעה,דיון והכרעה,דיון והכרעה
SH-19-09-65386-570,"במעשיו פגע הנאשם בערך המוגן שעניינו הגנה על שלום הציבור ובריאותו מנזקי השימוש בסמים מסוכנים ומהשפעתם הממכרת וההרסנית. לא אחת עמד בית המשפט העליון על החומרה הרבה הטמונה בעבירות סמים ועל היד הקשה בה יש לנהוג עם סוחרי הסמים [ראו למשל: ע""פ 972/11 מדינת ישראל נ' יונה; ע""פ 2000/06 מדינת ישראל נגד ויצמן, פסקה 5 (20.7.2006); ע""פ 6747/11 מדינת ישראל נ' אבו רקייק (3.1.2013)].","הערכים החברתיים שנפגעו, מידת הפגיעה בהם ונסיבות ביצוע העבירות",דיון והכרעה,דיון והכרעה,דיון והכרעה,דיון והכרעה,דיון והכרעה
SH-19-09-65386-570,"יפים לענייננו אף דברי כב' השופט י' עמית בע""פ 2596/18 כפיר זנזורי נ' מדינת ישראל, פסקה 8 (12.8.2018), המתייחסים הן לעבירות גידול הסמים והן לעבירות סחר בסמים המתבצעות באמצעות יישומון ה'טלגרס':","הערכים החברתיים שנפגעו, מידת הפגיעה בהם ונסיבות ביצוע העבירות",דיון והכרעה,דיון והכרעה,דיון והכרעה,דיון והכרעה,דיון והכרעה
SH-19-09-65386-570,"ביחס לעבירות של החזקת סמים שלא לצריכה עצמית והחזקת כלים להכנת סם – נתתי דעתי לכמות הלא מבוטלת של הסמים אותם החזיק הנאשם - למעלה מ-450 גר' קנאביס וכ-4 גר' חשיש, ולעובדה שהחזיק בשקיות ובמשקל אלקטרוני, המלמדים על כוונתו להפיץ את הסמים.","הערכים החברתיים שנפגעו, מידת הפגיעה בהם ונסיבות ביצוע העבירות",דיון והכרעה,דיון והכרעה,דיון והכרעה,דיון והכרעה,דיון והכרעה
SH-19-09-65386-570,"אשר לנסיבות ביצוע עבירות הסחר בסמים – לאורך כשנה סחר הנאשם בסם מסוכן מסוג קנאביס בעשרות רבות של הזדמנויות במצטבר. בעניין זה איני מקבל את עמדת ההגנה לפיה המונח ""עשרות הזדמנויות"", יכול להתייחס גם ל-11 הזדמנויות. המונח ""עשרות"" משמעו לכל הפחות שתי עשרות, כך שסיכום מספר מקרי הסחר שבכתב האישום מגיע לכדי למעלה מ- 100 הזדמנויות. ואולם גם מבלי להכריע במחלוקת שבין הצדדים בעניין זה, הרי שגם לשיטת הסנגור, במצטבר עדיין מדובר בסחר בכמה עשרות של מכירות. ריבוי העסקאות ותדירות ביצוען מעידים על נגישותו של הנאשם לסמים וכן על תכנון והיערכות מוקדמת לאספקת הסמים במהירות. מספרם הרב יחסית של הקונים (21) וכן ביצוע העבירות תוך שימוש ביישומון הטלגרם, המהווה פלטפורמה לסוחרי סמים להעביר מסרים לקהל לקוחות רחב תוך סיכון נמוך להיתפס, מהווים אף הם שיקול לחומרה.","הערכים החברתיים שנפגעו, מידת הפגיעה בהם ונסיבות ביצוע העבירות",דיון והכרעה,דיון והכרעה,דיון והכרעה,דיון והכרעה,דיון והכרעה
SH-19-09-65386-570,"לצד זאת נתתי דעתי גם לסוג הסם ולכמות הסם הקטנה שנמכרה בכל עסקה (במרבית העסקאות נמכר גרם אחד בלבד של קנאביס, ביתר העסקאות נמכרו, על פי רוב, כ-5 גרם של הסם, ובעסקה אחת בלבד נמכרו כ- 10 גרם של הסם).","הערכים החברתיים שנפגעו, מידת הפגיעה בהם ונסיבות ביצוע העבירות",דיון והכרעה,דיון והכרעה,דיון והכרעה,דיון והכרעה,דיון והכרעה
SH-19-09-65386-570,"לטענת המאשימה סחר הנאשם בסם המסוכן מתוך מניע של בצע כסף, בעוד שמתסקיר שירות המבחן עולה שהרקע לביצוע העבירות לא היה למטרת רווח אלא לצורך מימון קנאביס לצריכתו העצמית של הנאשם, בעקבות מצבו הרפואי ועקב הדרדרות במצבו הכלכלי לאחר שנאלץ להפסיק לעבוד. יוער כי בעת ביצוע העבירות טרם החזיק הנאשם ברישיון לצריכת קנאביס רפואי, אולם סמוך לפני מעצרו קיבל רישיון זה.","הערכים החברתיים שנפגעו, מידת הפגיעה בהם ונסיבות ביצוע העבירות",דיון והכרעה,דיון והכרעה,דיון והכרעה,דיון והכרעה,דיון והכרעה
SH-19-09-65386-570,"בשקלול הנסיבות השונות, סבורני כי מידת הפגיעה בערכים המוגנים בענייננו, היא בינונית-גבוהה.","הערכים החברתיים שנפגעו, מידת הפגיעה בהם ונסיבות ביצוע העבירות",דיון והכרעה,דיון והכרעה,דיון והכרעה,דיון והכרעה,דיון והכרעה
SH-19-09-65386-570,"ב""כ הצדדים הפנו לפסיקה התומכת, לשיטתם, בעתירותיהם העונשיות. התביעה הפנתה לפסיקה העוסקת בסחר בקנאביס בעשרות הזדמנויות ואשר ניתן ללמוד ממנה על המתחם ההולם בענייננו בעוד שהנאשם הפנה למקרים בהם נקבעו עונשי מאסר לריצוי בעבודות שירות, החורגים ממתחם הענישה ההולם וביקש ללמוד מהם גזירה שווה לענייננו. תחילה אתייחס לפסיקה מטעם הצדדים ובהמשך אפנה לפסיקה רלוונטית נוספת.",בחינת מדיניות הענישה הנוהגת ,דיון והכרעה,דיון והכרעה,דיון והכרעה,דיון והכרעה,דיון והכרעה
SH-19-09-65386-570,פסקי דין שהוגשו מטעם המאשימה:,בחינת מדיניות הענישה הנוהגת ,דיון והכרעה,דיון והכרעה,דיון והכרעה,דיון והכרעה,דיון והכרעה
SH-19-09-65386-570,"בעפ""ג (מרכז) 24112-09-17 טוט נ' מדינת ישראל (10.12.2017), אושר עונש של 21 חודשי מאסר בפועל שהושת על נאשם בן 19, אשר הורשע בביצוע 27 עבירות של סחר בסם מסוכן מסוג קנאביס, אותו מכר במשך כשבעה חודשים בכמויות קטנות. שירות המבחן התרשם מסיכון להישנות ביצוע העבירות בעתיד, והמליץ על ענישה קונקרטית שתשקף לנאשם את הצורך בטיפול.",בחינת מדיניות הענישה הנוהגת ,דיון והכרעה,דיון והכרעה,דיון והכרעה,דיון והכרעה,דיון והכרעה
SH-19-09-65386-570,"בעפ""ג (מרכז) 8209-08-19 מדינת ישראל נ' פסו (9.12.2019) (להלן: עניין פסו), החמיר בית המשפט המחוזי בעונשו של נאשם אשר הורשע בביצוע 53 עסקאות בסם מסוכן מסוג קנאביס אותן ביצע במשך 3 חודשים עם 29 קונים, תוך הסתייעות בנהג מונית להעברת הסמים והכסף. בפסק הדין אושר המתחם העונשי אותו קבעתי עבור מכירה בודדת של סם מסוג קנאביס בכמות קטנה (הנע בין מספר חודשי מאסר שיכול וירוצו בעבודת שירות ועד 10 חודשי מאסר בפועל). לצד זאת, נקבע כי מתחם כולל הנע בין 12 ל-36 חודשי מאסר אינו יכול לעמוד. באותו מקרה הועמד עונשו של הנאשם על 28 חודשי מאסר, מבלי למצות את הדין עם הנאשם. פסק הדין אושר על ידי בית המשפט העליון ברע""פ 895/19 פסו נ' מדינת ישראל (5.1.2020).",בחינת מדיניות הענישה הנוהגת ,דיון והכרעה,דיון והכרעה,דיון והכרעה,דיון והכרעה,דיון והכרעה
SH-19-09-65386-570,"בעפ""ג (מרכז) 22731-03-20 ביטון נ' מדינת ישראל (3.2.2020), הורשעו שני נאשמים בעבירה משותפת שעניינה מכירת קנאביס במשקל של 4.8 גרם לשוטר סמוי ובביצוע 7 מכירות נוספות (כל אחד) של קנאביס, על פי רוב בכמות קטנה, בקשר לקונים שונים על פני חודשיים. נוסף על כן, הורשעו הנאשמים בהחזקת סמים בכמות לא גדולה ובנהיגה תחת השפעת סם (נאשם 2 בלבד). בית המשפט המחוזי העמיד את עונשו של נאשם 2 על 12 חודשי מאסר. ערעורו של נאשם 1, עליו הושת עונש של 15 חודשי מאסר, נמחק בהסכמה.",בחינת מדיניות הענישה הנוהגת ,דיון והכרעה,דיון והכרעה,דיון והכרעה,דיון והכרעה,דיון והכרעה
SH-19-09-65386-570,"בעפ""ג (מרכז) 13872-04-20 מדינת ישראל נ' זוהר (21.7.2020) (להלן: עניין זוהר), החמיר בית המשפט המחוזי בעונשו של נאשם בעל עבר פלילי שעבר הליך שיקומי משמעותי והעמידו על 18 חודשי מאסר בפועל חלף 9 חודשי מאסר בעבודות שירות. באותו מקרה הורשע הנאשם במכירת קנאביס ב-63 הזדמנויות ל-49 אנשים, מתוכם אחד קטין.",בחינת מדיניות הענישה הנוהגת ,דיון והכרעה,דיון והכרעה,דיון והכרעה,דיון והכרעה,דיון והכרעה
SH-19-09-65386-570,"בת""פ (ראשל""צ) 63584-03-18 מדינת ישראל נ' קרדי (11.2.2020) הורשע נאשם בסחר בקנאביס ב-15 הזדמנויות ל- 5 קונים בכמויות בלתי ידועות וכן בהחזקת סם שלא לצריכה עצמית והפרעה לשוטר במילוי תפקידו. הושתו על הנאשם 15 חודשי מאסר בפועל לאחר שלא שיתף פעולה עם שירות המבחן (ערעור הנאשם תלוי ועומד בבית המשפט המחוזי).",בחינת מדיניות הענישה הנוהגת ,דיון והכרעה,דיון והכרעה,דיון והכרעה,דיון והכרעה,דיון והכרעה
SH-19-09-65386-570,פסקי דין שהוגשו מטעם ההגנה:,בחינת מדיניות הענישה הנוהגת ,דיון והכרעה,דיון והכרעה,דיון והכרעה,דיון והכרעה,דיון והכרעה
SH-19-09-65386-570,"בעפ""ג (מרכז) 48325-02-18 מדינת ישראל נ' רבוכין (13.5.2018) (להלן: עניין רבוכין), הורשע הנאשם במכירת סם מסוכן מסוג קנאביס ב-73 הזדמנויות שונות ל – 28 לקוחות שונים, על פני תקופה של למעלה משנה. על הנאשם הושת עונש של 6 חודשי מאסר לריצוי בעבודות שירות כעונש עיקרי, זאת לאחר שעבר הליך שיקום ממושך וקשה לאורך 20 חודשים בקהילה סגורה ובהמשך בהוסטל. בערכאה הדיונית נקבע מתחם עונשי הנע בין 18 ל-40 חודשי מאסר.",בחינת מדיניות הענישה הנוהגת ,דיון והכרעה,דיון והכרעה,דיון והכרעה,דיון והכרעה,דיון והכרעה
SH-19-09-65386-570,"בת""פ (מרכז) 11608-07-16 מדינת ישראל נ' היימפלד (6.1.2019) (להלן: עניין היימפלד) סייע הנאשם לייבא סם מסוכן מסוג MDMA בכמות גדולה. על הנאשם הושת עונש של 6 חודשי מאסר לריצוי בעבודות שירות כעונש עיקרי, זאת לאחר שעבר הליך שיקומי במשך למעלה משנתיים ביחידה להתמכרויות שם נגמל מסמים והפך בעצמו לחונך לצעירים בסיכון.",בחינת מדיניות הענישה הנוהגת ,דיון והכרעה,דיון והכרעה,דיון והכרעה,דיון והכרעה,דיון והכרעה
SH-19-09-65386-570,"בת""פ (ראשל""צ) 20022-04-18 מדינת ישראל נ' וינקובסקי (9.9.2020) (להלן: עניין וינקובסקי), הורשע הנאשם בסחר בסם מסוכן מסוג קנאביס בכמה עשרות בודדות של הזדמנויות אותן ביצע עם 4 קונים שונים במשך כ-4 חודשים. לאחר שנקבע מתחם עונשי הנע בין 9 חודשי מאסר שיכול ויבוצעו בעבודות שירות ועד ל- 12 חודשי מאסר בפועל, מצאתי לגזור על הנאשם עונש של 9 חודשי מאסר לריצוי בעבודות שירות, לאחר שקבעתי שעבר תהליך שיקומי רב פנים שנמשך למעלה משנתיים וחצי. במאמר מוסגר אציין שגזר הדין אינו חלוט.",בחינת מדיניות הענישה הנוהגת ,דיון והכרעה,דיון והכרעה,דיון והכרעה,דיון והכרעה,דיון והכרעה
SH-19-09-65386-570,"על המתחם העונשי ההולם ניתן ללמוד אף מפסקי הדין הבאים, אשר ברובם מתוארות נסיבות קלות מהמקרה שלפנינו:",בחינת מדיניות הענישה הנוהגת ,דיון והכרעה,דיון והכרעה,דיון והכרעה,דיון והכרעה,דיון והכרעה
SH-19-09-65386-570,"ברע""פ 5698/17 ליפצר נ' מדינת ישראל (4.9.2017), אושר עונש של 30 חודשי מאסר בפועל וענישה נלווית שנגזרו על נאשם שהורשע, לאחר ניהול הליך הוכחות, בביצוע 15 עבירות של סחר בסם מסוכן מסוג קנאביס, החזקת סמים שלא לצריכה עצמית ואספקת סמים.",בחינת מדיניות הענישה הנוהגת ,דיון והכרעה,דיון והכרעה,דיון והכרעה,דיון והכרעה,דיון והכרעה
SH-19-09-65386-570,בעניין פלג אושר פסק דינו של בית המשפט המחוזי שמצא להקל בעונשו של הנאשם באופן שנגזר עליו לרצות 18 חודשי מאסר בפועל בנסיבות בהן סחר בקנאביס בכמויות קטנות כ- 15 עד 20 פעמים. הנאשם נעדר עבר פלילי ונסיבות חייו קשות.,בחינת מדיניות הענישה הנוהגת ,דיון והכרעה,דיון והכרעה,דיון והכרעה,דיון והכרעה,דיון והכרעה
SH-19-09-65386-570,"בעפ""ג (מרכז) 56241-03-19 בואהרון נ' מדינת ישראל (19.6.2019), אושר עונש של 17 חודשי מאסר בפועל שהוטל על נאשם שהורשע בביצוע 20 עבירות של סחר בסם מסוכן מסוג קנאביס, אותן ביצע במשך תקופה של כ-4 חודשים וחצי, עם 17 אנשים שונים ב-32 מקרים, תמורת 100 ₪ בכל פעם, ובמקרים מסוימים תמורת 1,000-1,500 ₪. נוסף על כך הורשע הנאשם בעבירה של החזקת סם מסוכן מסוג קאנביס במשקלים קטנים. הנאשם נעדר עבר פלילי, ושירות המבחן לא בא בהמלצה טיפולית לגביו בשל היעדר שיתוף פעולה ושימוש בסמים.",בחינת מדיניות הענישה הנוהגת ,דיון והכרעה,דיון והכרעה,דיון והכרעה,דיון והכרעה,דיון והכרעה
SH-19-09-65386-570,"בעפ""ג (מרכז) 34559-06-18 גיני נ' מדינת ישראל (לא פורסם) אושר, בהסכמת הנאשם, עונש של 18 חודשי מאסר בפועל שנגזרו עליו. באותו מקרה היה מדובר בנאשם צעיר ללא עבר פלילי, אשר במשך 9 חודשים סיפק סמים ל-8 רוכשים ב- 32 עסקאות וסירב להמשיך בהליך הטיפולי בו החל.",בחינת מדיניות הענישה הנוהגת ,דיון והכרעה,דיון והכרעה,דיון והכרעה,דיון והכרעה,דיון והכרעה
SH-19-09-65386-570,"בעפ""ג (מרכז) 3963-03-17 נהרי נ' מדינת ישראל (19.7.2017), אושר עונש מאסר בן 20 חודשים שהוטל על נאשם בעקבות הרשעתו בכ-38 עסקאות של סחר בסם מסוכן מסוג חשיש וגראס, אותן ביצע עם 7 לקוחות, זאת לאחר שאושר מתחם כולל הנע בין 16 ל-36 חודשי מאסר בפועל.",בחינת מדיניות הענישה הנוהגת ,דיון והכרעה,דיון והכרעה,דיון והכרעה,דיון והכרעה,דיון והכרעה
SH-19-09-65386-570,"בת""פ (פ""ת) 32156-02-19 מדינת ישראל נ' סיומין (27.11.2019), הורשע הנאשם בריבוי עבירות של סחר בסם מסוכן מסוג קנאביס לצד החזקת סם מאותו סוג בכמות קטנה ובהחזקת כלים להכנת סם, בנסיבות הדומות לענייננו. את הסם מכר הנאשם ל-21 קונים שונים בכ-100 הזדמנויות במשך כשנה, בכל פעם בכמויות קטנות, בין היתר באמצעות יישומון הטלגראס, ובאחת הפעמים מכר 2 טבליות של LSD. באותו מקרה נקבע מתחם ענישה כולל הנע בין 18 ל-36 חודשי מאסר, ועל הנאשם נגזר עונש של 21 חודשי מאסר.",בחינת מדיניות הענישה הנוהגת ,דיון והכרעה,דיון והכרעה,דיון והכרעה,דיון והכרעה,דיון והכרעה
SH-19-09-65386-570,"לאור האמור לעיל, בהינתן כלל נסיבות ביצוע העבירות, כפי שצוינו לעיל, מדיניות הענישה הנוהגת והתחשבות בנתונים המשתנים (מספר עסקאות, מספר קונים, כמות וסוג הסם, תקופת המכירות), מצאתי שמתחם הענישה ההולם במקרה שלפנינו לעבירות הסחר נע בין 24 ל-40 חודשי מאסר בפועל. ככל שהדבר נוגע לעבירת החזקת הסם שלא לצריכה עצמית והחזקת כלים בנסיבות המקרה שלפנינו, ינוע המתחם בין מאסר על תנאי וקנס לבין מספר חודשי מאסר בפועל.",בחינת מדיניות הענישה הנוהגת ,דיון והכרעה,דיון והכרעה,דיון והכרעה,דיון והכרעה,דיון והכרעה
SH-19-09-65386-570,"השאלה המרכזית הטעונה הכרעה במקרה זה היא אם נסיבותיו האישיות של הנאשם והליך השיקום שעבר מצדיקות התחשבות במצבו וחריגה ממתחם העונש ההולם, וככל שהתשובה לשאלה זו תיענה בחיוב, האם יש לחרוג מהמתחם שנקבע עד כדי הימנעות מהטלת עונש מאסר בפועל, כפי עתירת ההגנה.",קביעת עונשו של הנאשם – נסיבות שאינן קשורות בביצוע העבירות,דיון והכרעה,דיון והכרעה,דיון והכרעה,דיון והכרעה,דיון והכרעה
SH-19-09-65386-570,סעיף 40ד' לחוק העונשין קובע:,קביעת עונשו של הנאשם – נסיבות שאינן קשורות בביצוע העבירות,דיון והכרעה,דיון והכרעה,דיון והכרעה,דיון והכרעה,מידע אחר
SH-19-09-65386-570,"בעניין זה נקבע שעל מנת להצדיק חריגה ממתחם הענישה ההולם, על הפוטנציאל השיקומי של הנאשם להיות גבוה [ע""פ 1903/13 עיאשה נ' מדינת ישראל (14.7.2013)] והוא נלמד, בין היתר, מעברו הפלילי של הנאשם, ממידת שיתוף הפעולה שלו עם שירות המבחן ועם רשויות החוק ומקיומה של התגייסות משפחתית לצדו [רע""פ 7683/13 פרלמן נ' מדינת ישראל (23.2.2014)]. לצד זאת נקבע שהתגייסות להליך טיפולי ושיקום מוצלח אינם חזות הכול, וכי כל מקרה יישקל לגופו, תוך מתן מענה הולם גם ליתר שיקולי הענישה.",קביעת עונשו של הנאשם – נסיבות שאינן קשורות בביצוע העבירות,דיון והכרעה,דיון והכרעה,דיון והכרעה,דיון והכרעה,דיון והכרעה
SH-19-09-65386-570,"ומן הכלל אל הפרט. הנאשם רווק בן 30 המתגורר עם משפחתו, שהוגדרה כנורמטיבית, והמשמשת לו מקור תמיכה. מזה כ- 7 חודשים עובד הנאשם במינימרקט בתפקיד ניהולי. הנאשם אובחן כחולה במחלה, שביטויה בפריצת דיסק וכן סובל מחרדות. בשל הכאבים העזים הנגרמים לו כתוצאה של מחלתו, מטופל הנאשם בקנאביס רפואי. הנאשם סיים 12 שנות לימוד והתגייס לצבא אולם נוכח קשיי הסתגלות ערק מהשירות ושוחרר בחלוף שנה. לחובת הנאשם הרשעה קודמת אחת מיום 28.7.2020 בעבירה של גניבה ממעביד, בגינה הוטלו עליו קנס, צו מבחן ועונשים צופים פני עתיד. הנאשם לקח אחריות על העבירות שביצע, הביע חרטה והכרה בחומרתם.",קביעת עונשו של הנאשם – נסיבות שאינן קשורות בביצוע העבירות,דיון והכרעה,דיון והכרעה,דיון והכרעה,דיון והכרעה,דיון והכרעה
SH-19-09-65386-570,"ההליך הטיפולי אותו עבר הנאשם התמצה בטיפול קבוצתי בשירות המבחן בו הוא נוטל חלק מזה כשנה. התרשמות שירות המבחן היא שהנאשם ערך בחינה מעמיקה על אודות התנהלותו והפיק לקחים ממעשיו. מהתסקיר עולה שהנאשם משתתף פעיל ובולט בקבוצה. בדיקות שתן שמסר בתקופה זו נמצאו נקיות מסמים, מלבד שרידי קנאביס, אשר אושר לו לשימוש.",קביעת עונשו של הנאשם – נסיבות שאינן קשורות בביצוע העבירות,דיון והכרעה,דיון והכרעה,דיון והכרעה,דיון והכרעה,תסקיר שירות מבחן
SH-19-09-65386-570,"שירות המבחן התרשם מאדם בעל יכולות גבוהות ושאיפות נורמטיביות לעתיד, דבר שבא לידי ביטוי ביציבות התעסוקתית שהפגין לאורך השנים, בהתקדמותו לתפקיד מנהל מינימרקט בעת האחרונה, בסיום קורס יזמות עסקית ובהרשמתו ללימודי תואר במנהל עסקים.",קביעת עונשו של הנאשם – נסיבות שאינן קשורות בביצוע העבירות,דיון והכרעה,דיון והכרעה,דיון והכרעה,דיון והכרעה,תסקיר שירות מבחן
SH-19-09-65386-570,"מסקנת שירות המבחן היא שהנאשם ערך שינוי משמעותי בחייו וכי הסיכון להישנות העבירות נמוך. לאור האמור, המליץ שירות המבחן להסתפק בענישה הכוללת מאסר לריצוי בדרך עבודות שירות, צו מבחן למשך שנה, מאסר על תנאי ארוך וקנס. עוד צוין שככל שיוטל על הנאשם לרצות עונש מאסר מאחורי סורג ובריח, עלול הדבר להוביל לרגרסיה במצבו ולירידת הישגיו לטמיון. מהאמור עולה שהפוטנציאל השיקומי של הנאשם הוא גבוה. לצד זאת, לא ניתן להתעלם מיתר שיקולי הענישה ובייחוד משיקולי הגמול וההרתעה. בנקודה זו נשוב ונזכיר שהנאשם ביצע עשרות רבות של עסקאות סמים משך תקופה ארוכה של כשנה, ואת הכלל לפיו כאשר מדובר בעבירות של סחר בסם מסוכן, יינתן, ככלל, משקל נמוך יותר לנסיבותיו האישיות של הנאשם.",קביעת עונשו של הנאשם – נסיבות שאינן קשורות בביצוע העבירות,דיון והכרעה,דיון והכרעה,דיון והכרעה,דיון והכרעה,תסקיר שירות מבחן
SH-19-09-65386-570,"עוד יוער, שעל אף שהנאשם השתלב בהליך טיפולי משמעותי, ומבלי להמעיט בערכו של התהליך החיובי שעבר ובהישגיו, אין עניינו דומה לאדם שעבר הליך ארוך של גמילה מסמים, לא כל שכן הליך גמילה שנערך בקהילה סגורה, בו נאלצים הנגמלים לא אחת להתנתק מהעולם שהכירו לתקופות ארוכות. באותם מקרים נמצא שיש מקום לשקול הטלת עונש שלא יכלול רכיב של מאסר בפועל, כפי שעולה מפסקי הדין שהוגשו מטעם ההגנה בעניין רבוכין, בעניין היימפלד, ובעניין וינקובסקי.",קביעת עונשו של הנאשם – נסיבות שאינן קשורות בביצוע העבירות,דיון והכרעה,דיון והכרעה,דיון והכרעה,דיון והכרעה,דיון והכרעה
SH-19-09-65386-570,"לאחר ששקלתי את מכלול השיקולים והנסיבות הרלוונטיות, את חומרת העבירות מחד גיסא ואת נסיבותיו האישיות של הנאשם מאידך גיסא, לרבות פוטנציאל שיקומו, מצבו הרפואי, השפעת עונש המאסר עליו ועל בני משפחתו, והעובדה כי מעולם לא ריצה עונש מאסר בעברו, מצאתי לחרוג ממתחם הענישה שנקבע, אולם באופן מידתי. בהינתן ההלכה לפיה כאשר מדובר בעבירות של סחר בסם מסוכן יידחו, ככלל, שיקוליו האישיים של הנאשם, אין בידי לקבל את עתירת ההגנה לסיים את ההליך ללא הטלת עונש של מאסר ממש.",קביעת עונשו של הנאשם – נסיבות שאינן קשורות בביצוע העבירות,דיון והכרעה,דיון והכרעה,דיון והכרעה,דיון והכרעה,דיון והכרעה
SH-19-09-65386-570,"אשר על כן, אני גוזר על הנאשם את העונשים הבאים:",קביעת עונשו של הנאשם – נסיבות שאינן קשורות בביצוע העבירות,דיון והכרעה,דיון והכרעה,דיון והכרעה,דיון והכרעה,דיון והכרעה
SH-19-09-65386-570,18 חודשי מאסר לריצוי בפועל בניכוי ימי מעצרו מיום 15.9.2019-3.11.2019.,קביעת עונשו של הנאשם – נסיבות שאינן קשורות בביצוע העבירות,דיון והכרעה,דיון והכרעה,דיון והכרעה,דיון והכרעה,דיון והכרעה
SH-19-09-65386-570,"הנאשם יתייצב לריצוי עונש המאסר במתקן כליאה ""הדרים"", או בכל מקום עליו יורה שב""ס, ביום 6.1.2021 עד השעה 08:30 כשברשותו תעודת זהות ועותק מגזר הדין. על הנאשם לתאם את הכניסה למאסר, כולל האפשרות למיון מוקדם, עם ענף אבחון ומיון של שב""ס, טלפונים 08-9787377, 08-9787336.",קביעת עונשו של הנאשם – נסיבות שאינן קשורות בביצוע העבירות,דיון והכרעה,דיון והכרעה,דיון והכרעה,דיון והכרעה,מידע אחר
SH-19-09-65386-570,"מאסר למשך 8 חודשים, אותו לא ירצה הנאשם אלא אם יעבור בתוך תקופה של 3 שנים ממועד שחרורו ממאסר על כל עבירה מסוג פשע לפי פקודת הסמים המסוכנים.",קביעת עונשו של הנאשם – נסיבות שאינן קשורות בביצוע העבירות,דיון והכרעה,דיון והכרעה,דיון והכרעה,דיון והכרעה,דיון והכרעה
SH-19-09-65386-570,"מאסר למשך 2 חודשים, אותו לא ירצה הנאשם אלא אם יעבור בתוך תקופה של 3 שנים ממועד שחרורו ממאסר על כל עבירה מסוג עוון לפי פקודת הסמים המסוכנים.",קביעת עונשו של הנאשם – נסיבות שאינן קשורות בביצוע העבירות,דיון והכרעה,דיון והכרעה,דיון והכרעה,דיון והכרעה,דיון והכרעה
SH-19-09-65386-570,"קנס כספי בסך 5,000 ₪ או חודש מאסר תמורתו. הקנס ישולם ב- 5 תשלומים שווים ורצופים. התשלום הראשון ישולם עד ליום 1.1.2021, והיתרה בכל 1 לכל חודש שלאחריו. לא ישולם תשלום במועדו, תעמוד יתרת הקנס לפירעון מידי.",קביעת עונשו של הנאשם – נסיבות שאינן קשורות בביצוע העבירות,דיון והכרעה,דיון והכרעה,דיון והכרעה,דיון והכרעה,דיון והכרעה
SH-19-09-65386-570,פסילה מלהחזיק או לקבל רישיון נהיגה למשך 5 חודשים מיום שחרורו ממאסר.,קביעת עונשו של הנאשם – נסיבות שאינן קשורות בביצוע העבירות,דיון והכרעה,דיון והכרעה,דיון והכרעה,דיון והכרעה,דיון והכרעה
SH-19-09-65386-570,"פסילה על תנאי מלהחזיק או לקבל רישיון נהיגה למשך 6 חודשים, והתנאי הוא שהנאשם לא יעבור על עבירה לפי פקודת הסמים המסוכנים במשך שנתיים מיום שחרורו ממאסר.",קביעת עונשו של הנאשם – נסיבות שאינן קשורות בביצוע העבירות,דיון והכרעה,דיון והכרעה,דיון והכרעה,דיון והכרעה,דיון והכרעה
SH-19-09-65386-570,"אשר לבקשת החילוט – אני מכריז על הנאשם סוחר סמים בהתאם לסעיף 36א(ב) לפקודת הסמים ומורה על חילוט כלל המוצגים שנתפסו למעט מכשיר האייפד של הנאשם ובכלל זה כסף מזומן בסך 600 ₪, 2 מחשבים ניידים, טאבלט ו- 11 מכשירי טלפון ניידים.",קביעת עונשו של הנאשם – נסיבות שאינן קשורות בביצוע העבירות,דיון והכרעה,דיון והכרעה,דיון והכרעה,דיון והכרעה,דיון והכרעה
SH-19-09-65386-570,ניתן בזאת צו כללי למוצגים. הסמים יושמדו.,קביעת עונשו של הנאשם – נסיבות שאינן קשורות בביצוע העבירות,דיון והכרעה,דיון והכרעה,דיון והכרעה,דיון והכרעה,מידע אחר
SH-19-09-65386-570,"ערבויות והפקדות שניתנו במסגרת הליך זה או בהליכי המעצר הקשורים אליו ישמשו לצורך הבטחת התייצבות הנאשם לביצוע עונש המאסר. עם תחילת ריצוי עונש המאסר, יושב הכסף לידי הנאשם, כפוף לכל מניעה חוקית אחרת, לרבות עיקול.",קביעת עונשו של הנאשם – נסיבות שאינן קשורות בביצוע העבירות,דיון והכרעה,דיון והכרעה,דיון והכרעה,דיון והכרעה,מידע אחר
SH-19-09-65386-570,המזכירות תעביר העתק מגזר הדין לשירות המבחן.,קביעת עונשו של הנאשם – נסיבות שאינן קשורות בביצוע העבירות,דיון והכרעה,דיון והכרעה,דיון והכרעה,דיון והכרעה,מידע אחר
